customerID,gender,SeniorCitizen,Partner,Dependents,tenure,PhoneService,MultipleLines,InternetService,OnlineSecurity,OnlineBackup,DeviceProtection,TechSupport,StreamingTV,StreamingMovies,Contract,PaperlessBilling,PaymentMethod,MonthlyCharges,TotalCharges,Churn
CUST-0007044,Female,0,Yes,Yes,28,No,No phone service,Fiber optic,No,No,Yes,Yes,No,Yes,Month-to-month,Yes,Mailed check,118.75,3324.06,Yes
CUST-0007045,Male,0,No,No,23,Yes,Yes,Fiber optic,No,No,No,No,Yes,Yes,One year,Yes,Bank transfer (automatic),77.21,1789.27,Yes
CUST-0007046,Female,0,Yes,Yes,10,No,No phone service,DSL,No,Yes,Yes,No,No,No,Month-to-month,Yes,Credit card (automatic),67.06,631.96,Yes
CUST-0007047,Male,0,Yes,No,4,Yes,Yes,DSL,No,No,No,No,No,Yes,Month-to-month,Yes,Bank transfer (automatic),70.84,307.4,No
CUST-0007048,Female,0,Yes,No,9,Yes,Yes,DSL,No,No,No,No,No,No,Month-to-month,Yes,Mailed check,74.51,677.15,No
CUST-0007049,Female,1,No,No,32,Yes,Yes,Fiber optic,No,No,No,Yes,No,No,Two year,Yes,Mailed check,51.22,1662.51,No
CUST-0007050,Male,0,Yes,No,4,Yes,No,Fiber optic,No,Yes,Yes,No,Yes,Yes,Month-to-month,Yes,Credit card (automatic),95.11,371.83,Yes
CUST-0007051,Male,0,Yes,No,15,Yes,No,Fiber optic,No,No,No,Yes,No,Yes,Month-to-month,Yes,Mailed check,100.32,1559.78,No
CUST-0007052,Female,0,Yes,No,64,Yes,Yes,Fiber optic,No,Yes,Yes,No,Yes,No,Month-to-month,Yes,Bank transfer (automatic),67.71,4329.62,No
CUST-0007053,Male,1,No,Yes,16,Yes,No,No,No internet service,No internet service,No internet service,No internet service,No internet service,No internet service,Month-to-month,No,Electronic check,91.43,1510.18,No
CUST-0007054,Female,0,Yes,No,46,Yes,No,No,No internet service,No internet service,No internet service,No internet service,No internet service,No internet service,One year,No,Bank transfer (automatic),96.54,4395.55,No
CUST-0007055,Female,0,Yes,No,42,Yes,No,No,No internet service,No internet service,No internet service,No internet service,No internet service,No internet service,Month-to-month,Yes,Mailed check,111.31,4665.65,No
CUST-0007056,Male,0,Yes,Yes,46,Yes,No,Fiber optic,No,Yes,No,No,No,No,Month-to-month,Yes,Electronic check,59.07,2699.53,Yes
CUST-0007057,Male,0,Yes,No,16,Yes,Yes,Fiber optic,No,No,No,No,Yes,No,One year,Yes,Credit card (automatic),80.53,1268.67,No
CUST-0007058,Female,0,No,No,72,No,No phone service,No,No internet service,No internet service,No internet service,No internet service,No internet service,No internet service,Month-to-month,Yes,Credit card (automatic),98.84,7120.29,Yes
CUST-0007059,Male,0,Yes,No,72,Yes,Yes,Fiber optic,No,No,Yes,No,No,Yes,Two year,Yes,Mailed check,74.25,5369.01,No
CUST-0007060,Female,0,No,Yes,26,No,No phone service,Fiber optic,No,Yes,No,No,No,No,Month-to-month,Yes,Electronic check,110.33,2888.3,No
CUST-0007061,Female,0,Yes,No,3,Yes,Yes,DSL,No,No,No,Yes,No,Yes,Month-to-month,Yes,Mailed check,118.75,367.95,Yes
CUST-0007062,Male,0,No,No,17,Yes,Yes,DSL,No,No,No,No,No,No,Month-to-month,Yes,Electronic check,81.79,1399.29,Yes
CUST-0007063,Female,1,Yes,No,27,No,No phone service,DSL,No,No,No,No,Yes,No,Month-to-month,Yes,Electronic check,116.42,3180.55,No
CUST-0007064,Male,0,No,Yes,36,Yes,Yes,DSL,No,Yes,Yes,No,Yes,No,One year,Yes,Credit card (automatic),118.75,4242.08,Yes
CUST-0007065,Female,0,No,Yes,49,Yes,Yes,DSL,Yes,No,Yes,No,No,No,One year,No,Mailed check,109.98,5402.44,No
CUST-0007066,Male,1,No,Yes,31,Yes,No,DSL,No,No,No,No,Yes,Yes,Month-to-month,Yes,Electronic check,93.06,2878.84,Yes
CUST-0007067,Female,1,Yes,No,46,Yes,Yes,No,No internet service,No internet service,No internet service,No internet service,No internet service,No internet service,Month-to-month,No,Electronic check,110.32,5087.81,Yes
CUST-0007068,Female,0,No,No,40,Yes,Yes,No,No internet service,No internet service,No internet service,No internet service,No internet service,No internet service,Month-to-month,Yes,Mailed check,58.99,2379.43,No
CUST-0007069,Male,0,Yes,No,1,Yes,No,Fiber optic,Yes,No,Yes,No,No,Yes,Month-to-month,Yes,Credit card (automatic),95.15,103.22,No
CUST-0007070,Female,1,Yes,No,11,Yes,No,Fiber optic,No,No,No,No,No,No,Month-to-month,Yes,Electronic check,53.23,579.17,No
CUST-0007071,Male,0,No,No,19,Yes,No,Fiber optic,No,No,No,No,Yes,No,Two year,No,Credit card (automatic),62.15,1235.64,No
CUST-0007072,Male,0,No,Yes,53,Yes,No,Fiber optic,No,No,No,No,No,No,One year,No,Electronic check,101.22,5390.95,No
CUST-0007073,Male,1,No,No,17,Yes,Yes,Fiber optic,Yes,Yes,Yes,Yes,Yes,Yes,Two year,Yes,Mailed check,74.02,1289.35,No
CUST-0007074,Male,0,No,No,5,Yes,No,No,No internet service,No internet service,No internet service,No internet service,No internet service,No internet service,Month-to-month,Yes,Credit card (automatic),42.0,216.67,No
CUST-0007075,Male,0,No,No,25,Yes,No,DSL,No,Yes,Yes,No,No,Yes,Month-to-month,No,Mailed check,79.6,1999.3,No
CUST-0007076,Male,1,No,No,3,Yes,No,DSL,No,No,No,No,Yes,Yes,One year,Yes,Electronic check,97.57,342.25,Yes
CUST-0007077,Male,1,No,No,30,Yes,Yes,Fiber optic,No,No,No,No,No,No,Month-to-month,Yes,Credit card (automatic),82.03,2444.2,No
CUST-0007078,Male,0,Yes,No,8,Yes,No,DSL,Yes,No,Yes,Yes,No,Yes,Month-to-month,Yes,Mailed check,106.47,875.94,No
CUST-0007079,Male,0,No,No,14,Yes,Yes,No,No internet service,No internet service,No internet service,No internet service,No internet service,No internet service,Month-to-month,Yes,Electronic check,103.29,1433.17,No
CUST-0007080,Female,0,Yes,Yes,72,No,No phone service,DSL,Yes,Yes,No,Yes,No,No,One year,No,Electronic check,56.37,4048.54,Yes
CUST-0007081,Female,1,Yes,No,32,Yes,Yes,Fiber optic,Yes,No,No,Yes,No,No,Month-to-month,Yes,Electronic check,118.75,3788.03,Yes
CUST-0007082,Male,0,No,No,23,Yes,No,No,No internet service,No internet service,No internet service,No internet service,No internet service,No internet service,Month-to-month,No,Mailed check,96.12,2183.44,No
CUST-0007083,Female,0,No,Yes,19,Yes,No,Fiber optic,No,Yes,No,Yes,No,No,One year,Yes,Electronic check,118.75,2230.88,No
CUST-0007084,Female,1,Yes,No,14,Yes,No,DSL,No,No,Yes,No,Yes,No,Month-to-month,Yes,Electronic check,100.01,1389.1,No
CUST-0007085,Male,0,Yes,No,62,Yes,No,Fiber optic,No,No,No,Yes,No,No,Month-to-month,No,Electronic check,50.18,3140.44,No
CUST-0007086,Female,0,No,No,1,Yes,Yes,Fiber optic,No,No,No,Yes,Yes,No,Month-to-month,No,Electronic check,74.21,64.54,No
CUST-0007087,Female,1,Yes,Yes,3,Yes,No,Fiber optic,Yes,No,No,No,Yes,No,Two year,Yes,Credit card (automatic),105.33,311.67,Yes
CUST-0007088,Female,0,Yes,No,7,Yes,Yes,Fiber optic,No,No,No,Yes,Yes,No,Month-to-month,Yes,Electronic check,98.45,685.34,No
CUST-0007089,Female,0,No,No,0,No,No phone service,Fiber optic,No,Yes,No,No,Yes,Yes,Month-to-month,Yes,Electronic check,118.75,,No
CUST-0007090,Male,0,Yes,Yes,5,Yes,Yes,Fiber optic,No,Yes,Yes,No,Yes,No,Month-to-month,Yes,Electronic check,85.41,425.93,Yes
CUST-0007091,Female,1,Yes,No,27,Yes,Yes,No,No internet service,No internet service,No internet service,No internet service,No internet service,No internet service,Month-to-month,Yes,Mailed check,95.69,2547.88,No
CUST-0007092,Male,0,Yes,Yes,8,No,No phone service,Fiber optic,No,No,Yes,No,Yes,Yes,Month-to-month,Yes,Electronic check,88.11,731.88,No
CUST-0007093,Male,0,Yes,No,4,Yes,Yes,DSL,Yes,No,No,No,No,No,Two year,Yes,Bank transfer (automatic),118.75,412.75,Yes
CUST-0007094,Female,0,Yes,No,3,Yes,Yes,Fiber optic,No,No,Yes,No,Yes,No,One year,No,Credit card (automatic),81.21,200.1,Yes
CUST-0007095,Male,1,Yes,No,31,Yes,No,DSL,Yes,No,No,No,No,No,Month-to-month,Yes,Electronic check,54.15,1697.72,Yes
CUST-0007096,Male,0,No,No,26,Yes,No,DSL,No,No,Yes,No,No,No,Month-to-month,Yes,Electronic check,67.77,1759.17,No
CUST-0007097,Female,1,No,No,8,No,No phone service,No,No internet service,No internet service,No internet service,No internet service,No internet service,No internet service,Month-to-month,Yes,Electronic check,48.66,404.49,No
CUST-0007098,Female,0,No,Yes,72,Yes,Yes,DSL,Yes,Yes,Yes,No,Yes,No,Month-to-month,Yes,Mailed check,62.73,4533.44,No
CUST-0007099,Female,1,Yes,No,27,Yes,No,Fiber optic,Yes,Yes,Yes,No,No,No,One year,No,Electronic check,118.75,3174.23,Yes
CUST-0007100,Male,0,No,No,2,Yes,No,DSL,Yes,Yes,No,No,No,No,Month-to-month,No,Electronic check,86.45,231.35,Yes
CUST-0007101,Female,0,Yes,No,10,Yes,No,Fiber optic,No,No,No,No,No,No,One year,No,Electronic check,117.85,1190.24,Yes
CUST-0007102,Female,0,Yes,No,16,Yes,No,Fiber optic,No,No,No,No,Yes,Yes,Two year,Yes,Mailed check,111.23,1700.19,No
CUST-0007103,Male,0,Yes,No,5,Yes,No,No,No internet service,No internet service,No internet service,No internet service,No internet service,No internet service,Month-to-month,No,Electronic check,99.53,541.06,Yes
CUST-0007104,Male,0,No,No,64,Yes,Yes,Fiber optic,No,No,No,Yes,Yes,No,Month-to-month,Yes,Bank transfer (automatic),79.89,5126.65,Yes
CUST-0007105,Female,0,No,Yes,0,Yes,Yes,Fiber optic,No,No,No,No,No,Yes,Month-to-month,Yes,Credit card (automatic),105.48,,No
CUST-0007106,Female,0,No,No,46,Yes,No,No,No internet service,No internet service,No internet service,No internet service,No internet service,No internet service,Month-to-month,Yes,Bank transfer (automatic),68.23,3095.06,Yes
CUST-0007107,Female,1,Yes,No,6,Yes,Yes,Fiber optic,No,Yes,Yes,Yes,Yes,Yes,Month-to-month,Yes,Credit card (automatic),114.82,728.06,Yes
CUST-0007108,Female,1,Yes,No,9,Yes,Yes,DSL,No,No,No,Yes,No,No,Two year,No,Credit card (automatic),80.01,,No
CUST-0007109,Male,0,No,No,0,Yes,Yes,Fiber optic,No,Yes,No,No,Yes,No,Month-to-month,No,Bank transfer (automatic),77.25,,Yes
CUST-0007110,Male,1,No,No,15,Yes,No,No,No internet service,No internet service,No internet service,No internet service,No internet service,No internet service,Month-to-month,Yes,Electronic check,77.75,1162.93,Yes
CUST-0007111,Male,0,No,No,72,Yes,Yes,No,No internet service,No internet service,No internet service,No internet service,No internet service,No internet service,Month-to-month,Yes,Electronic check,80.71,5810.34,Yes
CUST-0007112,Male,0,No,No,3,No,No phone service,DSL,No,No,No,No,Yes,No,Month-to-month,Yes,Mailed check,92.56,280.91,No
CUST-0007113,Female,0,Yes,No,37,Yes,No,Fiber optic,No,Yes,No,No,Yes,No,Month-to-month,Yes,Mailed check,86.02,3179.5,No
CUST-0007114,Female,0,No,No,72,Yes,No,No,No internet service,No internet service,No internet service,No internet service,No internet service,No internet service,Two year,Yes,Credit card (automatic),96.43,,Yes
CUST-0007115,Male,1,Yes,Yes,4,Yes,Yes,Fiber optic,Yes,Yes,No,Yes,No,Yes,Month-to-month,Yes,Electronic check,89.06,367.89,No
CUST-0007116,Male,0,No,No,49,Yes,No,Fiber optic,No,No,Yes,No,Yes,No,Month-to-month,Yes,Electronic check,78.86,3914.16,Yes
CUST-0007117,Male,0,No,No,5,Yes,Yes,Fiber optic,Yes,No,No,No,Yes,No,Month-to-month,Yes,Electronic check,82.77,384.6,No
CUST-0007118,Female,0,No,No,49,Yes,Yes,DSL,No,Yes,No,No,No,No,Month-to-month,No,Mailed check,86.38,4272.04,Yes
CUST-0007119,Female,0,No,No,12,Yes,Yes,No,No internet service,No internet service,No internet service,No internet service,No internet service,No internet service,Month-to-month,No,Electronic check,118.75,1414.18,No
CUST-0007120,Female,0,No,No,3,Yes,Yes,Fiber optic,Yes,No,No,Yes,Yes,No,One year,Yes,Electronic check,82.65,250.2,Yes
CUST-0007121,Female,1,No,Yes,10,Yes,No,No,No internet service,No internet service,No internet service,No internet service,No internet service,No internet service,Month-to-month,Yes,Bank transfer (automatic),94.97,,No
CUST-0007122,Male,0,No,Yes,35,Yes,No,Fiber optic,No,Yes,Yes,No,No,Yes,Month-to-month,No,Electronic check,118.75,4191.38,Yes
CUST-0007123,Male,0,Yes,No,72,Yes,No,No,No internet service,No internet service,No internet service,No internet service,No internet service,No internet service,Month-to-month,Yes,Bank transfer (automatic),77.74,5612.93,No
CUST-0007124,Female,0,No,Yes,46,Yes,No,DSL,Yes,No,Yes,No,No,No,Month-to-month,Yes,Mailed check,76.95,3557.58,No
CUST-0007125,Female,0,Yes,No,16,Yes,No,Fiber optic,No,Yes,Yes,No,Yes,No,Two year,No,Electronic check,68.41,1076.23,Yes
CUST-0007126,Female,0,Yes,Yes,0,Yes,Yes,DSL,No,Yes,No,No,Yes,No,Two year,Yes,Mailed check,118.75,,No
CUST-0007127,Female,0,No,No,0,Yes,No,Fiber optic,Yes,No,No,No,No,No,Two year,No,Electronic check,84.71,,Yes
CUST-0007128,Male,0,No,No,13,Yes,No,DSL,No,No,No,No,Yes,Yes,Month-to-month,Yes,Electronic check,80.89,1033.47,Yes
CUST-0007129,Male,0,No,No,32,No,No phone service,No,No internet service,No internet service,No internet service,No internet service,No internet service,No internet service,Month-to-month,Yes,Credit card (automatic),96.64,3103.69,No
CUST-0007130,Female,0,No,No,0,Yes,No,DSL,No,No,No,No,Yes,No,Month-to-month,No,Mailed check,116.51,,No
CUST-0007131,Male,0,No,No,0,Yes,Yes,No,No internet service,No internet service,No internet service,No internet service,No internet service,No internet service,Two year,Yes,Mailed check,96.35,,No
CUST-0007132,Female,0,No,No,24,Yes,No,No,No internet service,No internet service,No internet service,No internet service,No internet service,No internet service,Month-to-month,Yes,Electronic check,94.78,2264.85,No
CUST-0007133,Male,0,Yes,No,8,Yes,No,Fiber optic,No,No,No,Yes,No,Yes,Two year,Yes,Electronic check,88.1,717.86,No
CUST-0007134,Female,0,Yes,No,21,Yes,No,Fiber optic,No,No,No,No,Yes,No,Month-to-month,Yes,Mailed check,57.66,1220.68,No
CUST-0007135,Male,0,No,No,6,Yes,Yes,Fiber optic,No,No,No,Yes,No,No,Month-to-month,Yes,Credit card (automatic),92.47,515.23,No
CUST-0007136,Male,0,No,No,72,No,No phone service,No,No internet service,No internet service,No internet service,No internet service,No internet service,No internet service,Two year,No,Mailed check,78.4,5636.01,No
CUST-0007137,Male,1,Yes,No,26,Yes,No,Fiber optic,No,No,No,No,No,No,One year,No,Mailed check,84.36,2182.37,Yes
CUST-0007138,Male,0,No,Yes,2,Yes,No,DSL,No,No,No,Yes,No,Yes,Month-to-month,Yes,Electronic check,94.77,191.38,No
CUST-0007139,Male,0,No,No,21,Yes,No,Fiber optic,No,No,No,No,No,Yes,Month-to-month,Yes,Electronic check,118.75,2530.36,No
CUST-0007140,Female,0,Yes,No,1,Yes,Yes,Fiber optic,Yes,No,No,No,Yes,Yes,One year,Yes,Mailed check,94.11,79.37,No
CUST-0007141,Male,0,No,No,70,Yes,Yes,DSL,Yes,No,Yes,No,Yes,No,Two year,Yes,Electronic check,78.47,5447.43,Yes
CUST-0007142,Female,0,Yes,No,69,Yes,No,Fiber optic,Yes,No,No,No,No,No,Month-to-month,Yes,Mailed check,87.82,6049.66,Yes
CUST-0007143,Female,0,No,No,46,Yes,No,DSL,Yes,No,No,Yes,No,No,Two year,No,Mailed check,85.97,3991.74,No
CUST-0007144,Female,0,No,Yes,14,Yes,No,Fiber optic,No,No,Yes,No,Yes,Yes,Month-to-month,No,Mailed check,40.31,540.73,No
CUST-0007145,Female,0,Yes,No,2,Yes,Yes,Fiber optic,No,No,No,No,Yes,Yes,Month-to-month,Yes,Electronic check,49.21,99.7,No
CUST-0007146,Female,0,Yes,No,67,Yes,Yes,DSL,No,No,No,Yes,Yes,No,Month-to-month,Yes,Electronic check,118.75,7969.83,No
CUST-0007147,Male,0,No,No,15,Yes,No,DSL,No,No,No,No,Yes,No,One year,Yes,Electronic check,93.4,1402.56,Yes
CUST-0007148,Female,0,No,Yes,36,Yes,No,DSL,Yes,Yes,No,Yes,No,No,Month-to-month,Yes,Credit card (automatic),118.75,4236.28,Yes
CUST-0007149,Male,1,Yes,Yes,11,No,No phone service,DSL,No,Yes,No,No,No,No,Month-to-month,Yes,Electronic check,39.76,428.01,Yes
CUST-0007150,Male,0,Yes,No,46,Yes,Yes,Fiber optic,No,Yes,Yes,No,No,No,Two year,Yes,Credit card (automatic),30.63,,No
CUST-0007151,Male,0,Yes,No,72,Yes,No,Fiber optic,No,No,Yes,No,No,Yes,One year,Yes,Electronic check,118.75,8522.53,No
CUST-0007152,Male,0,No,No,32,Yes,Yes,DSL,No,No,No,No,No,Yes,One year,Yes,Electronic check,96.49,3110.39,No
CUST-0007153,Female,0,Yes,Yes,16,Yes,No,Fiber optic,No,No,No,No,No,No,Month-to-month,Yes,Mailed check,118.75,1891.55,Yes
CUST-0007154,Male,0,Yes,No,58,Yes,Yes,DSL,No,No,Yes,No,Yes,No,Month-to-month,No,Bank transfer (automatic),75.61,4369.69,No
CUST-0007155,Male,0,No,Yes,53,Yes,No,No,No internet service,No internet service,No internet service,No internet service,No internet service,No internet service,Month-to-month,Yes,Electronic check,49.04,2644.73,Yes
CUST-0007156,Male,0,No,Yes,13,Yes,Yes,DSL,No,No,No,No,Yes,Yes,Month-to-month,Yes,Bank transfer (automatic),118.75,1553.04,No
CUST-0007157,Male,0,Yes,No,15,Yes,No,Fiber optic,No,No,No,Yes,No,No,Month-to-month,Yes,Credit card (automatic),69.23,1004.33,No
CUST-0007158,Female,0,Yes,No,13,Yes,No,No,No internet service,No internet service,No internet service,No internet service,No internet service,No internet service,Month-to-month,Yes,Bank transfer (automatic),61.27,799.35,No
CUST-0007159,Female,0,Yes,No,16,Yes,Yes,Fiber optic,No,Yes,No,No,No,No,One year,Yes,Bank transfer (automatic),60.71,971.0,Yes
CUST-0007160,Female,0,Yes,No,72,Yes,No,Fiber optic,Yes,No,Yes,Yes,No,Yes,Month-to-month,Yes,Credit card (automatic),64.52,4631.69,No
CUST-0007161,Female,1,Yes,No,13,No,No phone service,No,No internet service,No internet service,No internet service,No internet service,No internet service,No internet service,Month-to-month,No,Bank transfer (automatic),75.43,982.11,No
CUST-0007162,Male,0,No,No,4,Yes,Yes,Fiber optic,No,Yes,No,Yes,No,Yes,Two year,Yes,Electronic check,79.19,276.51,No
CUST-0007163,Male,1,Yes,No,3,Yes,No,DSL,No,Yes,No,Yes,No,No,One year,Yes,Bank transfer (automatic),118.75,349.39,No
CUST-0007164,Female,0,Yes,Yes,0,Yes,No,Fiber optic,No,No,Yes,Yes,Yes,Yes,Month-to-month,Yes,Mailed check,103.67,,No
CUST-0007165,Female,1,No,No,19,Yes,Yes,Fiber optic,No,No,No,Yes,No,No,Month-to-month,Yes,Bank transfer (automatic),118.75,2244.2,No
CUST-0007166,Female,1,No,No,33,Yes,Yes,DSL,No,No,Yes,No,No,No,Month-to-month,Yes,Mailed check,106.69,3470.06,No
CUST-0007167,Female,0,No,Yes,15,Yes,Yes,No,No internet service,No internet service,No internet service,No internet service,No internet service,No internet service,Month-to-month,No,Electronic check,99.97,1562.38,No
CUST-0007168,Female,0,Yes,No,16,Yes,No,DSL,No,Yes,No,No,No,No,Month-to-month,Yes,Electronic check,67.04,1083.89,No
CUST-0007169,Female,0,Yes,No,15,Yes,No,DSL,Yes,Yes,No,Yes,No,No,One year,Yes,Electronic check,85.57,1271.21,Yes
CUST-0007170,Female,0,No,Yes,11,Yes,No,DSL,Yes,No,Yes,Yes,Yes,No,Month-to-month,Yes,Mailed check,102.64,1151.36,Yes
CUST-0007171,Male,1,No,No,2,Yes,No,Fiber optic,No,Yes,Yes,Yes,Yes,No,Month-to-month,Yes,Electronic check,91.89,189.0,No
CUST-0007172,Female,1,No,No,69,Yes,Yes,Fiber optic,No,No,Yes,Yes,Yes,No,Month-to-month,Yes,Electronic check,118.75,8199.76,No
CUST-0007173,Male,0,Yes,No,44,No,No phone service,No,No internet service,No internet service,No internet service,No internet service,No internet service,No internet service,Month-to-month,Yes,Bank transfer (automatic),83.29,,No
CUST-0007174,Female,0,No,No,35,Yes,No,Fiber optic,No,No,No,No,No,No,Month-to-month,Yes,Mailed check,110.57,3819.39,No
CUST-0007175,Female,0,No,No,72,Yes,No,DSL,No,No,No,No,Yes,No,Two year,Yes,Credit card (automatic),114.73,8235.07,Yes
CUST-0007176,Female,0,Yes,Yes,16,No,No phone service,No,No internet service,No internet service,No internet service,No internet service,No internet service,No internet service,Month-to-month,No,Mailed check,111.53,1797.86,Yes
CUST-0007177,Female,0,Yes,No,21,Yes,Yes,DSL,No,Yes,No,No,Yes,Yes,Two year,Yes,Credit card (automatic),90.95,1877.03,No
CUST-0007178,Male,0,No,No,26,Yes,No,Fiber optic,No,No,No,No,Yes,No,Month-to-month,No,Credit card (automatic),95.51,2479.07,Yes
CUST-0007179,Male,0,Yes,No,36,Yes,Yes,DSL,No,No,Yes,No,Yes,Yes,Two year,Yes,Credit card (automatic),83.69,3021.51,Yes
CUST-0007180,Male,1,No,No,29,Yes,Yes,No,No internet service,No internet service,No internet service,No internet service,No internet service,No internet service,Two year,Yes,Electronic check,67.71,1908.6,No
CUST-0007181,Female,0,Yes,Yes,72,Yes,Yes,No,No internet service,No internet service,No internet service,No internet service,No internet service,No internet service,Month-to-month,No,Electronic check,99.18,7120.06,No
CUST-0007182,Female,0,Yes,Yes,2,No,No phone service,Fiber optic,No,No,Yes,No,No,No,One year,Yes,Bank transfer (automatic),70.38,133.35,Yes
CUST-0007183,Male,0,No,No,27,Yes,No,DSL,No,No,No,No,Yes,No,Month-to-month,Yes,Electronic check,85.67,2302.75,Yes
CUST-0007184,Female,0,No,No,72,Yes,No,Fiber optic,No,No,No,Yes,Yes,Yes,Month-to-month,No,Electronic check,108.23,7785.72,No
CUST-0007185,Female,0,Yes,No,72,No,No phone service,Fiber optic,Yes,Yes,No,No,No,Yes,One year,Yes,Bank transfer (automatic),61.5,4422.15,No
CUST-0007186,Female,0,Yes,No,12,Yes,No,No,No internet service,No internet service,No internet service,No internet service,No internet service,No internet service,Month-to-month,No,Electronic check,47.04,547.4,No
CUST-0007187,Male,0,No,No,24,Yes,No,DSL,No,No,No,No,Yes,No,Month-to-month,Yes,Bank transfer (automatic),118.75,2851.82,No
CUST-0007188,Female,1,Yes,No,11,Yes,No,Fiber optic,No,No,No,No,No,Yes,Month-to-month,Yes,Credit card (automatic),116.25,1316.37,No
CUST-0007189,Male,0,Yes,No,2,Yes,Yes,Fiber optic,No,Yes,No,No,No,No,Month-to-month,Yes,Electronic check,93.1,160.09,Yes
CUST-0007190,Male,0,No,No,46,Yes,No,Fiber optic,No,No,No,No,Yes,No,Month-to-month,No,Electronic check,111.8,5133.25,No
CUST-0007191,Female,0,Yes,No,2,Yes,No,Fiber optic,No,No,Yes,Yes,No,No,One year,Yes,Mailed check,109.3,222.85,No
CUST-0007192,Male,0,No,Yes,2,Yes,Yes,DSL,Yes,Yes,No,No,Yes,Yes,Month-to-month,No,Mailed check,105.83,244.49,Yes
CUST-0007193,Female,0,Yes,No,19,Yes,Yes,DSL,No,No,Yes,No,Yes,Yes,Month-to-month,Yes,Credit card (automatic),83.94,1609.16,No
CUST-0007194,Male,0,Yes,No,21,Yes,Yes,Fiber optic,No,No,No,Yes,Yes,Yes,One year,No,Electronic check,101.77,,No
CUST-0007195,Male,0,No,Yes,33,Yes,Yes,Fiber optic,No,Yes,No,Yes,Yes,No,Month-to-month,Yes,Credit card (automatic),113.69,3754.63,No
CUST-0007196,Female,0,Yes,No,20,Yes,Yes,DSL,No,Yes,No,No,No,Yes,Month-to-month,No,Bank transfer (automatic),115.81,2239.04,No
CUST-0007197,Female,1,No,No,40,Yes,Yes,DSL,Yes,No,No,Yes,Yes,No,One year,No,Bank transfer (automatic),65.69,2626.68,Yes
CUST-0007198,Female,0,Yes,Yes,5,Yes,No,Fiber optic,No,No,No,Yes,No,Yes,Month-to-month,No,Credit card (automatic),79.58,392.01,No
CUST-0007199,Female,0,No,No,10,Yes,No,Fiber optic,No,Yes,No,No,Yes,No,Two year,Yes,Bank transfer (automatic),72.46,695.46,Yes
CUST-0007200,Female,0,No,Yes,4,Yes,No,DSL,Yes,Yes,No,Yes,No,No,Month-to-month,Yes,Electronic check,77.79,349.76,Yes
CUST-0007201,Male,0,No,No,32,Yes,No,Fiber optic,Yes,No,No,Yes,No,Yes,Month-to-month,No,Electronic check,70.9,2244.74,No
CUST-0007202,Male,0,No,Yes,1,Yes,No,No,No internet service,No internet service,No internet service,No internet service,No internet service,No internet service,Month-to-month,Yes,Electronic check,108.26,96.99,No
CUST-0007203,Female,1,Yes,Yes,9,Yes,No,Fiber optic,No,No,No,No,No,No,Month-to-month,Yes,Mailed check,118.75,1066.56,No
CUST-0007204,Female,0,Yes,No,48,No,No phone service,Fiber optic,No,Yes,Yes,No,No,No,Month-to-month,Yes,Bank transfer (automatic),100.79,4832.89,Yes
CUST-0007205,Female,1,Yes,No,72,Yes,Yes,DSL,Yes,No,Yes,No,No,No,One year,Yes,Bank transfer (automatic),106.29,7651.82,No
CUST-0007206,Female,0,No,No,48,Yes,No,Fiber optic,Yes,No,Yes,No,No,No,One year,Yes,Electronic check,118.75,5677.3,No
CUST-0007207,Female,1,Yes,No,12,Yes,No,Fiber optic,No,Yes,Yes,Yes,Yes,Yes,One year,No,Electronic check,98.63,1158.35,Yes
CUST-0007208,Male,1,Yes,No,17,Yes,Yes,DSL,No,Yes,No,No,No,No,Month-to-month,Yes,Electronic check,115.75,1944.54,No
CUST-0007209,Male,1,No,No,13,Yes,Yes,DSL,No,Yes,No,Yes,Yes,No,Month-to-month,No,Credit card (automatic),78.07,1038.15,No
CUST-0007210,Male,0,Yes,No,2,Yes,No,Fiber optic,No,No,Yes,Yes,No,Yes,Month-to-month,Yes,Electronic check,76.24,202.42,No
CUST-0007211,Female,0,No,No,18,Yes,No,Fiber optic,No,No,No,No,No,No,One year,Yes,Electronic check,95.51,1730.42,Yes
CUST-0007212,Female,0,No,No,71,Yes,Yes,Fiber optic,No,Yes,No,Yes,No,No,Month-to-month,Yes,Electronic check,57.16,4120.33,No
CUST-0007213,Male,0,No,No,9,Yes,No,Fiber optic,No,Yes,No,No,No,No,One year,Yes,Credit card (automatic),95.55,858.66,Yes
CUST-0007214,Male,1,No,No,5,Yes,No,Fiber optic,Yes,No,No,No,No,Yes,One year,Yes,Bank transfer (automatic),118.75,594.38,No
CUST-0007215,Female,0,Yes,No,1,Yes,No,Fiber optic,No,Yes,No,Yes,Yes,No,One year,Yes,Mailed check,87.53,89.08,No
CUST-0007216,Female,1,Yes,No,29,Yes,No,Fiber optic,No,No,Yes,No,No,No,Month-to-month,Yes,Bank transfer (automatic),72.86,2114.63,No
CUST-0007217,Female,0,Yes,Yes,34,Yes,Yes,No,No internet service,No internet service,No internet service,No internet service,No internet service,No internet service,Month-to-month,Yes,Bank transfer (automatic),100.3,3398.51,No
CUST-0007218,Male,0,No,No,18,Yes,No,Fiber optic,No,Yes,Yes,Yes,No,No,Month-to-month,Yes,Electronic check,112.76,2058.83,No
CUST-0007219,Male,0,Yes,No,5,Yes,No,DSL,No,No,No,No,Yes,No,Month-to-month,No,Electronic check,103.04,452.79,No
CUST-0007220,Female,0,No,No,17,Yes,Yes,Fiber optic,No,No,No,No,No,No,Month-to-month,Yes,Electronic check,71.48,1207.49,No
CUST-0007221,Male,0,Yes,No,0,Yes,No,Fiber optic,No,Yes,No,Yes,Yes,No,Two year,Yes,Mailed check,118.75,,No
CUST-0007222,Male,0,Yes,No,1,Yes,Yes,Fiber optic,No,No,No,No,No,Yes,One year,Yes,Bank transfer (automatic),88.62,93.33,Yes
CUST-0007223,Male,0,Yes,No,23,Yes,No,Fiber optic,Yes,No,No,No,No,Yes,Month-to-month,Yes,Mailed check,118.75,2751.9,Yes
CUST-0007224,Male,0,No,No,23,Yes,No,Fiber optic,No,No,No,No,No,No,Month-to-month,Yes,Electronic check,92.98,2119.18,No
CUST-0007225,Female,0,No,Yes,7,Yes,Yes,Fiber optic,Yes,No,No,No,Yes,Yes,One year,Yes,Mailed check,74.71,542.54,No
CUST-0007226,Male,0,No,No,33,Yes,Yes,DSL,No,Yes,Yes,Yes,Yes,Yes,One year,Yes,Mailed check,96.25,3171.16,No
CUST-0007227,Male,0,No,No,8,Yes,No,DSL,No,No,Yes,Yes,Yes,No,One year,Yes,Electronic check,86.13,685.54,No
CUST-0007228,Female,0,No,Yes,18,Yes,No,No,No internet service,No internet service,No internet service,No internet service,No internet service,No internet service,Two year,Yes,Electronic check,104.73,1843.82,Yes
CUST-0007229,Male,0,No,No,19,Yes,No,DSL,No,Yes,No,No,Yes,No,One year,Yes,Electronic check,55.54,1020.96,No
CUST-0007230,Female,0,Yes,No,4,Yes,Yes,DSL,No,Yes,No,No,No,Yes,Two year,No,Electronic check,58.95,231.22,Yes
CUST-0007231,Male,1,Yes,No,17,Yes,No,DSL,Yes,No,No,No,Yes,No,Month-to-month,Yes,Electronic check,118.75,2031.6,No
CUST-0007232,Female,1,Yes,No,40,Yes,No,Fiber optic,Yes,No,No,Yes,No,No,Month-to-month,Yes,Electronic check,92.02,3685.52,Yes
CUST-0007233,Male,0,Yes,No,36,Yes,No,DSL,No,No,Yes,Yes,No,Yes,Month-to-month,No,Electronic check,56.22,2012.16,No
CUST-0007234,Male,0,No,No,18,Yes,No,Fiber optic,No,Yes,No,Yes,No,No,Month-to-month,Yes,Bank transfer (automatic),64.55,1162.23,No
CUST-0007235,Female,1,No,Yes,12,Yes,No,DSL,No,No,No,No,Yes,No,Two year,No,Bank transfer (automatic),108.52,1323.85,No
CUST-0007236,Female,0,No,Yes,5,Yes,No,Fiber optic,No,No,Yes,No,Yes,Yes,Month-to-month,Yes,Mailed check,118.75,602.51,Yes
CUST-0007237,Male,0,No,No,56,Yes,No,DSL,Yes,No,No,No,No,No,Month-to-month,Yes,Electronic check,86.07,4823.19,No
CUST-0007238,Male,0,Yes,Yes,4,Yes,No,Fiber optic,No,No,No,No,Yes,No,One year,No,Mailed check,74.92,258.8,No
CUST-0007239,Female,1,Yes,Yes,21,Yes,Yes,No,No internet service,No internet service,No internet service,No internet service,No internet service,No internet service,Month-to-month,Yes,Mailed check,101.83,2154.99,No
CUST-0007240,Female,0,No,No,72,Yes,Yes,DSL,No,No,No,Yes,Yes,Yes,Month-to-month,No,Bank transfer (automatic),71.85,5155.22,No
CUST-0007241,Male,1,Yes,No,7,Yes,Yes,Fiber optic,No,Yes,Yes,Yes,No,Yes,Month-to-month,No,Bank transfer (automatic),102.03,720.97,Yes
CUST-0007242,Male,0,Yes,Yes,5,Yes,Yes,No,No internet service,No internet service,No internet service,No internet service,No internet service,No internet service,One year,Yes,Electronic check,86.81,414.46,Yes
CUST-0007243,Male,1,Yes,No,10,Yes,Yes,Fiber optic,No,Yes,Yes,No,No,No,Month-to-month,Yes,Electronic check,93.77,951.79,No
CUST-0007244,Male,0,No,Yes,30,Yes,Yes,No,No internet service,No internet service,No internet service,No internet service,No internet service,No internet service,Month-to-month,No,Electronic check,87.84,2639.93,No
CUST-0007245,Female,0,No,No,3,Yes,No,DSL,No,No,Yes,No,Yes,No,Two year,Yes,Electronic check,89.92,247.79,No
CUST-0007246,Female,0,Yes,No,23,Yes,No,DSL,No,No,No,No,No,No,One year,No,Mailed check,66.64,1544.35,Yes
CUST-0007247,Female,0,No,Yes,18,Yes,No,No,No internet service,No internet service,No internet service,No internet service,No internet service,No internet service,Two year,Yes,Electronic check,118.75,,Yes
CUST-0007248,Female,0,Yes,No,39,Yes,No,Fiber optic,No,No,Yes,No,No,No,Month-to-month,Yes,Mailed check,106.19,4136.59,No
CUST-0007249,Female,0,Yes,No,72,Yes,Yes,DSL,Yes,No,No,Yes,Yes,Yes,Month-to-month,Yes,Mailed check,118.75,8554.41,No
CUST-0007250,Female,1,No,No,6,Yes,No,Fiber optic,Yes,No,No,Yes,Yes,No,Month-to-month,Yes,Electronic check,62.84,356.5,No
CUST-0007251,Female,0,No,No,25,Yes,Yes,No,No internet service,No internet service,No internet service,No internet service,No internet service,No internet service,One year,No,Mailed check,117.88,2976.45,No
CUST-0007252,Male,0,Yes,No,9,Yes,Yes,Fiber optic,No,No,No,No,No,No,Month-to-month,Yes,Electronic check,100.48,915.62,No
CUST-0007253,Male,0,No,No,23,Yes,Yes,Fiber optic,Yes,No,No,No,Yes,No,Two year,No,Bank transfer (automatic),81.23,1840.32,Yes
CUST-0007254,Female,1,Yes,Yes,23,No,No phone service,Fiber optic,No,Yes,No,Yes,Yes,Yes,Month-to-month,Yes,Bank transfer (automatic),90.57,2090.23,No
CUST-0007255,Male,1,Yes,No,12,Yes,No,Fiber optic,No,No,Yes,No,No,No,Month-to-month,Yes,Bank transfer (automatic),113.32,1320.04,No
CUST-0007256,Female,0,Yes,No,7,Yes,No,DSL,No,No,No,No,Yes,No,Month-to-month,Yes,Credit card (automatic),72.94,524.23,Yes
CUST-0007257,Female,0,Yes,Yes,24,No,No phone service,Fiber optic,No,Yes,Yes,No,Yes,Yes,Two year,Yes,Electronic check,103.96,2507.39,No
CUST-0007258,Male,1,Yes,No,5,Yes,No,Fiber optic,Yes,Yes,Yes,No,Yes,No,Month-to-month,Yes,Electronic check,61.58,324.99,No
CUST-0007259,Male,0,Yes,No,13,Yes,No,DSL,No,Yes,Yes,No,Yes,Yes,Month-to-month,Yes,Electronic check,91.65,1176.63,No
CUST-0007260,Female,0,Yes,Yes,13,Yes,No,Fiber optic,No,Yes,No,No,Yes,Yes,Month-to-month,Yes,Credit card (automatic),98.35,1244.75,No
CUST-0007261,Male,0,Yes,No,47,Yes,Yes,Fiber optic,Yes,No,Yes,No,Yes,Yes,Month-to-month,Yes,Credit card (automatic),85.59,3995.97,No
CUST-0007262,Male,0,No,No,33,Yes,No,No,No internet service,No internet service,No internet service,No internet service,No internet service,No internet service,Month-to-month,No,Electronic check,100.7,3318.38,Yes
CUST-0007263,Female,0,Yes,Yes,41,Yes,Yes,Fiber optic,No,No,Yes,No,No,No,Month-to-month,Yes,Bank transfer (automatic),81.62,3302.94,Yes
CUST-0007264,Male,0,No,Yes,12,Yes,Yes,DSL,No,No,No,Yes,Yes,No,One year,Yes,Credit card (automatic),72.21,870.12,No
CUST-0007265,Male,1,No,Yes,2,Yes,No,DSL,No,No,Yes,No,No,Yes,Month-to-month,No,Bank transfer (automatic),81.99,154.78,No
CUST-0007266,Male,0,Yes,No,2,Yes,Yes,No,No internet service,No internet service,No internet service,No internet service,No internet service,No internet service,Month-to-month,Yes,Bank transfer (automatic),118.75,192.78,No
CUST-0007267,Female,0,No,No,72,Yes,Yes,Fiber optic,No,No,No,No,No,No,Month-to-month,Yes,Electronic check,89.66,6494.89,Yes
CUST-0007268,Male,0,No,Yes,4,Yes,Yes,Fiber optic,No,No,No,No,No,No,Month-to-month,Yes,Electronic check,95.72,359.18,Yes
CUST-0007269,Male,0,No,Yes,72,Yes,Yes,Fiber optic,No,Yes,Yes,No,Yes,No,Month-to-month,Yes,Credit card (automatic),113.5,8163.33,No
CUST-0007270,Female,0,No,No,72,Yes,Yes,Fiber optic,Yes,No,Yes,No,No,Yes,Month-to-month,Yes,Bank transfer (automatic),71.88,5172.23,No
CUST-0007271,Male,0,Yes,Yes,8,Yes,No,DSL,No,No,Yes,Yes,No,Yes,Two year,Yes,Credit card (automatic),74.21,622.06,Yes
CUST-0007272,Male,1,No,No,10,Yes,No,DSL,No,No,Yes,No,No,No,Month-to-month,No,Credit card (automatic),92.6,937.53,Yes
CUST-0007273,Male,0,No,Yes,12,Yes,No,DSL,No,No,No,Yes,No,Yes,Month-to-month,Yes,Mailed check,64.18,735.17,No
CUST-0007274,Male,0,No,No,10,Yes,Yes,No,No internet service,No internet service,No internet service,No internet service,No internet service,No internet service,Two year,Yes,Electronic check,77.87,824.47,No
CUST-0007275,Female,0,Yes,No,9,Yes,Yes,Fiber optic,No,Yes,No,Yes,Yes,No,Month-to-month,No,Electronic check,63.17,569.07,No
CUST-0007276,Male,1,No,No,10,Yes,No,No,No internet service,No internet service,No internet service,No internet service,No internet service,No internet service,Month-to-month,Yes,Bank transfer (automatic),98.62,1021.4,No
CUST-0007277,Male,0,No,No,40,Yes,Yes,DSL,No,No,Yes,No,No,Yes,Month-to-month,No,Bank transfer (automatic),106.09,4243.71,No
CUST-0007278,Female,0,Yes,No,8,Yes,Yes,Fiber optic,Yes,Yes,No,Yes,No,No,Month-to-month,Yes,Credit card (automatic),110.26,919.46,No
CUST-0007279,Female,0,Yes,No,24,Yes,No,DSL,No,Yes,No,No,Yes,Yes,One year,Yes,Electronic check,83.21,,No
CUST-0007280,Male,0,No,Yes,38,Yes,Yes,No,No internet service,No internet service,No internet service,No internet service,No internet service,No internet service,Month-to-month,Yes,Credit card (automatic),118.49,4517.6,No
CUST-0007281,Male,0,No,Yes,6,Yes,No,Fiber optic,No,Yes,No,Yes,No,No,Month-to-month,Yes,Bank transfer (automatic),88.57,542.54,No
CUST-0007282,Female,0,Yes,Yes,23,Yes,Yes,Fiber optic,No,No,No,Yes,No,Yes,One year,Yes,Electronic check,118.75,2755.23,No
CUST-0007283,Female,0,Yes,Yes,20,Yes,No,DSL,No,No,Yes,Yes,Yes,No,Month-to-month,No,Bank transfer (automatic),82.34,,No
CUST-0007284,Female,0,No,No,18,Yes,No,DSL,No,No,No,No,No,Yes,One year,No,Electronic check,115.94,2070.48,Yes
CUST-0007285,Female,0,Yes,Yes,59,Yes,No,No,No internet service,No internet service,No internet service,No internet service,No internet service,No internet service,Month-to-month,Yes,Credit card (automatic),89.23,5302.52,No
CUST-0007286,Female,0,No,Yes,16,Yes,Yes,Fiber optic,No,Yes,Yes,No,No,Yes,Month-to-month,Yes,Electronic check,70.39,1111.95,No
CUST-0007287,Female,0,Yes,No,34,Yes,No,Fiber optic,No,No,Yes,No,Yes,No,Month-to-month,Yes,Electronic check,74.86,2555.32,No
CUST-0007288,Male,0,Yes,No,43,Yes,Yes,Fiber optic,No,No,Yes,No,No,Yes,One year,No,Mailed check,105.31,4502.33,No
CUST-0007289,Male,0,No,Yes,15,Yes,No,Fiber optic,No,No,Yes,No,No,No,One year,Yes,Electronic check,69.85,1056.36,Yes
CUST-0007290,Male,0,No,Yes,2,Yes,No,Fiber optic,Yes,No,No,No,Yes,No,Month-to-month,No,Electronic check,81.03,165.33,Yes
CUST-0007291,Male,0,No,No,4,Yes,No,Fiber optic,Yes,No,No,Yes,No,No,Two year,No,Mailed check,84.46,297.95,No
CUST-0007292,Female,0,No,No,9,Yes,Yes,Fiber optic,Yes,No,No,No,No,No,Month-to-month,Yes,Mailed check,118.75,1100.05,No
CUST-0007293,Male,0,No,Yes,20,Yes,Yes,DSL,No,No,No,No,No,No,One year,Yes,Electronic check,78.64,1541.31,Yes
CUST-0007294,Male,0,No,No,28,Yes,Yes,Fiber optic,No,No,No,No,No,Yes,One year,Yes,Mailed check,85.82,2395.48,No
CUST-0007295,Male,0,No,No,51,Yes,Yes,DSL,No,No,Yes,No,No,No,Month-to-month,No,Electronic check,62.06,3163.46,No
CUST-0007296,Female,0,No,No,8,Yes,Yes,Fiber optic,Yes,No,No,No,No,No,Month-to-month,Yes,Bank transfer (automatic),76.79,616.73,No
CUST-0007297,Female,0,Yes,No,42,Yes,Yes,Fiber optic,No,Yes,No,No,Yes,Yes,Month-to-month,Yes,Electronic check,95.33,4005.57,No
CUST-0007298,Male,0,Yes,Yes,1,Yes,No,Fiber optic,No,Yes,No,No,No,No,Month-to-month,Yes,Mailed check,118.75,136.39,Yes
CUST-0007299,Male,0,Yes,No,10,Yes,No,Fiber optic,No,No,Yes,Yes,Yes,No,Month-to-month,Yes,Mailed check,98.79,1013.32,No
CUST-0007300,Female,0,Yes,No,72,Yes,Yes,Fiber optic,No,No,Yes,No,No,Yes,Month-to-month,Yes,Credit card (automatic),60.84,4370.54,Yes
CUST-0007301,Female,0,No,No,22,No,No phone service,Fiber optic,Yes,Yes,No,No,No,No,Month-to-month,No,Mailed check,118.75,2596.92,Yes
CUST-0007302,Female,0,Yes,Yes,13,Yes,No,Fiber optic,Yes,Yes,No,No,No,No,Month-to-month,Yes,Credit card (automatic),97.82,1324.27,No
CUST-0007303,Female,0,No,No,41,Yes,No,Fiber optic,No,Yes,No,Yes,No,Yes,Month-to-month,No,Bank transfer (automatic),66.56,2713.7,No
CUST-0007304,Male,0,No,No,8,Yes,Yes,DSL,No,No,Yes,No,No,Yes,Month-to-month,No,Mailed check,116.98,918.44,Yes
CUST-0007305,Female,0,Yes,Yes,1,Yes,Yes,Fiber optic,No,No,Yes,Yes,Yes,Yes,Month-to-month,No,Bank transfer (automatic),76.43,114.02,No
CUST-0007306,Female,0,Yes,No,16,Yes,Yes,DSL,No,No,Yes,Yes,No,No,Month-to-month,Yes,Electronic check,66.43,1024.87,No
CUST-0007307,Male,0,No,No,30,Yes,Yes,Fiber optic,Yes,Yes,No,No,No,No,Month-to-month,Yes,Credit card (automatic),95.07,2830.32,No
CUST-0007308,Female,1,No,No,7,Yes,No,Fiber optic,No,Yes,Yes,No,No,Yes,One year,No,Credit card (automatic),52.4,354.38,Yes
CUST-0007309,Male,0,No,No,72,Yes,No,DSL,No,No,No,No,Yes,No,Month-to-month,No,Credit card (automatic),87.56,6307.68,No
CUST-0007310,Male,0,No,No,18,Yes,Yes,DSL,No,Yes,Yes,No,No,Yes,Month-to-month,No,Electronic check,87.13,1596.4,No
CUST-0007311,Male,0,Yes,No,26,Yes,No,DSL,Yes,No,No,No,No,Yes,One year,No,Credit card (automatic),86.85,2300.47,No
CUST-0007312,Male,0,Yes,No,7,Yes,Yes,DSL,Yes,Yes,Yes,No,No,No,Month-to-month,No,Electronic check,106.15,721.79,No
CUST-0007313,Female,1,No,Yes,21,Yes,No,Fiber optic,No,No,Yes,No,No,No,Month-to-month,No,Electronic check,105.07,2236.6,Yes
CUST-0007314,Female,0,Yes,No,28,Yes,No,No,No internet service,No internet service,No internet service,No internet service,No internet service,No internet service,One year,No,Credit card (automatic),83.44,2337.16,No
CUST-0007315,Male,0,No,No,36,Yes,Yes,Fiber optic,Yes,No,No,Yes,No,No,Month-to-month,Yes,Electronic check,118.75,4259.58,No
CUST-0007316,Female,0,No,No,20,Yes,Yes,No,No internet service,No internet service,No internet service,No internet service,No internet service,No internet service,Month-to-month,No,Electronic check,98.19,1963.84,No
CUST-0007317,Male,0,Yes,No,6,Yes,No,No,No internet service,No internet service,No internet service,No internet service,No internet service,No internet service,Month-to-month,No,Credit card (automatic),61.7,393.62,Yes
CUST-0007318,Male,0,Yes,No,23,Yes,Yes,DSL,No,No,Yes,Yes,Yes,Yes,One year,Yes,Electronic check,80.3,1870.53,Yes
CUST-0007319,Male,0,No,No,15,Yes,No,Fiber optic,No,No,No,Yes,Yes,Yes,Month-to-month,No,Credit card (automatic),41.66,617.7,Yes
CUST-0007320,Male,0,No,No,38,Yes,Yes,DSL,No,No,No,Yes,No,No,Month-to-month,No,Credit card (automatic),112.98,4330.93,Yes
CUST-0007321,Male,0,Yes,Yes,68,Yes,Yes,DSL,No,No,No,Yes,No,No,One year,Yes,Bank transfer (automatic),61.25,4149.2,Yes
CUST-0007322,Female,0,No,No,27,Yes,No,Fiber optic,No,No,No,No,No,Yes,Month-to-month,No,Electronic check,87.01,2375.49,No
CUST-0007323,Female,0,No,Yes,3,Yes,No,No,No internet service,No internet service,No internet service,No internet service,No internet service,No internet service,Month-to-month,Yes,Electronic check,59.22,106.8,Yes
CUST-0007324,Female,0,No,No,8,No,No phone service,Fiber optic,No,No,No,No,No,Yes,Month-to-month,Yes,Credit card (automatic),116.71,940.48,Yes
CUST-0007325,Female,0,No,No,9,Yes,No,No,No internet service,No internet service,No internet service,No internet service,No internet service,No internet service,One year,Yes,Electronic check,93.1,864.28,No
CUST-0007326,Female,1,No,No,43,Yes,Yes,Fiber optic,Yes,No,Yes,No,Yes,Yes,Month-to-month,Yes,Mailed check,93.81,4023.62,No
CUST-0007327,Female,0,Yes,No,43,Yes,Yes,Fiber optic,Yes,No,Yes,No,Yes,Yes,One year,Yes,Electronic check,95.1,4062.79,No
CUST-0007328,Female,0,Yes,No,16,Yes,No,No,No internet service,No internet service,No internet service,No internet service,No internet service,No internet service,Month-to-month,Yes,Bank transfer (automatic),65.68,1053.83,No
CUST-0007329,Female,0,Yes,Yes,72,Yes,No,DSL,No,No,No,No,No,No,Month-to-month,Yes,Mailed check,79.05,5704.51,No
CUST-0007330,Male,1,No,No,12,Yes,Yes,Fiber optic,No,Yes,Yes,Yes,Yes,Yes,One year,No,Credit card (automatic),102.01,1247.1,No
CUST-0007331,Female,0,No,No,40,Yes,No,DSL,Yes,No,No,No,Yes,No,Month-to-month,No,Mailed check,76.1,3006.54,No
CUST-0007332,Female,0,Yes,No,0,Yes,No,Fiber optic,No,No,No,No,No,Yes,Month-to-month,Yes,Electronic check,96.41,,No
CUST-0007333,Female,0,Yes,No,0,Yes,Yes,DSL,No,No,No,Yes,Yes,No,Month-to-month,Yes,Electronic check,83.04,,No
CUST-0007334,Female,1,No,No,5,Yes,No,Fiber optic,Yes,No,No,Yes,No,Yes,Two year,Yes,Electronic check,91.54,456.61,Yes
CUST-0007335,Male,0,No,Yes,8,Yes,Yes,Fiber optic,No,No,No,Yes,Yes,No,Two year,Yes,Credit card (automatic),97.92,775.08,No
CUST-0007336,Male,0,No,No,1,Yes,Yes,Fiber optic,No,No,Yes,No,Yes,Yes,One year,Yes,Credit card (automatic),115.05,139.72,Yes
CUST-0007337,Male,1,Yes,No,19,No,No phone service,No,No internet service,No internet service,No internet service,No internet service,No internet service,No internet service,Month-to-month,Yes,Credit card (automatic),118.75,2300.32,No
CUST-0007338,Male,0,No,No,72,Yes,Yes,DSL,No,No,No,No,No,Yes,Month-to-month,Yes,Electronic check,109.94,7923.45,Yes
CUST-0007339,Female,0,Yes,No,26,Yes,No,Fiber optic,No,Yes,Yes,No,No,Yes,Two year,Yes,Bank transfer (automatic),85.93,2233.77,Yes
CUST-0007340,Male,1,Yes,No,12,Yes,Yes,Fiber optic,No,Yes,No,No,No,Yes,Month-to-month,Yes,Mailed check,92.25,1120.15,No
CUST-0007341,Female,0,No,No,17,Yes,No,Fiber optic,No,Yes,No,Yes,No,No,Two year,Yes,Electronic check,80.88,1391.24,No
CUST-0007342,Male,0,No,No,18,Yes,No,DSL,Yes,No,Yes,No,No,Yes,Month-to-month,No,Electronic check,97.17,1740.71,No
CUST-0007343,Female,0,No,No,31,No,No phone service,Fiber optic,No,Yes,No,No,No,No,Month-to-month,Yes,Electronic check,86.35,2673.19,No
CUST-0007344,Male,0,No,Yes,2,Yes,No,Fiber optic,Yes,No,No,Yes,No,Yes,One year,No,Electronic check,60.99,96.32,No
CUST-0007345,Female,0,Yes,Yes,21,Yes,Yes,DSL,No,No,No,No,No,No,Month-to-month,No,Bank transfer (automatic),79.98,1671.77,No
CUST-0007346,Male,0,Yes,No,40,Yes,No,No,No internet service,No internet service,No internet service,No internet service,No internet service,No internet service,Month-to-month,Yes,Bank transfer (automatic),112.51,4498.11,Yes
CUST-0007347,Female,0,No,No,10,Yes,No,Fiber optic,Yes,Yes,No,No,No,No,Month-to-month,Yes,Credit card (automatic),90.84,923.65,No
CUST-0007348,Male,0,Yes,No,16,Yes,Yes,No,No internet service,No internet service,No internet service,No internet service,No internet service,No internet service,Two year,Yes,Mailed check,118.75,1862.31,Yes
CUST-0007349,Male,0,Yes,No,50,Yes,Yes,Fiber optic,No,Yes,No,No,Yes,Yes,Month-to-month,No,Electronic check,92.81,,No
CUST-0007350,Female,0,Yes,No,72,Yes,No,DSL,No,No,Yes,No,No,Yes,Month-to-month,Yes,Electronic check,101.09,7297.68,No
CUST-0007351,Male,0,No,No,27,Yes,No,Fiber optic,Yes,No,Yes,No,Yes,No,Month-to-month,Yes,Credit card (automatic),103.81,2780.44,Yes
CUST-0007352,Female,1,No,No,24,Yes,No,No,No internet service,No internet service,No internet service,No internet service,No internet service,No internet service,Two year,No,Bank transfer (automatic),96.62,2338.98,No
CUST-0007353,Male,0,No,No,5,No,No phone service,Fiber optic,No,Yes,No,No,No,Yes,Month-to-month,No,Mailed check,70.23,322.12,No
CUST-0007354,Female,0,No,Yes,14,Yes,Yes,Fiber optic,No,No,Yes,No,No,No,Month-to-month,Yes,Mailed check,118.75,1681.08,No
CUST-0007355,Male,0,Yes,Yes,15,Yes,No,Fiber optic,Yes,No,No,No,No,Yes,Month-to-month,Yes,Credit card (automatic),60.33,870.81,No
CUST-0007356,Female,0,Yes,Yes,2,Yes,No,No,No internet service,No internet service,No internet service,No internet service,No internet service,No internet service,Two year,Yes,Mailed check,107.18,238.52,Yes
CUST-0007357,Male,0,Yes,Yes,72,No,No phone service,Fiber optic,No,No,Yes,No,Yes,Yes,Month-to-month,Yes,Electronic check,99.24,7130.26,Yes
CUST-0007358,Male,0,No,No,60,Yes,Yes,No,No internet service,No internet service,No internet service,No internet service,No internet service,No internet service,Month-to-month,Yes,Electronic check,93.47,5618.6,Yes
CUST-0007359,Male,0,No,Yes,65,Yes,No,Fiber optic,Yes,Yes,No,No,Yes,No,Month-to-month,Yes,Credit card (automatic),118.75,7688.36,Yes
CUST-0007360,Female,0,No,No,20,Yes,Yes,Fiber optic,Yes,No,No,Yes,Yes,Yes,Month-to-month,Yes,Bank transfer (automatic),84.97,1718.61,No
CUST-0007361,Female,0,Yes,Yes,47,No,No phone service,Fiber optic,No,No,Yes,No,Yes,No,Month-to-month,Yes,Mailed check,94.18,4429.04,No
CUST-0007362,Male,0,No,No,6,Yes,No,DSL,No,Yes,No,No,No,No,Month-to-month,Yes,Mailed check,58.94,388.49,No
CUST-0007363,Male,0,No,Yes,72,Yes,Yes,No,No internet service,No internet service,No internet service,No internet service,No internet service,No internet service,Month-to-month,No,Electronic check,102.92,7423.27,No
CUST-0007364,Male,0,Yes,No,17,Yes,Yes,Fiber optic,No,No,No,No,No,Yes,Month-to-month,Yes,Electronic check,90.36,1526.22,No
CUST-0007365,Male,1,Yes,No,21,Yes,Yes,Fiber optic,No,Yes,No,No,No,No,Two year,Yes,Credit card (automatic),118.75,2462.96,No
CUST-0007366,Female,0,No,No,33,Yes,Yes,DSL,Yes,No,Yes,No,No,No,Month-to-month,No,Mailed check,112.59,3732.25,No
CUST-0007367,Male,0,Yes,No,45,No,No phone service,Fiber optic,No,No,No,No,Yes,Yes,One year,No,Bank transfer (automatic),78.64,3545.78,No
CUST-0007368,Female,0,Yes,No,12,Yes,Yes,No,No internet service,No internet service,No internet service,No internet service,No internet service,No internet service,Month-to-month,Yes,Mailed check,72.33,847.26,No
CUST-0007369,Male,1,Yes,No,37,Yes,Yes,Fiber optic,No,No,No,No,No,No,Two year,No,Mailed check,110.86,4148.44,Yes
CUST-0007370,Male,0,No,Yes,44,Yes,No,Fiber optic,Yes,No,Yes,No,No,No,Two year,Yes,Credit card (automatic),118.75,5213.45,No
CUST-0007371,Male,0,No,Yes,72,Yes,No,Fiber optic,No,No,Yes,No,Yes,No,Month-to-month,Yes,Electronic check,89.74,6470.83,No
CUST-0007372,Female,1,No,Yes,38,Yes,No,DSL,No,No,No,No,Yes,No,Month-to-month,Yes,Electronic check,99.02,3740.12,No
CUST-0007373,Female,0,No,No,9,Yes,Yes,Fiber optic,Yes,No,No,No,No,Yes,Month-to-month,Yes,Electronic check,111.39,997.04,Yes
CUST-0007374,Female,0,No,Yes,46,Yes,Yes,DSL,Yes,Yes,No,No,No,Yes,One year,Yes,Electronic check,103.24,4769.2,No
CUST-0007375,Male,0,No,Yes,4,Yes,No,Fiber optic,No,No,Yes,No,No,Yes,One year,Yes,Electronic check,63.18,243.39,No
CUST-0007376,Male,1,Yes,No,10,Yes,No,No,No internet service,No internet service,No internet service,No internet service,No internet service,No internet service,Month-to-month,Yes,Credit card (automatic),118.44,1158.49,No
CUST-0007377,Female,0,Yes,No,1,Yes,Yes,Fiber optic,Yes,No,No,Yes,Yes,No,Month-to-month,No,Electronic check,111.52,172.01,No
CUST-0007378,Female,0,Yes,Yes,14,Yes,Yes,Fiber optic,Yes,No,No,Yes,Yes,No,Month-to-month,Yes,Mailed check,82.63,1115.15,No
CUST-0007379,Male,1,No,Yes,43,No,No phone service,Fiber optic,Yes,No,No,No,No,Yes,Month-to-month,Yes,Electronic check,80.51,3462.94,No
CUST-0007380,Female,0,No,No,72,No,No phone service,Fiber optic,Yes,No,No,No,No,No,Month-to-month,Yes,Bank transfer (automatic),118.75,8508.64,Yes
CUST-0007381,Male,0,Yes,No,23,No,No phone service,DSL,No,Yes,No,No,Yes,Yes,One year,Yes,Electronic check,64.49,1450.32,No
CUST-0007382,Female,0,No,Yes,72,Yes,No,DSL,Yes,No,Yes,No,No,Yes,Month-to-month,Yes,Electronic check,42.85,3068.91,No
CUST-0007383,Male,1,Yes,No,69,Yes,No,Fiber optic,No,No,Yes,No,Yes,No,Month-to-month,Yes,Mailed check,102.17,7041.94,No
CUST-0007384,Male,0,Yes,No,1,Yes,Yes,DSL,Yes,No,Yes,No,No,No,Month-to-month,No,Credit card (automatic),76.45,66.23,No
CUST-0007385,Female,0,Yes,No,13,Yes,Yes,Fiber optic,No,Yes,Yes,No,Yes,No,Month-to-month,Yes,Mailed check,52.0,628.61,No
CUST-0007386,Male,0,Yes,No,4,Yes,Yes,Fiber optic,No,Yes,Yes,No,No,No,Month-to-month,Yes,Credit card (automatic),79.73,353.85,No
CUST-0007387,Female,0,Yes,No,16,Yes,No,Fiber optic,No,No,Yes,No,No,Yes,Two year,Yes,Electronic check,85.79,1368.19,No
CUST-0007388,Female,0,No,No,20,Yes,No,DSL,No,No,No,Yes,Yes,Yes,Month-to-month,Yes,Mailed check,118.75,2375.23,No
CUST-0007389,Female,0,No,No,2,Yes,No,Fiber optic,No,No,No,No,No,No,Month-to-month,No,Credit card (automatic),107.74,251.19,No
CUST-0007390,Female,1,Yes,No,33,Yes,No,DSL,No,No,No,No,Yes,No,One year,No,Electronic check,116.53,3841.67,No
CUST-0007391,Female,0,No,No,23,Yes,Yes,DSL,Yes,No,No,No,No,No,One year,No,Electronic check,105.95,2469.92,Yes
CUST-0007392,Female,0,No,No,72,Yes,No,Fiber optic,No,Yes,No,No,Yes,Yes,Month-to-month,Yes,Electronic check,81.1,5837.15,Yes
CUST-0007393,Female,0,No,Yes,3,Yes,Yes,Fiber optic,No,Yes,Yes,Yes,No,No,Month-to-month,Yes,Bank transfer (automatic),117.57,362.01,Yes
CUST-0007394,Female,1,Yes,Yes,72,Yes,No,Fiber optic,No,No,No,No,No,No,Two year,Yes,Electronic check,68.0,4876.86,Yes
CUST-0007395,Male,0,No,No,40,Yes,Yes,DSL,No,Yes,No,No,No,No,Month-to-month,Yes,Electronic check,99.08,3960.66,No
CUST-0007396,Female,0,No,No,72,Yes,No,No,No internet service,No internet service,No internet service,No internet service,No internet service,No internet service,Month-to-month,No,Electronic check,50.55,3656.5,No
CUST-0007397,Male,0,No,Yes,20,Yes,Yes,Fiber optic,No,No,Yes,No,Yes,Yes,Month-to-month,Yes,Electronic check,88.32,1776.05,Yes
CUST-0007398,Male,1,No,No,5,Yes,No,DSL,No,Yes,Yes,No,Yes,No,Month-to-month,Yes,Credit card (automatic),86.76,434.48,No
CUST-0007399,Male,0,No,No,31,No,No phone service,No,No internet service,No internet service,No internet service,No internet service,No internet service,No internet service,Month-to-month,Yes,Electronic check,117.18,3606.64,Yes
CUST-0007400,Female,1,No,Yes,16,Yes,No,DSL,No,Yes,Yes,No,No,No,Month-to-month,Yes,Electronic check,118.75,1851.93,Yes
CUST-0007401,Female,0,Yes,No,14,Yes,Yes,Fiber optic,Yes,No,No,No,No,Yes,Month-to-month,No,Electronic check,98.58,1390.13,No
CUST-0007402,Female,0,No,No,9,Yes,Yes,No,No internet service,No internet service,No internet service,No internet service,No internet service,No internet service,Month-to-month,No,Bank transfer (automatic),83.9,,No
CUST-0007403,Female,0,Yes,No,72,Yes,Yes,Fiber optic,No,No,No,No,Yes,Yes,Two year,Yes,Mailed check,61.56,4396.28,No
CUST-0007404,Male,0,No,No,5,Yes,No,DSL,No,Yes,No,No,Yes,Yes,Month-to-month,Yes,Electronic check,116.12,565.86,No
CUST-0007405,Female,0,Yes,Yes,14,Yes,Yes,Fiber optic,No,Yes,Yes,Yes,Yes,No,Month-to-month,No,Bank transfer (automatic),118.54,1620.0,No
CUST-0007406,Male,0,No,No,2,Yes,No,Fiber optic,No,No,No,Yes,No,No,Month-to-month,No,Electronic check,118.75,,No
CUST-0007407,Male,0,No,Yes,2,Yes,Yes,Fiber optic,Yes,No,No,No,No,No,Month-to-month,Yes,Bank transfer (automatic),109.68,214.99,No
CUST-0007408,Male,0,No,Yes,65,Yes,No,Fiber optic,Yes,No,Yes,No,No,No,Month-to-month,No,Electronic check,113.78,7391.45,Yes
CUST-0007409,Female,0,No,Yes,49,Yes,No,Fiber optic,No,Yes,No,No,Yes,Yes,Month-to-month,Yes,Electronic check,91.52,4533.49,No
CUST-0007410,Male,0,No,No,42,Yes,No,DSL,No,No,No,No,No,No,Two year,No,Mailed check,90.46,3806.31,Yes
CUST-0007411,Female,0,No,No,14,Yes,Yes,Fiber optic,No,No,No,Yes,Yes,No,One year,No,Electronic check,96.44,1331.03,No
CUST-0007412,Female,0,No,Yes,21,Yes,Yes,Fiber optic,No,Yes,No,No,Yes,Yes,One year,Yes,Credit card (automatic),113.66,2424.83,No
CUST-0007413,Male,0,No,No,20,Yes,No,No,No internet service,No internet service,No internet service,No internet service,No internet service,No internet service,Month-to-month,Yes,Bank transfer (automatic),118.75,2363.24,No
CUST-0007414,Female,0,No,No,37,Yes,Yes,No,No internet service,No internet service,No internet service,No internet service,No internet service,No internet service,Month-to-month,Yes,Electronic check,118.75,4400.7,No
CUST-0007415,Male,1,Yes,No,4,Yes,Yes,Fiber optic,No,No,Yes,No,No,No,Month-to-month,Yes,Credit card (automatic),85.08,358.86,No
CUST-0007416,Female,1,Yes,No,4,Yes,Yes,Fiber optic,No,Yes,Yes,Yes,Yes,No,Month-to-month,Yes,Mailed check,106.14,400.21,No
CUST-0007417,Female,0,Yes,No,26,Yes,No,DSL,No,No,Yes,Yes,No,Yes,Month-to-month,Yes,Electronic check,118.75,3085.35,No
CUST-0007418,Male,0,Yes,No,8,Yes,Yes,Fiber optic,Yes,No,No,Yes,No,No,Month-to-month,No,Electronic check,81.5,678.55,No
CUST-0007419,Male,0,Yes,Yes,1,Yes,Yes,Fiber optic,Yes,Yes,No,No,Yes,Yes,Month-to-month,Yes,Electronic check,118.75,99.86,No
CUST-0007420,Female,0,No,No,3,Yes,No,Fiber optic,Yes,No,No,No,Yes,Yes,Month-to-month,Yes,Electronic check,108.16,374.38,Yes
CUST-0007421,Female,0,Yes,No,11,Yes,No,Fiber optic,Yes,No,Yes,No,Yes,No,Month-to-month,Yes,Electronic check,87.81,956.98,Yes
CUST-0007422,Female,0,Yes,No,10,Yes,No,Fiber optic,No,No,No,No,No,No,Month-to-month,Yes,Electronic check,108.59,1103.38,Yes
CUST-0007423,Female,1,No,No,72,Yes,Yes,No,No internet service,No internet service,No internet service,No internet service,No internet service,No internet service,Month-to-month,No,Bank transfer (automatic),24.4,1770.47,Yes
CUST-0007424,Male,1,Yes,No,50,Yes,No,No,No internet service,No internet service,No internet service,No internet service,No internet service,No internet service,One year,Yes,Bank transfer (automatic),60.32,2996.61,No
CUST-0007425,Male,1,No,No,46,No,No phone service,Fiber optic,Yes,No,No,No,Yes,Yes,Month-to-month,Yes,Electronic check,58.87,2704.54,No
CUST-0007426,Male,0,No,No,30,Yes,No,DSL,No,No,No,No,No,Yes,Two year,Yes,Credit card (automatic),110.5,,No
CUST-0007427,Female,0,No,Yes,5,No,No phone service,DSL,No,No,No,No,Yes,No,Month-to-month,No,Mailed check,118.2,601.69,No
CUST-0007428,Male,0,No,No,17,No,No phone service,DSL,Yes,Yes,No,No,No,Yes,Month-to-month,Yes,Electronic check,95.85,1622.73,Yes
CUST-0007429,Female,0,No,No,6,Yes,Yes,DSL,No,Yes,No,No,No,No,Month-to-month,No,Bank transfer (automatic),94.33,576.38,No
CUST-0007430,Female,0,Yes,No,16,Yes,No,Fiber optic,No,Yes,Yes,No,No,No,Month-to-month,Yes,Electronic check,118.75,1937.16,No
CUST-0007431,Male,0,Yes,No,6,No,No phone service,No,No internet service,No internet service,No internet service,No internet service,No internet service,No internet service,Month-to-month,Yes,Credit card (automatic),78.01,477.17,No
CUST-0007432,Female,0,Yes,Yes,21,Yes,No,Fiber optic,No,No,No,No,Yes,No,Month-to-month,Yes,Credit card (automatic),68.13,1403.81,No
CUST-0007433,Female,0,No,Yes,24,Yes,No,Fiber optic,No,No,Yes,Yes,No,Yes,Month-to-month,Yes,Electronic check,76.84,1796.17,No
CUST-0007434,Male,0,No,Yes,6,Yes,No,Fiber optic,No,No,Yes,No,Yes,No,One year,Yes,Bank transfer (automatic),98.04,576.01,No
CUST-0007435,Female,0,No,No,0,Yes,Yes,Fiber optic,No,Yes,No,No,No,Yes,Month-to-month,No,Electronic check,78.69,,No
CUST-0007436,Female,0,No,No,2,Yes,Yes,Fiber optic,No,Yes,No,Yes,Yes,No,Month-to-month,Yes,Bank transfer (automatic),84.04,141.3,No
CUST-0007437,Male,0,Yes,Yes,4,Yes,No,No,No internet service,No internet service,No internet service,No internet service,No internet service,No internet service,Two year,Yes,Credit card (automatic),118.75,446.57,No
CUST-0007438,Male,0,No,No,39,Yes,Yes,Fiber optic,No,No,No,No,No,No,Month-to-month,Yes,Credit card (automatic),84.57,3275.44,Yes
CUST-0007439,Female,0,Yes,Yes,70,Yes,Yes,DSL,Yes,Yes,Yes,No,Yes,No,Month-to-month,Yes,Electronic check,88.59,6176.27,Yes
CUST-0007440,Male,0,No,Yes,7,Yes,No,Fiber optic,Yes,Yes,Yes,No,No,Yes,Month-to-month,Yes,Electronic check,44.29,338.93,Yes
CUST-0007441,Male,0,No,No,72,Yes,No,No,No internet service,No internet service,No internet service,No internet service,No internet service,No internet service,Month-to-month,Yes,Mailed check,109.05,7887.32,No
CUST-0007442,Male,0,No,No,22,No,No phone service,DSL,No,No,Yes,No,No,Yes,One year,Yes,Mailed check,71.94,,No
CUST-0007443,Female,0,No,Yes,30,Yes,No,No,No internet service,No internet service,No internet service,No internet service,No internet service,No internet service,Month-to-month,No,Electronic check,88.75,2645.85,No
CUST-0007444,Female,0,No,No,1,No,No phone service,DSL,No,No,Yes,No,Yes,No,Month-to-month,No,Credit card (automatic),108.1,100.44,No
CUST-0007445,Male,0,No,Yes,2,Yes,Yes,Fiber optic,No,No,Yes,No,Yes,Yes,Month-to-month,Yes,Electronic check,110.62,169.08,No
CUST-0007446,Female,0,No,Yes,9,Yes,Yes,Fiber optic,No,Yes,No,Yes,Yes,No,Month-to-month,Yes,Electronic check,110.47,1020.05,No
CUST-0007447,Female,0,Yes,No,1,Yes,Yes,Fiber optic,No,No,Yes,No,No,Yes,Two year,No,Bank transfer (automatic),99.95,143.59,No
CUST-0007448,Female,0,No,No,4,Yes,Yes,DSL,Yes,Yes,No,Yes,No,No,Two year,No,Credit card (automatic),118.75,476.5,Yes
CUST-0007449,Male,0,No,No,0,Yes,No,Fiber optic,Yes,No,No,No,No,Yes,Two year,No,Electronic check,62.22,,No
CUST-0007450,Male,0,No,No,12,Yes,No,DSL,No,No,No,No,Yes,No,Month-to-month,No,Mailed check,102.75,1218.82,No
CUST-0007451,Female,0,No,No,11,Yes,Yes,No,No internet service,No internet service,No internet service,No internet service,No internet service,No internet service,Month-to-month,No,Bank transfer (automatic),48.9,526.44,No
CUST-0007452,Female,0,Yes,No,41,Yes,No,DSL,Yes,No,Yes,No,No,No,Month-to-month,No,Bank transfer (automatic),92.75,3825.32,No
CUST-0007453,Male,0,Yes,No,8,Yes,Yes,No,No internet service,No internet service,No internet service,No internet service,No internet service,No internet service,Month-to-month,Yes,Credit card (automatic),118.75,975.03,No
CUST-0007454,Female,0,Yes,No,59,Yes,No,Fiber optic,Yes,No,No,No,Yes,No,Month-to-month,Yes,Electronic check,106.12,6239.88,No
CUST-0007455,Male,0,Yes,No,72,Yes,No,Fiber optic,No,No,No,Yes,Yes,No,One year,Yes,Electronic check,110.53,7955.76,No
CUST-0007456,Male,1,No,No,6,Yes,Yes,DSL,No,No,No,Yes,No,Yes,Two year,No,Electronic check,81.45,,Yes
CUST-0007457,Female,0,No,No,19,No,No phone service,DSL,No,No,No,Yes,Yes,Yes,Month-to-month,Yes,Electronic check,101.39,1931.9,No
CUST-0007458,Male,0,Yes,Yes,10,Yes,No,Fiber optic,No,No,No,No,Yes,No,Month-to-month,Yes,Bank transfer (automatic),115.6,,No
CUST-0007459,Female,0,No,No,37,Yes,No,Fiber optic,No,Yes,No,No,Yes,Yes,Month-to-month,Yes,Bank transfer (automatic),118.75,4417.17,Yes
CUST-0007460,Male,0,No,No,12,Yes,Yes,No,No internet service,No internet service,No internet service,No internet service,No internet service,No internet service,One year,Yes,Electronic check,106.13,1254.82,No
CUST-0007461,Male,0,Yes,No,53,No,No phone service,Fiber optic,No,No,No,No,Yes,Yes,Month-to-month,Yes,Electronic check,118.75,6219.81,Yes
CUST-0007462,Male,0,Yes,No,27,Yes,No,Fiber optic,No,No,Yes,Yes,No,No,Month-to-month,No,Credit card (automatic),66.75,1828.15,No
CUST-0007463,Female,0,No,No,34,Yes,No,DSL,No,No,Yes,No,Yes,No,Month-to-month,Yes,Electronic check,93.19,3176.53,Yes
CUST-0007464,Male,0,No,Yes,31,Yes,No,DSL,No,Yes,No,No,No,No,Month-to-month,No,Electronic check,105.13,3262.32,No
CUST-0007465,Female,0,No,Yes,19,Yes,No,Fiber optic,No,No,No,No,No,Yes,Month-to-month,Yes,Mailed check,95.32,1792.71,No
CUST-0007466,Male,0,No,No,72,Yes,Yes,DSL,Yes,No,No,No,No,Yes,Two year,Yes,Credit card (automatic),109.18,7825.21,No
CUST-0007467,Female,0,Yes,Yes,3,No,No phone service,Fiber optic,Yes,No,No,No,No,No,Month-to-month,Yes,Electronic check,83.66,248.75,No
CUST-0007468,Female,0,Yes,No,72,Yes,Yes,DSL,No,No,Yes,No,No,No,Month-to-month,Yes,Electronic check,102.43,7372.98,No
CUST-0007469,Female,1,No,No,7,No,No phone service,No,No internet service,No internet service,No internet service,No internet service,No internet service,No internet service,Month-to-month,Yes,Electronic check,105.29,733.9,No
CUST-0007470,Male,0,No,No,36,Yes,No,Fiber optic,No,Yes,No,No,Yes,No,Month-to-month,No,Bank transfer (automatic),64.0,2285.41,No
CUST-0007471,Male,0,No,Yes,24,No,No phone service,DSL,No,Yes,No,No,Yes,Yes,Two year,No,Bank transfer (automatic),104.54,2493.24,No
CUST-0007472,Male,1,No,No,7,Yes,Yes,Fiber optic,Yes,No,No,No,Yes,No,Month-to-month,Yes,Credit card (automatic),92.13,630.46,No
CUST-0007473,Female,0,No,Yes,35,Yes,Yes,DSL,No,Yes,Yes,No,No,Yes,One year,Yes,Electronic check,86.91,3042.85,Yes
CUST-0007474,Female,1,No,Yes,27,No,No phone service,Fiber optic,No,No,No,No,No,Yes,Two year,Yes,Electronic check,96.29,2578.75,No
CUST-0007475,Male,0,No,No,57,Yes,Yes,Fiber optic,No,Yes,No,No,Yes,No,Month-to-month,Yes,Electronic check,72.38,,No
CUST-0007476,Female,0,Yes,Yes,18,Yes,No,DSL,No,No,Yes,No,No,Yes,Month-to-month,Yes,Bank transfer (automatic),83.11,1488.12,No
CUST-0007477,Female,0,Yes,No,49,Yes,Yes,Fiber optic,No,No,Yes,No,No,No,One year,No,Bank transfer (automatic),70.05,3434.84,No
CUST-0007478,Female,0,No,No,1,Yes,No,Fiber optic,No,No,Yes,No,No,Yes,Month-to-month,Yes,Mailed check,107.85,100.39,No
CUST-0007479,Male,0,Yes,No,1,Yes,No,No,No internet service,No internet service,No internet service,No internet service,No internet service,No internet service,Month-to-month,Yes,Electronic check,118.75,105.36,No
CUST-0007480,Female,1,No,No,36,Yes,Yes,No,No internet service,No internet service,No internet service,No internet service,No internet service,No internet service,Month-to-month,Yes,Credit card (automatic),100.54,3644.04,No
CUST-0007481,Female,0,Yes,No,28,Yes,No,Fiber optic,No,No,No,Yes,Yes,Yes,Month-to-month,No,Electronic check,118.75,3349.18,No
CUST-0007482,Male,0,Yes,No,15,Yes,Yes,DSL,No,No,Yes,Yes,No,No,Month-to-month,Yes,Electronic check,118.75,1780.26,Yes
CUST-0007483,Male,1,Yes,Yes,68,Yes,No,No,No internet service,No internet service,No internet service,No internet service,No internet service,No internet service,Month-to-month,Yes,Credit card (automatic),95.05,6472.68,No
CUST-0007484,Male,0,No,Yes,13,Yes,No,No,No internet service,No internet service,No internet service,No internet service,No internet service,No internet service,One year,Yes,Mailed check,49.83,632.11,No
CUST-0007485,Female,0,No,No,5,Yes,No,DSL,No,No,No,No,No,No,Month-to-month,Yes,Credit card (automatic),86.1,448.33,No
CUST-0007486,Female,1,No,No,63,Yes,No,No,No internet service,No internet service,No internet service,No internet service,No internet service,No internet service,Month-to-month,No,Credit card (automatic),93.55,5915.83,No
CUST-0007487,Female,0,Yes,No,5,Yes,Yes,DSL,No,Yes,Yes,No,No,Yes,Month-to-month,Yes,Mailed check,98.42,453.81,No
CUST-0007488,Female,0,Yes,No,14,Yes,No,DSL,No,No,Yes,Yes,No,No,Two year,Yes,Bank transfer (automatic),92.38,1316.32,No
CUST-0007489,Female,0,No,No,47,Yes,No,Fiber optic,No,No,Yes,No,Yes,No,One year,No,Electronic check,107.51,5012.81,Yes
CUST-0007490,Male,0,No,Yes,38,Yes,No,Fiber optic,No,No,No,No,No,No,Month-to-month,No,Mailed check,91.31,3484.11,No
CUST-0007491,Male,0,Yes,No,1,Yes,Yes,No,No internet service,No internet service,No internet service,No internet service,No internet service,No internet service,Two year,No,Electronic check,74.7,40.33,No
CUST-0007492,Male,0,No,No,72,Yes,Yes,Fiber optic,No,Yes,No,No,Yes,Yes,Month-to-month,Yes,Electronic check,82.42,5954.36,No
CUST-0007493,Male,0,Yes,No,23,Yes,No,Fiber optic,Yes,Yes,Yes,Yes,Yes,Yes,Two year,No,Mailed check,64.36,1466.84,Yes
CUST-0007494,Female,1,No,No,4,Yes,No,DSL,No,Yes,No,Yes,Yes,No,Month-to-month,Yes,Bank transfer (automatic),83.52,330.89,No
CUST-0007495,Male,0,No,Yes,36,Yes,No,No,No internet service,No internet service,No internet service,No internet service,No internet service,No internet service,Month-to-month,Yes,Electronic check,117.41,4245.88,Yes
CUST-0007496,Female,0,No,No,19,Yes,Yes,DSL,No,No,No,No,Yes,Yes,Two year,Yes,Mailed check,93.61,1760.13,No
CUST-0007497,Female,0,Yes,Yes,23,No,No phone service,Fiber optic,No,No,No,No,No,No,Month-to-month,Yes,Electronic check,63.64,1514.1,No
CUST-0007498,Male,0,No,No,33,Yes,No,No,No internet service,No internet service,No internet service,No internet service,No internet service,No internet service,Month-to-month,Yes,Bank transfer (automatic),118.75,3926.55,Yes
CUST-0007499,Male,0,Yes,Yes,18,Yes,No,Fiber optic,No,No,Yes,No,Yes,Yes,One year,Yes,Mailed check,46.8,841.25,No
CUST-0007500,Male,0,Yes,Yes,14,Yes,Yes,DSL,No,No,No,No,Yes,Yes,Two year,No,Electronic check,79.97,1113.76,Yes
CUST-0007501,Female,0,No,No,16,Yes,No,Fiber optic,Yes,No,No,Yes,Yes,No,Month-to-month,Yes,Electronic check,86.86,1370.27,Yes
CUST-0007502,Female,0,No,No,29,Yes,No,DSL,Yes,No,No,No,No,No,Month-to-month,Yes,Electronic check,94.98,,No
CUST-0007503,Male,0,No,Yes,11,Yes,Yes,No,No internet service,No internet service,No internet service,No internet service,No internet service,No internet service,One year,Yes,Credit card (automatic),103.53,1115.5,Yes
CUST-0007504,Female,1,No,Yes,9,No,No phone service,DSL,Yes,Yes,Yes,No,No,Yes,Month-to-month,Yes,Credit card (automatic),73.39,680.79,No
CUST-0007505,Female,0,Yes,No,32,Yes,No,Fiber optic,No,No,Yes,Yes,No,No,Two year,Yes,Mailed check,58.57,1883.78,No
CUST-0007506,Male,0,No,Yes,4,Yes,No,Fiber optic,No,No,Yes,Yes,No,Yes,Month-to-month,Yes,Electronic check,107.62,435.71,No
CUST-0007507,Female,0,Yes,No,72,Yes,No,Fiber optic,No,Yes,Yes,No,Yes,No,Month-to-month,No,Electronic check,94.0,6771.77,No
CUST-0007508,Male,1,Yes,Yes,49,Yes,No,No,No internet service,No internet service,No internet service,No internet service,No internet service,No internet service,Month-to-month,No,Electronic check,85.98,4224.99,No
CUST-0007509,Male,0,Yes,No,34,No,No phone service,Fiber optic,Yes,No,No,No,No,No,Month-to-month,Yes,Bank transfer (automatic),110.46,3741.92,No
CUST-0007510,Male,1,No,Yes,12,Yes,Yes,Fiber optic,Yes,No,No,No,Yes,No,Month-to-month,No,Electronic check,104.37,1250.93,No
CUST-0007511,Female,0,Yes,No,7,Yes,No,Fiber optic,No,No,Yes,No,Yes,No,One year,Yes,Mailed check,118.75,807.41,No
CUST-0007512,Female,0,No,No,26,Yes,Yes,Fiber optic,Yes,No,Yes,No,No,No,Two year,No,Electronic check,83.37,2153.18,No
CUST-0007513,Male,0,No,No,56,No,No phone service,Fiber optic,No,No,No,Yes,No,Yes,Month-to-month,Yes,Credit card (automatic),56.78,3176.31,No
CUST-0007514,Male,1,No,Yes,0,Yes,Yes,Fiber optic,No,Yes,Yes,Yes,Yes,No,Month-to-month,No,Electronic check,63.81,,No
CUST-0007515,Male,0,Yes,Yes,9,Yes,Yes,Fiber optic,No,No,Yes,No,No,Yes,Two year,Yes,Electronic check,114.24,1027.71,No
CUST-0007516,Female,0,No,No,3,Yes,No,Fiber optic,No,Yes,Yes,No,No,No,Month-to-month,No,Credit card (automatic),98.08,299.65,Yes
CUST-0007517,Male,0,Yes,No,28,No,No phone service,DSL,No,Yes,No,No,No,No,Month-to-month,Yes,Electronic check,55.97,1538.73,No
CUST-0007518,Male,0,No,Yes,12,Yes,No,No,No internet service,No internet service,No internet service,No internet service,No internet service,No internet service,Month-to-month,No,Credit card (automatic),83.35,984.83,Yes
CUST-0007519,Female,0,No,No,49,No,No phone service,No,No internet service,No internet service,No internet service,No internet service,No internet service,No internet service,Month-to-month,Yes,Credit card (automatic),87.86,4286.17,Yes
CUST-0007520,Male,0,Yes,No,4,Yes,Yes,DSL,No,No,No,Yes,No,No,Month-to-month,No,Bank transfer (automatic),58.84,235.56,No
CUST-0007521,Male,0,No,Yes,14,Yes,No,Fiber optic,No,No,Yes,No,No,Yes,Two year,Yes,Electronic check,118.75,1666.97,No
CUST-0007522,Female,0,Yes,No,17,Yes,Yes,No,No internet service,No internet service,No internet service,No internet service,No internet service,No internet service,Month-to-month,Yes,Electronic check,66.83,,No
CUST-0007523,Female,1,Yes,No,48,No,No phone service,DSL,No,No,No,Yes,Yes,No,Month-to-month,Yes,Mailed check,82.43,3960.91,Yes
CUST-0007524,Male,1,No,Yes,25,Yes,Yes,No,No internet service,No internet service,No internet service,No internet service,No internet service,No internet service,Month-to-month,Yes,Credit card (automatic),69.12,1752.71,Yes
CUST-0007525,Female,0,Yes,No,24,Yes,No,Fiber optic,No,Yes,No,No,No,Yes,Month-to-month,Yes,Electronic check,91.01,2172.25,Yes
CUST-0007526,Male,1,No,Yes,72,Yes,No,DSL,No,No,No,No,No,Yes,Month-to-month,Yes,Bank transfer (automatic),118.75,8568.82,No
CUST-0007527,Female,0,No,No,49,Yes,No,DSL,Yes,Yes,No,No,Yes,Yes,Month-to-month,Yes,Credit card (automatic),103.29,5103.85,No
CUST-0007528,Female,1,No,Yes,12,Yes,No,No,No internet service,No internet service,No internet service,No internet service,No internet service,No internet service,Month-to-month,No,Electronic check,118.75,1401.05,Yes
CUST-0007529,Female,0,No,No,15,Yes,No,No,No internet service,No internet service,No internet service,No internet service,No internet service,No internet service,Month-to-month,Yes,Electronic check,118.75,1779.42,Yes
CUST-0007530,Female,0,Yes,Yes,38,Yes,Yes,No,No internet service,No internet service,No internet service,No internet service,No internet service,No internet service,Month-to-month,Yes,Credit card (automatic),56.84,2158.4,No
CUST-0007531,Female,0,Yes,No,21,Yes,No,Fiber optic,No,No,Yes,No,No,No,Two year,Yes,Electronic check,118.75,,Yes
CUST-0007532,Female,0,No,Yes,33,Yes,No,No,No internet service,No internet service,No internet service,No internet service,No internet service,No internet service,Month-to-month,Yes,Bank transfer (automatic),68.89,2266.8,No
CUST-0007533,Male,0,No,No,11,No,No phone service,DSL,No,No,No,No,Yes,Yes,One year,No,Credit card (automatic),71.39,738.21,No
CUST-0007534,Male,0,No,No,72,Yes,Yes,No,No internet service,No internet service,No internet service,No internet service,No internet service,No internet service,Month-to-month,Yes,Electronic check,95.68,6877.96,Yes
CUST-0007535,Male,0,No,Yes,1,Yes,No,Fiber optic,Yes,Yes,No,No,Yes,No,Month-to-month,Yes,Mailed check,102.14,52.05,No
CUST-0007536,Male,0,No,Yes,13,Yes,No,No,No internet service,No internet service,No internet service,No internet service,No internet service,No internet service,Month-to-month,Yes,Bank transfer (automatic),116.06,1538.71,Yes
CUST-0007537,Female,0,No,Yes,8,Yes,No,No,No internet service,No internet service,No internet service,No internet service,No internet service,No internet service,Two year,Yes,Bank transfer (automatic),104.39,840.87,No
CUST-0007538,Male,0,No,No,12,Yes,Yes,Fiber optic,No,Yes,No,Yes,No,No,Month-to-month,Yes,Bank transfer (automatic),64.62,786.42,No
CUST-0007539,Female,1,Yes,No,1,Yes,Yes,DSL,No,Yes,No,No,Yes,Yes,One year,Yes,Mailed check,85.32,77.83,Yes
CUST-0007540,Male,0,No,No,72,Yes,No,DSL,Yes,Yes,No,No,No,Yes,One year,Yes,Electronic check,83.0,6000.89,Yes
CUST-0007541,Female,0,No,Yes,17,Yes,Yes,Fiber optic,No,No,No,No,No,Yes,Two year,Yes,Credit card (automatic),69.64,,No
CUST-0007542,Female,0,Yes,No,72,Yes,No,Fiber optic,No,No,Yes,No,No,No,Month-to-month,No,Electronic check,60.33,4358.94,No
CUST-0007543,Female,1,Yes,Yes,28,No,No phone service,DSL,Yes,No,No,Yes,Yes,No,Two year,No,Mailed check,61.73,1717.98,Yes
CUST-0007544,Female,0,No,No,72,Yes,Yes,Fiber optic,No,No,No,No,No,No,Month-to-month,Yes,Mailed check,106.16,7628.77,No
CUST-0007545,Female,0,Yes,No,19,Yes,Yes,Fiber optic,No,No,No,No,No,Yes,One year,Yes,Credit card (automatic),70.69,1393.88,Yes
CUST-0007546,Female,0,No,Yes,31,Yes,No,DSL,No,Yes,Yes,No,Yes,No,Two year,Yes,Mailed check,74.07,2292.27,Yes
CUST-0007547,Male,0,No,Yes,0,Yes,Yes,Fiber optic,No,No,No,No,No,Yes,Month-to-month,No,Credit card (automatic),83.05,,Yes
CUST-0007548,Male,0,Yes,No,3,Yes,No,DSL,Yes,Yes,No,Yes,No,Yes,Month-to-month,Yes,Mailed check,97.54,244.62,No
CUST-0007549,Female,0,Yes,Yes,5,No,No phone service,Fiber optic,No,Yes,No,No,No,No,Two year,Yes,Bank transfer (automatic),93.41,485.36,Yes
CUST-0007550,Male,0,No,No,57,Yes,Yes,No,No internet service,No internet service,No internet service,No internet service,No internet service,No internet service,Two year,No,Electronic check,89.84,5133.1,No
CUST-0007551,Male,0,No,No,15,No,No phone service,DSL,No,No,No,No,No,Yes,Month-to-month,Yes,Mailed check,118.75,1744.16,Yes
CUST-0007552,Male,0,No,No,4,Yes,Yes,Fiber optic,No,No,No,Yes,No,No,Month-to-month,Yes,Electronic check,57.46,244.01,Yes
CUST-0007553,Male,1,No,No,39,Yes,Yes,Fiber optic,Yes,Yes,No,No,No,Yes,One year,Yes,Bank transfer (automatic),67.38,,Yes
CUST-0007554,Male,1,No,Yes,9,No,No phone service,No,No internet service,No internet service,No internet service,No internet service,No internet service,No internet service,One year,No,Electronic check,98.66,891.51,Yes
CUST-0007555,Female,0,No,No,13,Yes,No,DSL,No,No,Yes,Yes,No,No,Month-to-month,Yes,Bank transfer (automatic),111.52,1452.91,No
CUST-0007556,Male,1,No,No,12,Yes,No,Fiber optic,No,No,No,No,No,No,Month-to-month,Yes,Mailed check,74.3,874.75,No
CUST-0007557,Female,0,No,Yes,50,Yes,No,Fiber optic,No,No,No,No,No,Yes,Month-to-month,Yes,Mailed check,114.23,5724.58,Yes
CUST-0007558,Male,0,No,No,9,Yes,No,DSL,No,No,No,No,Yes,No,Month-to-month,Yes,Mailed check,73.3,657.81,No
CUST-0007559,Female,0,No,No,13,Yes,No,DSL,No,No,No,Yes,Yes,No,Month-to-month,Yes,Electronic check,57.29,737.09,Yes
CUST-0007560,Female,0,No,No,28,Yes,Yes,Fiber optic,No,No,No,No,No,Yes,Month-to-month,Yes,Bank transfer (automatic),112.73,3163.68,Yes
CUST-0007561,Female,1,No,No,7,Yes,Yes,DSL,No,Yes,No,No,No,No,Two year,No,Electronic check,92.99,685.7,No
CUST-0007562,Female,0,No,Yes,1,Yes,Yes,No,No internet service,No internet service,No internet service,No internet service,No internet service,No internet service,Month-to-month,Yes,Electronic check,110.88,111.77,No
CUST-0007563,Female,1,No,No,19,Yes,Yes,Fiber optic,No,No,No,No,Yes,Yes,Two year,Yes,Credit card (automatic),118.75,2260.7,Yes
CUST-0007564,Female,0,Yes,No,72,Yes,Yes,DSL,No,Yes,Yes,Yes,No,No,Month-to-month,No,Electronic check,79.73,5688.7,No
CUST-0007565,Male,0,Yes,No,8,Yes,Yes,No,No internet service,No internet service,No internet service,No internet service,No internet service,No internet service,Month-to-month,Yes,Electronic check,93.35,,No
CUST-0007566,Male,0,Yes,Yes,12,Yes,Yes,Fiber optic,No,No,No,No,Yes,No,Month-to-month,Yes,Mailed check,98.39,1187.34,Yes
CUST-0007567,Female,1,No,No,11,Yes,No,Fiber optic,No,No,No,No,No,No,One year,No,Electronic check,104.68,1131.53,No
CUST-0007568,Female,0,Yes,Yes,2,Yes,Yes,Fiber optic,No,No,No,Yes,Yes,No,Month-to-month,Yes,Bank transfer (automatic),106.4,191.86,Yes
CUST-0007569,Female,1,No,Yes,4,Yes,No,Fiber optic,Yes,Yes,Yes,No,No,No,Month-to-month,No,Credit card (automatic),90.56,363.61,No
CUST-0007570,Male,0,No,No,12,Yes,Yes,No,No internet service,No internet service,No internet service,No internet service,No internet service,No internet service,Two year,Yes,Credit card (automatic),97.83,1153.91,No
CUST-0007571,Male,0,Yes,No,16,Yes,Yes,No,No internet service,No internet service,No internet service,No internet service,No internet service,No internet service,Month-to-month,Yes,Mailed check,76.62,1217.42,Yes
CUST-0007572,Male,0,Yes,No,11,Yes,Yes,No,No internet service,No internet service,No internet service,No internet service,No internet service,No internet service,Month-to-month,Yes,Credit card (automatic),76.14,794.71,Yes
CUST-0007573,Female,0,No,No,15,Yes,Yes,Fiber optic,No,No,No,No,No,Yes,Month-to-month,Yes,Bank transfer (automatic),76.13,1098.15,No
CUST-0007574,Female,0,Yes,No,41,Yes,Yes,Fiber optic,No,Yes,No,No,No,Yes,Month-to-month,No,Bank transfer (automatic),98.75,4052.81,No
CUST-0007575,Male,0,Yes,No,49,Yes,No,Fiber optic,No,Yes,Yes,No,Yes,No,Month-to-month,Yes,Electronic check,70.42,3435.83,No
CUST-0007576,Male,1,No,No,72,No,No phone service,DSL,No,No,No,No,No,No,Month-to-month,No,Electronic check,118.75,8529.7,No
CUST-0007577,Female,0,Yes,Yes,15,No,No phone service,DSL,No,No,No,Yes,No,No,Month-to-month,Yes,Electronic check,115.77,1745.0,Yes
CUST-0007578,Female,0,No,No,2,Yes,No,Fiber optic,No,No,No,No,Yes,No,Month-to-month,Yes,Credit card (automatic),118.75,218.56,Yes
CUST-0007579,Male,0,No,No,72,Yes,No,Fiber optic,No,Yes,No,Yes,No,Yes,Month-to-month,Yes,Bank transfer (automatic),105.21,,No
CUST-0007580,Female,0,Yes,No,13,Yes,No,DSL,No,No,No,No,Yes,No,Two year,Yes,Electronic check,117.58,1521.23,No
CUST-0007581,Male,1,Yes,No,12,Yes,No,Fiber optic,No,No,No,No,No,Yes,Two year,No,Credit card (automatic),98.52,1188.44,No
CUST-0007582,Male,0,Yes,No,34,Yes,Yes,Fiber optic,Yes,No,No,No,No,Yes,Month-to-month,Yes,Electronic check,87.02,2972.1,No
CUST-0007583,Male,0,No,Yes,30,Yes,No,Fiber optic,No,No,No,Yes,No,No,Month-to-month,Yes,Credit card (automatic),98.34,2956.05,Yes
CUST-0007584,Male,0,No,No,65,Yes,No,DSL,No,Yes,No,No,Yes,No,One year,Yes,Credit card (automatic),51.48,3388.26,Yes
CUST-0007585,Female,0,Yes,No,25,Yes,No,Fiber optic,No,No,No,No,No,Yes,One year,Yes,Mailed check,70.47,1809.85,No
CUST-0007586,Female,0,No,Yes,33,Yes,Yes,Fiber optic,No,Yes,No,No,Yes,No,Month-to-month,No,Electronic check,56.57,1843.31,Yes
CUST-0007587,Male,0,Yes,No,21,Yes,No,No,No internet service,No internet service,No internet service,No internet service,No internet service,No internet service,Month-to-month,Yes,Credit card (automatic),65.35,1362.03,No
CUST-0007588,Male,0,No,No,37,Yes,No,Fiber optic,No,No,Yes,No,No,No,Month-to-month,Yes,Electronic check,95.92,3498.23,No
CUST-0007589,Male,0,No,Yes,72,Yes,Yes,Fiber optic,No,No,Yes,No,No,Yes,Month-to-month,Yes,Bank transfer (automatic),59.53,4293.44,No
CUST-0007590,Female,0,No,Yes,43,No,No phone service,Fiber optic,No,No,No,No,Yes,No,One year,No,Credit card (automatic),90.95,3897.85,No
CUST-0007591,Female,0,No,Yes,21,Yes,Yes,DSL,Yes,No,No,No,Yes,No,Month-to-month,No,Credit card (automatic),114.08,2375.49,No
CUST-0007592,Male,0,No,No,38,Yes,Yes,DSL,No,No,No,No,No,No,Month-to-month,Yes,Electronic check,71.22,2723.64,Yes
CUST-0007593,Female,0,Yes,No,28,No,No phone service,DSL,No,Yes,Yes,Yes,Yes,No,Two year,No,Mailed check,94.09,2607.0,Yes
CUST-0007594,Male,1,No,No,19,Yes,No,No,No internet service,No internet service,No internet service,No internet service,No internet service,No internet service,One year,Yes,Bank transfer (automatic),92.93,1789.73,No
CUST-0007595,Female,0,No,Yes,72,Yes,Yes,Fiber optic,Yes,No,No,Yes,No,Yes,One year,No,Electronic check,93.99,6805.56,Yes
CUST-0007596,Male,1,No,No,31,Yes,Yes,No,No internet service,No internet service,No internet service,No internet service,No internet service,No internet service,Month-to-month,Yes,Electronic check,62.02,1913.65,Yes
CUST-0007597,Female,0,Yes,No,17,Yes,No,DSL,No,No,Yes,No,Yes,Yes,Month-to-month,Yes,Mailed check,79.94,1351.04,No
CUST-0007598,Female,0,Yes,No,21,Yes,No,Fiber optic,No,Yes,No,No,Yes,Yes,Month-to-month,Yes,Electronic check,68.1,1399.35,No
CUST-0007599,Female,0,No,No,34,Yes,Yes,Fiber optic,No,No,No,Yes,Yes,Yes,Two year,Yes,Electronic check,109.32,3733.84,No
CUST-0007600,Female,0,Yes,No,14,Yes,No,No,No internet service,No internet service,No internet service,No internet service,No internet service,No internet service,One year,Yes,Bank transfer (automatic),71.44,1035.51,No
CUST-0007601,Female,1,Yes,Yes,0,Yes,No,Fiber optic,No,Yes,No,No,No,No,Month-to-month,No,Electronic check,77.97,,No
CUST-0007602,Female,0,No,No,33,Yes,No,Fiber optic,Yes,No,No,Yes,No,No,Two year,No,Credit card (automatic),84.1,2805.74,No
CUST-0007603,Female,0,No,Yes,2,Yes,No,DSL,Yes,No,Yes,Yes,No,Yes,Month-to-month,Yes,Mailed check,118.75,267.99,No
CUST-0007604,Male,1,Yes,No,7,Yes,Yes,Fiber optic,No,Yes,Yes,No,No,No,One year,No,Electronic check,108.05,739.35,No
CUST-0007605,Male,0,No,No,7,No,No phone service,Fiber optic,No,No,No,No,Yes,No,Month-to-month,Yes,Bank transfer (automatic),86.12,625.65,No
CUST-0007606,Female,1,No,No,9,Yes,No,Fiber optic,Yes,Yes,No,No,Yes,No,One year,Yes,Bank transfer (automatic),104.47,940.25,No
CUST-0007607,Female,1,No,No,35,Yes,No,DSL,No,No,No,Yes,Yes,No,Month-to-month,Yes,Credit card (automatic),88.59,3090.01,Yes
CUST-0007608,Male,0,No,No,37,Yes,Yes,No,No internet service,No internet service,No internet service,No internet service,No internet service,No internet service,Month-to-month,Yes,Electronic check,90.32,3376.78,No
CUST-0007609,Male,0,No,No,50,Yes,No,Fiber optic,No,No,No,No,Yes,Yes,One year,Yes,Credit card (automatic),40.92,2072.05,Yes
CUST-0007610,Female,0,No,No,20,Yes,Yes,DSL,No,No,No,Yes,No,No,Month-to-month,Yes,Electronic check,107.26,2132.49,No
CUST-0007611,Male,0,No,Yes,65,Yes,No,Fiber optic,No,No,No,No,Yes,No,Month-to-month,No,Electronic check,86.6,5632.94,No
CUST-0007612,Male,1,Yes,No,44,Yes,Yes,Fiber optic,No,No,No,No,No,Yes,Month-to-month,No,Electronic check,115.95,5150.8,Yes
CUST-0007613,Male,0,Yes,No,21,Yes,Yes,Fiber optic,No,No,Yes,No,No,Yes,Month-to-month,Yes,Electronic check,116.26,2459.44,No
CUST-0007614,Male,0,No,No,19,Yes,No,DSL,No,Yes,Yes,No,No,No,Month-to-month,No,Mailed check,54.26,1044.16,Yes
CUST-0007615,Female,0,Yes,Yes,5,Yes,No,DSL,Yes,Yes,No,No,No,Yes,Two year,Yes,Electronic check,54.25,275.46,No
CUST-0007616,Male,0,No,Yes,5,Yes,Yes,DSL,No,Yes,No,Yes,No,No,Month-to-month,Yes,Credit card (automatic),60.83,308.2,No
CUST-0007617,Male,1,Yes,No,15,Yes,Yes,No,No internet service,No internet service,No internet service,No internet service,No internet service,No internet service,Month-to-month,Yes,Electronic check,105.04,1598.46,No
CUST-0007618,Male,0,Yes,Yes,4,Yes,No,Fiber optic,No,No,No,Yes,No,No,Two year,No,Credit card (automatic),64.56,240.61,No
CUST-0007619,Female,0,No,Yes,53,Yes,Yes,Fiber optic,No,No,Yes,No,No,No,Month-to-month,Yes,Electronic check,92.77,4911.81,No
CUST-0007620,Male,0,Yes,Yes,72,Yes,No,Fiber optic,No,Yes,Yes,No,No,No,Month-to-month,Yes,Credit card (automatic),117.53,8467.84,No
CUST-0007621,Male,1,No,No,0,Yes,No,DSL,Yes,No,Yes,No,No,No,One year,Yes,Mailed check,77.58,,No
CUST-0007622,Male,0,Yes,Yes,60,Yes,Yes,DSL,No,No,Yes,No,Yes,No,One year,Yes,Credit card (automatic),92.23,5571.67,No
CUST-0007623,Male,1,No,No,26,Yes,No,Fiber optic,Yes,No,Yes,No,Yes,No,Month-to-month,Yes,Mailed check,82.82,2137.41,No
CUST-0007624,Male,0,No,Yes,56,Yes,No,DSL,Yes,No,Yes,Yes,No,No,Month-to-month,Yes,Credit card (automatic),81.64,4567.96,No
CUST-0007625,Male,0,No,Yes,39,No,No phone service,Fiber optic,Yes,Yes,No,No,No,No,Month-to-month,No,Electronic check,91.72,3516.39,Yes
CUST-0007626,Male,1,No,Yes,10,Yes,No,No,No internet service,No internet service,No internet service,No internet service,No internet service,No internet service,Month-to-month,Yes,Electronic check,82.44,,No
CUST-0007627,Female,0,Yes,Yes,72,No,No phone service,No,No internet service,No internet service,No internet service,No internet service,No internet service,No internet service,Month-to-month,No,Credit card (automatic),69.09,4957.53,No
CUST-0007628,Male,0,Yes,No,1,Yes,Yes,Fiber optic,Yes,No,No,No,No,No,Month-to-month,No,Bank transfer (automatic),59.36,58.79,No
CUST-0007629,Female,0,No,Yes,2,Yes,Yes,DSL,No,Yes,No,No,Yes,Yes,Two year,No,Electronic check,87.23,164.17,No
CUST-0007630,Male,0,Yes,No,14,Yes,Yes,No,No internet service,No internet service,No internet service,No internet service,No internet service,No internet service,Month-to-month,Yes,Mailed check,106.76,1514.26,No
CUST-0007631,Male,0,No,Yes,27,Yes,No,Fiber optic,No,No,No,Yes,Yes,Yes,One year,No,Electronic check,72.09,2014.22,No
CUST-0007632,Female,0,No,No,48,No,No phone service,No,No internet service,No internet service,No internet service,No internet service,No internet service,No internet service,Month-to-month,Yes,Electronic check,103.04,4994.12,Yes
CUST-0007633,Male,0,Yes,No,72,Yes,No,Fiber optic,No,No,Yes,No,No,No,Month-to-month,No,Mailed check,55.22,4009.2,No
CUST-0007634,Female,1,No,Yes,50,Yes,No,No,No internet service,No internet service,No internet service,No internet service,No internet service,No internet service,Month-to-month,Yes,Credit card (automatic),118.19,5902.47,No
CUST-0007635,Male,0,Yes,Yes,22,Yes,Yes,Fiber optic,No,Yes,No,Yes,Yes,No,Month-to-month,Yes,Mailed check,60.38,1280.41,No
CUST-0007636,Male,0,Yes,No,11,Yes,No,DSL,No,No,Yes,Yes,No,No,Month-to-month,Yes,Electronic check,83.27,907.54,Yes
CUST-0007637,Male,1,No,No,28,Yes,No,Fiber optic,No,No,Yes,Yes,Yes,No,Month-to-month,Yes,Credit card (automatic),118.75,3311.7,Yes
CUST-0007638,Male,0,Yes,Yes,0,Yes,No,No,No internet service,No internet service,No internet service,No internet service,No internet service,No internet service,Month-to-month,Yes,Bank transfer (automatic),113.26,,No
CUST-0007639,Female,0,No,Yes,1,Yes,Yes,Fiber optic,No,No,No,No,No,No,One year,No,Electronic check,118.75,122.86,Yes
CUST-0007640,Male,0,Yes,No,15,Yes,No,DSL,No,No,Yes,No,No,No,Month-to-month,Yes,Bank transfer (automatic),106.63,,Yes
CUST-0007641,Male,0,Yes,No,3,Yes,No,Fiber optic,No,No,No,No,No,Yes,Month-to-month,Yes,Electronic check,118.75,344.99,No
CUST-0007642,Female,0,No,No,2,Yes,Yes,Fiber optic,No,No,No,No,No,Yes,Month-to-month,Yes,Bank transfer (automatic),104.27,198.22,No
CUST-0007643,Female,0,No,No,29,No,No phone service,Fiber optic,No,No,No,Yes,No,Yes,Month-to-month,No,Mailed check,118.75,3439.0,No
CUST-0007644,Female,0,No,No,3,No,No phone service,DSL,No,Yes,No,Yes,Yes,Yes,One year,Yes,Bank transfer (automatic),110.55,293.07,No
CUST-0007645,Female,0,No,No,3,Yes,Yes,Fiber optic,No,No,No,No,Yes,No,Month-to-month,No,Bank transfer (automatic),118.75,373.63,No
CUST-0007646,Male,0,Yes,No,68,Yes,No,No,No internet service,No internet service,No internet service,No internet service,No internet service,No internet service,Two year,Yes,Credit card (automatic),73.18,4957.63,No
CUST-0007647,Female,0,Yes,Yes,24,Yes,No,No,No internet service,No internet service,No internet service,No internet service,No internet service,No internet service,Month-to-month,Yes,Electronic check,67.85,1609.45,No
CUST-0007648,Female,1,No,No,26,Yes,Yes,DSL,No,No,Yes,No,No,Yes,One year,Yes,Credit card (automatic),116.14,2989.78,No
CUST-0007649,Female,0,Yes,No,1,Yes,Yes,Fiber optic,Yes,Yes,No,No,Yes,Yes,One year,No,Credit card (automatic),118.75,107.28,No
CUST-0007650,Female,1,No,No,5,Yes,Yes,DSL,No,No,No,No,Yes,Yes,Month-to-month,No,Mailed check,91.24,464.7,Yes
CUST-0007651,Female,0,No,No,18,Yes,No,DSL,Yes,No,No,No,No,Yes,Month-to-month,Yes,Electronic check,103.85,1875.87,Yes
CUST-0007652,Male,0,Yes,Yes,5,Yes,No,Fiber optic,No,Yes,No,No,No,No,One year,No,Mailed check,80.55,393.21,Yes
CUST-0007653,Male,0,No,Yes,6,Yes,Yes,DSL,Yes,Yes,No,No,No,Yes,Month-to-month,Yes,Credit card (automatic),111.13,666.49,No
CUST-0007654,Female,0,No,No,65,Yes,Yes,Fiber optic,No,No,No,No,No,No,Month-to-month,Yes,Bank transfer (automatic),118.75,7698.68,No
CUST-0007655,Male,1,No,No,16,Yes,No,No,No internet service,No internet service,No internet service,No internet service,No internet service,No internet service,Two year,Yes,Mailed check,118.75,1860.21,No
CUST-0007656,Female,0,No,Yes,36,Yes,No,Fiber optic,No,No,No,No,No,No,Month-to-month,Yes,Bank transfer (automatic),113.13,4111.16,No
CUST-0007657,Male,0,No,Yes,72,Yes,Yes,Fiber optic,No,Yes,Yes,No,Yes,No,One year,Yes,Electronic check,83.63,6024.58,No
CUST-0007658,Male,0,No,No,24,Yes,No,DSL,Yes,No,No,No,No,No,Month-to-month,No,Bank transfer (automatic),107.46,2581.3,Yes
CUST-0007659,Female,0,No,Yes,5,Yes,No,DSL,No,No,No,No,No,No,Month-to-month,Yes,Electronic check,105.48,505.65,No
CUST-0007660,Male,0,Yes,Yes,52,Yes,No,No,No internet service,No internet service,No internet service,No internet service,No internet service,No internet service,Month-to-month,Yes,Credit card (automatic),81.48,4219.68,No
CUST-0007661,Female,0,No,No,24,Yes,No,DSL,No,No,No,No,Yes,No,Month-to-month,Yes,Credit card (automatic),62.14,1495.88,No
CUST-0007662,Female,0,Yes,No,28,Yes,No,Fiber optic,Yes,Yes,No,No,No,No,Month-to-month,Yes,Bank transfer (automatic),91.79,2554.07,No
CUST-0007663,Female,0,Yes,No,49,No,No phone service,Fiber optic,No,Yes,Yes,No,No,Yes,One year,No,Bank transfer (automatic),96.76,4729.56,No
CUST-0007664,Male,1,Yes,Yes,72,Yes,No,No,No internet service,No internet service,No internet service,No internet service,No internet service,No internet service,Month-to-month,No,Electronic check,66.55,4790.39,Yes
CUST-0007665,Male,0,Yes,No,3,Yes,No,Fiber optic,No,No,No,Yes,No,No,Month-to-month,No,Credit card (automatic),72.02,262.66,Yes
CUST-0007666,Female,0,Yes,No,21,Yes,No,No,No internet service,No internet service,No internet service,No internet service,No internet service,No internet service,Month-to-month,Yes,Electronic check,94.67,1977.71,Yes
CUST-0007667,Male,0,Yes,No,14,Yes,Yes,Fiber optic,Yes,No,No,Yes,No,No,Month-to-month,No,Bank transfer (automatic),70.53,957.95,No
CUST-0007668,Female,0,Yes,No,49,Yes,Yes,Fiber optic,Yes,No,No,No,No,No,One year,No,Electronic check,66.68,3275.01,Yes
CUST-0007669,Female,0,Yes,No,20,Yes,Yes,Fiber optic,No,No,No,No,Yes,No,Month-to-month,Yes,Credit card (automatic),109.15,2168.61,No
CUST-0007670,Female,0,No,No,12,Yes,Yes,Fiber optic,No,No,Yes,No,No,No,Month-to-month,Yes,Electronic check,78.83,984.45,No
CUST-0007671,Female,0,No,Yes,29,Yes,Yes,No,No internet service,No internet service,No internet service,No internet service,No internet service,No internet service,Month-to-month,No,Bank transfer (automatic),118.75,3450.38,Yes
CUST-0007672,Female,0,Yes,No,33,Yes,No,DSL,No,No,No,No,Yes,No,Month-to-month,No,Electronic check,100.54,3325.13,No
CUST-0007673,Male,0,No,No,71,Yes,No,No,No internet service,No internet service,No internet service,No internet service,No internet service,No internet service,Two year,Yes,Credit card (automatic),89.31,6375.1,No
CUST-0007674,Female,0,No,Yes,72,No,No phone service,Fiber optic,Yes,Yes,No,No,No,Yes,One year,No,Mailed check,118.75,8513.92,No
CUST-0007675,Female,1,Yes,Yes,31,Yes,No,DSL,No,Yes,No,Yes,No,Yes,Month-to-month,Yes,Electronic check,77.23,2387.25,No
CUST-0007676,Male,0,No,No,35,Yes,No,Fiber optic,No,No,No,Yes,No,Yes,One year,No,Electronic check,96.39,3366.18,No
CUST-0007677,Male,1,No,Yes,20,No,No phone service,DSL,No,No,No,No,No,No,Month-to-month,No,Electronic check,65.25,1315.17,Yes
CUST-0007678,Female,1,Yes,No,15,Yes,No,DSL,No,No,No,Yes,No,No,Month-to-month,No,Mailed check,82.23,1216.07,No
CUST-0007679,Male,1,Yes,No,14,Yes,No,Fiber optic,No,No,Yes,No,Yes,No,Month-to-month,Yes,Mailed check,102.3,1403.79,Yes
CUST-0007680,Male,1,No,Yes,72,Yes,No,DSL,No,No,No,No,Yes,No,Month-to-month,No,Credit card (automatic),97.19,6909.52,No
CUST-0007681,Female,0,Yes,No,17,No,No phone service,DSL,No,No,Yes,Yes,No,No,Month-to-month,Yes,Electronic check,96.47,1672.17,No
CUST-0007682,Male,0,Yes,No,39,Yes,Yes,Fiber optic,Yes,Yes,Yes,No,Yes,No,Month-to-month,Yes,Electronic check,67.04,2623.31,No
CUST-0007683,Female,0,No,Yes,0,No,No phone service,Fiber optic,No,No,Yes,No,Yes,No,Two year,No,Electronic check,74.36,,No
CUST-0007684,Female,1,Yes,Yes,20,Yes,No,Fiber optic,No,No,No,No,Yes,No,Month-to-month,Yes,Mailed check,94.52,1856.58,No
CUST-0007685,Male,0,No,No,13,Yes,Yes,No,No internet service,No internet service,No internet service,No internet service,No internet service,No internet service,Two year,No,Mailed check,100.75,,Yes
CUST-0007686,Female,0,No,Yes,18,Yes,Yes,DSL,No,No,Yes,No,Yes,No,Month-to-month,Yes,Bank transfer (automatic),111.68,1990.85,Yes
CUST-0007687,Female,0,No,Yes,72,Yes,No,Fiber optic,No,No,Yes,No,No,No,One year,Yes,Electronic check,91.45,6581.2,Yes
CUST-0007688,Female,0,No,Yes,0,Yes,No,Fiber optic,No,No,Yes,No,No,Yes,Month-to-month,No,Electronic check,103.83,,Yes
CUST-0007689,Female,0,No,Yes,72,No,No phone service,No,No internet service,No internet service,No internet service,No internet service,No internet service,No internet service,Month-to-month,No,Bank transfer (automatic),99.76,7170.77,Yes
CUST-0007690,Male,0,No,No,8,Yes,Yes,No,No internet service,No internet service,No internet service,No internet service,No internet service,No internet service,Month-to-month,Yes,Bank transfer (automatic),83.78,680.92,No
CUST-0007691,Male,0,No,No,6,Yes,Yes,Fiber optic,No,No,No,No,No,No,Month-to-month,Yes,Mailed check,84.08,495.57,Yes
CUST-0007692,Female,0,Yes,No,66,Yes,No,Fiber optic,No,No,No,No,Yes,Yes,Month-to-month,No,Mailed check,118.31,,No
CUST-0007693,Male,0,Yes,Yes,0,Yes,No,DSL,No,No,No,Yes,Yes,Yes,Month-to-month,Yes,Electronic check,118.75,,Yes
CUST-0007694,Female,0,Yes,No,17,Yes,No,Fiber optic,No,No,No,No,No,No,Two year,Yes,Credit card (automatic),68.06,1132.51,Yes
CUST-0007695,Female,0,Yes,No,1,Yes,No,Fiber optic,Yes,No,No,Yes,Yes,No,Month-to-month,Yes,Credit card (automatic),117.25,140.37,Yes
CUST-0007696,Male,0,Yes,Yes,9,Yes,Yes,Fiber optic,Yes,No,No,No,Yes,No,Month-to-month,Yes,Bank transfer (automatic),79.06,709.38,Yes
CUST-0007697,Female,0,No,Yes,17,Yes,Yes,Fiber optic,No,No,No,No,Yes,Yes,Month-to-month,Yes,Mailed check,87.16,1532.11,No
CUST-0007698,Female,1,No,No,34,Yes,No,Fiber optic,No,No,No,No,Yes,No,Month-to-month,No,Mailed check,118.75,4073.54,No
CUST-0007699,Male,0,Yes,No,36,Yes,No,Fiber optic,No,No,No,No,No,Yes,Month-to-month,Yes,Electronic check,81.78,2960.17,No
CUST-0007700,Female,0,Yes,Yes,32,Yes,No,Fiber optic,No,No,No,Yes,Yes,Yes,Month-to-month,No,Mailed check,61.68,1982.36,Yes
CUST-0007701,Male,0,No,No,0,Yes,No,DSL,No,Yes,No,Yes,Yes,No,Month-to-month,Yes,Mailed check,86.25,,No
CUST-0007702,Female,0,Yes,Yes,72,Yes,No,Fiber optic,No,Yes,No,No,No,No,One year,Yes,Electronic check,72.49,5229.84,No
CUST-0007703,Female,0,No,No,23,Yes,No,DSL,Yes,No,No,No,Yes,No,One year,Yes,Mailed check,85.88,1947.71,No
CUST-0007704,Female,0,No,No,42,Yes,No,No,No internet service,No internet service,No internet service,No internet service,No internet service,No internet service,Two year,Yes,Credit card (automatic),112.82,4745.41,Yes
CUST-0007705,Male,0,No,No,47,Yes,No,Fiber optic,Yes,No,Yes,No,Yes,No,Month-to-month,Yes,Electronic check,83.85,3957.01,Yes
CUST-0007706,Female,0,Yes,Yes,0,Yes,No,No,No internet service,No internet service,No internet service,No internet service,No internet service,No internet service,One year,Yes,Bank transfer (automatic),57.5,,Yes
CUST-0007707,Male,0,No,No,1,Yes,No,DSL,No,No,Yes,No,Yes,Yes,Month-to-month,No,Electronic check,47.0,25.43,No
CUST-0007708,Female,1,No,No,4,Yes,No,Fiber optic,Yes,No,Yes,Yes,No,No,One year,Yes,Bank transfer (automatic),77.83,289.72,No
CUST-0007709,Male,0,Yes,No,29,Yes,No,DSL,No,No,No,No,No,No,Two year,Yes,Electronic check,118.75,3401.34,No
CUST-0007710,Male,0,No,No,39,Yes,Yes,Fiber optic,No,No,Yes,No,Yes,No,Month-to-month,No,Mailed check,87.88,3408.36,Yes
CUST-0007711,Male,0,Yes,No,7,Yes,Yes,DSL,Yes,No,Yes,Yes,Yes,Yes,Month-to-month,Yes,Credit card (automatic),92.16,671.07,No
CUST-0007712,Female,0,Yes,No,1,Yes,No,DSL,Yes,No,No,No,No,Yes,Month-to-month,No,Electronic check,115.09,103.98,No
CUST-0007713,Male,0,No,No,6,No,No phone service,No,No internet service,No internet service,No internet service,No internet service,No internet service,No internet service,Two year,Yes,Bank transfer (automatic),108.79,705.46,No
CUST-0007714,Female,0,No,No,3,Yes,No,Fiber optic,No,No,Yes,No,Yes,Yes,Month-to-month,Yes,Mailed check,93.15,303.23,No
CUST-0007715,Male,0,Yes,Yes,13,Yes,Yes,Fiber optic,No,No,No,Yes,No,No,Month-to-month,Yes,Mailed check,114.65,1488.72,No
CUST-0007716,Female,0,Yes,No,8,Yes,Yes,Fiber optic,No,Yes,Yes,No,No,No,Month-to-month,Yes,Mailed check,84.59,676.97,No
CUST-0007717,Male,0,Yes,Yes,47,Yes,No,Fiber optic,No,No,No,No,Yes,No,One year,Yes,Mailed check,106.8,4971.09,No
CUST-0007718,Female,0,Yes,Yes,15,Yes,Yes,DSL,No,No,Yes,No,No,Yes,Month-to-month,Yes,Electronic check,90.33,1327.43,No
CUST-0007719,Female,0,No,No,10,Yes,No,DSL,No,No,No,No,No,Yes,Month-to-month,Yes,Electronic check,69.89,656.49,Yes
CUST-0007720,Female,0,No,No,4,Yes,No,DSL,No,No,Yes,No,Yes,No,Month-to-month,No,Electronic check,113.74,476.49,Yes
CUST-0007721,Male,0,No,No,9,Yes,Yes,No,No internet service,No internet service,No internet service,No internet service,No internet service,No internet service,Month-to-month,Yes,Bank transfer (automatic),118.75,,Yes
CUST-0007722,Male,0,No,No,15,No,No phone service,Fiber optic,No,No,Yes,No,Yes,No,Month-to-month,Yes,Bank transfer (automatic),116.02,1714.35,No
CUST-0007723,Female,0,Yes,Yes,1,Yes,Yes,Fiber optic,No,Yes,No,No,No,No,Month-to-month,Yes,Electronic check,87.09,92.25,Yes
CUST-0007724,Male,1,No,No,20,Yes,Yes,Fiber optic,No,No,No,No,Yes,Yes,One year,No,Bank transfer (automatic),81.59,1627.07,No
CUST-0007725,Male,0,No,Yes,34,Yes,Yes,DSL,No,Yes,No,No,Yes,Yes,Month-to-month,Yes,Credit card (automatic),107.7,3662.59,No
CUST-0007726,Female,0,Yes,No,4,Yes,Yes,Fiber optic,No,No,No,No,No,No,One year,Yes,Credit card (automatic),113.96,453.64,Yes
CUST-0007727,Female,0,Yes,No,26,Yes,No,No,No internet service,No internet service,No internet service,No internet service,No internet service,No internet service,Month-to-month,Yes,Bank transfer (automatic),79.93,2053.09,No
CUST-0007728,Male,0,Yes,Yes,72,Yes,Yes,No,No internet service,No internet service,No internet service,No internet service,No internet service,No internet service,One year,No,Mailed check,83.11,5995.07,No
CUST-0007729,Male,0,No,No,3,No,No phone service,Fiber optic,No,Yes,No,No,No,Yes,One year,Yes,Credit card (automatic),62.03,215.51,No
CUST-0007730,Female,1,Yes,No,72,Yes,No,Fiber optic,No,Yes,No,Yes,Yes,No,One year,No,Electronic check,118.75,8590.2,No
CUST-0007731,Female,0,Yes,Yes,27,Yes,No,DSL,No,Yes,No,Yes,No,No,Month-to-month,Yes,Electronic check,116.22,3153.89,No
CUST-0007732,Male,0,No,No,58,Yes,Yes,Fiber optic,No,No,Yes,No,No,No,One year,Yes,Credit card (automatic),61.1,3522.45,No
CUST-0007733,Female,0,Yes,No,12,Yes,No,No,No internet service,No internet service,No internet service,No internet service,No internet service,No internet service,Two year,Yes,Mailed check,104.97,1306.99,Yes
CUST-0007734,Male,0,No,No,24,Yes,No,No,No internet service,No internet service,No internet service,No internet service,No internet service,No internet service,Month-to-month,No,Bank transfer (automatic),86.11,2106.12,Yes
CUST-0007735,Male,0,No,No,42,Yes,No,DSL,Yes,Yes,No,No,Yes,Yes,Month-to-month,No,Electronic check,60.65,2534.67,No
CUST-0007736,Male,0,Yes,No,42,Yes,No,DSL,No,No,No,No,Yes,No,Month-to-month,Yes,Mailed check,49.59,2088.43,Yes
CUST-0007737,Female,0,No,No,18,Yes,No,DSL,Yes,Yes,No,Yes,Yes,Yes,Month-to-month,Yes,Bank transfer (automatic),67.89,1224.57,No
CUST-0007738,Female,0,No,No,47,Yes,No,DSL,No,No,Yes,No,Yes,Yes,Month-to-month,No,Mailed check,81.82,3841.01,No
CUST-0007739,Female,0,No,Yes,10,Yes,Yes,No,No internet service,No internet service,No internet service,No internet service,No internet service,No internet service,Month-to-month,Yes,Credit card (automatic),102.87,1017.04,No
CUST-0007740,Male,0,Yes,No,1,Yes,No,DSL,No,No,No,No,No,Yes,Month-to-month,Yes,Electronic check,76.7,41.2,No
CUST-0007741,Female,0,Yes,Yes,72,Yes,No,DSL,No,Yes,Yes,Yes,No,No,Month-to-month,Yes,Bank transfer (automatic),87.91,6326.41,Yes
CUST-0007742,Female,1,Yes,No,28,Yes,Yes,Fiber optic,No,Yes,No,No,Yes,Yes,Month-to-month,Yes,Mailed check,118.75,3345.44,No
CUST-0007743,Female,1,Yes,No,10,Yes,No,DSL,Yes,Yes,No,No,Yes,No,One year,No,Mailed check,99.42,973.2,No
CUST-0007744,Female,0,Yes,Yes,9,Yes,No,No,No internet service,No internet service,No internet service,No internet service,No internet service,No internet service,Month-to-month,No,Bank transfer (automatic),71.74,587.43,No
CUST-0007745,Female,0,No,No,43,Yes,No,DSL,No,No,Yes,No,No,No,Month-to-month,Yes,Credit card (automatic),83.1,3572.87,Yes
CUST-0007746,Male,0,No,Yes,14,Yes,No,Fiber optic,No,No,Yes,No,Yes,No,Month-to-month,Yes,Credit card (automatic),118.75,1651.05,No
CUST-0007747,Female,0,No,No,18,Yes,Yes,No,No internet service,No internet service,No internet service,No internet service,No internet service,No internet service,Month-to-month,Yes,Bank transfer (automatic),73.79,1338.85,No
CUST-0007748,Female,0,No,No,0,Yes,No,No,No internet service,No internet service,No internet service,No internet service,No internet service,No internet service,One year,No,Electronic check,110.63,,Yes
CUST-0007749,Female,0,Yes,No,1,Yes,No,No,No internet service,No internet service,No internet service,No internet service,No internet service,No internet service,Month-to-month,Yes,Electronic check,106.36,94.85,No
CUST-0007750,Female,0,No,No,7,No,No phone service,Fiber optic,Yes,No,No,Yes,No,Yes,One year,Yes,Electronic check,86.41,581.36,No
CUST-0007751,Male,0,Yes,No,1,Yes,No,Fiber optic,No,No,No,Yes,No,Yes,Month-to-month,No,Electronic check,80.03,75.77,Yes
CUST-0007752,Female,0,Yes,Yes,33,Yes,No,Fiber optic,Yes,Yes,No,No,No,No,Month-to-month,Yes,Mailed check,96.83,3157.61,No
CUST-0007753,Female,0,Yes,No,7,Yes,No,Fiber optic,No,Yes,No,No,Yes,No,Month-to-month,No,Credit card (automatic),97.18,627.21,No
CUST-0007754,Female,0,Yes,No,23,Yes,Yes,Fiber optic,No,No,No,No,Yes,No,One year,No,Mailed check,108.37,2514.5,Yes
CUST-0007755,Male,0,No,Yes,25,Yes,No,Fiber optic,No,No,No,No,No,No,Two year,Yes,Mailed check,90.43,2247.27,No
CUST-0007756,Male,0,Yes,No,61,Yes,Yes,Fiber optic,No,No,Yes,No,No,No,Month-to-month,Yes,Mailed check,61.39,3688.05,No
CUST-0007757,Male,0,No,No,8,Yes,No,DSL,No,No,Yes,No,Yes,Yes,Month-to-month,Yes,Electronic check,118.75,924.28,Yes
CUST-0007758,Female,0,Yes,No,4,Yes,No,DSL,No,No,Yes,No,Yes,No,Month-to-month,No,Bank transfer (automatic),83.81,329.96,Yes
CUST-0007759,Female,0,No,Yes,2,No,No phone service,No,No internet service,No internet service,No internet service,No internet service,No internet service,No internet service,Month-to-month,Yes,Mailed check,52.87,,Yes
CUST-0007760,Male,0,Yes,No,59,Yes,Yes,Fiber optic,No,No,No,Yes,No,Yes,One year,Yes,Electronic check,68.54,4040.45,No
CUST-0007761,Male,0,No,No,23,Yes,No,No,No internet service,No internet service,No internet service,No internet service,No internet service,No internet service,Month-to-month,No,Electronic check,93.15,2125.1,No
CUST-0007762,Male,0,No,No,9,Yes,No,No,No internet service,No internet service,No internet service,No internet service,No internet service,No internet service,Month-to-month,No,Mailed check,116.78,1061.29,No
CUST-0007763,Male,0,Yes,Yes,9,Yes,No,DSL,No,Yes,No,No,No,No,Month-to-month,Yes,Electronic check,118.75,1085.2,No
CUST-0007764,Female,0,No,No,17,Yes,No,DSL,No,No,No,No,Yes,No,Month-to-month,No,Electronic check,106.66,1851.36,No
CUST-0007765,Male,0,Yes,No,2,Yes,No,Fiber optic,No,No,Yes,No,Yes,Yes,Two year,Yes,Credit card (automatic),87.35,150.04,No
CUST-0007766,Male,0,No,Yes,36,Yes,No,No,No internet service,No internet service,No internet service,No internet service,No internet service,No internet service,Month-to-month,Yes,Electronic check,110.18,3936.81,Yes
CUST-0007767,Male,0,Yes,No,71,Yes,No,No,No internet service,No internet service,No internet service,No internet service,No internet service,No internet service,Month-to-month,Yes,Credit card (automatic),118.75,8393.28,No
CUST-0007768,Female,0,No,No,22,Yes,Yes,DSL,No,Yes,No,No,Yes,No,Month-to-month,No,Mailed check,91.86,1974.32,No
CUST-0007769,Female,1,No,No,8,Yes,No,Fiber optic,Yes,Yes,Yes,No,No,No,Month-to-month,Yes,Electronic check,105.95,858.32,No
CUST-0007770,Female,0,Yes,Yes,2,Yes,Yes,No,No internet service,No internet service,No internet service,No internet service,No internet service,No internet service,Month-to-month,No,Bank transfer (automatic),97.6,228.1,Yes
CUST-0007771,Male,0,No,Yes,8,Yes,No,DSL,No,No,Yes,Yes,No,No,Two year,Yes,Electronic check,97.46,802.02,No
CUST-0007772,Female,0,No,Yes,11,Yes,No,DSL,No,No,Yes,No,No,No,Two year,No,Electronic check,93.47,1077.39,Yes
CUST-0007773,Female,1,Yes,No,11,Yes,No,Fiber optic,No,No,No,No,No,Yes,Month-to-month,Yes,Bank transfer (automatic),118.75,1277.26,No
CUST-0007774,Male,0,Yes,No,37,Yes,Yes,Fiber optic,No,No,No,Yes,Yes,No,Month-to-month,No,Electronic check,83.07,3092.01,No
CUST-0007775,Female,0,No,Yes,0,Yes,No,Fiber optic,No,No,No,Yes,No,No,Month-to-month,Yes,Electronic check,99.75,,No
CUST-0007776,Female,1,No,No,12,Yes,Yes,Fiber optic,No,No,No,Yes,No,Yes,One year,Yes,Electronic check,118.75,1425.78,Yes
CUST-0007777,Female,0,Yes,Yes,37,Yes,No,Fiber optic,No,No,Yes,No,Yes,No,One year,Yes,Bank transfer (automatic),89.36,3254.34,No
CUST-0007778,Female,0,No,No,38,Yes,No,DSL,No,No,No,Yes,No,Yes,Month-to-month,Yes,Electronic check,74.32,2845.12,No
CUST-0007779,Male,1,No,Yes,28,Yes,No,DSL,No,No,Yes,No,Yes,No,Month-to-month,Yes,Bank transfer (automatic),71.97,,No
CUST-0007780,Male,1,Yes,No,18,Yes,No,Fiber optic,No,No,No,No,No,Yes,One year,No,Credit card (automatic),108.85,1978.99,No
CUST-0007781,Male,0,No,No,16,Yes,No,No,No internet service,No internet service,No internet service,No internet service,No internet service,No internet service,Month-to-month,No,Credit card (automatic),66.81,,No
CUST-0007782,Female,0,No,No,5,Yes,Yes,Fiber optic,Yes,No,Yes,No,No,Yes,Month-to-month,No,Electronic check,109.69,558.09,No
CUST-0007783,Female,0,No,Yes,5,No,No phone service,Fiber optic,No,Yes,Yes,No,No,Yes,Month-to-month,Yes,Electronic check,92.19,462.19,Yes
CUST-0007784,Male,0,Yes,No,9,Yes,No,Fiber optic,No,No,No,No,Yes,No,Month-to-month,No,Credit card (automatic),102.86,929.05,Yes
CUST-0007785,Male,0,No,No,30,Yes,Yes,DSL,No,No,No,Yes,No,Yes,Month-to-month,No,Electronic check,96.77,2917.52,No
CUST-0007786,Male,0,No,No,31,Yes,Yes,No,No internet service,No internet service,No internet service,No internet service,No internet service,No internet service,Month-to-month,No,Bank transfer (automatic),46.95,1441.45,Yes
CUST-0007787,Female,0,Yes,No,31,Yes,Yes,Fiber optic,No,No,No,No,No,No,One year,No,Mailed check,95.07,2984.43,No
CUST-0007788,Male,0,No,No,44,Yes,No,DSL,Yes,Yes,No,No,No,No,One year,Yes,Mailed check,85.37,3748.2,No
CUST-0007789,Male,0,Yes,Yes,49,Yes,Yes,Fiber optic,No,No,No,No,Yes,Yes,Month-to-month,No,Bank transfer (automatic),91.95,4516.28,No
CUST-0007790,Male,0,No,No,47,Yes,No,DSL,No,No,Yes,No,No,No,Month-to-month,No,Credit card (automatic),94.52,4419.06,Yes
CUST-0007791,Male,0,Yes,No,72,Yes,No,Fiber optic,Yes,No,No,Yes,No,No,Month-to-month,No,Electronic check,83.79,6055.13,No
CUST-0007792,Female,0,No,Yes,25,Yes,No,Fiber optic,Yes,Yes,No,Yes,No,Yes,Month-to-month,Yes,Mailed check,118.75,2935.6,Yes
CUST-0007793,Male,0,Yes,Yes,0,Yes,No,No,No internet service,No internet service,No internet service,No internet service,No internet service,No internet service,One year,Yes,Electronic check,69.47,,Yes
CUST-0007794,Male,0,Yes,No,10,Yes,Yes,DSL,No,Yes,Yes,No,No,Yes,Month-to-month,Yes,Credit card (automatic),118.75,1184.03,No
CUST-0007795,Male,0,No,No,9,Yes,No,No,No internet service,No internet service,No internet service,No internet service,No internet service,No internet service,Month-to-month,No,Bank transfer (automatic),70.65,604.81,No
CUST-0007796,Female,0,No,No,1,Yes,No,Fiber optic,Yes,Yes,No,No,No,No,Month-to-month,Yes,Mailed check,91.39,91.44,No
CUST-0007797,Female,0,No,No,48,Yes,Yes,Fiber optic,Yes,Yes,No,No,No,No,One year,Yes,Mailed check,90.43,4363.59,No
CUST-0007798,Female,0,No,No,34,Yes,Yes,DSL,No,No,No,No,No,No,Month-to-month,No,Electronic check,107.31,3622.38,No
CUST-0007799,Female,1,No,No,72,Yes,Yes,DSL,No,No,No,No,No,Yes,Month-to-month,No,Bank transfer (automatic),118.75,8575.95,No
CUST-0007800,Female,0,Yes,No,36,Yes,No,Fiber optic,No,No,Yes,No,No,No,Two year,No,Credit card (automatic),77.14,2779.36,No
CUST-0007801,Female,0,No,No,72,Yes,Yes,No,No internet service,No internet service,No internet service,No internet service,No internet service,No internet service,Two year,Yes,Bank transfer (automatic),84.84,6132.22,No
CUST-0007802,Male,0,No,No,33,Yes,No,No,No internet service,No internet service,No internet service,No internet service,No internet service,No internet service,Two year,Yes,Electronic check,86.86,2858.36,No
CUST-0007803,Female,0,No,Yes,46,Yes,No,DSL,No,No,No,Yes,Yes,No,One year,Yes,Electronic check,81.39,3734.6,Yes
CUST-0007804,Male,1,Yes,Yes,64,Yes,Yes,Fiber optic,No,Yes,No,No,Yes,No,Month-to-month,Yes,Electronic check,77.81,4949.3,No
CUST-0007805,Male,0,No,Yes,13,Yes,Yes,DSL,No,Yes,No,No,Yes,No,Month-to-month,No,Bank transfer (automatic),72.21,,Yes
CUST-0007806,Female,0,No,No,12,Yes,Yes,Fiber optic,No,Yes,Yes,No,Yes,Yes,One year,Yes,Credit card (automatic),110.95,1332.69,No
CUST-0007807,Male,0,No,No,30,Yes,Yes,No,No internet service,No internet service,No internet service,No internet service,No internet service,No internet service,Month-to-month,Yes,Electronic check,112.66,3368.92,No
CUST-0007808,Female,0,No,No,29,Yes,Yes,DSL,No,No,No,Yes,No,No,Month-to-month,Yes,Credit card (automatic),96.61,2838.26,Yes
CUST-0007809,Female,0,No,Yes,17,Yes,Yes,Fiber optic,Yes,No,Yes,No,Yes,Yes,Month-to-month,Yes,Credit card (automatic),92.36,1555.48,No
CUST-0007810,Female,0,No,No,0,Yes,Yes,DSL,No,No,Yes,No,Yes,Yes,One year,No,Bank transfer (automatic),92.08,,No
CUST-0007811,Male,1,No,No,52,Yes,No,No,No internet service,No internet service,No internet service,No internet service,No internet service,No internet service,Two year,Yes,Credit card (automatic),93.21,4844.85,No
CUST-0007812,Male,0,No,No,70,Yes,No,Fiber optic,No,No,No,No,No,No,One year,Yes,Bank transfer (automatic),68.92,4849.97,No
CUST-0007813,Male,0,Yes,No,20,Yes,Yes,DSL,No,No,No,No,Yes,No,Month-to-month,No,Mailed check,97.65,1993.93,No
CUST-0007814,Female,1,No,No,7,No,No phone service,Fiber optic,No,No,No,Yes,Yes,Yes,Month-to-month,Yes,Electronic check,62.67,405.3,No
CUST-0007815,Female,0,No,Yes,42,Yes,Yes,No,No internet service,No internet service,No internet service,No internet service,No internet service,No internet service,Month-to-month,No,Bank transfer (automatic),118.75,4999.02,No
CUST-0007816,Female,0,No,No,9,Yes,Yes,DSL,No,No,No,No,No,No,Month-to-month,Yes,Electronic check,76.37,633.92,No
CUST-0007817,Female,0,Yes,No,28,Yes,No,Fiber optic,No,Yes,Yes,Yes,No,Yes,Month-to-month,Yes,Mailed check,70.26,1916.45,No
CUST-0007818,Female,0,Yes,No,4,Yes,Yes,Fiber optic,Yes,No,No,No,No,No,Month-to-month,Yes,Mailed check,112.94,448.62,No
CUST-0007819,Female,0,No,No,52,Yes,No,DSL,No,No,No,No,No,Yes,One year,No,Electronic check,112.05,5815.55,No
CUST-0007820,Male,0,Yes,Yes,51,Yes,No,Fiber optic,No,No,No,No,No,No,Two year,Yes,Electronic check,81.43,4137.31,No
CUST-0007821,Female,0,No,No,1,Yes,No,Fiber optic,Yes,Yes,No,No,Yes,No,One year,No,Electronic check,117.91,31.75,No
CUST-0007822,Female,0,No,No,36,Yes,Yes,DSL,No,Yes,No,No,Yes,Yes,Month-to-month,No,Electronic check,110.12,3984.18,No
CUST-0007823,Male,1,Yes,No,21,Yes,No,No,No internet service,No internet service,No internet service,No internet service,No internet service,No internet service,Two year,No,Electronic check,118.75,2419.95,No
CUST-0007824,Female,0,Yes,Yes,16,Yes,Yes,No,No internet service,No internet service,No internet service,No internet service,No internet service,No internet service,One year,Yes,Electronic check,93.18,1410.67,No
CUST-0007825,Male,0,Yes,Yes,3,Yes,Yes,No,No internet service,No internet service,No internet service,No internet service,No internet service,No internet service,Month-to-month,Yes,Credit card (automatic),99.58,253.97,Yes
CUST-0007826,Male,0,No,Yes,4,Yes,Yes,Fiber optic,No,Yes,No,No,No,Yes,Month-to-month,Yes,Credit card (automatic),92.69,392.84,Yes
CUST-0007827,Female,1,No,Yes,72,Yes,No,Fiber optic,Yes,Yes,Yes,No,Yes,Yes,Month-to-month,Yes,Electronic check,106.66,7698.89,No
CUST-0007828,Female,0,No,No,31,Yes,Yes,Fiber optic,No,No,No,Yes,Yes,No,Month-to-month,Yes,Bank transfer (automatic),68.85,2129.43,No
CUST-0007829,Female,0,Yes,Yes,11,Yes,No,DSL,No,No,No,Yes,Yes,No,Month-to-month,Yes,Credit card (automatic),118.75,1279.55,No
CUST-0007830,Female,0,Yes,No,43,Yes,Yes,Fiber optic,Yes,No,Yes,No,Yes,Yes,One year,No,Electronic check,104.95,4566.16,Yes
CUST-0007831,Male,0,No,No,6,No,No phone service,Fiber optic,No,No,No,No,No,Yes,Month-to-month,No,Credit card (automatic),104.44,598.0,No
CUST-0007832,Female,0,No,No,1,Yes,No,Fiber optic,No,No,No,Yes,Yes,No,Month-to-month,No,Mailed check,62.44,52.85,Yes
CUST-0007833,Female,0,No,No,21,Yes,Yes,Fiber optic,Yes,No,No,No,Yes,No,Month-to-month,Yes,Mailed check,95.24,,Yes
CUST-0007834,Male,0,No,Yes,72,Yes,No,Fiber optic,No,Yes,No,No,No,Yes,Month-to-month,No,Mailed check,101.41,7310.04,No
CUST-0007835,Male,1,Yes,No,17,Yes,No,No,No internet service,No internet service,No internet service,No internet service,No internet service,No internet service,Month-to-month,No,Bank transfer (automatic),73.57,1254.36,Yes
CUST-0007836,Male,0,No,No,3,Yes,Yes,No,No internet service,No internet service,No internet service,No internet service,No internet service,No internet service,Month-to-month,Yes,Electronic check,118.09,338.41,No
CUST-0007837,Male,0,No,No,26,Yes,Yes,No,No internet service,No internet service,No internet service,No internet service,No internet service,No internet service,Month-to-month,Yes,Electronic check,66.13,1710.79,Yes
CUST-0007838,Female,0,Yes,No,30,Yes,No,No,No internet service,No internet service,No internet service,No internet service,No internet service,No internet service,Two year,No,Electronic check,63.68,1949.7,No
CUST-0007839,Male,0,No,Yes,40,Yes,Yes,DSL,No,No,Yes,No,Yes,No,Month-to-month,Yes,Credit card (automatic),57.68,2299.79,No
CUST-0007840,Female,0,No,No,30,Yes,No,Fiber optic,No,No,No,No,Yes,No,Two year,Yes,Credit card (automatic),89.99,2710.61,No
CUST-0007841,Female,0,No,No,17,Yes,Yes,No,No internet service,No internet service,No internet service,No internet service,No internet service,No internet service,Month-to-month,No,Credit card (automatic),75.68,1310.81,Yes
CUST-0007842,Male,0,Yes,Yes,20,Yes,Yes,Fiber optic,No,No,No,No,Yes,No,Month-to-month,Yes,Mailed check,82.07,1643.31,No
CUST-0007843,Female,0,Yes,Yes,16,Yes,No,No,No internet service,No internet service,No internet service,No internet service,No internet service,No internet service,Month-to-month,No,Mailed check,104.82,1674.77,No
CUST-0007844,Male,0,No,No,0,Yes,No,DSL,No,Yes,Yes,Yes,Yes,Yes,Month-to-month,Yes,Bank transfer (automatic),93.2,,No
CUST-0007845,Female,0,Yes,No,64,No,No phone service,DSL,No,No,No,Yes,Yes,Yes,Month-to-month,Yes,Electronic check,118.75,7589.1,No
CUST-0007846,Female,0,No,No,7,Yes,Yes,Fiber optic,No,No,No,No,Yes,No,Two year,Yes,Bank transfer (automatic),108.1,772.51,No
CUST-0007847,Female,0,No,No,8,Yes,No,Fiber optic,Yes,No,Yes,No,Yes,No,Month-to-month,Yes,Mailed check,81.12,664.69,No
CUST-0007848,Female,0,Yes,No,38,Yes,No,No,No internet service,No internet service,No internet service,No internet service,No internet service,No internet service,Month-to-month,Yes,Bank transfer (automatic),76.28,2873.02,No
CUST-0007849,Female,1,No,No,51,Yes,Yes,Fiber optic,No,No,No,No,No,Yes,Month-to-month,Yes,Bank transfer (automatic),96.56,4949.37,No
CUST-0007850,Male,0,No,No,32,Yes,No,No,No internet service,No internet service,No internet service,No internet service,No internet service,No internet service,One year,No,Credit card (automatic),65.68,2067.44,Yes
CUST-0007851,Female,0,No,Yes,3,Yes,Yes,Fiber optic,No,Yes,No,No,Yes,No,One year,No,Electronic check,42.61,122.21,No
CUST-0007852,Male,0,No,No,72,Yes,Yes,Fiber optic,No,No,No,No,Yes,Yes,Two year,No,Electronic check,118.75,8567.75,No
CUST-0007853,Male,0,No,Yes,3,No,No phone service,Fiber optic,Yes,Yes,Yes,Yes,No,No,Month-to-month,No,Bank transfer (automatic),54.77,153.81,No
CUST-0007854,Female,0,Yes,Yes,19,Yes,No,Fiber optic,No,No,No,Yes,Yes,No,Month-to-month,Yes,Electronic check,82.44,1561.21,Yes
CUST-0007855,Female,1,No,Yes,19,Yes,Yes,No,No internet service,No internet service,No internet service,No internet service,No internet service,No internet service,Month-to-month,No,Credit card (automatic),97.07,1841.57,Yes
CUST-0007856,Female,0,No,No,47,Yes,No,Fiber optic,No,Yes,No,Yes,Yes,Yes,Two year,No,Bank transfer (automatic),90.57,4262.76,No
CUST-0007857,Female,0,Yes,No,58,Yes,Yes,DSL,No,No,No,Yes,Yes,No,Two year,Yes,Credit card (automatic),69.96,4055.12,No
CUST-0007858,Male,1,No,No,17,Yes,No,DSL,Yes,No,Yes,No,No,Yes,Two year,Yes,Electronic check,61.9,1046.56,No
CUST-0007859,Female,0,No,No,6,Yes,No,No,No internet service,No internet service,No internet service,No internet service,No internet service,No internet service,Month-to-month,Yes,Electronic check,75.82,461.72,No
CUST-0007860,Male,1,Yes,Yes,24,Yes,Yes,DSL,No,Yes,No,Yes,Yes,No,Month-to-month,Yes,Electronic check,54.7,1323.71,No
CUST-0007861,Male,0,Yes,Yes,37,Yes,Yes,DSL,No,No,Yes,No,Yes,Yes,Month-to-month,Yes,Mailed check,91.05,3327.83,No
CUST-0007862,Male,1,No,Yes,5,Yes,Yes,Fiber optic,Yes,Yes,Yes,Yes,No,No,Month-to-month,No,Credit card (automatic),93.82,477.61,No
CUST-0007863,Female,0,Yes,Yes,2,Yes,No,Fiber optic,No,No,Yes,No,Yes,Yes,Month-to-month,Yes,Credit card (automatic),118.75,230.4,No
CUST-0007864,Male,0,No,No,8,Yes,No,Fiber optic,No,No,No,Yes,No,No,Month-to-month,Yes,Bank transfer (automatic),104.17,824.3,Yes
CUST-0007865,Female,0,No,No,9,Yes,No,Fiber optic,No,Yes,No,No,No,Yes,Month-to-month,No,Mailed check,112.76,998.37,Yes
CUST-0007866,Female,0,Yes,No,9,Yes,No,Fiber optic,No,No,No,No,No,No,Month-to-month,Yes,Mailed check,68.94,,No
CUST-0007867,Female,0,Yes,No,64,Yes,Yes,Fiber optic,No,No,No,Yes,No,Yes,Month-to-month,No,Mailed check,106.72,6805.9,Yes
CUST-0007868,Female,0,No,No,48,Yes,No,Fiber optic,Yes,No,No,No,Yes,No,Month-to-month,Yes,Electronic check,88.7,4273.26,No
CUST-0007869,Female,1,Yes,Yes,10,Yes,Yes,Fiber optic,No,No,Yes,No,No,No,Month-to-month,Yes,Bank transfer (automatic),89.4,853.76,No
CUST-0007870,Male,0,No,Yes,45,Yes,No,DSL,No,No,Yes,No,No,No,Month-to-month,Yes,Electronic check,74.61,3318.47,No
CUST-0007871,Male,0,Yes,No,72,Yes,No,No,No internet service,No internet service,No internet service,No internet service,No internet service,No internet service,Month-to-month,No,Electronic check,91.92,6645.27,No
CUST-0007872,Female,0,Yes,No,3,Yes,Yes,No,No internet service,No internet service,No internet service,No internet service,No internet service,No internet service,Month-to-month,No,Electronic check,59.4,119.36,No
CUST-0007873,Female,0,No,No,4,Yes,Yes,No,No internet service,No internet service,No internet service,No internet service,No internet service,No internet service,Month-to-month,Yes,Bank transfer (automatic),118.75,443.88,Yes
CUST-0007874,Male,0,No,No,5,Yes,No,No,No internet service,No internet service,No internet service,No internet service,No internet service,No internet service,Month-to-month,No,Credit card (automatic),67.1,379.44,No
CUST-0007875,Female,1,No,No,23,Yes,Yes,DSL,Yes,Yes,No,No,Yes,No,Month-to-month,Yes,Mailed check,90.37,2153.48,No
CUST-0007876,Female,0,No,No,11,Yes,Yes,Fiber optic,No,No,No,No,Yes,No,Month-to-month,No,Mailed check,93.2,1015.61,No
CUST-0007877,Female,0,No,No,23,Yes,Yes,Fiber optic,Yes,No,No,Yes,Yes,No,Two year,Yes,Bank transfer (automatic),65.33,1492.03,No
CUST-0007878,Male,1,No,No,27,Yes,No,Fiber optic,No,No,No,No,No,No,Two year,Yes,Credit card (automatic),118.75,3185.51,Yes
CUST-0007879,Female,1,Yes,No,13,Yes,Yes,Fiber optic,Yes,No,No,Yes,No,No,Month-to-month,No,Credit card (automatic),88.8,1168.9,No
CUST-0007880,Male,1,No,Yes,30,Yes,No,DSL,Yes,No,No,No,Yes,No,Two year,Yes,Credit card (automatic),87.93,2650.12,No
CUST-0007881,Male,0,No,Yes,14,Yes,No,No,No internet service,No internet service,No internet service,No internet service,No internet service,No internet service,Month-to-month,No,Credit card (automatic),99.69,1340.34,No
CUST-0007882,Female,0,No,Yes,9,Yes,No,Fiber optic,No,No,No,No,No,Yes,Month-to-month,Yes,Mailed check,96.16,857.17,No
CUST-0007883,Female,1,Yes,No,52,Yes,No,DSL,No,No,No,No,No,Yes,One year,Yes,Bank transfer (automatic),118.75,6186.93,Yes
CUST-0007884,Female,1,Yes,No,5,Yes,No,No,No internet service,No internet service,No internet service,No internet service,No internet service,No internet service,One year,Yes,Credit card (automatic),91.28,463.93,Yes
CUST-0007885,Female,0,Yes,No,43,Yes,Yes,Fiber optic,No,No,No,No,No,No,One year,Yes,Electronic check,117.84,,No
CUST-0007886,Male,1,Yes,No,72,Yes,Yes,Fiber optic,Yes,No,Yes,No,Yes,Yes,Two year,No,Mailed check,118.75,8559.17,No
CUST-0007887,Female,1,No,No,11,No,No phone service,No,No internet service,No internet service,No internet service,No internet service,No internet service,No internet service,Two year,No,Electronic check,103.1,1090.22,No
CUST-0007888,Female,0,Yes,Yes,65,Yes,No,DSL,No,No,No,No,No,No,Two year,Yes,Electronic check,85.95,,No
CUST-0007889,Male,1,No,No,45,Yes,No,DSL,Yes,Yes,No,No,No,No,Month-to-month,Yes,Electronic check,88.15,3953.17,No
CUST-0007890,Female,0,Yes,No,2,Yes,Yes,DSL,No,No,Yes,No,No,No,Month-to-month,Yes,Credit card (automatic),80.4,142.38,No
CUST-0007891,Male,0,Yes,No,68,Yes,Yes,Fiber optic,No,Yes,No,Yes,Yes,No,Month-to-month,No,Electronic check,101.69,6969.1,No
CUST-0007892,Female,0,No,Yes,13,Yes,No,Fiber optic,No,Yes,No,Yes,Yes,No,Month-to-month,Yes,Electronic check,93.56,1206.41,Yes
CUST-0007893,Male,0,Yes,Yes,3,Yes,No,Fiber optic,Yes,No,Yes,Yes,No,Yes,Month-to-month,No,Electronic check,104.25,286.76,No
CUST-0007894,Male,0,Yes,Yes,9,Yes,Yes,Fiber optic,No,No,No,No,Yes,No,Two year,No,Electronic check,118.75,1115.41,No
CUST-0007895,Female,1,Yes,Yes,72,Yes,No,DSL,No,No,No,No,No,No,Month-to-month,Yes,Credit card (automatic),95.94,6862.43,No
CUST-0007896,Male,0,No,No,22,Yes,No,Fiber optic,No,No,No,Yes,Yes,Yes,Month-to-month,Yes,Bank transfer (automatic),100.48,2210.41,No
CUST-0007897,Male,0,No,No,61,Yes,Yes,Fiber optic,No,No,Yes,No,No,Yes,Month-to-month,No,Electronic check,100.97,6160.46,No
CUST-0007898,Male,0,No,No,51,Yes,Yes,DSL,No,Yes,Yes,No,Yes,No,Two year,No,Mailed check,61.5,3126.6,Yes
CUST-0007899,Female,0,Yes,No,10,Yes,No,No,No internet service,No internet service,No internet service,No internet service,No internet service,No internet service,One year,No,Electronic check,68.2,661.88,No
CUST-0007900,Female,0,Yes,No,18,Yes,No,Fiber optic,No,No,Yes,No,Yes,Yes,Two year,Yes,Bank transfer (automatic),81.68,1438.92,Yes
CUST-0007901,Female,0,No,Yes,26,Yes,No,No,No internet service,No internet service,No internet service,No internet service,No internet service,No internet service,Month-to-month,Yes,Credit card (automatic),66.7,1751.3,No
CUST-0007902,Female,0,No,No,28,Yes,No,Fiber optic,No,Yes,No,No,Yes,Yes,Month-to-month,Yes,Electronic check,97.43,2734.74,No
CUST-0007903,Female,0,No,No,3,Yes,Yes,Fiber optic,No,No,Yes,No,No,Yes,Month-to-month,Yes,Electronic check,93.57,341.36,No
CUST-0007904,Male,0,Yes,No,20,Yes,Yes,Fiber optic,No,No,No,No,No,Yes,Month-to-month,Yes,Electronic check,114.57,2284.94,No
CUST-0007905,Female,0,Yes,No,25,Yes,No,Fiber optic,No,Yes,Yes,No,Yes,No,Month-to-month,No,Electronic check,92.86,2306.3,Yes
CUST-0007906,Female,1,Yes,No,44,Yes,Yes,Fiber optic,No,No,Yes,No,No,No,Month-to-month,Yes,Electronic check,104.45,4568.27,Yes
CUST-0007907,Male,1,Yes,No,72,Yes,No,DSL,No,No,No,No,No,Yes,Month-to-month,No,Bank transfer (automatic),60.38,4382.79,No
CUST-0007908,Female,0,No,No,28,Yes,Yes,DSL,No,No,Yes,No,No,No,Month-to-month,No,Credit card (automatic),116.69,3240.62,No
CUST-0007909,Male,0,No,No,70,Yes,No,DSL,No,No,Yes,No,Yes,No,One year,Yes,Electronic check,48.51,3391.78,No
CUST-0007910,Male,1,Yes,No,30,Yes,Yes,DSL,No,No,Yes,No,No,Yes,Month-to-month,Yes,Mailed check,54.98,1636.1,No
CUST-0007911,Male,0,Yes,No,7,Yes,No,Fiber optic,No,No,No,No,Yes,Yes,Month-to-month,Yes,Electronic check,82.34,563.99,No
CUST-0007912,Male,0,No,Yes,6,Yes,No,DSL,Yes,Yes,No,No,Yes,No,Month-to-month,Yes,Electronic check,80.34,474.71,Yes
CUST-0007913,Male,1,Yes,No,2,Yes,Yes,No,No internet service,No internet service,No internet service,No internet service,No internet service,No internet service,Month-to-month,Yes,Electronic check,102.28,232.9,No
CUST-0007914,Female,0,No,Yes,24,Yes,Yes,DSL,No,No,No,No,No,No,Month-to-month,Yes,Credit card (automatic),84.09,,No
CUST-0007915,Female,0,No,No,7,Yes,No,Fiber optic,Yes,No,No,No,No,No,Month-to-month,Yes,Bank transfer (automatic),99.82,711.51,Yes
CUST-0007916,Female,0,No,No,10,Yes,Yes,Fiber optic,Yes,Yes,No,Yes,Yes,No,Month-to-month,Yes,Mailed check,118.75,1162.24,Yes
CUST-0007917,Male,0,No,No,25,Yes,Yes,Fiber optic,No,No,No,Yes,Yes,No,Month-to-month,No,Credit card (automatic),47.47,1169.75,No
CUST-0007918,Female,0,Yes,No,8,Yes,No,Fiber optic,No,No,No,Yes,No,Yes,Two year,Yes,Bank transfer (automatic),72.63,600.14,No
CUST-0007919,Male,0,No,No,2,Yes,Yes,DSL,Yes,Yes,Yes,No,No,Yes,One year,Yes,Mailed check,73.62,155.97,No
CUST-0007920,Male,0,Yes,No,0,Yes,No,No,No internet service,No internet service,No internet service,No internet service,No internet service,No internet service,Two year,No,Electronic check,71.16,,No
CUST-0007921,Male,1,Yes,No,33,Yes,No,DSL,Yes,No,Yes,No,No,Yes,Month-to-month,Yes,Mailed check,71.2,2343.83,No
CUST-0007922,Female,0,No,Yes,6,Yes,Yes,Fiber optic,Yes,Yes,No,No,No,No,Month-to-month,No,Electronic check,110.45,677.95,No
CUST-0007923,Female,1,Yes,No,39,Yes,No,DSL,Yes,No,Yes,No,No,Yes,Month-to-month,Yes,Electronic check,73.49,2870.56,Yes
CUST-0007924,Male,0,No,No,10,Yes,Yes,Fiber optic,No,Yes,Yes,No,No,No,One year,No,Credit card (automatic),83.81,823.43,Yes
CUST-0007925,Female,1,No,Yes,57,Yes,No,Fiber optic,Yes,No,Yes,No,No,No,Month-to-month,Yes,Electronic check,96.28,5508.31,No
CUST-0007926,Female,0,Yes,No,51,Yes,No,Fiber optic,No,No,Yes,No,No,No,Month-to-month,Yes,Bank transfer (automatic),67.96,3454.03,Yes
CUST-0007927,Female,0,Yes,No,31,Yes,Yes,Fiber optic,Yes,Yes,No,No,No,No,One year,Yes,Mailed check,118.75,3689.12,No
CUST-0007928,Male,0,No,Yes,5,Yes,No,DSL,No,No,Yes,No,No,No,Month-to-month,No,Bank transfer (automatic),86.68,407.29,Yes
CUST-0007929,Female,0,No,No,1,Yes,No,Fiber optic,No,No,No,No,Yes,No,Two year,Yes,Mailed check,89.45,88.81,Yes
CUST-0007930,Male,0,No,Yes,2,Yes,Yes,DSL,No,Yes,Yes,No,Yes,Yes,Two year,Yes,Electronic check,81.34,179.92,Yes
CUST-0007931,Female,0,Yes,No,16,Yes,Yes,DSL,Yes,Yes,No,Yes,Yes,No,Month-to-month,Yes,Bank transfer (automatic),89.41,1463.07,Yes
CUST-0007932,Female,0,Yes,No,28,Yes,Yes,Fiber optic,Yes,No,No,Yes,No,No,Month-to-month,No,Bank transfer (automatic),87.32,,Yes
CUST-0007933,Female,0,No,No,56,Yes,Yes,Fiber optic,Yes,No,No,No,No,No,Month-to-month,No,Credit card (automatic),86.61,4817.47,Yes
CUST-0007934,Female,0,Yes,No,21,No,No phone service,Fiber optic,No,No,No,No,Yes,No,Two year,No,Electronic check,104.6,2184.13,No
CUST-0007935,Male,0,No,No,39,Yes,No,Fiber optic,No,Yes,No,Yes,Yes,Yes,One year,Yes,Bank transfer (automatic),118.75,4623.56,Yes
CUST-0007936,Male,0,No,No,25,Yes,No,Fiber optic,No,Yes,No,Yes,Yes,Yes,Month-to-month,Yes,Electronic check,100.13,2539.15,No
CUST-0007937,Male,0,Yes,Yes,18,Yes,Yes,Fiber optic,No,No,Yes,Yes,Yes,No,Month-to-month,No,Mailed check,91.59,1657.4,No
CUST-0007938,Male,0,Yes,Yes,15,Yes,No,DSL,No,No,No,No,No,No,Month-to-month,No,Bank transfer (automatic),86.93,1335.79,Yes
CUST-0007939,Female,0,No,No,3,Yes,No,DSL,Yes,Yes,Yes,No,No,No,Month-to-month,Yes,Mailed check,104.53,245.46,No
CUST-0007940,Female,0,No,No,26,No,No phone service,Fiber optic,No,Yes,No,No,No,Yes,Two year,No,Mailed check,79.41,2078.74,Yes
CUST-0007941,Male,0,No,Yes,34,Yes,Yes,Fiber optic,No,Yes,No,No,Yes,No,Month-to-month,No,Electronic check,117.88,4003.45,No
CUST-0007942,Male,0,No,Yes,17,Yes,No,DSL,No,No,No,No,Yes,No,Month-to-month,No,Credit card (automatic),112.4,1940.81,Yes
CUST-0007943,Female,0,Yes,No,51,Yes,Yes,Fiber optic,No,No,No,No,Yes,No,One year,Yes,Electronic check,103.67,5278.34,No
CUST-0007944,Female,0,Yes,No,12,Yes,No,DSL,No,Yes,Yes,Yes,No,Yes,Month-to-month,No,Bank transfer (automatic),118.75,1441.56,No
CUST-0007945,Female,0,No,Yes,44,Yes,Yes,Fiber optic,No,Yes,No,No,Yes,No,Month-to-month,Yes,Electronic check,78.75,3482.59,No
CUST-0007946,Female,1,No,No,8,Yes,Yes,DSL,No,No,No,No,No,Yes,Month-to-month,Yes,Electronic check,70.07,600.12,No
CUST-0007947,Male,0,No,Yes,0,Yes,No,Fiber optic,Yes,No,No,Yes,No,No,One year,Yes,Electronic check,101.89,,Yes
CUST-0007948,Male,0,Yes,No,42,Yes,No,Fiber optic,No,Yes,Yes,No,No,No,Two year,Yes,Electronic check,99.31,4196.66,No
CUST-0007949,Male,0,No,No,24,No,No phone service,DSL,No,Yes,Yes,No,Yes,No,One year,No,Bank transfer (automatic),117.54,2786.44,No
CUST-0007950,Female,0,No,Yes,18,Yes,No,DSL,No,No,No,No,No,No,Month-to-month,Yes,Electronic check,110.19,1973.86,No
CUST-0007951,Male,0,No,No,11,Yes,No,DSL,No,No,No,No,Yes,Yes,Month-to-month,Yes,Bank transfer (automatic),110.94,1219.36,Yes
CUST-0007952,Male,1,Yes,No,6,Yes,No,DSL,No,No,Yes,No,No,Yes,Month-to-month,Yes,Credit card (automatic),79.49,470.07,No
CUST-0007953,Male,0,Yes,Yes,39,No,No phone service,Fiber optic,Yes,No,No,No,Yes,No,Month-to-month,No,Bank transfer (automatic),68.46,2625.54,No
CUST-0007954,Male,0,Yes,No,5,Yes,No,Fiber optic,No,No,Yes,No,No,Yes,Month-to-month,No,Electronic check,85.91,431.0,Yes
CUST-0007955,Male,0,No,No,5,Yes,Yes,Fiber optic,No,Yes,No,Yes,No,Yes,Month-to-month,No,Electronic check,91.56,467.72,No
CUST-0007956,Female,0,Yes,No,17,Yes,Yes,DSL,No,No,Yes,No,No,Yes,Month-to-month,Yes,Electronic check,90.33,1520.77,No
CUST-0007957,Female,0,No,Yes,55,No,No phone service,DSL,No,No,No,No,Yes,No,Month-to-month,No,Electronic check,106.34,5808.83,No
CUST-0007958,Male,0,No,Yes,61,Yes,No,DSL,No,Yes,No,No,No,Yes,Month-to-month,Yes,Electronic check,96.62,5868.43,No
CUST-0007959,Male,0,No,No,12,Yes,No,Fiber optic,Yes,No,No,No,No,Yes,Two year,Yes,Mailed check,66.64,787.71,No
CUST-0007960,Male,0,Yes,No,26,Yes,Yes,Fiber optic,No,No,No,No,No,Yes,Month-to-month,No,Credit card (automatic),75.07,,No
CUST-0007961,Male,0,No,No,8,Yes,No,Fiber optic,No,Yes,Yes,No,No,No,Month-to-month,Yes,Electronic check,79.26,650.6,No
CUST-0007962,Female,0,No,Yes,4,Yes,No,Fiber optic,Yes,No,Yes,No,No,No,Two year,No,Credit card (automatic),84.13,290.26,No
CUST-0007963,Female,1,Yes,Yes,0,Yes,Yes,DSL,Yes,No,Yes,No,Yes,No,Month-to-month,Yes,Credit card (automatic),104.91,,No
CUST-0007964,Female,0,Yes,No,12,Yes,No,No,No internet service,No internet service,No internet service,No internet service,No internet service,No internet service,Month-to-month,Yes,Electronic check,113.87,1329.4,No
CUST-0007965,Female,0,No,No,7,Yes,Yes,DSL,No,No,No,No,No,No,Month-to-month,Yes,Electronic check,84.32,608.8,No
CUST-0007966,Male,1,Yes,Yes,7,Yes,Yes,DSL,Yes,No,No,Yes,Yes,Yes,One year,Yes,Mailed check,93.77,664.43,Yes
CUST-0007967,Male,0,Yes,Yes,2,Yes,No,Fiber optic,No,No,Yes,No,No,Yes,Month-to-month,Yes,Credit card (automatic),118.75,283.91,No
CUST-0007968,Female,0,No,No,0,Yes,No,Fiber optic,Yes,Yes,No,No,No,No,Two year,Yes,Mailed check,74.98,,No
CUST-0007969,Female,1,Yes,No,36,Yes,No,Fiber optic,No,No,No,Yes,No,No,Two year,Yes,Electronic check,114.69,4137.93,Yes
CUST-0007970,Male,0,No,Yes,13,Yes,No,Fiber optic,No,Yes,No,No,No,No,Two year,Yes,Electronic check,58.14,736.89,No
CUST-0007971,Male,1,No,No,0,No,No phone service,DSL,No,Yes,No,No,Yes,Yes,Month-to-month,No,Electronic check,50.27,,No
CUST-0007972,Female,0,Yes,No,17,Yes,Yes,DSL,No,No,No,No,No,No,One year,No,Electronic check,108.07,1849.92,No
CUST-0007973,Female,1,Yes,No,20,Yes,No,DSL,No,No,No,No,No,No,Month-to-month,Yes,Credit card (automatic),72.32,1430.56,No
CUST-0007974,Female,0,Yes,Yes,4,Yes,No,Fiber optic,No,No,Yes,No,No,No,One year,Yes,Electronic check,101.06,405.89,No
CUST-0007975,Female,0,Yes,Yes,10,Yes,Yes,DSL,No,No,Yes,Yes,Yes,Yes,Month-to-month,Yes,Credit card (automatic),116.52,1178.41,Yes
CUST-0007976,Female,0,Yes,No,4,Yes,No,Fiber optic,No,Yes,No,Yes,No,No,One year,No,Bank transfer (automatic),48.83,214.78,No
CUST-0007977,Female,0,Yes,Yes,57,Yes,No,Fiber optic,No,No,Yes,No,Yes,No,Month-to-month,No,Mailed check,56.86,,No
CUST-0007978,Female,0,No,No,44,Yes,Yes,DSL,No,No,Yes,Yes,No,Yes,Month-to-month,Yes,Electronic check,79.88,3493.5,No
CUST-0007979,Female,0,Yes,No,4,Yes,No,Fiber optic,No,No,No,No,Yes,No,One year,Yes,Credit card (automatic),94.4,383.63,Yes
CUST-0007980,Female,0,No,No,4,Yes,Yes,Fiber optic,Yes,No,Yes,No,Yes,No,Month-to-month,No,Bank transfer (automatic),84.19,360.72,Yes
CUST-0007981,Male,0,No,No,26,Yes,No,No,No internet service,No internet service,No internet service,No internet service,No internet service,No internet service,Two year,Yes,Bank transfer (automatic),88.61,2297.01,Yes
CUST-0007982,Female,0,No,No,28,Yes,Yes,DSL,Yes,Yes,No,No,No,Yes,Month-to-month,Yes,Mailed check,108.56,3015.03,No
CUST-0007983,Female,0,Yes,No,38,Yes,No,No,No internet service,No internet service,No internet service,No internet service,No internet service,No internet service,Month-to-month,No,Electronic check,101.04,3870.97,No
CUST-0007984,Female,0,Yes,No,18,Yes,No,DSL,Yes,Yes,No,Yes,Yes,No,Month-to-month,No,Electronic check,104.71,1901.74,Yes
CUST-0007985,Female,0,No,No,5,Yes,No,Fiber optic,No,No,No,Yes,Yes,No,Month-to-month,Yes,Mailed check,86.42,402.47,No
CUST-0007986,Female,0,No,No,12,Yes,No,Fiber optic,No,Yes,No,No,No,Yes,Two year,Yes,Mailed check,67.86,833.65,No
CUST-0007987,Male,0,No,Yes,56,Yes,Yes,DSL,No,Yes,No,No,Yes,No,Two year,No,Mailed check,49.38,2766.16,No
CUST-0007988,Female,0,Yes,Yes,15,Yes,No,Fiber optic,No,No,No,Yes,Yes,Yes,Month-to-month,No,Credit card (automatic),85.65,1265.05,Yes
CUST-0007989,Male,0,No,No,38,Yes,No,DSL,No,No,No,No,Yes,No,Month-to-month,No,Electronic check,118.75,4484.79,Yes
CUST-0007990,Female,0,Yes,No,8,Yes,No,Fiber optic,No,Yes,No,No,No,Yes,Month-to-month,Yes,Credit card (automatic),70.08,607.26,Yes
CUST-0007991,Male,0,No,No,68,Yes,No,Fiber optic,No,No,No,No,Yes,No,Month-to-month,No,Electronic check,92.5,6281.67,No
CUST-0007992,Female,0,Yes,No,20,Yes,No,Fiber optic,Yes,No,No,Yes,No,Yes,Month-to-month,Yes,Credit card (automatic),95.44,1918.55,No
CUST-0007993,Male,1,No,No,2,Yes,No,Fiber optic,No,No,No,No,Yes,No,Two year,Yes,Electronic check,118.75,237.08,No
CUST-0007994,Male,0,Yes,No,20,Yes,Yes,Fiber optic,No,Yes,Yes,No,Yes,No,Month-to-month,Yes,Electronic check,79.94,1591.89,No
CUST-0007995,Female,1,Yes,Yes,1,Yes,No,Fiber optic,No,No,No,No,Yes,No,Month-to-month,No,Bank transfer (automatic),93.64,100.96,No
CUST-0007996,Female,0,Yes,No,26,Yes,No,Fiber optic,Yes,No,Yes,No,Yes,No,Month-to-month,No,Mailed check,110.24,2880.43,Yes
CUST-0007997,Female,1,Yes,Yes,19,Yes,Yes,Fiber optic,No,No,Yes,Yes,Yes,No,Month-to-month,Yes,Electronic check,118.75,2286.82,Yes
CUST-0007998,Male,1,Yes,No,4,Yes,No,Fiber optic,Yes,No,Yes,Yes,Yes,No,Month-to-month,Yes,Electronic check,108.93,445.39,Yes
CUST-0007999,Male,0,Yes,No,28,Yes,No,DSL,No,No,Yes,No,Yes,Yes,Month-to-month,Yes,Mailed check,89.29,,No
CUST-0008000,Male,0,Yes,No,61,Yes,Yes,No,No internet service,No internet service,No internet service,No internet service,No internet service,No internet service,Two year,No,Credit card (automatic),97.78,5966.53,No
CUST-0008001,Female,0,Yes,Yes,43,Yes,No,Fiber optic,No,No,No,Yes,No,Yes,Month-to-month,No,Bank transfer (automatic),87.41,3749.19,Yes
CUST-0008002,Male,0,Yes,No,12,Yes,No,No,No internet service,No internet service,No internet service,No internet service,No internet service,No internet service,Two year,Yes,Mailed check,51.22,572.21,Yes
CUST-0008003,Female,0,No,Yes,1,Yes,No,DSL,No,No,No,No,No,No,Month-to-month,No,Credit card (automatic),101.18,91.24,Yes
CUST-0008004,Male,0,No,No,26,Yes,Yes,Fiber optic,Yes,No,Yes,No,Yes,Yes,Month-to-month,Yes,Electronic check,118.75,3125.03,Yes
CUST-0008005,Female,0,Yes,No,34,Yes,No,Fiber optic,No,No,Yes,Yes,No,Yes,Two year,Yes,Electronic check,92.76,3135.56,No
CUST-0008006,Female,0,Yes,No,16,Yes,No,No,No internet service,No internet service,No internet service,No internet service,No internet service,No internet service,Month-to-month,No,Credit card (automatic),60.17,969.93,No
CUST-0008007,Male,0,Yes,No,72,Yes,Yes,Fiber optic,No,Yes,No,No,No,No,Two year,Yes,Bank transfer (automatic),104.8,7559.29,No
CUST-0008008,Female,0,Yes,Yes,1,Yes,No,Fiber optic,No,No,No,No,No,No,Month-to-month,Yes,Electronic check,96.12,85.98,No
CUST-0008009,Male,0,No,No,53,Yes,Yes,Fiber optic,No,No,No,No,No,No,One year,No,Bank transfer (automatic),104.79,5542.72,No
CUST-0008010,Male,1,Yes,No,32,Yes,No,Fiber optic,No,No,No,Yes,Yes,No,One year,Yes,Electronic check,89.76,2908.23,No
CUST-0008011,Female,1,No,Yes,26,Yes,Yes,Fiber optic,No,Yes,No,No,No,No,Month-to-month,Yes,Electronic check,106.0,2721.56,No
CUST-0008012,Male,0,Yes,No,31,Yes,No,Fiber optic,No,Yes,No,No,No,Yes,One year,Yes,Electronic check,72.82,2271.35,Yes
CUST-0008013,Female,1,Yes,Yes,8,Yes,Yes,Fiber optic,No,No,No,No,No,Yes,One year,No,Electronic check,107.61,866.32,No
CUST-0008014,Male,0,Yes,Yes,4,Yes,Yes,No,No internet service,No internet service,No internet service,No internet service,No internet service,No internet service,Month-to-month,Yes,Electronic check,115.32,461.94,Yes
CUST-0008015,Female,0,No,Yes,29,Yes,No,Fiber optic,No,No,No,No,No,No,Month-to-month,Yes,Electronic check,108.01,3120.45,Yes
CUST-0008016,Male,0,No,No,12,Yes,Yes,DSL,Yes,No,Yes,No,No,Yes,Month-to-month,Yes,Bank transfer (automatic),98.96,1195.9,Yes
CUST-0008017,Female,0,Yes,No,6,Yes,Yes,DSL,Yes,No,No,Yes,Yes,No,One year,Yes,Electronic check,93.68,545.15,No
CUST-0008018,Female,0,Yes,Yes,2,Yes,No,No,No internet service,No internet service,No internet service,No internet service,No internet service,No internet service,Month-to-month,Yes,Mailed check,107.8,226.67,No
CUST-0008019,Male,1,Yes,No,1,Yes,Yes,DSL,Yes,No,No,No,No,No,Two year,Yes,Credit card (automatic),69.02,67.06,No
CUST-0008020,Female,0,No,No,34,Yes,No,DSL,Yes,No,Yes,No,Yes,No,Month-to-month,No,Electronic check,118.75,4061.54,No
CUST-0008021,Male,0,No,Yes,28,Yes,Yes,Fiber optic,No,No,Yes,No,Yes,No,Month-to-month,No,Electronic check,83.43,2313.74,No
CUST-0008022,Male,0,No,No,16,No,No phone service,DSL,Yes,No,Yes,No,Yes,No,Month-to-month,No,Electronic check,81.31,1308.57,No
CUST-0008023,Female,0,Yes,No,34,Yes,No,Fiber optic,No,No,No,Yes,No,No,Two year,No,Bank transfer (automatic),60.14,2012.02,No
CUST-0008024,Female,0,No,No,72,No,No phone service,Fiber optic,No,No,Yes,No,No,No,Month-to-month,Yes,Bank transfer (automatic),106.13,7642.13,No
CUST-0008025,Female,0,Yes,No,43,Yes,Yes,Fiber optic,Yes,No,No,No,No,No,Month-to-month,No,Mailed check,104.36,4508.38,Yes
CUST-0008026,Female,0,No,No,4,No,No phone service,Fiber optic,Yes,Yes,No,No,Yes,No,One year,Yes,Bank transfer (automatic),89.45,387.53,No
CUST-0008027,Female,0,Yes,No,10,No,No phone service,DSL,No,Yes,No,Yes,Yes,No,Month-to-month,Yes,Credit card (automatic),108.08,1078.92,No
CUST-0008028,Female,1,No,No,3,Yes,No,Fiber optic,No,No,No,No,Yes,Yes,One year,Yes,Credit card (automatic),72.8,177.31,Yes
CUST-0008029,Male,0,Yes,No,17,Yes,No,DSL,Yes,Yes,Yes,No,No,Yes,Two year,No,Bank transfer (automatic),84.56,1422.79,No
CUST-0008030,Female,0,No,No,11,Yes,No,Fiber optic,Yes,No,Yes,Yes,Yes,No,Month-to-month,No,Credit card (automatic),59.98,673.44,No
CUST-0008031,Female,0,Yes,No,10,Yes,No,Fiber optic,No,No,No,Yes,Yes,No,Month-to-month,Yes,Electronic check,72.93,719.32,No
CUST-0008032,Female,0,No,Yes,34,Yes,Yes,Fiber optic,No,No,No,No,Yes,No,Month-to-month,Yes,Bank transfer (automatic),100.59,3381.39,No
CUST-0008033,Male,1,Yes,No,34,Yes,Yes,Fiber optic,No,No,No,No,Yes,No,Month-to-month,Yes,Bank transfer (automatic),75.19,2532.64,No
CUST-0008034,Male,0,No,No,4,Yes,Yes,Fiber optic,No,No,No,No,No,No,Two year,Yes,Bank transfer (automatic),114.54,509.36,No
CUST-0008035,Female,0,Yes,No,72,Yes,No,DSL,Yes,Yes,No,No,Yes,No,Two year,Yes,Bank transfer (automatic),72.27,5163.01,Yes
CUST-0008036,Female,0,No,No,28,Yes,No,DSL,Yes,Yes,No,No,No,No,Month-to-month,Yes,Mailed check,101.87,2856.79,No
CUST-0008037,Female,0,No,No,5,Yes,No,Fiber optic,No,No,No,No,No,Yes,Month-to-month,Yes,Electronic check,89.86,440.1,No
CUST-0008038,Male,0,Yes,Yes,23,Yes,No,Fiber optic,Yes,No,No,No,Yes,Yes,Month-to-month,No,Mailed check,48.28,1068.16,No
CUST-0008039,Female,1,No,No,19,Yes,Yes,Fiber optic,No,No,No,Yes,No,Yes,One year,No,Credit card (automatic),92.39,1775.7,No
CUST-0008040,Male,0,No,No,72,No,No phone service,Fiber optic,Yes,No,Yes,Yes,Yes,No,Month-to-month,Yes,Credit card (automatic),28.87,2073.97,No
CUST-0008041,Female,0,No,No,31,Yes,Yes,DSL,No,No,No,No,No,No,One year,Yes,Electronic check,112.76,3509.8,Yes
CUST-0008042,Female,1,No,Yes,2,Yes,No,Fiber optic,No,No,No,No,Yes,No,Month-to-month,Yes,Credit card (automatic),66.95,134.72,Yes
CUST-0008043,Male,0,Yes,No,12,Yes,No,Fiber optic,Yes,No,No,No,No,Yes,Month-to-month,Yes,Mailed check,62.27,735.93,No
CUST-0008044,Female,0,No,No,41,Yes,No,Fiber optic,No,No,No,No,No,No,One year,No,Electronic check,109.08,4501.55,No
CUST-0008045,Male,1,No,No,19,Yes,No,Fiber optic,No,No,No,No,No,Yes,One year,Yes,Electronic check,76.07,1447.14,Yes
CUST-0008046,Female,0,No,Yes,58,Yes,Yes,Fiber optic,No,Yes,No,Yes,No,No,One year,Yes,Bank transfer (automatic),118.75,6880.84,No
CUST-0008047,Female,0,Yes,Yes,36,Yes,Yes,DSL,No,Yes,No,Yes,No,No,Month-to-month,Yes,Bank transfer (automatic),115.14,4165.38,No
CUST-0008048,Female,0,Yes,No,1,Yes,Yes,Fiber optic,No,Yes,No,Yes,No,No,Month-to-month,Yes,Electronic check,52.76,48.02,No
CUST-0008049,Female,1,No,Yes,31,Yes,Yes,Fiber optic,No,No,No,No,Yes,Yes,Month-to-month,Yes,Mailed check,27.23,848.36,No
CUST-0008050,Male,0,No,No,10,Yes,No,Fiber optic,No,No,No,No,Yes,No,Two year,No,Mailed check,118.75,1193.77,Yes
CUST-0008051,Female,0,Yes,Yes,12,No,No phone service,No,No internet service,No internet service,No internet service,No internet service,No internet service,No internet service,Month-to-month,No,Electronic check,73.21,863.04,No
CUST-0008052,Female,0,Yes,Yes,2,Yes,Yes,Fiber optic,No,No,No,No,No,No,Month-to-month,No,Credit card (automatic),95.4,184.23,No
CUST-0008053,Female,0,No,Yes,3,Yes,Yes,No,No internet service,No internet service,No internet service,No internet service,No internet service,No internet service,Month-to-month,No,Bank transfer (automatic),90.46,,No
CUST-0008054,Male,1,Yes,Yes,32,Yes,No,Fiber optic,No,No,No,Yes,No,Yes,Month-to-month,Yes,Electronic check,93.92,3009.53,No
CUST-0008055,Female,0,No,No,16,Yes,Yes,DSL,Yes,No,No,No,No,No,Month-to-month,Yes,Credit card (automatic),81.52,1289.46,No
CUST-0008056,Male,0,Yes,No,6,Yes,No,No,No internet service,No internet service,No internet service,No internet service,No internet service,No internet service,Month-to-month,Yes,Bank transfer (automatic),90.06,568.21,No
CUST-0008057,Male,0,Yes,No,19,No,No phone service,DSL,No,No,No,No,No,No,Month-to-month,Yes,Electronic check,92.64,,Yes
CUST-0008058,Female,0,No,No,18,Yes,No,No,No internet service,No internet service,No internet service,No internet service,No internet service,No internet service,Month-to-month,No,Electronic check,118.75,2138.63,No
CUST-0008059,Female,1,No,No,1,Yes,Yes,Fiber optic,Yes,No,Yes,No,No,No,One year,Yes,Credit card (automatic),100.77,85.93,No
CUST-0008060,Male,0,No,No,29,Yes,No,No,No internet service,No internet service,No internet service,No internet service,No internet service,No internet service,One year,Yes,Mailed check,40.02,1173.03,No
CUST-0008061,Male,0,No,Yes,21,Yes,No,Fiber optic,No,No,Yes,No,No,No,Month-to-month,Yes,Bank transfer (automatic),91.45,1917.55,No
CUST-0008062,Male,0,No,Yes,27,Yes,Yes,DSL,No,No,No,No,Yes,No,Month-to-month,Yes,Electronic check,52.7,1434.65,Yes
CUST-0008063,Female,0,No,No,4,Yes,No,Fiber optic,No,Yes,Yes,No,No,Yes,Month-to-month,Yes,Electronic check,80.26,,Yes
CUST-0008064,Female,1,Yes,Yes,15,Yes,Yes,No,No internet service,No internet service,No internet service,No internet service,No internet service,No internet service,Month-to-month,No,Credit card (automatic),110.45,1683.79,No
CUST-0008065,Male,0,Yes,No,72,Yes,Yes,DSL,Yes,Yes,Yes,No,No,No,Month-to-month,Yes,Bank transfer (automatic),69.05,4946.82,Yes
CUST-0008066,Male,1,Yes,No,0,Yes,No,Fiber optic,No,Yes,Yes,No,Yes,No,One year,Yes,Bank transfer (automatic),107.77,,Yes
CUST-0008067,Male,0,No,No,23,No,No phone service,Fiber optic,No,No,Yes,Yes,Yes,Yes,Month-to-month,Yes,Mailed check,88.49,2048.07,No
CUST-0008068,Male,0,Yes,No,5,Yes,No,No,No internet service,No internet service,No internet service,No internet service,No internet service,No internet service,Month-to-month,No,Electronic check,67.89,333.54,Yes
CUST-0008069,Male,1,Yes,Yes,6,Yes,Yes,Fiber optic,No,No,Yes,No,Yes,Yes,Month-to-month,Yes,Electronic check,53.92,328.02,Yes
CUST-0008070,Female,0,No,No,4,Yes,No,No,No internet service,No internet service,No internet service,No internet service,No internet service,No internet service,Month-to-month,No,Electronic check,106.31,444.28,No
CUST-0008071,Female,0,Yes,No,72,Yes,No,Fiber optic,No,Yes,No,No,Yes,Yes,Month-to-month,No,Credit card (automatic),94.67,6799.87,No
CUST-0008072,Male,0,No,No,25,Yes,No,DSL,No,Yes,No,No,No,Yes,One year,Yes,Credit card (automatic),83.99,2116.83,No
CUST-0008073,Male,0,No,No,5,Yes,Yes,Fiber optic,No,No,No,No,No,No,One year,No,Electronic check,103.73,553.47,No
CUST-0008074,Female,0,No,Yes,3,Yes,No,Fiber optic,Yes,Yes,Yes,Yes,No,No,Month-to-month,Yes,Mailed check,76.44,284.69,No
CUST-0008075,Female,0,Yes,No,6,Yes,Yes,No,No internet service,No internet service,No internet service,No internet service,No internet service,No internet service,Month-to-month,No,Bank transfer (automatic),75.13,477.85,No
CUST-0008076,Female,0,Yes,No,54,No,No phone service,DSL,Yes,No,No,No,Yes,No,One year,Yes,Electronic check,85.55,4662.61,No
CUST-0008077,Female,0,Yes,Yes,4,Yes,Yes,No,No internet service,No internet service,No internet service,No internet service,No internet service,No internet service,Two year,No,Electronic check,69.42,312.4,Yes
CUST-0008078,Male,0,Yes,No,49,Yes,No,Fiber optic,No,No,No,Yes,No,Yes,Month-to-month,Yes,Credit card (automatic),105.32,5119.48,No
CUST-0008079,Male,1,Yes,No,12,Yes,Yes,DSL,No,Yes,No,No,No,No,Month-to-month,No,Credit card (automatic),118.75,1448.85,No
CUST-0008080,Male,0,No,No,3,Yes,Yes,No,No internet service,No internet service,No internet service,No internet service,No internet service,No internet service,Month-to-month,Yes,Electronic check,68.26,162.28,Yes
CUST-0008081,Male,0,Yes,No,17,Yes,No,DSL,No,No,No,Yes,No,No,Month-to-month,Yes,Mailed check,99.26,1720.98,No
CUST-0008082,Female,0,Yes,No,43,Yes,Yes,No,No internet service,No internet service,No internet service,No internet service,No internet service,No internet service,Month-to-month,Yes,Credit card (automatic),107.17,4591.17,No
CUST-0008083,Female,0,Yes,No,14,Yes,Yes,DSL,Yes,Yes,No,No,No,Yes,Two year,Yes,Electronic check,81.68,1174.38,No
CUST-0008084,Male,0,Yes,No,23,Yes,Yes,Fiber optic,No,No,No,Yes,No,No,Month-to-month,Yes,Bank transfer (automatic),75.41,,No
CUST-0008085,Female,0,Yes,No,27,Yes,No,Fiber optic,Yes,No,Yes,No,No,Yes,Month-to-month,No,Credit card (automatic),74.07,1975.48,No
CUST-0008086,Male,1,No,No,6,Yes,Yes,Fiber optic,No,Yes,No,No,Yes,No,One year,No,Mailed check,118.75,741.18,No
CUST-0008087,Male,0,Yes,No,6,Yes,No,DSL,No,No,Yes,No,No,Yes,Month-to-month,Yes,Mailed check,91.7,570.65,No
CUST-0008088,Female,0,No,No,3,Yes,No,DSL,Yes,No,Yes,Yes,No,No,Month-to-month,Yes,Electronic check,87.07,313.29,Yes
CUST-0008089,Male,0,Yes,No,39,Yes,No,No,No internet service,No internet service,No internet service,No internet service,No internet service,No internet service,Month-to-month,No,Bank transfer (automatic),72.78,2814.91,Yes
CUST-0008090,Female,0,Yes,No,3,Yes,Yes,DSL,No,No,No,No,No,No,Month-to-month,No,Electronic check,76.32,218.64,No
CUST-0008091,Male,0,No,Yes,28,Yes,Yes,DSL,No,No,No,Yes,No,No,Two year,No,Mailed check,76.19,2134.13,No
CUST-0008092,Male,0,Yes,No,31,No,No phone service,Fiber optic,Yes,No,Yes,No,No,Yes,Month-to-month,Yes,Bank transfer (automatic),89.19,2767.15,Yes
CUST-0008093,Female,0,No,No,18,Yes,No,DSL,No,Yes,Yes,Yes,No,No,One year,No,Bank transfer (automatic),80.74,1424.8,No
CUST-0008094,Female,1,No,No,59,Yes,Yes,Fiber optic,No,No,Yes,No,No,Yes,Month-to-month,Yes,Credit card (automatic),111.18,6552.84,Yes
CUST-0008095,Male,0,No,No,38,Yes,Yes,Fiber optic,No,Yes,No,No,Yes,Yes,Month-to-month,Yes,Mailed check,88.71,3392.08,No
CUST-0008096,Female,0,Yes,No,3,Yes,Yes,Fiber optic,No,Yes,No,No,No,No,Month-to-month,Yes,Credit card (automatic),89.9,297.42,No
CUST-0008097,Female,0,Yes,No,28,Yes,Yes,Fiber optic,No,Yes,No,Yes,No,No,One year,No,Mailed check,65.21,,No
CUST-0008098,Female,0,Yes,Yes,72,Yes,Yes,Fiber optic,Yes,No,Yes,No,No,No,Month-to-month,Yes,Electronic check,58.53,4223.15,No
CUST-0008099,Male,1,No,No,13,Yes,No,DSL,Yes,No,Yes,Yes,No,Yes,Month-to-month,Yes,Mailed check,93.63,1237.62,No
CUST-0008100,Male,1,No,No,50,Yes,Yes,Fiber optic,No,No,No,No,No,No,Month-to-month,Yes,Electronic check,76.75,3820.44,No
CUST-0008101,Male,0,No,No,33,Yes,No,DSL,No,No,No,Yes,Yes,No,Month-to-month,Yes,Credit card (automatic),116.75,3854.27,No
CUST-0008102,Male,0,Yes,No,57,Yes,Yes,Fiber optic,No,No,No,No,No,No,Month-to-month,Yes,Electronic check,88.46,5058.32,No
CUST-0008103,Female,0,No,No,27,Yes,No,No,No internet service,No internet service,No internet service,No internet service,No internet service,No internet service,Month-to-month,Yes,Credit card (automatic),82.34,2209.12,No
CUST-0008104,Male,1,No,No,28,Yes,No,DSL,No,No,No,No,No,No,One year,Yes,Bank transfer (automatic),114.79,3208.41,Yes
CUST-0008105,Male,0,Yes,Yes,1,Yes,Yes,DSL,Yes,No,No,No,No,No,Month-to-month,No,Electronic check,93.46,101.09,Yes
CUST-0008106,Male,0,No,No,64,Yes,No,DSL,No,No,Yes,No,No,No,Month-to-month,Yes,Bank transfer (automatic),63.39,4066.1,No
CUST-0008107,Male,0,Yes,Yes,9,Yes,Yes,No,No internet service,No internet service,No internet service,No internet service,No internet service,No internet service,Month-to-month,No,Electronic check,94.33,810.08,No
CUST-0008108,Female,0,No,No,63,Yes,No,Fiber optic,No,Yes,No,No,Yes,No,Month-to-month,Yes,Electronic check,98.62,6216.99,No
CUST-0008109,Male,0,Yes,No,72,Yes,No,DSL,No,No,No,No,No,Yes,Month-to-month,No,Credit card (automatic),94.72,6793.45,No
CUST-0008110,Male,0,Yes,No,4,Yes,Yes,DSL,No,No,No,Yes,No,Yes,Month-to-month,Yes,Credit card (automatic),118.75,464.01,Yes
CUST-0008111,Female,0,No,Yes,30,Yes,No,Fiber optic,No,No,No,No,Yes,No,Two year,Yes,Mailed check,77.4,2330.78,No
CUST-0008112,Male,0,No,No,23,Yes,Yes,DSL,No,No,Yes,Yes,No,Yes,Two year,No,Mailed check,54.12,,Yes
CUST-0008113,Female,0,No,No,50,Yes,No,Fiber optic,No,No,No,Yes,No,Yes,Month-to-month,Yes,Bank transfer (automatic),118.75,5908.35,Yes
CUST-0008114,Female,0,No,No,30,Yes,No,Fiber optic,No,No,Yes,No,Yes,Yes,Month-to-month,Yes,Mailed check,86.77,2658.35,No
CUST-0008115,Male,0,Yes,No,4,No,No phone service,Fiber optic,No,Yes,Yes,No,No,Yes,Month-to-month,Yes,Electronic check,51.2,215.76,No
CUST-0008116,Female,0,No,Yes,72,Yes,No,Fiber optic,No,Yes,Yes,Yes,Yes,No,Two year,Yes,Bank transfer (automatic),89.83,6437.18,No
CUST-0008117,Male,1,Yes,No,8,Yes,No,Fiber optic,No,Yes,Yes,No,Yes,Yes,One year,No,Credit card (automatic),91.77,743.09,No
CUST-0008118,Male,0,Yes,Yes,0,Yes,No,Fiber optic,No,No,No,No,No,No,One year,No,Mailed check,68.04,,No
CUST-0008119,Male,0,Yes,No,8,Yes,No,DSL,Yes,No,No,No,Yes,No,Month-to-month,Yes,Credit card (automatic),118.75,970.89,Yes
CUST-0008120,Male,0,No,No,10,No,No phone service,Fiber optic,Yes,Yes,No,Yes,Yes,No,One year,Yes,Electronic check,104.75,1025.14,No
CUST-0008121,Female,0,No,No,9,No,No phone service,Fiber optic,No,No,Yes,No,No,No,One year,Yes,Bank transfer (automatic),93.35,864.19,No
CUST-0008122,Male,0,Yes,No,13,Yes,Yes,Fiber optic,No,No,No,Yes,No,No,One year,No,Electronic check,91.74,1169.78,No
CUST-0008123,Female,0,Yes,No,1,Yes,Yes,DSL,No,No,No,Yes,Yes,No,Month-to-month,Yes,Electronic check,84.18,77.17,No
CUST-0008124,Female,0,No,No,72,Yes,Yes,Fiber optic,Yes,Yes,Yes,No,No,Yes,Month-to-month,Yes,Electronic check,74.51,5424.69,Yes
CUST-0008125,Male,0,No,No,72,Yes,Yes,Fiber optic,No,Yes,No,No,Yes,No,Month-to-month,Yes,Mailed check,64.89,4669.76,Yes
CUST-0008126,Female,1,No,No,14,Yes,No,Fiber optic,No,No,Yes,No,No,No,One year,Yes,Bank transfer (automatic),80.81,1148.99,No
CUST-0008127,Female,0,Yes,No,17,No,No phone service,Fiber optic,Yes,No,Yes,No,No,Yes,Month-to-month,No,Mailed check,80.72,,No
CUST-0008128,Male,1,Yes,No,45,Yes,No,Fiber optic,No,Yes,Yes,No,Yes,Yes,Two year,Yes,Electronic check,99.04,4453.05,No
CUST-0008129,Male,0,No,Yes,72,Yes,Yes,DSL,No,No,Yes,No,No,No,One year,No,Bank transfer (automatic),88.66,6338.63,No
CUST-0008130,Male,0,No,Yes,8,Yes,Yes,No,No internet service,No internet service,No internet service,No internet service,No internet service,No internet service,Two year,Yes,Credit card (automatic),99.32,813.72,No
CUST-0008131,Male,0,Yes,Yes,24,Yes,No,DSL,No,Yes,No,No,No,No,Month-to-month,No,Credit card (automatic),47.91,1148.91,No
CUST-0008132,Female,0,No,No,4,Yes,Yes,No,No internet service,No internet service,No internet service,No internet service,No internet service,No internet service,Month-to-month,Yes,Mailed check,110.42,452.2,No
CUST-0008133,Male,0,No,No,15,Yes,No,Fiber optic,No,Yes,Yes,No,Yes,No,Two year,Yes,Bank transfer (automatic),72.7,1087.62,No
CUST-0008134,Female,0,No,No,10,Yes,Yes,Fiber optic,No,Yes,Yes,No,No,No,Month-to-month,Yes,Credit card (automatic),111.8,1139.26,Yes
CUST-0008135,Male,0,No,No,27,Yes,No,Fiber optic,No,Yes,Yes,No,Yes,No,Month-to-month,No,Mailed check,71.62,1973.43,No
CUST-0008136,Male,0,Yes,No,23,Yes,Yes,No,No internet service,No internet service,No internet service,No internet service,No internet service,No internet service,One year,No,Mailed check,84.5,1945.07,No
CUST-0008137,Male,0,No,No,62,No,No phone service,Fiber optic,No,Yes,No,Yes,No,No,Month-to-month,No,Electronic check,69.95,4374.76,No
CUST-0008138,Female,0,Yes,No,67,Yes,No,Fiber optic,Yes,No,Yes,Yes,Yes,Yes,Month-to-month,Yes,Electronic check,109.73,7364.22,No
CUST-0008139,Female,0,No,No,9,Yes,Yes,No,No internet service,No internet service,No internet service,No internet service,No internet service,No internet service,One year,Yes,Electronic check,70.99,677.56,No
CUST-0008140,Female,0,Yes,No,10,Yes,No,Fiber optic,Yes,Yes,No,No,Yes,Yes,One year,Yes,Mailed check,98.06,1006.67,No
CUST-0008141,Female,0,Yes,No,21,Yes,Yes,Fiber optic,Yes,No,No,No,Yes,No,Month-to-month,Yes,Mailed check,118.75,2479.69,Yes
CUST-0008142,Female,0,No,No,24,Yes,Yes,No,No internet service,No internet service,No internet service,No internet service,No internet service,No internet service,Month-to-month,Yes,Bank transfer (automatic),66.66,1611.52,No
CUST-0008143,Male,0,No,No,9,Yes,No,DSL,No,No,No,No,Yes,Yes,Two year,Yes,Electronic check,94.0,839.76,Yes
CUST-0008144,Female,0,No,No,33,Yes,Yes,Fiber optic,Yes,No,No,Yes,Yes,No,Month-to-month,Yes,Mailed check,47.81,1564.43,No
CUST-0008145,Male,0,Yes,Yes,0,Yes,No,Fiber optic,No,No,Yes,No,Yes,No,Month-to-month,Yes,Bank transfer (automatic),110.03,,Yes
CUST-0008146,Female,0,No,Yes,19,Yes,Yes,DSL,No,No,No,No,Yes,No,Month-to-month,No,Electronic check,83.16,1588.75,No
CUST-0008147,Male,0,Yes,No,22,Yes,No,No,No internet service,No internet service,No internet service,No internet service,No internet service,No internet service,Two year,Yes,Credit card (automatic),90.59,1971.83,Yes
CUST-0008148,Female,0,Yes,Yes,25,Yes,No,DSL,No,No,No,No,No,Yes,One year,Yes,Electronic check,118.75,2952.43,No
CUST-0008149,Female,0,No,No,19,Yes,No,Fiber optic,No,No,No,No,No,No,One year,Yes,Credit card (automatic),51.34,1027.03,No
CUST-0008150,Male,0,No,No,16,Yes,Yes,Fiber optic,No,No,No,No,No,No,One year,No,Bank transfer (automatic),64.17,1022.21,Yes
CUST-0008151,Male,0,No,Yes,38,Yes,No,DSL,No,No,No,Yes,No,Yes,Month-to-month,Yes,Mailed check,118.75,4522.11,No
CUST-0008152,Male,0,No,No,54,No,No phone service,No,No internet service,No internet service,No internet service,No internet service,No internet service,No internet service,Month-to-month,No,Electronic check,62.99,3394.66,No
CUST-0008153,Male,0,Yes,No,51,Yes,No,No,No internet service,No internet service,No internet service,No internet service,No internet service,No internet service,Month-to-month,Yes,Bank transfer (automatic),79.23,4007.33,No
CUST-0008154,Female,1,No,Yes,7,Yes,No,DSL,No,No,Yes,Yes,Yes,No,Month-to-month,Yes,Credit card (automatic),25.56,216.19,No
CUST-0008155,Female,0,No,No,31,Yes,No,Fiber optic,Yes,Yes,No,Yes,No,Yes,Month-to-month,No,Bank transfer (automatic),108.76,3373.78,Yes
CUST-0008156,Male,0,No,No,5,Yes,No,DSL,No,No,No,No,No,Yes,Two year,Yes,Bank transfer (automatic),73.77,380.15,No
CUST-0008157,Female,0,No,No,0,Yes,No,No,No internet service,No internet service,No internet service,No internet service,No internet service,No internet service,Month-to-month,No,Electronic check,78.8,,No
CUST-0008158,Female,0,No,Yes,22,Yes,Yes,DSL,Yes,Yes,No,Yes,No,No,Month-to-month,Yes,Bank transfer (automatic),89.16,1947.44,No
CUST-0008159,Female,0,Yes,Yes,72,Yes,No,No,No internet service,No internet service,No internet service,No internet service,No internet service,No internet service,One year,Yes,Credit card (automatic),83.46,6032.84,No
CUST-0008160,Male,0,Yes,No,14,Yes,Yes,Fiber optic,Yes,No,Yes,No,No,No,Month-to-month,No,Credit card (automatic),116.6,1663.36,No
CUST-0008161,Male,0,Yes,No,28,No,No phone service,DSL,No,No,No,No,No,Yes,Month-to-month,No,Electronic check,83.37,2331.61,No
CUST-0008162,Female,0,No,Yes,2,No,No phone service,Fiber optic,No,Yes,No,No,No,No,Month-to-month,Yes,Electronic check,108.03,193.74,No
CUST-0008163,Female,1,Yes,No,8,No,No phone service,Fiber optic,No,Yes,No,No,No,Yes,Month-to-month,Yes,Electronic check,118.75,935.17,No
CUST-0008164,Male,1,Yes,No,42,Yes,No,DSL,No,No,No,No,No,No,Month-to-month,No,Mailed check,92.42,3901.07,Yes
CUST-0008165,Male,1,No,Yes,23,Yes,Yes,Fiber optic,Yes,No,No,No,No,No,Month-to-month,Yes,Mailed check,94.26,2151.71,No
CUST-0008166,Male,1,Yes,No,2,Yes,No,No,No internet service,No internet service,No internet service,No internet service,No internet service,No internet service,Month-to-month,Yes,Electronic check,105.66,221.48,No
CUST-0008167,Male,1,Yes,No,24,Yes,Yes,Fiber optic,No,No,Yes,No,No,No,Month-to-month,Yes,Credit card (automatic),66.3,1579.01,Yes
CUST-0008168,Female,0,Yes,No,3,No,No phone service,Fiber optic,No,No,No,Yes,Yes,No,One year,Yes,Electronic check,110.99,351.91,No
CUST-0008169,Female,1,No,No,35,Yes,No,Fiber optic,No,Yes,No,No,Yes,No,One year,No,Bank transfer (automatic),65.37,2242.85,Yes
CUST-0008170,Male,0,No,No,15,Yes,No,No,No internet service,No internet service,No internet service,No internet service,No internet service,No internet service,Month-to-month,Yes,Credit card (automatic),112.2,1715.4,No
CUST-0008171,Male,1,Yes,No,70,Yes,No,No,No internet service,No internet service,No internet service,No internet service,No internet service,No internet service,Month-to-month,No,Mailed check,83.26,5828.52,No
CUST-0008172,Female,0,No,No,17,Yes,No,Fiber optic,No,No,No,No,No,No,One year,No,Credit card (automatic),114.59,,Yes
CUST-0008173,Male,0,No,Yes,15,Yes,Yes,Fiber optic,No,No,Yes,No,No,No,Month-to-month,Yes,Bank transfer (automatic),97.51,1474.56,No
CUST-0008174,Female,0,No,Yes,49,Yes,No,DSL,No,Yes,Yes,No,No,Yes,Two year,Yes,Credit card (automatic),65.85,3187.41,Yes
CUST-0008175,Male,0,Yes,No,1,Yes,Yes,No,No internet service,No internet service,No internet service,No internet service,No internet service,No internet service,Two year,Yes,Electronic check,117.65,140.52,No
CUST-0008176,Male,0,No,No,2,Yes,No,Fiber optic,No,No,No,No,Yes,Yes,Month-to-month,No,Mailed check,78.17,164.72,Yes
CUST-0008177,Male,0,Yes,No,70,Yes,No,Fiber optic,No,No,Yes,Yes,No,Yes,One year,Yes,Electronic check,95.06,6685.27,Yes
CUST-0008178,Male,1,Yes,No,31,No,No phone service,No,No internet service,No internet service,No internet service,No internet service,No internet service,No internet service,Month-to-month,No,Electronic check,93.95,2880.05,Yes
CUST-0008179,Male,0,Yes,No,18,Yes,Yes,DSL,No,No,No,No,No,No,Month-to-month,Yes,Credit card (automatic),86.11,1557.79,No
CUST-0008180,Male,1,Yes,No,0,Yes,No,No,No internet service,No internet service,No internet service,No internet service,No internet service,No internet service,Month-to-month,No,Mailed check,87.47,,No
CUST-0008181,Male,0,No,No,35,Yes,No,DSL,Yes,Yes,Yes,No,No,No,Month-to-month,No,Credit card (automatic),57.74,2033.19,No
CUST-0008182,Male,0,Yes,No,17,Yes,Yes,DSL,No,No,No,No,No,No,One year,Yes,Mailed check,91.59,,Yes
CUST-0008183,Male,0,No,No,67,Yes,Yes,DSL,No,No,Yes,Yes,No,Yes,Two year,Yes,Electronic check,118.75,7975.02,No
CUST-0008184,Male,1,No,No,1,Yes,No,DSL,No,Yes,No,Yes,No,Yes,One year,Yes,Bank transfer (automatic),79.0,78.41,No
CUST-0008185,Male,0,No,No,35,Yes,No,No,No internet service,No internet service,No internet service,No internet service,No internet service,No internet service,Month-to-month,Yes,Mailed check,99.69,3478.97,Yes
CUST-0008186,Female,0,No,No,72,Yes,No,No,No internet service,No internet service,No internet service,No internet service,No internet service,No internet service,Month-to-month,No,Bank transfer (automatic),113.2,8157.07,Yes
CUST-0008187,Female,0,Yes,No,4,Yes,No,Fiber optic,Yes,No,Yes,Yes,No,Yes,Month-to-month,Yes,Mailed check,114.72,427.49,No
CUST-0008188,Male,1,No,No,1,Yes,No,Fiber optic,Yes,Yes,Yes,No,Yes,Yes,Month-to-month,No,Electronic check,64.97,65.94,Yes
CUST-0008189,Female,0,Yes,Yes,9,Yes,Yes,Fiber optic,No,No,No,No,Yes,Yes,Month-to-month,Yes,Electronic check,78.08,691.16,No
CUST-0008190,Female,0,Yes,No,13,Yes,Yes,DSL,Yes,Yes,No,No,Yes,No,Month-to-month,Yes,Electronic check,95.88,1246.2,No
CUST-0008191,Female,0,No,No,27,Yes,No,DSL,Yes,Yes,No,Yes,No,No,Month-to-month,No,Credit card (automatic),118.75,3197.03,No
CUST-0008192,Female,0,No,No,25,Yes,Yes,DSL,No,Yes,Yes,Yes,Yes,Yes,Month-to-month,No,Electronic check,118.75,2977.95,No
CUST-0008193,Female,1,Yes,No,11,Yes,No,Fiber optic,No,Yes,No,No,No,No,Month-to-month,No,Credit card (automatic),117.12,1294.69,No
CUST-0008194,Male,0,No,No,26,Yes,No,DSL,No,No,No,No,Yes,No,Month-to-month,Yes,Electronic check,105.22,2682.04,No
CUST-0008195,Female,1,No,No,22,No,No phone service,Fiber optic,No,No,No,Yes,No,No,One year,Yes,Electronic check,95.23,2101.14,No
CUST-0008196,Female,0,No,Yes,50,Yes,No,DSL,No,Yes,Yes,No,No,No,Month-to-month,No,Electronic check,118.75,5936.06,No
CUST-0008197,Female,0,No,Yes,51,Yes,No,Fiber optic,No,Yes,No,Yes,No,No,Month-to-month,Yes,Electronic check,71.51,3705.71,No
CUST-0008198,Female,0,Yes,Yes,24,Yes,Yes,Fiber optic,No,Yes,No,Yes,No,No,Month-to-month,Yes,Mailed check,103.11,2466.07,No
CUST-0008199,Female,1,Yes,No,29,Yes,No,DSL,No,No,No,Yes,Yes,Yes,Month-to-month,Yes,Electronic check,108.22,3112.2,Yes
CUST-0008200,Female,1,No,No,0,Yes,No,DSL,No,No,No,No,No,Yes,Month-to-month,Yes,Electronic check,116.4,,Yes
CUST-0008201,Female,1,Yes,No,72,Yes,Yes,DSL,Yes,Yes,No,Yes,Yes,Yes,One year,Yes,Electronic check,75.19,5414.64,No
CUST-0008202,Male,0,Yes,Yes,5,Yes,Yes,Fiber optic,No,No,No,Yes,No,No,One year,Yes,Electronic check,92.36,430.74,No
CUST-0008203,Male,1,Yes,Yes,39,Yes,No,DSL,No,No,No,No,No,No,One year,Yes,Electronic check,86.89,3432.92,No
CUST-0008204,Male,1,No,No,11,Yes,No,No,No internet service,No internet service,No internet service,No internet service,No internet service,No internet service,Month-to-month,No,Electronic check,74.98,825.28,No
CUST-0008205,Female,0,Yes,No,0,Yes,No,Fiber optic,No,Yes,No,No,No,No,Month-to-month,Yes,Bank transfer (automatic),92.33,,Yes
CUST-0008206,Female,0,No,No,50,Yes,Yes,DSL,Yes,Yes,No,No,No,No,Month-to-month,Yes,Mailed check,118.75,5969.97,No
CUST-0008207,Male,0,Yes,Yes,70,Yes,Yes,Fiber optic,No,No,No,No,Yes,Yes,Month-to-month,Yes,Bank transfer (automatic),56.62,3963.16,No
CUST-0008208,Male,0,No,No,0,Yes,Yes,DSL,No,Yes,No,No,No,Yes,Two year,Yes,Credit card (automatic),80.71,,No
CUST-0008209,Female,0,No,Yes,18,No,No phone service,Fiber optic,No,No,Yes,No,Yes,No,Month-to-month,Yes,Credit card (automatic),92.43,1686.89,Yes
CUST-0008210,Male,0,No,No,11,Yes,No,DSL,Yes,No,Yes,No,No,Yes,Month-to-month,No,Credit card (automatic),75.34,837.64,No
CUST-0008211,Male,0,Yes,Yes,10,No,No phone service,No,No internet service,No internet service,No internet service,No internet service,No internet service,No internet service,Month-to-month,No,Credit card (automatic),90.93,986.17,Yes
CUST-0008212,Male,0,No,Yes,63,Yes,Yes,Fiber optic,No,No,No,No,No,No,Two year,Yes,Credit card (automatic),82.64,5188.0,No
CUST-0008213,Male,0,Yes,Yes,9,Yes,No,DSL,No,Yes,Yes,No,No,Yes,Month-to-month,Yes,Electronic check,108.7,974.67,No
CUST-0008214,Female,0,No,No,60,Yes,Yes,Fiber optic,No,No,Yes,No,No,No,Month-to-month,No,Electronic check,118.75,7175.61,No
CUST-0008215,Male,0,No,Yes,20,Yes,Yes,DSL,Yes,No,No,No,No,No,One year,No,Credit card (automatic),118.75,2331.95,No
CUST-0008216,Male,0,No,Yes,62,Yes,Yes,Fiber optic,No,No,No,No,No,Yes,Month-to-month,No,Electronic check,94.71,5865.46,No
CUST-0008217,Female,1,No,Yes,9,Yes,No,Fiber optic,No,No,No,No,No,Yes,Two year,Yes,Mailed check,109.0,978.6,Yes
CUST-0008218,Male,0,No,Yes,51,Yes,No,Fiber optic,Yes,Yes,Yes,Yes,Yes,No,Month-to-month,Yes,Electronic check,85.8,4353.55,No
CUST-0008219,Male,0,No,Yes,3,Yes,Yes,DSL,No,No,Yes,No,No,Yes,Month-to-month,Yes,Credit card (automatic),66.97,217.8,No
CUST-0008220,Female,0,Yes,No,9,Yes,No,Fiber optic,No,Yes,No,No,Yes,No,Month-to-month,No,Electronic check,81.7,735.14,No
CUST-0008221,Male,0,Yes,Yes,1,No,No phone service,DSL,No,No,Yes,No,No,No,Month-to-month,No,Credit card (automatic),98.9,,Yes
CUST-0008222,Female,0,Yes,Yes,10,No,No phone service,No,No internet service,No internet service,No internet service,No internet service,No internet service,No internet service,Month-to-month,Yes,Bank transfer (automatic),118.75,1169.77,No
CUST-0008223,Female,0,No,No,1,Yes,No,DSL,No,No,No,Yes,No,No,Two year,Yes,Mailed check,79.81,76.36,No
CUST-0008224,Male,0,No,No,34,No,No phone service,DSL,Yes,Yes,Yes,Yes,No,No,One year,Yes,Electronic check,73.87,2501.73,No
CUST-0008225,Female,0,No,Yes,67,Yes,Yes,Fiber optic,No,No,No,Yes,No,No,One year,Yes,Electronic check,91.66,6142.24,No
CUST-0008226,Male,0,Yes,No,5,Yes,No,Fiber optic,No,No,Yes,No,Yes,No,Two year,Yes,Bank transfer (automatic),91.96,427.9,No
CUST-0008227,Female,0,No,No,45,Yes,No,DSL,Yes,No,No,No,Yes,No,Month-to-month,No,Bank transfer (automatic),98.02,4440.87,No
CUST-0008228,Female,0,No,No,5,Yes,No,DSL,No,Yes,No,No,Yes,No,Month-to-month,No,Electronic check,111.77,544.79,No
CUST-0008229,Female,0,Yes,No,31,Yes,Yes,Fiber optic,No,No,Yes,No,No,No,Month-to-month,Yes,Credit card (automatic),78.05,2410.31,Yes
CUST-0008230,Male,0,Yes,No,52,Yes,Yes,Fiber optic,No,Yes,No,No,Yes,Yes,Month-to-month,Yes,Credit card (automatic),113.9,5880.73,Yes
CUST-0008231,Female,0,Yes,Yes,13,Yes,Yes,No,No internet service,No internet service,No internet service,No internet service,No internet service,No internet service,Two year,Yes,Electronic check,67.69,890.92,Yes
CUST-0008232,Female,0,No,Yes,35,Yes,No,Fiber optic,No,No,No,Yes,Yes,No,Month-to-month,No,Mailed check,115.19,4027.66,No
CUST-0008233,Female,0,No,No,47,Yes,Yes,DSL,No,Yes,No,Yes,Yes,No,Month-to-month,Yes,Credit card (automatic),77.44,3610.01,No
CUST-0008234,Female,0,Yes,No,12,Yes,Yes,Fiber optic,No,No,Yes,No,No,No,Month-to-month,No,Credit card (automatic),118.75,1434.43,Yes
CUST-0008235,Male,1,Yes,No,7,Yes,Yes,DSL,No,Yes,No,No,No,No,One year,Yes,Electronic check,44.14,332.14,No
CUST-0008236,Female,0,No,Yes,10,Yes,Yes,No,No internet service,No internet service,No internet service,No internet service,No internet service,No internet service,One year,No,Electronic check,78.11,799.82,No
CUST-0008237,Male,0,No,No,72,Yes,Yes,No,No internet service,No internet service,No internet service,No internet service,No internet service,No internet service,One year,Yes,Bank transfer (automatic),68.66,4921.33,No
CUST-0008238,Female,0,No,No,6,Yes,Yes,DSL,No,No,Yes,No,Yes,Yes,Month-to-month,No,Mailed check,115.44,674.79,Yes
CUST-0008239,Male,0,Yes,No,49,Yes,No,Fiber optic,No,No,Yes,No,Yes,No,Month-to-month,Yes,Bank transfer (automatic),97.72,4773.51,No
CUST-0008240,Female,0,Yes,No,25,Yes,No,Fiber optic,Yes,No,Yes,No,Yes,No,Month-to-month,No,Electronic check,50.84,1226.2,Yes
CUST-0008241,Male,0,No,No,72,Yes,No,Fiber optic,No,Yes,Yes,No,No,Yes,One year,Yes,Bank transfer (automatic),64.56,4663.99,No
CUST-0008242,Male,1,No,No,18,Yes,No,Fiber optic,No,No,No,No,No,No,Two year,Yes,Electronic check,70.24,1261.76,Yes
CUST-0008243,Female,0,No,No,14,Yes,Yes,DSL,Yes,No,No,Yes,No,No,Month-to-month,Yes,Electronic check,82.61,1186.97,Yes
CUST-0008244,Male,0,No,No,58,Yes,Yes,Fiber optic,No,No,No,No,No,No,Month-to-month,No,Bank transfer (automatic),32.75,1889.56,Yes
CUST-0008245,Female,0,No,No,0,Yes,No,Fiber optic,Yes,Yes,Yes,No,No,No,Month-to-month,Yes,Credit card (automatic),104.18,,No
CUST-0008246,Female,0,Yes,Yes,12,Yes,No,Fiber optic,No,No,No,No,Yes,No,Month-to-month,No,Electronic check,71.2,878.65,No
CUST-0008247,Female,0,Yes,No,39,Yes,Yes,DSL,No,No,No,Yes,Yes,Yes,Month-to-month,Yes,Credit card (automatic),82.27,3188.69,No
CUST-0008248,Female,1,No,Yes,6,Yes,No,Fiber optic,Yes,Yes,Yes,Yes,Yes,No,One year,Yes,Electronic check,106.7,612.73,Yes
CUST-0008249,Male,0,No,Yes,72,Yes,Yes,Fiber optic,Yes,No,No,Yes,No,Yes,One year,Yes,Bank transfer (automatic),69.44,5001.04,Yes
CUST-0008250,Male,1,No,Yes,25,Yes,Yes,No,No internet service,No internet service,No internet service,No internet service,No internet service,No internet service,Month-to-month,Yes,Mailed check,100.71,2486.46,No
CUST-0008251,Male,0,No,Yes,10,Yes,No,No,No internet service,No internet service,No internet service,No internet service,No internet service,No internet service,Month-to-month,Yes,Bank transfer (automatic),95.45,1026.23,No
CUST-0008252,Female,0,Yes,No,50,Yes,No,DSL,No,Yes,Yes,No,Yes,No,Month-to-month,Yes,Credit card (automatic),98.19,4884.17,No
CUST-0008253,Male,0,Yes,No,15,Yes,No,Fiber optic,No,No,No,No,Yes,No,Month-to-month,Yes,Mailed check,107.12,1611.43,Yes
CUST-0008254,Male,0,Yes,No,35,Yes,No,Fiber optic,No,No,No,No,No,No,Month-to-month,Yes,Mailed check,89.11,3121.39,No
CUST-0008255,Female,0,Yes,No,18,Yes,No,Fiber optic,No,No,Yes,Yes,Yes,No,Month-to-month,Yes,Credit card (automatic),83.14,1530.11,No
CUST-0008256,Female,1,No,Yes,68,Yes,No,Fiber optic,Yes,Yes,No,No,No,No,Month-to-month,No,Credit card (automatic),109.51,7417.66,Yes
CUST-0008257,Male,0,No,Yes,7,Yes,No,Fiber optic,No,Yes,No,Yes,Yes,No,Month-to-month,Yes,Credit card (automatic),65.33,431.94,No
CUST-0008258,Female,1,No,Yes,50,Yes,No,Fiber optic,No,Yes,No,Yes,No,No,Month-to-month,Yes,Electronic check,118.75,5948.61,Yes
CUST-0008259,Female,0,Yes,No,18,Yes,Yes,No,No internet service,No internet service,No internet service,No internet service,No internet service,No internet service,Month-to-month,No,Credit card (automatic),112.47,2029.97,No
CUST-0008260,Female,1,No,No,9,Yes,Yes,Fiber optic,No,No,No,No,No,No,Month-to-month,Yes,Mailed check,115.23,1065.93,Yes
CUST-0008261,Male,0,Yes,No,7,Yes,Yes,No,No internet service,No internet service,No internet service,No internet service,No internet service,No internet service,One year,Yes,Mailed check,90.5,613.5,No
CUST-0008262,Male,0,No,No,4,Yes,No,Fiber optic,No,Yes,No,No,Yes,No,Month-to-month,Yes,Electronic check,84.65,386.34,Yes
CUST-0008263,Male,0,No,No,40,Yes,No,No,No internet service,No internet service,No internet service,No internet service,No internet service,No internet service,Month-to-month,Yes,Electronic check,118.43,4746.14,No
CUST-0008264,Male,0,No,No,4,Yes,Yes,Fiber optic,Yes,No,Yes,No,No,Yes,Month-to-month,Yes,Electronic check,80.26,310.88,No
CUST-0008265,Female,1,No,Yes,34,Yes,No,Fiber optic,Yes,No,Yes,No,No,Yes,One year,Yes,Electronic check,93.52,3204.89,No
CUST-0008266,Female,0,Yes,No,1,Yes,Yes,Fiber optic,No,No,No,No,No,No,Month-to-month,Yes,Credit card (automatic),93.62,88.54,Yes
CUST-0008267,Female,0,Yes,Yes,18,Yes,Yes,Fiber optic,No,Yes,No,No,No,No,One year,Yes,Mailed check,118.37,2116.76,No
CUST-0008268,Male,0,Yes,Yes,66,Yes,No,Fiber optic,No,No,No,No,No,No,Month-to-month,Yes,Credit card (automatic),85.13,5622.31,No
CUST-0008269,Female,0,No,No,22,Yes,No,Fiber optic,No,Yes,No,No,Yes,Yes,Month-to-month,Yes,Bank transfer (automatic),75.68,1670.74,No
CUST-0008270,Male,0,No,Yes,34,Yes,Yes,Fiber optic,No,Yes,No,No,Yes,No,Month-to-month,Yes,Mailed check,109.71,3710.71,No
CUST-0008271,Female,0,Yes,No,72,Yes,No,Fiber optic,No,Yes,Yes,Yes,No,Yes,Month-to-month,No,Electronic check,107.18,7737.42,No
CUST-0008272,Female,0,No,Yes,12,Yes,Yes,No,No internet service,No internet service,No internet service,No internet service,No internet service,No internet service,Month-to-month,No,Electronic check,75.58,878.28,No
CUST-0008273,Male,0,No,No,6,Yes,No,Fiber optic,Yes,No,No,No,Yes,No,Month-to-month,No,Bank transfer (automatic),87.33,530.9,No
CUST-0008274,Female,0,Yes,No,33,No,No phone service,DSL,Yes,No,Yes,No,No,Yes,Month-to-month,Yes,Electronic check,118.75,,Yes
CUST-0008275,Female,0,Yes,No,19,Yes,Yes,Fiber optic,Yes,No,Yes,No,Yes,No,Two year,No,Electronic check,83.18,1591.49,No
CUST-0008276,Female,0,Yes,No,72,No,No phone service,Fiber optic,No,No,Yes,Yes,Yes,Yes,Month-to-month,Yes,Electronic check,94.69,6818.17,No
CUST-0008277,Female,1,Yes,No,10,Yes,Yes,No,No internet service,No internet service,No internet service,No internet service,No internet service,No internet service,Month-to-month,No,Mailed check,114.1,1149.37,No
CUST-0008278,Male,0,Yes,No,1,Yes,Yes,DSL,Yes,No,Yes,No,Yes,Yes,Month-to-month,No,Bank transfer (automatic),108.18,111.56,No
CUST-0008279,Male,1,Yes,No,32,Yes,No,Fiber optic,No,Yes,No,No,Yes,Yes,Month-to-month,No,Mailed check,82.08,2623.39,No
CUST-0008280,Male,0,No,No,8,Yes,No,Fiber optic,No,No,No,Yes,No,No,One year,No,Electronic check,71.32,561.05,No
CUST-0008281,Female,1,No,No,21,Yes,Yes,Fiber optic,No,Yes,No,No,Yes,No,Month-to-month,No,Credit card (automatic),118.75,2453.88,No
CUST-0008282,Male,0,No,Yes,33,Yes,Yes,No,No internet service,No internet service,No internet service,No internet service,No internet service,No internet service,Month-to-month,No,Bank transfer (automatic),118.75,3921.51,No
CUST-0008283,Female,0,No,No,53,Yes,No,DSL,Yes,No,No,No,Yes,Yes,Month-to-month,No,Electronic check,80.09,4271.3,Yes
CUST-0008284,Female,0,No,Yes,9,Yes,Yes,Fiber optic,Yes,No,No,Yes,No,No,Two year,No,Bank transfer (automatic),58.62,513.58,No
CUST-0008285,Female,0,No,No,19,Yes,No,Fiber optic,Yes,Yes,No,No,No,Yes,One year,No,Credit card (automatic),87.07,1666.8,No
CUST-0008286,Female,0,Yes,No,25,Yes,Yes,DSL,Yes,No,No,No,No,No,Two year,Yes,Credit card (automatic),99.16,2472.07,No
CUST-0008287,Female,1,Yes,No,11,Yes,Yes,DSL,No,No,No,No,No,Yes,Month-to-month,No,Credit card (automatic),47.47,,Yes
CUST-0008288,Female,0,No,Yes,25,Yes,No,Fiber optic,No,No,No,No,No,Yes,Month-to-month,Yes,Mailed check,99.54,2476.88,Yes
CUST-0008289,Female,1,No,Yes,4,Yes,Yes,DSL,No,No,No,No,No,No,Month-to-month,Yes,Credit card (automatic),94.93,379.3,No
CUST-0008290,Male,0,No,Yes,10,Yes,No,DSL,Yes,Yes,No,Yes,Yes,No,Month-to-month,Yes,Credit card (automatic),72.53,725.56,No
CUST-0008291,Female,0,No,Yes,72,Yes,No,Fiber optic,Yes,No,Yes,Yes,Yes,No,Month-to-month,No,Electronic check,94.96,6819.83,No
CUST-0008292,Female,0,No,Yes,59,Yes,No,Fiber optic,No,Yes,Yes,No,Yes,Yes,One year,Yes,Electronic check,109.3,6406.47,No
CUST-0008293,Male,1,No,No,0,Yes,No,Fiber optic,No,No,Yes,No,No,Yes,Month-to-month,No,Credit card (automatic),88.3,,No
CUST-0008294,Female,0,No,No,41,No,No phone service,DSL,No,No,No,No,Yes,No,One year,Yes,Electronic check,113.72,4646.48,Yes
CUST-0008295,Female,0,No,No,21,Yes,No,DSL,Yes,No,No,No,No,Yes,One year,Yes,Electronic check,51.38,1082.37,No
CUST-0008296,Male,0,Yes,No,21,Yes,No,No,No internet service,No internet service,No internet service,No internet service,No internet service,No internet service,Month-to-month,No,Electronic check,62.36,1327.6,Yes
CUST-0008297,Female,0,No,Yes,37,Yes,Yes,Fiber optic,No,Yes,No,Yes,Yes,No,One year,No,Mailed check,76.12,2845.29,No
CUST-0008298,Male,0,No,No,21,Yes,No,DSL,Yes,Yes,No,No,No,No,Month-to-month,No,Bank transfer (automatic),79.33,1669.54,Yes
CUST-0008299,Male,0,No,No,48,Yes,No,DSL,No,No,Yes,Yes,No,No,Month-to-month,Yes,Mailed check,100.79,,No
CUST-0008300,Female,0,Yes,No,14,Yes,No,Fiber optic,Yes,No,Yes,Yes,Yes,Yes,One year,Yes,Electronic check,78.87,1097.8,Yes
CUST-0008301,Female,0,Yes,No,52,Yes,Yes,DSL,Yes,Yes,Yes,Yes,Yes,Yes,One year,Yes,Electronic check,118.75,6171.64,Yes
CUST-0008302,Male,0,Yes,No,25,No,No phone service,No,No internet service,No internet service,No internet service,No internet service,No internet service,No internet service,Two year,Yes,Mailed check,118.75,2974.06,No
CUST-0008303,Male,0,No,No,25,No,No phone service,Fiber optic,No,No,No,Yes,No,Yes,Month-to-month,Yes,Credit card (automatic),118.75,2991.42,No
CUST-0008304,Male,0,No,Yes,7,Yes,Yes,Fiber optic,No,No,Yes,No,No,Yes,Month-to-month,Yes,Credit card (automatic),104.32,693.12,No
CUST-0008305,Female,1,No,No,21,Yes,Yes,No,No internet service,No internet service,No internet service,No internet service,No internet service,No internet service,Month-to-month,Yes,Electronic check,87.75,1820.13,No
CUST-0008306,Female,0,Yes,Yes,0,Yes,No,No,No internet service,No internet service,No internet service,No internet service,No internet service,No internet service,Two year,No,Electronic check,92.39,,Yes
CUST-0008307,Female,1,No,No,0,Yes,No,Fiber optic,No,Yes,No,No,No,No,Month-to-month,Yes,Bank transfer (automatic),104.41,,Yes
CUST-0008308,Male,0,Yes,Yes,9,Yes,No,Fiber optic,No,Yes,Yes,No,No,Yes,Month-to-month,Yes,Mailed check,62.29,544.84,No
CUST-0008309,Female,0,No,No,2,Yes,No,No,No internet service,No internet service,No internet service,No internet service,No internet service,No internet service,Month-to-month,Yes,Electronic check,81.77,189.2,No
CUST-0008310,Female,0,Yes,No,11,Yes,No,Fiber optic,Yes,No,Yes,Yes,No,No,Month-to-month,Yes,Mailed check,81.78,892.95,No
CUST-0008311,Male,1,No,Yes,5,Yes,Yes,No,No internet service,No internet service,No internet service,No internet service,No internet service,No internet service,Two year,Yes,Electronic check,68.22,346.9,No
CUST-0008312,Female,0,Yes,No,3,Yes,Yes,Fiber optic,No,No,No,No,No,No,Month-to-month,Yes,Mailed check,93.41,283.23,No
CUST-0008313,Male,0,Yes,No,11,Yes,No,Fiber optic,Yes,No,No,No,No,Yes,Month-to-month,No,Mailed check,102.29,1135.93,No
CUST-0008314,Male,0,No,Yes,72,Yes,No,No,No internet service,No internet service,No internet service,No internet service,No internet service,No internet service,One year,No,Credit card (automatic),93.53,6714.82,Yes
CUST-0008315,Male,1,Yes,No,35,Yes,Yes,Fiber optic,No,Yes,No,No,Yes,No,One year,Yes,Bank transfer (automatic),79.15,2773.05,No
CUST-0008316,Male,1,No,No,72,Yes,Yes,Fiber optic,Yes,No,Yes,No,Yes,No,Month-to-month,Yes,Credit card (automatic),109.41,7865.0,No
CUST-0008317,Female,0,No,No,40,Yes,No,Fiber optic,No,Yes,No,No,No,No,Month-to-month,No,Mailed check,47.36,1922.99,No
CUST-0008318,Female,1,Yes,No,15,Yes,Yes,Fiber optic,Yes,Yes,No,No,No,Yes,Two year,Yes,Credit card (automatic),97.1,1428.38,No
CUST-0008319,Female,0,No,No,38,Yes,No,Fiber optic,Yes,No,No,Yes,No,No,Month-to-month,Yes,Bank transfer (automatic),103.65,3983.97,No
CUST-0008320,Male,0,No,Yes,24,Yes,Yes,Fiber optic,No,Yes,No,No,Yes,No,Month-to-month,Yes,Electronic check,101.77,2412.51,No
CUST-0008321,Male,0,No,No,27,Yes,Yes,Fiber optic,Yes,No,No,No,No,No,Month-to-month,Yes,Credit card (automatic),76.62,2090.16,No
CUST-0008322,Male,0,No,No,5,Yes,Yes,No,No internet service,No internet service,No internet service,No internet service,No internet service,No internet service,One year,Yes,Electronic check,52.76,263.75,Yes
CUST-0008323,Female,0,No,No,14,Yes,Yes,DSL,Yes,No,No,Yes,No,No,Two year,Yes,Credit card (automatic),103.46,1463.9,Yes
CUST-0008324,Male,0,No,No,71,Yes,No,Fiber optic,Yes,No,No,No,No,Yes,One year,No,Electronic check,77.39,5460.79,Yes
CUST-0008325,Female,0,No,No,69,Yes,Yes,DSL,Yes,No,No,No,No,Yes,Month-to-month,No,Electronic check,104.93,7252.54,No
CUST-0008326,Male,0,Yes,No,21,Yes,No,DSL,No,No,Yes,No,No,No,Month-to-month,No,Mailed check,59.71,1270.26,No
CUST-0008327,Female,0,No,Yes,26,Yes,No,Fiber optic,Yes,Yes,No,No,No,No,One year,No,Electronic check,67.53,1720.32,No
CUST-0008328,Male,1,No,No,5,Yes,No,DSL,No,Yes,Yes,Yes,No,Yes,Month-to-month,Yes,Mailed check,111.22,590.7,Yes
CUST-0008329,Female,0,Yes,Yes,15,Yes,No,Fiber optic,No,Yes,No,Yes,No,No,Month-to-month,No,Electronic check,118.75,1783.53,No
CUST-0008330,Male,0,Yes,Yes,13,Yes,No,No,No internet service,No internet service,No internet service,No internet service,No internet service,No internet service,Month-to-month,Yes,Mailed check,86.77,1126.26,No
CUST-0008331,Female,0,No,No,16,Yes,No,No,No internet service,No internet service,No internet service,No internet service,No internet service,No internet service,Month-to-month,Yes,Mailed check,80.78,1302.02,No
CUST-0008332,Male,0,No,No,69,Yes,No,Fiber optic,No,No,No,No,No,No,Month-to-month,No,Mailed check,104.9,7225.52,No
CUST-0008333,Female,1,No,No,0,Yes,No,DSL,Yes,No,No,No,Yes,Yes,One year,Yes,Credit card (automatic),76.24,,No
CUST-0008334,Female,0,Yes,No,46,Yes,No,No,No internet service,No internet service,No internet service,No internet service,No internet service,No internet service,Month-to-month,Yes,Electronic check,67.4,3091.72,No
CUST-0008335,Female,0,No,No,20,Yes,Yes,Fiber optic,No,No,No,Yes,Yes,No,Two year,Yes,Electronic check,118.75,2381.63,No
CUST-0008336,Male,1,No,No,16,Yes,Yes,Fiber optic,Yes,No,Yes,No,No,No,Two year,No,Mailed check,96.56,1498.22,Yes
CUST-0008337,Female,1,No,No,72,Yes,Yes,Fiber optic,Yes,No,No,No,Yes,No,One year,Yes,Electronic check,75.52,5445.69,Yes
CUST-0008338,Female,0,No,No,28,Yes,No,Fiber optic,No,No,No,Yes,No,No,Month-to-month,No,Mailed check,116.39,3298.42,No
CUST-0008339,Male,0,No,No,11,Yes,No,No,No internet service,No internet service,No internet service,No internet service,No internet service,No internet service,Month-to-month,No,Electronic check,112.77,1246.69,No
CUST-0008340,Male,0,No,No,33,No,No phone service,DSL,No,No,Yes,No,No,Yes,Month-to-month,No,Credit card (automatic),76.44,2512.68,No
CUST-0008341,Female,0,No,Yes,66,Yes,Yes,Fiber optic,No,No,No,No,Yes,No,Month-to-month,No,Electronic check,83.71,5534.05,No
CUST-0008342,Female,0,No,No,15,Yes,No,Fiber optic,Yes,Yes,Yes,No,Yes,No,Month-to-month,Yes,Mailed check,97.63,1450.63,No
CUST-0008343,Female,0,Yes,No,0,Yes,Yes,No,No internet service,No internet service,No internet service,No internet service,No internet service,No internet service,Month-to-month,No,Mailed check,82.25,,Yes
CUST-0008344,Male,0,No,No,9,Yes,No,No,No internet service,No internet service,No internet service,No internet service,No internet service,No internet service,Month-to-month,No,Electronic check,72.31,646.48,Yes
CUST-0008345,Female,0,Yes,No,8,Yes,Yes,Fiber optic,No,No,Yes,No,No,No,Month-to-month,Yes,Electronic check,85.31,,Yes
CUST-0008346,Female,0,Yes,No,11,Yes,No,DSL,Yes,No,No,No,No,No,Month-to-month,No,Credit card (automatic),105.96,1192.44,No
CUST-0008347,Male,0,No,No,11,Yes,No,DSL,No,No,Yes,Yes,Yes,Yes,Month-to-month,Yes,Credit card (automatic),87.43,961.06,No
CUST-0008348,Female,0,No,No,28,Yes,No,Fiber optic,No,No,Yes,No,Yes,No,Two year,Yes,Credit card (automatic),68.69,1883.54,Yes
CUST-0008349,Male,0,No,No,28,Yes,Yes,Fiber optic,Yes,Yes,No,No,No,No,Month-to-month,Yes,Bank transfer (automatic),118.75,3320.92,No
CUST-0008350,Male,0,Yes,No,34,Yes,Yes,Fiber optic,No,No,Yes,No,No,Yes,Month-to-month,No,Bank transfer (automatic),90.54,3106.3,No
CUST-0008351,Female,0,No,No,41,Yes,No,Fiber optic,Yes,No,Yes,No,Yes,Yes,One year,Yes,Credit card (automatic),104.73,4259.81,No
CUST-0008352,Female,0,Yes,Yes,43,Yes,Yes,Fiber optic,No,No,No,Yes,No,No,Two year,No,Electronic check,76.7,3330.58,Yes
CUST-0008353,Female,0,No,No,10,Yes,Yes,No,No internet service,No internet service,No internet service,No internet service,No internet service,No internet service,Month-to-month,Yes,Credit card (automatic),76.92,746.05,No
CUST-0008354,Female,0,No,No,21,Yes,Yes,DSL,No,Yes,No,No,Yes,No,Month-to-month,Yes,Electronic check,108.85,2236.65,Yes
CUST-0008355,Female,0,Yes,No,72,No,No phone service,Fiber optic,No,No,No,No,Yes,Yes,Two year,No,Electronic check,84.23,6090.45,No
CUST-0008356,Female,0,No,No,72,Yes,Yes,Fiber optic,No,No,No,No,Yes,Yes,Month-to-month,No,Mailed check,100.47,7183.31,No
CUST-0008357,Female,0,Yes,No,20,Yes,No,Fiber optic,No,No,No,No,Yes,No,Month-to-month,Yes,Mailed check,102.87,2088.42,No
CUST-0008358,Male,0,Yes,No,21,Yes,Yes,No,No internet service,No internet service,No internet service,No internet service,No internet service,No internet service,Month-to-month,Yes,Credit card (automatic),111.42,2344.96,No
CUST-0008359,Female,0,No,No,1,Yes,Yes,Fiber optic,No,Yes,No,No,No,No,Month-to-month,No,Electronic check,104.84,103.93,No
CUST-0008360,Female,1,Yes,No,0,Yes,No,DSL,No,No,No,Yes,No,No,Month-to-month,Yes,Mailed check,75.29,,Yes
CUST-0008361,Female,0,Yes,No,57,Yes,No,Fiber optic,No,Yes,Yes,Yes,Yes,Yes,Month-to-month,No,Credit card (automatic),66.81,3760.45,Yes
CUST-0008362,Male,0,No,Yes,1,Yes,No,Fiber optic,No,No,No,Yes,No,No,Month-to-month,Yes,Electronic check,108.45,124.1,No
CUST-0008363,Male,0,No,No,17,Yes,No,No,No internet service,No internet service,No internet service,No internet service,No internet service,No internet service,Month-to-month,Yes,Credit card (automatic),78.74,1327.39,Yes
CUST-0008364,Male,0,No,No,8,Yes,Yes,DSL,No,No,Yes,Yes,Yes,No,Month-to-month,Yes,Electronic check,118.75,914.23,No
CUST-0008365,Male,0,No,No,58,No,No phone service,DSL,No,Yes,No,No,No,No,Month-to-month,Yes,Credit card (automatic),105.04,6062.82,Yes
CUST-0008366,Female,0,Yes,No,2,Yes,Yes,No,No internet service,No internet service,No internet service,No internet service,No internet service,No internet service,Month-to-month,Yes,Bank transfer (automatic),88.72,148.29,Yes
CUST-0008367,Female,0,No,No,22,Yes,Yes,Fiber optic,No,No,No,Yes,Yes,Yes,Month-to-month,Yes,Mailed check,84.94,1872.14,No
CUST-0008368,Female,1,No,No,15,Yes,No,DSL,No,Yes,Yes,Yes,No,No,One year,Yes,Credit card (automatic),78.8,1197.36,No
CUST-0008369,Male,1,No,No,1,Yes,No,Fiber optic,No,No,Yes,Yes,No,No,Two year,Yes,Electronic check,67.64,111.36,Yes
CUST-0008370,Female,1,Yes,No,5,Yes,Yes,No,No internet service,No internet service,No internet service,No internet service,No internet service,No internet service,Month-to-month,No,Electronic check,106.95,,Yes
CUST-0008371,Male,0,No,No,48,Yes,No,Fiber optic,Yes,No,No,Yes,No,No,Month-to-month,No,Bank transfer (automatic),47.6,2301.15,No
CUST-0008372,Female,0,Yes,Yes,2,Yes,No,Fiber optic,No,No,No,No,No,No,One year,No,Credit card (automatic),42.59,67.28,Yes
CUST-0008373,Female,0,Yes,Yes,36,Yes,Yes,No,No internet service,No internet service,No internet service,No internet service,No internet service,No internet service,Month-to-month,Yes,Credit card (automatic),99.58,3588.87,No
CUST-0008374,Male,0,No,Yes,62,Yes,No,Fiber optic,No,Yes,No,Yes,Yes,Yes,Month-to-month,Yes,Electronic check,77.68,4846.94,No
CUST-0008375,Male,0,Yes,No,72,Yes,No,DSL,No,No,Yes,No,No,No,Month-to-month,Yes,Bank transfer (automatic),96.52,6943.67,Yes
CUST-0008376,Male,0,Yes,Yes,39,Yes,Yes,Fiber optic,Yes,No,No,No,No,No,One year,No,Electronic check,88.01,3401.72,Yes
CUST-0008377,Male,0,Yes,Yes,26,Yes,Yes,DSL,No,No,No,No,Yes,No,Month-to-month,No,Bank transfer (automatic),99.24,2605.69,No
CUST-0008378,Male,0,No,No,8,Yes,Yes,Fiber optic,Yes,No,Yes,Yes,No,No,Two year,No,Mailed check,106.38,859.25,No
CUST-0008379,Female,1,Yes,No,0,Yes,Yes,DSL,No,No,No,Yes,No,Yes,Month-to-month,Yes,Credit card (automatic),118.12,,Yes
CUST-0008380,Female,0,No,No,5,Yes,Yes,Fiber optic,Yes,No,Yes,Yes,No,No,Two year,No,Electronic check,114.09,544.7,No
CUST-0008381,Female,0,No,Yes,44,Yes,Yes,Fiber optic,Yes,Yes,Yes,Yes,No,No,Month-to-month,Yes,Electronic check,106.24,4682.41,No
CUST-0008382,Male,0,No,No,45,Yes,No,DSL,No,No,Yes,No,No,Yes,Two year,No,Credit card (automatic),114.54,5157.61,Yes
CUST-0008383,Male,0,No,Yes,10,Yes,No,DSL,No,Yes,No,Yes,No,Yes,Month-to-month,Yes,Mailed check,76.15,764.74,No
CUST-0008384,Female,0,No,No,14,Yes,Yes,Fiber optic,No,No,Yes,Yes,No,No,Month-to-month,No,Mailed check,80.77,1125.85,No
CUST-0008385,Female,0,Yes,No,10,Yes,Yes,Fiber optic,No,No,Yes,No,No,Yes,One year,Yes,Credit card (automatic),63.26,614.35,No
CUST-0008386,Male,0,No,Yes,72,Yes,No,Fiber optic,No,No,No,Yes,No,Yes,Month-to-month,Yes,Mailed check,87.22,6287.67,No
CUST-0008387,Male,0,No,No,7,No,No phone service,No,No internet service,No internet service,No internet service,No internet service,No internet service,No internet service,Month-to-month,Yes,Electronic check,101.06,716.51,No
CUST-0008388,Female,0,No,Yes,32,No,No phone service,No,No internet service,No internet service,No internet service,No internet service,No internet service,No internet service,One year,No,Bank transfer (automatic),85.54,2731.07,No
CUST-0008389,Male,0,Yes,No,11,Yes,Yes,DSL,No,No,No,No,No,No,Month-to-month,Yes,Electronic check,113.45,1234.45,No
CUST-0008390,Male,0,No,No,11,Yes,Yes,DSL,No,No,No,No,No,Yes,Month-to-month,No,Electronic check,72.51,785.61,Yes
CUST-0008391,Male,0,No,No,51,Yes,Yes,DSL,No,No,No,No,No,No,Month-to-month,Yes,Credit card (automatic),80.82,4118.2,No
CUST-0008392,Male,0,No,No,14,Yes,Yes,Fiber optic,No,Yes,No,No,No,No,Two year,Yes,Bank transfer (automatic),64.07,905.92,No
CUST-0008393,Female,0,No,No,72,Yes,No,DSL,No,No,Yes,No,No,No,Month-to-month,Yes,Credit card (automatic),60.68,4403.9,Yes
CUST-0008394,Male,0,No,Yes,12,Yes,Yes,Fiber optic,No,No,No,Yes,No,No,Month-to-month,No,Mailed check,101.34,1206.07,No
CUST-0008395,Female,0,No,No,10,Yes,Yes,Fiber optic,Yes,Yes,No,No,Yes,Yes,Month-to-month,Yes,Bank transfer (automatic),104.1,,No
CUST-0008396,Female,1,Yes,Yes,72,Yes,No,Fiber optic,No,Yes,Yes,Yes,No,No,One year,Yes,Electronic check,65.96,4766.33,No
CUST-0008397,Female,1,Yes,No,0,Yes,No,DSL,No,No,No,No,Yes,Yes,Month-to-month,Yes,Electronic check,79.29,,Yes
CUST-0008398,Female,1,Yes,No,3,Yes,Yes,Fiber optic,Yes,No,No,No,Yes,No,Two year,Yes,Credit card (automatic),97.15,311.51,No
CUST-0008399,Female,0,No,No,36,Yes,No,No,No internet service,No internet service,No internet service,No internet service,No internet service,No internet service,Two year,Yes,Credit card (automatic),82.34,2913.29,No
CUST-0008400,Male,0,No,Yes,36,No,No phone service,No,No internet service,No internet service,No internet service,No internet service,No internet service,No internet service,Two year,No,Mailed check,101.4,3668.83,Yes
CUST-0008401,Female,0,No,No,53,Yes,Yes,Fiber optic,Yes,No,No,No,Yes,No,Month-to-month,Yes,Electronic check,65.62,3481.72,Yes
CUST-0008402,Female,0,Yes,Yes,21,No,No phone service,No,No internet service,No internet service,No internet service,No internet service,No internet service,No internet service,Month-to-month,No,Credit card (automatic),86.69,1845.7,No
CUST-0008403,Male,0,Yes,No,19,Yes,No,Fiber optic,No,Yes,Yes,No,No,No,Month-to-month,Yes,Mailed check,109.53,2087.46,Yes
CUST-0008404,Female,0,No,No,21,Yes,No,Fiber optic,No,Yes,Yes,No,No,No,Two year,Yes,Electronic check,97.17,2080.92,No
CUST-0008405,Male,0,Yes,Yes,60,Yes,No,Fiber optic,No,No,Yes,No,Yes,No,One year,No,Credit card (automatic),67.54,4017.28,No
CUST-0008406,Male,0,No,No,7,Yes,No,Fiber optic,Yes,No,No,No,Yes,No,Month-to-month,No,Bank transfer (automatic),79.63,558.21,No
CUST-0008407,Male,0,No,Yes,20,Yes,No,Fiber optic,No,Yes,Yes,No,No,Yes,Month-to-month,Yes,Electronic check,109.06,2139.42,Yes
CUST-0008408,Male,0,No,Yes,64,Yes,No,Fiber optic,No,No,No,No,No,Yes,Month-to-month,Yes,Bank transfer (automatic),87.2,5550.28,No
CUST-0008409,Female,0,Yes,Yes,18,Yes,No,Fiber optic,No,Yes,Yes,No,No,Yes,Two year,No,Electronic check,100.56,1825.77,No
CUST-0008410,Male,0,No,No,61,Yes,Yes,DSL,No,No,No,Yes,No,No,Month-to-month,Yes,Bank transfer (automatic),115.63,7043.03,No
CUST-0008411,Male,0,Yes,No,3,Yes,Yes,No,No internet service,No internet service,No internet service,No internet service,No internet service,No internet service,One year,Yes,Credit card (automatic),90.17,290.22,No
CUST-0008412,Female,0,Yes,Yes,72,Yes,No,Fiber optic,No,Yes,No,Yes,No,Yes,One year,Yes,Electronic check,118.75,8562.88,No
CUST-0008413,Female,0,No,No,8,Yes,Yes,No,No internet service,No internet service,No internet service,No internet service,No internet service,No internet service,One year,Yes,Bank transfer (automatic),118.75,896.16,No
CUST-0008414,Male,0,No,Yes,13,Yes,No,No,No internet service,No internet service,No internet service,No internet service,No internet service,No internet service,One year,No,Bank transfer (automatic),84.96,1133.69,Yes
CUST-0008415,Male,0,No,Yes,1,Yes,No,DSL,No,Yes,No,Yes,No,No,Month-to-month,Yes,Electronic check,86.2,67.76,No
CUST-0008416,Male,1,Yes,Yes,7,Yes,Yes,Fiber optic,No,No,No,No,No,No,Month-to-month,Yes,Electronic check,79.14,563.27,No
CUST-0008417,Male,0,No,Yes,9,Yes,No,DSL,Yes,No,No,Yes,No,Yes,Month-to-month,Yes,Mailed check,90.42,827.62,Yes
CUST-0008418,Male,0,No,Yes,24,Yes,Yes,Fiber optic,No,No,No,No,No,Yes,Month-to-month,Yes,Mailed check,106.96,2537.89,Yes
CUST-0008419,Female,1,No,No,72,Yes,Yes,Fiber optic,No,No,Yes,No,Yes,No,Month-to-month,No,Bank transfer (automatic),82.99,5943.35,No
CUST-0008420,Female,1,Yes,No,4,Yes,Yes,DSL,Yes,Yes,No,Yes,Yes,Yes,Month-to-month,Yes,Mailed check,87.24,371.42,Yes
CUST-0008421,Female,0,No,No,9,Yes,Yes,Fiber optic,No,No,Yes,Yes,No,No,Month-to-month,Yes,Mailed check,80.8,721.91,No
CUST-0008422,Male,0,Yes,Yes,72,Yes,Yes,DSL,No,No,No,No,No,No,Month-to-month,Yes,Bank transfer (automatic),118.75,8536.7,No
CUST-0008423,Male,0,No,Yes,16,Yes,Yes,Fiber optic,No,Yes,Yes,No,No,No,Month-to-month,Yes,Mailed check,64.63,1040.96,No
CUST-0008424,Male,0,Yes,Yes,25,Yes,No,No,No internet service,No internet service,No internet service,No internet service,No internet service,No internet service,Month-to-month,Yes,Electronic check,110.9,2768.15,Yes
CUST-0008425,Male,0,Yes,No,15,Yes,Yes,DSL,No,No,Yes,No,Yes,No,Month-to-month,Yes,Bank transfer (automatic),112.2,1683.08,No
CUST-0008426,Male,1,Yes,No,2,Yes,No,Fiber optic,No,Yes,No,Yes,No,No,One year,No,Bank transfer (automatic),89.81,189.2,No
CUST-0008427,Female,0,No,No,4,Yes,No,No,No internet service,No internet service,No internet service,No internet service,No internet service,No internet service,Month-to-month,No,Bank transfer (automatic),85.16,,No
CUST-0008428,Male,1,No,No,40,Yes,No,Fiber optic,Yes,No,Yes,Yes,No,No,Month-to-month,No,Bank transfer (automatic),60.51,2444.33,No
CUST-0008429,Female,1,Yes,Yes,47,Yes,Yes,No,No internet service,No internet service,No internet service,No internet service,No internet service,No internet service,Month-to-month,No,Bank transfer (automatic),95.55,4476.7,No
CUST-0008430,Female,0,No,No,28,Yes,Yes,No,No internet service,No internet service,No internet service,No internet service,No internet service,No internet service,Month-to-month,Yes,Bank transfer (automatic),67.55,1909.13,No
CUST-0008431,Male,0,Yes,No,60,Yes,No,Fiber optic,No,Yes,No,No,Yes,Yes,Month-to-month,Yes,Credit card (automatic),117.21,7053.43,No
CUST-0008432,Male,1,Yes,No,21,No,No phone service,Fiber optic,No,Yes,Yes,No,Yes,No,Month-to-month,No,Mailed check,53.78,1121.12,No
CUST-0008433,Female,0,No,Yes,2,No,No phone service,No,No internet service,No internet service,No internet service,No internet service,No internet service,No internet service,Month-to-month,No,Electronic check,97.04,193.57,No
CUST-0008434,Female,0,Yes,Yes,38,Yes,Yes,DSL,No,Yes,Yes,No,No,No,Month-to-month,No,Electronic check,100.43,3804.38,Yes
CUST-0008435,Male,0,No,No,2,Yes,No,Fiber optic,No,Yes,No,No,No,Yes,Month-to-month,Yes,Credit card (automatic),118.75,213.0,No
CUST-0008436,Male,0,Yes,Yes,13,Yes,No,DSL,No,No,No,No,No,Yes,Two year,Yes,Electronic check,55.43,701.93,No
CUST-0008437,Female,1,Yes,No,0,No,No phone service,DSL,No,No,Yes,Yes,Yes,No,Month-to-month,No,Credit card (automatic),66.36,,No
CUST-0008438,Female,0,No,No,33,Yes,Yes,No,No internet service,No internet service,No internet service,No internet service,No internet service,No internet service,Month-to-month,Yes,Bank transfer (automatic),67.6,2285.83,Yes
CUST-0008439,Female,0,Yes,No,14,Yes,No,Fiber optic,No,No,No,No,No,No,Month-to-month,Yes,Electronic check,98.48,1364.06,Yes
CUST-0008440,Male,0,Yes,No,9,Yes,Yes,DSL,No,No,Yes,No,No,No,Month-to-month,Yes,Mailed check,118.75,1084.44,No
CUST-0008441,Male,0,No,No,14,Yes,Yes,No,No internet service,No internet service,No internet service,No internet service,No internet service,No internet service,Month-to-month,Yes,Bank transfer (automatic),76.61,1060.19,No
CUST-0008442,Male,0,Yes,No,40,Yes,Yes,Fiber optic,No,No,Yes,No,Yes,Yes,Month-to-month,Yes,Bank transfer (automatic),93.93,3732.79,Yes
CUST-0008443,Female,0,Yes,No,12,Yes,Yes,Fiber optic,Yes,No,Yes,Yes,Yes,No,Month-to-month,Yes,Electronic check,98.17,1139.88,Yes
CUST-0008444,Male,0,No,No,48,Yes,Yes,Fiber optic,Yes,No,Yes,No,Yes,Yes,One year,Yes,Electronic check,18.79,885.89,No
CUST-0008445,Female,1,Yes,Yes,16,Yes,Yes,DSL,No,No,Yes,No,Yes,No,Month-to-month,No,Mailed check,82.54,1348.31,No
CUST-0008446,Male,0,No,Yes,1,Yes,Yes,No,No internet service,No internet service,No internet service,No internet service,No internet service,No internet service,Month-to-month,Yes,Electronic check,38.18,-4.05,No
CUST-0008447,Female,0,Yes,No,24,No,No phone service,Fiber optic,Yes,No,No,No,No,Yes,One year,Yes,Credit card (automatic),104.35,2501.81,Yes
CUST-0008448,Male,0,Yes,No,36,Yes,No,No,No internet service,No internet service,No internet service,No internet service,No internet service,No internet service,One year,Yes,Mailed check,71.83,2526.11,No
CUST-0008449,Female,0,No,No,8,No,No phone service,Fiber optic,No,No,No,Yes,No,Yes,Month-to-month,No,Electronic check,98.44,783.47,Yes
CUST-0008450,Male,1,Yes,Yes,61,No,No phone service,No,No internet service,No internet service,No internet service,No internet service,No internet service,No internet service,Month-to-month,Yes,Mailed check,71.08,4358.94,No
CUST-0008451,Female,0,No,No,50,Yes,Yes,Fiber optic,No,No,No,No,Yes,No,Month-to-month,Yes,Electronic check,76.57,3873.74,No
CUST-0008452,Male,0,Yes,No,36,Yes,No,DSL,No,No,No,No,Yes,No,Month-to-month,Yes,Electronic check,65.64,2380.82,No
CUST-0008453,Female,0,No,Yes,8,Yes,No,DSL,No,Yes,Yes,No,No,No,Month-to-month,No,Electronic check,114.91,922.27,No
CUST-0008454,Male,0,No,Yes,22,Yes,Yes,Fiber optic,Yes,No,No,No,Yes,No,Two year,Yes,Mailed check,96.12,2163.04,No
CUST-0008455,Female,0,No,No,42,Yes,Yes,Fiber optic,No,No,No,Yes,No,Yes,Two year,Yes,Bank transfer (automatic),73.05,3058.85,Yes
CUST-0008456,Female,0,No,Yes,1,Yes,No,Fiber optic,No,No,No,No,No,No,Month-to-month,No,Electronic check,80.91,141.65,No
CUST-0008457,Female,0,No,Yes,8,Yes,No,DSL,No,No,Yes,No,No,No,Two year,No,Bank transfer (automatic),39.18,315.74,No
CUST-0008458,Male,0,Yes,Yes,16,Yes,No,Fiber optic,Yes,No,No,No,No,Yes,Month-to-month,Yes,Bank transfer (automatic),79.98,1249.75,No
CUST-0008459,Male,1,No,No,3,Yes,No,Fiber optic,No,No,No,Yes,Yes,No,Month-to-month,No,Bank transfer (automatic),66.65,217.5,Yes
CUST-0008460,Female,1,Yes,No,64,Yes,No,Fiber optic,No,No,No,No,Yes,Yes,One year,Yes,Bank transfer (automatic),99.11,6314.83,Yes
CUST-0008461,Female,0,No,No,50,Yes,No,DSL,Yes,No,Yes,Yes,No,No,Two year,No,Credit card (automatic),83.75,4202.09,Yes
CUST-0008462,Female,0,Yes,Yes,5,Yes,No,Fiber optic,No,Yes,No,No,Yes,No,One year,No,Bank transfer (automatic),79.83,400.76,No
CUST-0008463,Male,0,No,Yes,2,Yes,Yes,Fiber optic,Yes,Yes,Yes,Yes,Yes,Yes,Month-to-month,No,Bank transfer (automatic),67.61,154.19,No
CUST-0008464,Female,0,Yes,No,21,No,No phone service,No,No internet service,No internet service,No internet service,No internet service,No internet service,No internet service,One year,Yes,Electronic check,114.3,2403.13,Yes
CUST-0008465,Male,0,Yes,Yes,5,Yes,Yes,Fiber optic,No,Yes,Yes,No,Yes,No,One year,No,Credit card (automatic),90.52,431.55,No
CUST-0008466,Male,0,Yes,Yes,34,Yes,Yes,Fiber optic,Yes,No,No,No,Yes,No,One year,Yes,Electronic check,101.19,3392.44,No
CUST-0008467,Female,0,No,No,11,Yes,No,Fiber optic,Yes,Yes,Yes,No,Yes,Yes,One year,Yes,Bank transfer (automatic),118.75,1346.53,No
CUST-0008468,Male,0,No,No,8,Yes,Yes,Fiber optic,No,No,Yes,No,Yes,No,Month-to-month,No,Bank transfer (automatic),64.97,479.59,Yes
CUST-0008469,Female,1,No,Yes,3,Yes,Yes,DSL,No,Yes,Yes,No,Yes,No,Month-to-month,Yes,Electronic check,108.13,334.47,No
CUST-0008470,Male,0,Yes,No,39,Yes,Yes,No,No internet service,No internet service,No internet service,No internet service,No internet service,No internet service,One year,No,Electronic check,106.92,4132.14,Yes
CUST-0008471,Female,0,No,No,4,Yes,Yes,No,No internet service,No internet service,No internet service,No internet service,No internet service,No internet service,Month-to-month,No,Electronic check,56.92,278.36,Yes
CUST-0008472,Female,1,No,Yes,35,Yes,Yes,DSL,No,Yes,No,No,No,Yes,Month-to-month,Yes,Mailed check,62.25,,Yes
CUST-0008473,Male,1,No,Yes,36,Yes,Yes,Fiber optic,Yes,No,No,No,No,No,Month-to-month,Yes,Bank transfer (automatic),118.75,4274.87,No
CUST-0008474,Female,0,No,No,13,Yes,No,DSL,Yes,No,Yes,No,No,No,One year,No,Electronic check,99.2,1246.88,Yes
CUST-0008475,Male,0,No,No,31,Yes,No,DSL,Yes,No,No,No,Yes,No,Month-to-month,Yes,Bank transfer (automatic),87.94,2696.87,No
CUST-0008476,Female,0,Yes,No,36,Yes,Yes,DSL,No,No,No,Yes,No,Yes,Month-to-month,No,Credit card (automatic),73.49,2649.99,No
CUST-0008477,Female,0,No,No,51,No,No phone service,No,No internet service,No internet service,No internet service,No internet service,No internet service,No internet service,Month-to-month,No,Electronic check,118.75,6042.66,Yes
CUST-0008478,Female,1,No,No,5,Yes,No,No,No internet service,No internet service,No internet service,No internet service,No internet service,No internet service,Month-to-month,No,Credit card (automatic),100.71,507.84,No
CUST-0008479,Male,0,Yes,Yes,0,Yes,No,DSL,No,No,No,No,Yes,Yes,Month-to-month,Yes,Mailed check,89.44,,No
CUST-0008480,Female,0,Yes,No,39,Yes,Yes,Fiber optic,No,No,No,No,No,Yes,One year,No,Electronic check,95.76,3763.69,No
CUST-0008481,Female,1,Yes,Yes,60,Yes,No,DSL,Yes,Yes,No,No,No,No,Month-to-month,Yes,Credit card (automatic),89.59,5373.93,No
CUST-0008482,Female,0,No,No,12,No,No phone service,DSL,Yes,No,Yes,No,No,No,Month-to-month,No,Bank transfer (automatic),89.6,1077.85,No
CUST-0008483,Male,1,No,No,14,Yes,Yes,DSL,No,No,No,Yes,Yes,Yes,Month-to-month,Yes,Electronic check,90.31,1275.9,Yes
CUST-0008484,Male,1,Yes,No,27,Yes,No,Fiber optic,No,No,No,No,No,No,Month-to-month,No,Credit card (automatic),87.3,2366.08,No
CUST-0008485,Female,1,No,No,72,Yes,Yes,Fiber optic,Yes,No,No,Yes,Yes,Yes,Month-to-month,Yes,Mailed check,118.75,8527.0,No
CUST-0008486,Male,0,Yes,No,18,Yes,No,DSL,No,Yes,Yes,No,Yes,No,Month-to-month,Yes,Credit card (automatic),91.5,1615.74,Yes
CUST-0008487,Female,1,No,No,25,Yes,No,Fiber optic,No,Yes,No,No,Yes,Yes,Month-to-month,No,Electronic check,98.05,2445.02,No
CUST-0008488,Male,0,No,No,13,Yes,Yes,No,No internet service,No internet service,No internet service,No internet service,No internet service,No internet service,Two year,No,Bank transfer (automatic),70.7,924.91,No
CUST-0008489,Male,0,Yes,No,59,Yes,No,Fiber optic,No,Yes,No,Yes,No,Yes,Two year,Yes,Credit card (automatic),45.76,2715.79,No
CUST-0008490,Male,0,Yes,No,72,Yes,No,Fiber optic,No,Yes,No,No,No,No,Month-to-month,No,Electronic check,56.82,4103.51,Yes
CUST-0008491,Female,0,No,Yes,20,Yes,No,No,No internet service,No internet service,No internet service,No internet service,No internet service,No internet service,One year,Yes,Mailed check,103.17,,No
CUST-0008492,Female,0,Yes,No,40,Yes,No,Fiber optic,No,Yes,No,No,Yes,Yes,One year,Yes,Electronic check,105.48,4215.06,No
CUST-0008493,Female,0,Yes,No,23,Yes,No,DSL,No,Yes,No,Yes,Yes,No,Month-to-month,Yes,Mailed check,81.52,1815.86,No
CUST-0008494,Female,1,No,No,70,Yes,No,Fiber optic,No,Yes,No,Yes,Yes,No,One year,Yes,Electronic check,95.43,6698.24,No
CUST-0008495,Female,0,No,Yes,25,Yes,Yes,Fiber optic,No,Yes,Yes,No,No,No,One year,Yes,Electronic check,113.32,2832.62,No
CUST-0008496,Female,0,No,No,31,Yes,Yes,DSL,No,No,Yes,Yes,No,No,Month-to-month,No,Bank transfer (automatic),95.86,2964.14,No
CUST-0008497,Female,1,Yes,No,30,Yes,No,Fiber optic,No,Yes,No,Yes,Yes,Yes,Two year,Yes,Credit card (automatic),76.13,2290.36,No
CUST-0008498,Female,0,Yes,No,33,Yes,No,Fiber optic,Yes,No,No,No,No,No,Month-to-month,No,Electronic check,97.96,3246.61,No
CUST-0008499,Female,0,No,No,46,Yes,Yes,No,No internet service,No internet service,No internet service,No internet service,No internet service,No internet service,One year,Yes,Electronic check,116.89,5391.23,No
CUST-0008500,Female,0,Yes,Yes,61,Yes,Yes,No,No internet service,No internet service,No internet service,No internet service,No internet service,No internet service,One year,Yes,Bank transfer (automatic),114.53,,No
CUST-0008501,Male,0,Yes,No,38,Yes,No,Fiber optic,No,No,No,No,Yes,Yes,Month-to-month,Yes,Credit card (automatic),102.86,3946.5,No
CUST-0008502,Male,0,No,No,8,Yes,No,Fiber optic,No,No,Yes,No,Yes,Yes,Month-to-month,Yes,Credit card (automatic),82.62,674.98,No
CUST-0008503,Female,0,No,Yes,72,Yes,Yes,DSL,No,No,Yes,No,No,No,Two year,Yes,Mailed check,76.46,5519.32,No
CUST-0008504,Male,0,Yes,No,13,Yes,Yes,Fiber optic,No,No,Yes,No,Yes,Yes,Month-to-month,Yes,Electronic check,115.89,1502.47,Yes
CUST-0008505,Male,0,Yes,Yes,32,Yes,No,Fiber optic,Yes,Yes,Yes,No,No,No,Month-to-month,No,Electronic check,78.14,2525.38,No
CUST-0008506,Female,0,No,No,41,Yes,Yes,Fiber optic,Yes,No,No,No,No,Yes,One year,Yes,Credit card (automatic),91.18,3718.71,No
CUST-0008507,Female,0,Yes,Yes,31,Yes,Yes,Fiber optic,No,Yes,No,No,Yes,Yes,One year,Yes,Mailed check,118.75,3677.13,Yes
CUST-0008508,Female,0,Yes,No,26,Yes,No,DSL,No,No,Yes,Yes,No,No,Month-to-month,No,Credit card (automatic),49.75,1326.09,No
CUST-0008509,Male,0,No,Yes,50,No,No phone service,Fiber optic,No,Yes,No,No,No,No,Month-to-month,No,Electronic check,63.14,3127.14,No
CUST-0008510,Female,0,No,Yes,17,Yes,No,Fiber optic,No,No,Yes,Yes,No,Yes,Month-to-month,Yes,Mailed check,89.82,1509.82,No
CUST-0008511,Female,0,No,Yes,72,Yes,Yes,Fiber optic,Yes,Yes,No,Yes,No,Yes,Month-to-month,No,Electronic check,105.79,7616.82,No
CUST-0008512,Female,0,No,No,47,Yes,Yes,Fiber optic,Yes,Yes,Yes,Yes,No,Yes,One year,Yes,Mailed check,96.03,4532.1,Yes
CUST-0008513,Female,0,Yes,No,25,Yes,No,Fiber optic,Yes,Yes,Yes,No,No,No,One year,Yes,Credit card (automatic),118.75,2911.53,No
CUST-0008514,Male,1,No,No,18,Yes,Yes,DSL,No,No,No,Yes,Yes,Yes,Month-to-month,No,Electronic check,90.38,1642.98,No
CUST-0008515,Female,0,No,Yes,29,Yes,No,Fiber optic,No,Yes,No,No,Yes,No,Month-to-month,Yes,Credit card (automatic),89.5,2600.65,Yes
CUST-0008516,Female,0,No,No,2,Yes,Yes,Fiber optic,No,No,No,Yes,Yes,No,Month-to-month,No,Bank transfer (automatic),72.7,176.54,No
CUST-0008517,Male,0,Yes,No,17,Yes,Yes,Fiber optic,No,No,No,No,No,Yes,Month-to-month,No,Credit card (automatic),88.01,,Yes
CUST-0008518,Female,1,Yes,No,19,Yes,No,DSL,No,No,Yes,No,No,No,Month-to-month,Yes,Credit card (automatic),87.12,1635.42,No
CUST-0008519,Female,0,Yes,Yes,48,Yes,Yes,Fiber optic,No,No,Yes,No,No,Yes,Month-to-month,Yes,Electronic check,18.25,878.08,No
CUST-0008520,Female,0,Yes,No,0,Yes,Yes,No,No internet service,No internet service,No internet service,No internet service,No internet service,No internet service,Month-to-month,Yes,Bank transfer (automatic),118.75,,No
CUST-0008521,Male,0,Yes,No,6,Yes,Yes,Fiber optic,No,Yes,No,No,No,Yes,Month-to-month,Yes,Credit card (automatic),55.87,365.28,Yes
CUST-0008522,Male,0,Yes,No,54,Yes,No,Fiber optic,Yes,No,Yes,No,No,No,Month-to-month,No,Mailed check,89.39,4783.83,No
CUST-0008523,Female,1,Yes,No,18,Yes,No,Fiber optic,No,No,Yes,Yes,Yes,Yes,Month-to-month,Yes,Electronic check,113.34,2034.26,No
CUST-0008524,Female,1,Yes,Yes,3,Yes,No,Fiber optic,No,No,Yes,Yes,No,Yes,Two year,No,Electronic check,58.54,156.05,No
CUST-0008525,Female,0,Yes,Yes,27,Yes,No,Fiber optic,No,No,No,No,Yes,No,One year,No,Credit card (automatic),103.3,2798.33,Yes
CUST-0008526,Male,1,Yes,No,8,No,No phone service,Fiber optic,No,No,No,No,No,Yes,Month-to-month,No,Electronic check,113.53,945.06,No
CUST-0008527,Male,0,No,No,10,Yes,Yes,No,No internet service,No internet service,No internet service,No internet service,No internet service,No internet service,Two year,Yes,Electronic check,86.38,849.63,No
CUST-0008528,Female,0,No,No,19,Yes,No,Fiber optic,No,No,No,No,Yes,No,Month-to-month,Yes,Credit card (automatic),53.25,992.65,Yes
CUST-0008529,Female,0,Yes,No,18,Yes,No,No,No internet service,No internet service,No internet service,No internet service,No internet service,No internet service,Two year,Yes,Mailed check,63.58,1140.63,No
CUST-0008530,Female,0,No,Yes,53,Yes,Yes,Fiber optic,No,Yes,No,Yes,Yes,Yes,One year,Yes,Electronic check,99.93,5278.7,Yes
CUST-0008531,Female,0,No,Yes,54,Yes,Yes,DSL,No,No,Yes,No,No,No,Month-to-month,Yes,Bank transfer (automatic),89.88,4849.14,No
CUST-0008532,Male,0,No,Yes,9,Yes,No,Fiber optic,Yes,No,Yes,Yes,No,No,One year,Yes,Electronic check,117.37,1092.55,No
CUST-0008533,Female,1,No,No,40,Yes,Yes,Fiber optic,Yes,No,No,No,No,No,Month-to-month,Yes,Mailed check,69.94,2794.24,No
CUST-0008534,Female,0,No,No,30,Yes,Yes,DSL,No,No,No,No,Yes,No,Month-to-month,Yes,Credit card (automatic),74.74,2232.57,No
CUST-0008535,Female,0,No,Yes,14,Yes,No,Fiber optic,Yes,No,Yes,No,No,No,One year,No,Bank transfer (automatic),32.67,,No
CUST-0008536,Female,1,No,No,30,Yes,No,Fiber optic,No,No,Yes,No,No,No,Two year,No,Credit card (automatic),118.75,3574.27,No
CUST-0008537,Female,0,Yes,No,2,Yes,Yes,No,No internet service,No internet service,No internet service,No internet service,No internet service,No internet service,Month-to-month,No,Electronic check,118.75,255.08,Yes
CUST-0008538,Male,0,Yes,Yes,60,Yes,No,Fiber optic,Yes,No,No,Yes,No,No,One year,Yes,Electronic check,61.41,3674.08,Yes
CUST-0008539,Male,0,Yes,No,3,Yes,No,No,No internet service,No internet service,No internet service,No internet service,No internet service,No internet service,Two year,Yes,Electronic check,81.25,221.04,No
CUST-0008540,Male,0,No,Yes,3,Yes,No,Fiber optic,No,No,No,No,Yes,No,Month-to-month,Yes,Electronic check,109.95,346.45,No
CUST-0008541,Male,0,No,No,14,Yes,No,DSL,No,No,No,No,No,No,Two year,No,Credit card (automatic),92.7,1254.23,Yes
CUST-0008542,Female,0,Yes,Yes,18,Yes,Yes,Fiber optic,No,No,No,Yes,No,Yes,Month-to-month,Yes,Mailed check,100.71,1844.68,No
CUST-0008543,Female,1,Yes,No,6,Yes,Yes,Fiber optic,No,No,No,Yes,No,No,Month-to-month,No,Electronic check,79.77,425.31,No
CUST-0008544,Female,0,Yes,No,49,Yes,Yes,Fiber optic,No,Yes,No,No,Yes,Yes,Month-to-month,Yes,Credit card (automatic),100.58,4905.44,No
CUST-0008545,Female,0,Yes,No,1,Yes,No,DSL,No,No,No,No,Yes,No,Month-to-month,Yes,Electronic check,100.47,80.08,Yes
CUST-0008546,Male,0,Yes,No,28,Yes,No,Fiber optic,No,Yes,No,No,No,Yes,Month-to-month,Yes,Electronic check,70.51,1964.79,No
CUST-0008547,Male,0,No,Yes,4,Yes,No,No,No internet service,No internet service,No internet service,No internet service,No internet service,No internet service,Month-to-month,No,Bank transfer (automatic),118.75,467.13,Yes
CUST-0008548,Female,0,No,Yes,57,Yes,Yes,DSL,No,Yes,Yes,No,No,No,Month-to-month,No,Electronic check,118.75,,No
CUST-0008549,Male,0,Yes,No,12,Yes,No,Fiber optic,No,Yes,Yes,No,Yes,No,One year,Yes,Bank transfer (automatic),70.0,850.67,No
CUST-0008550,Male,0,Yes,No,4,Yes,No,DSL,No,No,Yes,No,No,Yes,One year,Yes,Electronic check,96.01,370.81,No
CUST-0008551,Female,0,No,Yes,72,Yes,Yes,Fiber optic,No,Yes,No,No,Yes,Yes,Month-to-month,Yes,Electronic check,109.85,7855.95,No
CUST-0008552,Female,0,No,No,9,Yes,Yes,Fiber optic,Yes,Yes,No,No,No,Yes,Month-to-month,No,Bank transfer (automatic),106.56,970.91,No
CUST-0008553,Female,0,No,No,17,Yes,No,DSL,No,No,Yes,No,No,No,Month-to-month,Yes,Electronic check,65.03,1105.12,Yes
CUST-0008554,Male,1,No,Yes,6,Yes,Yes,No,No internet service,No internet service,No internet service,No internet service,No internet service,No internet service,Two year,No,Electronic check,114.02,722.82,No
CUST-0008555,Female,0,Yes,No,50,No,No phone service,DSL,No,No,Yes,No,Yes,No,Month-to-month,Yes,Electronic check,91.56,4573.41,No
CUST-0008556,Female,1,No,No,43,Yes,No,DSL,Yes,No,No,No,No,Yes,Month-to-month,Yes,Credit card (automatic),89.23,3881.9,No
CUST-0008557,Male,0,No,Yes,29,Yes,Yes,DSL,Yes,Yes,No,No,Yes,No,Month-to-month,Yes,Credit card (automatic),60.44,1706.85,No
CUST-0008558,Female,0,Yes,No,25,Yes,No,DSL,No,No,No,No,Yes,No,Month-to-month,Yes,Electronic check,89.29,2260.84,Yes
CUST-0008559,Male,0,No,No,1,No,No phone service,DSL,No,No,Yes,No,No,No,Month-to-month,No,Electronic check,98.92,63.48,Yes
CUST-0008560,Female,0,No,No,3,No,No phone service,Fiber optic,No,No,Yes,No,No,No,Two year,No,Electronic check,113.56,366.51,No
CUST-0008561,Female,0,No,Yes,7,Yes,Yes,Fiber optic,No,No,Yes,No,No,Yes,Two year,Yes,Electronic check,93.28,643.96,No
CUST-0008562,Male,0,No,Yes,3,Yes,Yes,Fiber optic,No,No,No,No,No,No,Two year,Yes,Credit card (automatic),79.68,248.65,No
CUST-0008563,Female,1,No,No,60,Yes,Yes,DSL,No,No,Yes,No,No,Yes,Month-to-month,Yes,Electronic check,92.73,5589.49,No
CUST-0008564,Male,0,No,Yes,33,Yes,No,Fiber optic,No,No,Yes,No,No,No,Month-to-month,Yes,Bank transfer (automatic),92.45,3040.08,No
CUST-0008565,Male,0,No,Yes,39,No,No phone service,Fiber optic,No,No,No,Yes,No,No,Two year,No,Electronic check,118.75,4624.14,Yes
CUST-0008566,Male,0,Yes,No,22,Yes,No,Fiber optic,No,No,No,No,No,No,Month-to-month,No,Credit card (automatic),85.03,1854.75,No
CUST-0008567,Male,0,No,No,17,Yes,Yes,Fiber optic,No,No,No,Yes,No,Yes,Month-to-month,Yes,Electronic check,102.63,1722.33,No
CUST-0008568,Female,0,No,No,4,Yes,Yes,Fiber optic,No,Yes,Yes,No,Yes,No,Month-to-month,Yes,Electronic check,64.88,239.16,No
CUST-0008569,Female,0,Yes,No,2,Yes,No,DSL,Yes,No,Yes,Yes,Yes,No,Month-to-month,Yes,Credit card (automatic),91.68,198.3,No
CUST-0008570,Male,0,Yes,No,2,Yes,Yes,Fiber optic,No,Yes,No,Yes,No,Yes,Two year,Yes,Electronic check,62.81,142.34,No
CUST-0008571,Male,0,No,Yes,72,Yes,No,Fiber optic,No,No,Yes,No,Yes,No,Two year,Yes,Credit card (automatic),107.54,,No
CUST-0008572,Female,1,Yes,Yes,21,Yes,Yes,No,No internet service,No internet service,No internet service,No internet service,No internet service,No internet service,Month-to-month,Yes,Bank transfer (automatic),83.95,1775.8,No
CUST-0008573,Female,1,No,No,0,No,No phone service,Fiber optic,No,No,No,No,No,No,One year,Yes,Electronic check,118.75,,Yes
CUST-0008574,Female,0,No,No,0,Yes,No,Fiber optic,No,No,No,No,No,No,Month-to-month,Yes,Electronic check,64.88,,No
CUST-0008575,Female,0,No,No,14,Yes,No,DSL,No,No,Yes,No,No,Yes,Two year,Yes,Credit card (automatic),59.43,824.08,No
CUST-0008576,Female,0,Yes,Yes,36,Yes,Yes,Fiber optic,Yes,Yes,Yes,Yes,No,No,Month-to-month,Yes,Mailed check,95.76,3480.49,No
CUST-0008577,Male,0,No,Yes,12,Yes,Yes,DSL,Yes,No,No,No,Yes,No,Two year,No,Mailed check,92.92,1085.45,Yes
CUST-0008578,Female,1,Yes,No,1,No,No phone service,DSL,No,Yes,Yes,No,No,Yes,Month-to-month,No,Mailed check,118.75,,No
CUST-0008579,Female,1,No,No,2,Yes,Yes,Fiber optic,No,No,No,No,Yes,No,Two year,Yes,Credit card (automatic),56.73,147.24,No
CUST-0008580,Male,0,No,No,47,Yes,No,Fiber optic,No,No,Yes,Yes,No,No,Month-to-month,Yes,Bank transfer (automatic),108.73,5097.24,No
CUST-0008581,Male,0,Yes,Yes,45,Yes,No,No,No internet service,No internet service,No internet service,No internet service,No internet service,No internet service,Two year,Yes,Electronic check,82.81,3718.21,No
CUST-0008582,Female,1,No,No,24,Yes,Yes,Fiber optic,Yes,No,Yes,No,No,Yes,Month-to-month,No,Electronic check,60.6,1448.48,Yes
CUST-0008583,Male,0,No,No,49,No,No phone service,Fiber optic,Yes,Yes,No,Yes,Yes,No,Two year,Yes,Electronic check,87.0,4284.1,No
CUST-0008584,Female,0,No,No,35,Yes,No,Fiber optic,No,No,No,No,Yes,No,Month-to-month,Yes,Electronic check,79.45,2792.83,No
CUST-0008585,Female,1,Yes,No,26,Yes,Yes,Fiber optic,No,Yes,No,Yes,No,No,Two year,No,Bank transfer (automatic),118.75,3075.78,No
CUST-0008586,Female,1,Yes,No,6,Yes,No,DSL,Yes,Yes,Yes,Yes,Yes,Yes,One year,Yes,Electronic check,118.75,739.76,Yes
CUST-0008587,Male,0,No,No,13,Yes,No,Fiber optic,Yes,No,No,No,No,No,One year,Yes,Bank transfer (automatic),118.75,1501.93,No
CUST-0008588,Female,0,No,No,8,Yes,No,Fiber optic,Yes,Yes,No,Yes,Yes,Yes,Month-to-month,No,Bank transfer (automatic),64.33,494.68,No
CUST-0008589,Female,0,Yes,No,4,Yes,Yes,No,No internet service,No internet service,No internet service,No internet service,No internet service,No internet service,Month-to-month,No,Mailed check,92.25,397.51,No
CUST-0008590,Female,1,Yes,No,19,Yes,No,Fiber optic,Yes,No,Yes,No,Yes,Yes,One year,Yes,Bank transfer (automatic),102.25,1919.49,Yes
CUST-0008591,Male,0,No,Yes,13,Yes,No,Fiber optic,No,No,No,Yes,No,No,Month-to-month,Yes,Credit card (automatic),59.67,781.17,No
CUST-0008592,Female,1,Yes,No,53,Yes,No,Fiber optic,Yes,No,No,No,No,Yes,Month-to-month,Yes,Electronic check,118.75,6310.52,No
CUST-0008593,Male,0,Yes,Yes,9,Yes,Yes,Fiber optic,No,No,Yes,No,No,No,One year,Yes,Credit card (automatic),73.59,649.74,Yes
CUST-0008594,Female,0,Yes,No,13,No,No phone service,DSL,Yes,Yes,No,Yes,No,Yes,Two year,Yes,Bank transfer (automatic),76.82,1006.7,No
CUST-0008595,Male,1,Yes,Yes,21,Yes,No,Fiber optic,No,No,No,No,No,Yes,One year,Yes,Electronic check,90.75,1872.64,No
CUST-0008596,Female,0,No,Yes,19,Yes,Yes,Fiber optic,Yes,Yes,Yes,Yes,Yes,No,Month-to-month,Yes,Electronic check,117.74,2221.15,Yes
CUST-0008597,Male,0,Yes,No,8,Yes,Yes,No,No internet service,No internet service,No internet service,No internet service,No internet service,No internet service,Month-to-month,Yes,Mailed check,75.0,590.41,No
CUST-0008598,Male,0,No,No,26,Yes,Yes,Fiber optic,No,No,Yes,No,No,Yes,Month-to-month,Yes,Mailed check,115.94,3014.51,No
CUST-0008599,Female,0,No,Yes,63,Yes,No,Fiber optic,No,No,No,No,Yes,No,Month-to-month,No,Mailed check,110.89,7000.89,Yes
CUST-0008600,Male,1,No,No,30,Yes,No,No,No internet service,No internet service,No internet service,No internet service,No internet service,No internet service,One year,Yes,Electronic check,100.52,2986.44,No
CUST-0008601,Female,0,No,No,15,Yes,Yes,Fiber optic,No,No,No,Yes,Yes,Yes,Month-to-month,No,Electronic check,89.79,1331.77,No
CUST-0008602,Male,0,No,No,10,Yes,No,Fiber optic,No,Yes,Yes,No,Yes,No,Month-to-month,Yes,Electronic check,114.91,1156.57,No
CUST-0008603,Male,0,Yes,No,4,Yes,No,DSL,No,Yes,No,No,No,No,Month-to-month,Yes,Credit card (automatic),91.29,375.23,No
CUST-0008604,Male,0,No,No,22,No,No phone service,DSL,No,No,Yes,No,No,No,Two year,Yes,Electronic check,74.69,1651.58,No
CUST-0008605,Female,0,Yes,Yes,28,Yes,No,No,No internet service,No internet service,No internet service,No internet service,No internet service,No internet service,Month-to-month,Yes,Credit card (automatic),85.91,,No
CUST-0008606,Female,0,Yes,No,61,Yes,Yes,DSL,No,Yes,Yes,No,No,No,Month-to-month,Yes,Mailed check,78.9,4850.31,Yes
CUST-0008607,Male,1,Yes,No,20,Yes,Yes,Fiber optic,No,No,No,Yes,No,No,Month-to-month,Yes,Electronic check,78.8,1558.71,Yes
CUST-0008608,Female,0,No,No,47,Yes,No,No,No internet service,No internet service,No internet service,No internet service,No internet service,No internet service,Month-to-month,Yes,Electronic check,48.97,2322.34,No
CUST-0008609,Female,1,No,Yes,15,Yes,No,Fiber optic,No,No,No,No,Yes,Yes,Month-to-month,No,Bank transfer (automatic),118.75,1761.5,No
CUST-0008610,Male,0,No,No,28,Yes,Yes,No,No internet service,No internet service,No internet service,No internet service,No internet service,No internet service,One year,Yes,Bank transfer (automatic),92.53,2615.75,Yes
CUST-0008611,Male,0,Yes,Yes,68,Yes,No,No,No internet service,No internet service,No internet service,No internet service,No internet service,No internet service,Month-to-month,Yes,Electronic check,90.75,6110.4,No
CUST-0008612,Male,0,Yes,No,18,Yes,Yes,No,No internet service,No internet service,No internet service,No internet service,No internet service,No internet service,Month-to-month,No,Credit card (automatic),78.93,1411.44,No
CUST-0008613,Female,0,No,No,30,Yes,Yes,Fiber optic,No,No,No,No,No,Yes,One year,No,Electronic check,48.19,1412.09,No
CUST-0008614,Male,0,Yes,Yes,23,Yes,Yes,Fiber optic,Yes,No,Yes,No,Yes,No,Month-to-month,Yes,Electronic check,104.72,2438.49,No
CUST-0008615,Male,0,Yes,Yes,4,Yes,Yes,DSL,Yes,Yes,No,Yes,No,No,Month-to-month,No,Bank transfer (automatic),90.36,324.4,No
CUST-0008616,Female,0,Yes,No,11,Yes,No,DSL,No,Yes,No,No,No,No,Month-to-month,Yes,Electronic check,83.47,910.75,No
CUST-0008617,Male,0,Yes,Yes,5,Yes,No,DSL,No,Yes,Yes,No,Yes,Yes,Month-to-month,Yes,Credit card (automatic),43.24,229.97,Yes
CUST-0008618,Male,0,No,No,21,Yes,No,No,No internet service,No internet service,No internet service,No internet service,No internet service,No internet service,Month-to-month,Yes,Mailed check,90.15,1837.84,No
CUST-0008619,Male,0,No,No,11,Yes,No,Fiber optic,Yes,No,No,No,Yes,No,One year,No,Credit card (automatic),92.45,1016.12,Yes
CUST-0008620,Male,0,Yes,No,11,Yes,No,Fiber optic,No,No,No,No,No,No,Month-to-month,No,Electronic check,95.01,1050.71,Yes
CUST-0008621,Male,0,No,No,10,Yes,No,DSL,No,No,Yes,No,Yes,Yes,Month-to-month,Yes,Credit card (automatic),69.42,675.82,Yes
CUST-0008622,Male,0,No,No,43,Yes,Yes,Fiber optic,No,Yes,No,No,Yes,No,Month-to-month,No,Electronic check,69.04,2953.46,No
CUST-0008623,Female,0,Yes,Yes,6,Yes,Yes,No,No internet service,No internet service,No internet service,No internet service,No internet service,No internet service,Month-to-month,No,Electronic check,118.75,680.58,No
CUST-0008624,Male,0,Yes,No,6,Yes,Yes,DSL,Yes,Yes,No,No,No,No,Month-to-month,Yes,Electronic check,111.89,611.45,No
CUST-0008625,Male,0,Yes,Yes,4,Yes,Yes,DSL,No,Yes,Yes,No,No,Yes,Month-to-month,Yes,Mailed check,62.27,261.28,No
CUST-0008626,Female,0,No,No,8,Yes,No,Fiber optic,No,Yes,No,No,No,No,Month-to-month,No,Electronic check,91.53,707.74,Yes
CUST-0008627,Female,0,Yes,Yes,20,No,No phone service,No,No internet service,No internet service,No internet service,No internet service,No internet service,No internet service,Two year,Yes,Bank transfer (automatic),63.52,1258.52,No
CUST-0008628,Male,1,Yes,No,24,Yes,Yes,Fiber optic,Yes,No,No,Yes,Yes,No,Month-to-month,Yes,Credit card (automatic),89.76,2166.61,No
CUST-0008629,Female,0,Yes,No,40,Yes,No,No,No internet service,No internet service,No internet service,No internet service,No internet service,No internet service,Month-to-month,No,Credit card (automatic),95.64,,Yes
CUST-0008630,Female,0,No,Yes,3,Yes,No,DSL,No,No,No,No,Yes,No,Month-to-month,No,Electronic check,64.75,207.86,No
CUST-0008631,Male,0,No,No,4,Yes,Yes,Fiber optic,No,Yes,No,Yes,No,Yes,Month-to-month,Yes,Electronic check,99.52,416.87,Yes
CUST-0008632,Male,0,Yes,No,11,Yes,No,Fiber optic,No,Yes,Yes,Yes,No,Yes,Month-to-month,Yes,Mailed check,51.82,551.27,No
CUST-0008633,Female,0,Yes,No,72,Yes,Yes,Fiber optic,No,Yes,No,No,Yes,Yes,One year,No,Credit card (automatic),96.41,6945.64,No
CUST-0008634,Female,1,No,No,20,Yes,Yes,DSL,Yes,No,No,Yes,No,Yes,Month-to-month,No,Electronic check,86.79,1708.52,No
CUST-0008635,Female,0,No,No,28,Yes,No,Fiber optic,No,Yes,Yes,Yes,No,No,Two year,Yes,Credit card (automatic),85.89,2387.07,No
CUST-0008636,Male,0,No,Yes,43,Yes,No,No,No internet service,No internet service,No internet service,No internet service,No internet service,No internet service,Month-to-month,No,Mailed check,113.18,4878.51,No
CUST-0008637,Male,0,No,Yes,29,Yes,Yes,Fiber optic,No,Yes,No,Yes,Yes,Yes,Two year,No,Electronic check,75.25,2194.96,Yes
CUST-0008638,Male,1,No,No,66,Yes,Yes,Fiber optic,Yes,Yes,Yes,No,No,No,One year,Yes,Credit card (automatic),94.35,6214.32,No
CUST-0008639,Male,0,Yes,No,72,Yes,No,Fiber optic,No,Yes,Yes,Yes,No,No,Month-to-month,Yes,Credit card (automatic),86.45,6184.38,No
CUST-0008640,Female,0,Yes,No,35,Yes,Yes,No,No internet service,No internet service,No internet service,No internet service,No internet service,No internet service,Month-to-month,Yes,Electronic check,92.88,3253.25,No
CUST-0008641,Female,1,Yes,No,6,Yes,Yes,DSL,No,Yes,No,No,Yes,No,Month-to-month,No,Electronic check,83.97,486.95,No
CUST-0008642,Male,1,No,No,9,Yes,Yes,Fiber optic,No,No,Yes,Yes,No,Yes,Month-to-month,Yes,Electronic check,82.12,703.0,Yes
CUST-0008643,Female,1,Yes,No,0,No,No phone service,DSL,Yes,Yes,Yes,Yes,Yes,No,Two year,Yes,Mailed check,70.14,,Yes
CUST-0008644,Female,0,Yes,Yes,12,Yes,No,DSL,No,No,No,No,No,No,Month-to-month,Yes,Bank transfer (automatic),110.89,1327.29,No
CUST-0008645,Female,0,Yes,Yes,10,Yes,Yes,No,No internet service,No internet service,No internet service,No internet service,No internet service,No internet service,One year,Yes,Electronic check,95.78,,No
CUST-0008646,Male,1,No,No,23,Yes,Yes,DSL,No,Yes,Yes,No,Yes,No,Two year,No,Credit card (automatic),76.18,1761.41,Yes
CUST-0008647,Male,0,No,No,9,Yes,No,DSL,No,No,Yes,No,No,No,One year,Yes,Electronic check,88.11,776.44,No
CUST-0008648,Male,0,No,No,12,Yes,Yes,No,No internet service,No internet service,No internet service,No internet service,No internet service,No internet service,Month-to-month,Yes,Electronic check,68.04,822.87,No
CUST-0008649,Male,0,Yes,Yes,23,Yes,Yes,Fiber optic,No,Yes,Yes,No,Yes,No,Month-to-month,No,Bank transfer (automatic),63.37,1461.42,No
CUST-0008650,Female,0,No,No,20,Yes,No,DSL,No,No,No,No,No,Yes,Month-to-month,Yes,Mailed check,103.95,2062.81,No
CUST-0008651,Female,0,Yes,No,14,No,No phone service,DSL,No,Yes,Yes,Yes,Yes,No,Month-to-month,Yes,Credit card (automatic),49.2,710.98,Yes
CUST-0008652,Female,0,Yes,No,72,Yes,No,Fiber optic,No,No,Yes,No,Yes,Yes,Month-to-month,Yes,Credit card (automatic),98.76,7091.37,No
CUST-0008653,Female,0,Yes,No,53,Yes,No,No,No internet service,No internet service,No internet service,No internet service,No internet service,No internet service,Month-to-month,Yes,Bank transfer (automatic),69.12,3645.65,No
CUST-0008654,Male,0,Yes,No,33,Yes,No,Fiber optic,Yes,No,No,Yes,Yes,No,One year,Yes,Bank transfer (automatic),90.18,2955.09,No
CUST-0008655,Female,0,Yes,No,19,Yes,Yes,Fiber optic,No,No,No,No,No,Yes,Month-to-month,Yes,Electronic check,118.75,2290.83,No
CUST-0008656,Female,0,No,Yes,26,Yes,No,Fiber optic,Yes,No,No,No,Yes,No,Month-to-month,Yes,Mailed check,118.75,3078.62,No
CUST-0008657,Male,0,Yes,No,26,No,No phone service,No,No internet service,No internet service,No internet service,No internet service,No internet service,No internet service,Month-to-month,No,Credit card (automatic),105.97,,No
CUST-0008658,Female,0,Yes,No,11,Yes,No,DSL,No,Yes,Yes,Yes,No,No,Month-to-month,No,Mailed check,108.97,,No
CUST-0008659,Male,0,Yes,No,24,Yes,Yes,DSL,No,No,No,No,Yes,Yes,One year,Yes,Credit card (automatic),70.31,1664.19,No
CUST-0008660,Female,0,Yes,No,52,Yes,No,DSL,No,No,No,No,No,No,Month-to-month,Yes,Electronic check,93.32,4877.59,No
CUST-0008661,Male,1,Yes,No,30,Yes,No,Fiber optic,Yes,No,No,No,No,Yes,One year,Yes,Electronic check,92.06,2771.58,Yes
CUST-0008662,Male,0,No,No,5,Yes,No,Fiber optic,No,Yes,Yes,No,Yes,No,Month-to-month,Yes,Bank transfer (automatic),84.23,430.2,No
CUST-0008663,Male,0,No,Yes,61,Yes,Yes,DSL,No,Yes,Yes,No,Yes,No,Month-to-month,Yes,Electronic check,77.05,4634.49,No
CUST-0008664,Female,0,Yes,Yes,1,Yes,Yes,No,No internet service,No internet service,No internet service,No internet service,No internet service,No internet service,Month-to-month,Yes,Bank transfer (automatic),91.81,,Yes
CUST-0008665,Male,0,Yes,Yes,21,Yes,No,No,No internet service,No internet service,No internet service,No internet service,No internet service,No internet service,Month-to-month,No,Credit card (automatic),67.67,1407.27,No
CUST-0008666,Male,0,Yes,No,53,Yes,Yes,Fiber optic,No,No,No,No,No,Yes,Month-to-month,Yes,Bank transfer (automatic),77.01,4096.05,No
CUST-0008667,Male,0,Yes,No,2,Yes,No,DSL,Yes,Yes,Yes,Yes,No,No,Month-to-month,No,Credit card (automatic),103.94,148.01,No
CUST-0008668,Female,0,Yes,No,12,Yes,No,No,No internet service,No internet service,No internet service,No internet service,No internet service,No internet service,Month-to-month,Yes,Bank transfer (automatic),106.7,1242.01,Yes
CUST-0008669,Male,0,No,No,49,Yes,Yes,Fiber optic,No,Yes,Yes,No,Yes,No,One year,Yes,Bank transfer (automatic),89.46,4385.38,No
CUST-0008670,Male,0,Yes,No,30,Yes,No,No,No internet service,No internet service,No internet service,No internet service,No internet service,No internet service,Month-to-month,Yes,Bank transfer (automatic),102.94,3065.36,No
CUST-0008671,Male,0,No,No,34,No,No phone service,Fiber optic,Yes,No,No,No,Yes,No,Month-to-month,Yes,Electronic check,95.75,3244.13,No
CUST-0008672,Female,0,Yes,Yes,19,Yes,Yes,No,No internet service,No internet service,No internet service,No internet service,No internet service,No internet service,One year,Yes,Bank transfer (automatic),90.31,1660.64,Yes
CUST-0008673,Male,0,Yes,No,54,No,No phone service,DSL,No,Yes,No,No,No,No,Month-to-month,Yes,Credit card (automatic),118.75,6409.89,Yes
CUST-0008674,Female,0,No,Yes,11,Yes,No,Fiber optic,No,No,No,No,No,No,Month-to-month,No,Bank transfer (automatic),83.96,934.53,No
CUST-0008675,Male,0,Yes,No,17,Yes,Yes,DSL,Yes,No,No,No,Yes,Yes,Month-to-month,No,Electronic check,94.97,1626.26,No
CUST-0008676,Female,0,No,No,5,Yes,Yes,DSL,No,No,No,No,No,No,One year,Yes,Credit card (automatic),118.75,603.25,No
CUST-0008677,Female,1,Yes,No,7,Yes,No,Fiber optic,No,Yes,No,No,Yes,No,One year,Yes,Bank transfer (automatic),97.0,691.89,No
CUST-0008678,Female,0,Yes,Yes,27,Yes,Yes,DSL,No,Yes,No,Yes,No,Yes,Month-to-month,Yes,Credit card (automatic),64.39,1736.25,Yes
CUST-0008679,Female,1,Yes,Yes,2,Yes,No,No,No internet service,No internet service,No internet service,No internet service,No internet service,No internet service,Month-to-month,No,Electronic check,71.18,114.59,No
CUST-0008680,Female,0,Yes,No,63,Yes,Yes,No,No internet service,No internet service,No internet service,No internet service,No internet service,No internet service,Month-to-month,Yes,Mailed check,109.6,6917.89,No
CUST-0008681,Male,0,Yes,No,6,Yes,No,DSL,No,No,No,No,No,No,Month-to-month,Yes,Mailed check,90.99,568.33,No
CUST-0008682,Female,0,No,No,72,Yes,No,Fiber optic,No,No,Yes,Yes,No,No,Two year,Yes,Electronic check,86.28,6207.43,No
CUST-0008683,Male,0,Yes,No,52,Yes,No,Fiber optic,Yes,No,No,No,Yes,Yes,Two year,Yes,Electronic check,93.12,4856.52,No
CUST-0008684,Female,0,Yes,No,14,No,No phone service,Fiber optic,Yes,No,Yes,No,No,No,Month-to-month,Yes,Electronic check,118.75,1668.86,Yes
CUST-0008685,Male,1,Yes,Yes,6,Yes,No,Fiber optic,No,No,No,No,Yes,Yes,Month-to-month,Yes,Electronic check,95.62,559.16,No
CUST-0008686,Male,0,No,No,2,Yes,Yes,DSL,No,No,Yes,No,Yes,Yes,Month-to-month,Yes,Electronic check,49.78,94.55,No
CUST-0008687,Female,0,No,Yes,32,Yes,Yes,Fiber optic,No,Yes,No,No,No,No,Month-to-month,Yes,Electronic check,88.42,2837.67,No
CUST-0008688,Female,0,No,Yes,21,No,No phone service,Fiber optic,No,No,No,Yes,Yes,Yes,Month-to-month,Yes,Credit card (automatic),66.71,,Yes
CUST-0008689,Female,0,Yes,No,9,No,No phone service,Fiber optic,No,No,Yes,No,No,No,Month-to-month,No,Electronic check,70.0,628.85,Yes
CUST-0008690,Male,0,Yes,Yes,72,Yes,No,Fiber optic,Yes,No,No,No,Yes,No,One year,Yes,Electronic check,97.99,7063.79,No
CUST-0008691,Male,0,Yes,Yes,18,Yes,No,Fiber optic,No,No,No,No,Yes,No,Month-to-month,Yes,Mailed check,111.59,1982.31,No
CUST-0008692,Male,0,Yes,No,1,Yes,No,DSL,No,No,No,No,Yes,Yes,Month-to-month,Yes,Bank transfer (automatic),118.75,156.56,No
CUST-0008693,Male,0,Yes,No,17,Yes,Yes,No,No internet service,No internet service,No internet service,No internet service,No internet service,No internet service,Month-to-month,Yes,Bank transfer (automatic),118.75,2054.41,Yes
CUST-0008694,Male,0,No,No,7,Yes,Yes,Fiber optic,Yes,No,No,No,No,No,Two year,Yes,Bank transfer (automatic),86.98,637.93,No
CUST-0008695,Female,1,Yes,Yes,29,Yes,No,Fiber optic,No,No,No,No,No,No,Month-to-month,No,Bank transfer (automatic),83.28,2431.95,Yes
CUST-0008696,Female,0,Yes,No,20,Yes,Yes,Fiber optic,No,Yes,No,No,Yes,Yes,Month-to-month,No,Credit card (automatic),118.75,2329.24,No
CUST-0008697,Male,1,No,No,15,Yes,Yes,No,No internet service,No internet service,No internet service,No internet service,No internet service,No internet service,One year,Yes,Credit card (automatic),84.67,1283.53,No
CUST-0008698,Male,0,No,No,0,Yes,Yes,Fiber optic,No,No,No,Yes,No,No,Month-to-month,Yes,Bank transfer (automatic),118.75,,No
CUST-0008699,Male,0,No,No,32,Yes,Yes,DSL,No,No,No,No,Yes,No,One year,Yes,Electronic check,105.32,3359.17,No
CUST-0008700,Female,0,No,No,4,Yes,No,Fiber optic,No,No,Yes,No,Yes,No,Month-to-month,Yes,Electronic check,62.11,237.07,No
CUST-0008701,Male,0,Yes,Yes,51,Yes,No,Fiber optic,Yes,No,No,Yes,No,No,Month-to-month,No,Electronic check,101.06,5119.1,Yes
CUST-0008702,Female,0,Yes,No,72,Yes,No,Fiber optic,No,Yes,No,No,Yes,No,One year,No,Electronic check,98.74,7114.08,No
CUST-0008703,Female,0,No,Yes,72,Yes,Yes,DSL,No,Yes,No,No,Yes,No,Month-to-month,No,Electronic check,99.17,7118.0,No
CUST-0008704,Male,1,Yes,No,59,Yes,No,Fiber optic,No,No,Yes,No,Yes,No,Month-to-month,Yes,Credit card (automatic),86.97,5132.67,No
CUST-0008705,Female,1,No,No,13,Yes,Yes,DSL,No,No,Yes,No,No,Yes,Month-to-month,No,Electronic check,107.17,1418.07,Yes
CUST-0008706,Male,0,Yes,Yes,27,Yes,No,No,No internet service,No internet service,No internet service,No internet service,No internet service,No internet service,Month-to-month,No,Mailed check,96.37,2645.65,Yes
CUST-0008707,Female,0,No,No,7,Yes,No,No,No internet service,No internet service,No internet service,No internet service,No internet service,No internet service,One year,Yes,Mailed check,101.56,710.47,No
CUST-0008708,Male,0,Yes,Yes,3,Yes,Yes,Fiber optic,No,No,No,No,Yes,No,Month-to-month,Yes,Mailed check,99.7,307.56,No
CUST-0008709,Female,1,No,No,3,Yes,Yes,No,No internet service,No internet service,No internet service,No internet service,No internet service,No internet service,Two year,Yes,Mailed check,88.6,267.86,No
CUST-0008710,Male,1,Yes,Yes,8,Yes,Yes,Fiber optic,Yes,No,No,Yes,No,No,Month-to-month,No,Credit card (automatic),91.95,,No
CUST-0008711,Female,1,Yes,Yes,8,Yes,No,No,No internet service,No internet service,No internet service,No internet service,No internet service,No internet service,One year,No,Electronic check,85.79,656.08,No
CUST-0008712,Female,0,No,No,7,No,No phone service,Fiber optic,Yes,Yes,No,No,Yes,No,Month-to-month,Yes,Electronic check,81.21,579.19,No
CUST-0008713,Male,1,No,No,20,Yes,Yes,Fiber optic,No,No,No,No,Yes,Yes,One year,Yes,Mailed check,102.94,2055.11,No
CUST-0008714,Male,0,No,Yes,11,Yes,Yes,Fiber optic,Yes,No,Yes,No,No,No,Month-to-month,No,Electronic check,98.31,1078.31,Yes
CUST-0008715,Male,0,No,No,33,No,No phone service,DSL,No,No,Yes,No,No,No,Month-to-month,Yes,Electronic check,102.34,3347.05,No
CUST-0008716,Male,1,No,No,72,Yes,No,DSL,Yes,Yes,Yes,No,No,Yes,Two year,Yes,Electronic check,115.04,8303.0,No
CUST-0008717,Male,0,Yes,No,25,Yes,Yes,No,No internet service,No internet service,No internet service,No internet service,No internet service,No internet service,Month-to-month,Yes,Mailed check,41.56,1040.74,No
CUST-0008718,Female,0,Yes,Yes,7,Yes,No,Fiber optic,No,No,Yes,Yes,Yes,No,Month-to-month,Yes,Bank transfer (automatic),94.57,686.88,No
CUST-0008719,Male,0,No,No,39,Yes,No,Fiber optic,Yes,Yes,Yes,No,Yes,No,Month-to-month,Yes,Electronic check,117.8,4577.53,Yes
CUST-0008720,Female,1,Yes,No,3,Yes,No,DSL,No,No,No,No,No,No,Two year,No,Bank transfer (automatic),58.93,140.98,No
CUST-0008721,Female,0,Yes,No,51,Yes,No,DSL,Yes,No,No,No,Yes,No,Month-to-month,Yes,Electronic check,96.96,4946.21,Yes
CUST-0008722,Male,0,No,Yes,47,Yes,Yes,Fiber optic,No,No,Yes,No,No,No,Month-to-month,Yes,Electronic check,116.54,5468.11,No
CUST-0008723,Male,0,Yes,No,5,Yes,Yes,Fiber optic,Yes,No,No,No,No,No,Month-to-month,No,Electronic check,112.7,571.82,No
CUST-0008724,Female,1,No,No,13,Yes,Yes,Fiber optic,No,No,No,Yes,No,No,Month-to-month,Yes,Electronic check,102.23,1349.67,No
CUST-0008725,Female,0,No,No,23,Yes,Yes,Fiber optic,Yes,Yes,No,Yes,No,No,Month-to-month,Yes,Electronic check,118.75,2723.47,No
CUST-0008726,Male,1,No,Yes,19,Yes,Yes,Fiber optic,Yes,Yes,Yes,No,No,Yes,Month-to-month,Yes,Electronic check,80.4,1497.05,No
CUST-0008727,Male,0,No,No,72,Yes,No,No,No internet service,No internet service,No internet service,No internet service,No internet service,No internet service,Month-to-month,Yes,Electronic check,110.0,,Yes
CUST-0008728,Male,0,No,No,29,Yes,Yes,Fiber optic,Yes,No,Yes,No,Yes,No,Month-to-month,Yes,Credit card (automatic),108.36,3139.77,No
CUST-0008729,Female,0,Yes,No,3,Yes,Yes,DSL,Yes,Yes,No,No,No,Yes,Month-to-month,Yes,Electronic check,56.17,192.01,No
CUST-0008730,Female,0,No,Yes,23,Yes,No,Fiber optic,No,Yes,Yes,No,Yes,No,Two year,No,Electronic check,100.0,,No
CUST-0008731,Male,0,Yes,Yes,1,Yes,Yes,No,No internet service,No internet service,No internet service,No internet service,No internet service,No internet service,Two year,Yes,Electronic check,88.37,71.07,No
CUST-0008732,Male,0,No,No,4,Yes,Yes,DSL,No,No,No,No,Yes,Yes,Month-to-month,Yes,Mailed check,95.4,361.53,No
CUST-0008733,Male,0,No,Yes,39,Yes,No,No,No internet service,No internet service,No internet service,No internet service,No internet service,No internet service,Month-to-month,No,Electronic check,96.21,3718.61,No
CUST-0008734,Female,0,No,No,9,Yes,No,No,No internet service,No internet service,No internet service,No internet service,No internet service,No internet service,Month-to-month,Yes,Credit card (automatic),57.54,561.05,No
CUST-0008735,Male,0,No,Yes,16,Yes,Yes,Fiber optic,No,No,No,No,No,Yes,Two year,Yes,Credit card (automatic),86.52,1406.41,No
CUST-0008736,Male,1,No,No,10,Yes,Yes,Fiber optic,No,No,No,No,Yes,No,One year,No,Electronic check,56.52,565.34,No
CUST-0008737,Male,0,No,No,40,Yes,Yes,Fiber optic,No,No,No,No,No,Yes,Month-to-month,Yes,Electronic check,118.75,4722.48,No
CUST-0008738,Female,0,No,Yes,4,Yes,Yes,Fiber optic,No,No,No,No,No,Yes,Month-to-month,Yes,Bank transfer (automatic),83.78,362.76,No
CUST-0008739,Female,0,Yes,No,26,Yes,Yes,DSL,No,No,Yes,No,No,Yes,Month-to-month,Yes,Electronic check,84.41,2196.95,No
CUST-0008740,Male,0,No,No,72,Yes,No,DSL,No,No,No,No,No,Yes,One year,Yes,Mailed check,73.87,5334.47,Yes
CUST-0008741,Male,0,No,No,27,Yes,No,DSL,No,No,Yes,No,Yes,No,Month-to-month,No,Bank transfer (automatic),85.0,2263.29,No
CUST-0008742,Female,0,Yes,No,7,Yes,No,No,No internet service,No internet service,No internet service,No internet service,No internet service,No internet service,Month-to-month,No,Mailed check,92.29,665.26,No
CUST-0008743,Male,1,No,Yes,30,Yes,No,DSL,Yes,Yes,No,No,No,No,Two year,Yes,Mailed check,65.56,2022.86,No
CUST-0008744,Male,1,Yes,No,8,Yes,No,Fiber optic,No,Yes,Yes,No,No,No,Month-to-month,Yes,Bank transfer (automatic),118.75,945.33,Yes
CUST-0008745,Male,1,Yes,No,39,Yes,No,Fiber optic,No,No,Yes,Yes,Yes,No,One year,Yes,Mailed check,118.75,4640.41,No
CUST-0008746,Female,0,No,No,38,Yes,No,DSL,No,No,No,Yes,Yes,No,Month-to-month,Yes,Mailed check,109.26,4168.82,Yes
CUST-0008747,Male,1,Yes,No,1,Yes,Yes,No,No internet service,No internet service,No internet service,No internet service,No internet service,No internet service,Two year,Yes,Bank transfer (automatic),91.59,98.71,Yes
CUST-0008748,Male,1,No,No,31,Yes,No,Fiber optic,No,Yes,No,No,No,No,Month-to-month,No,Electronic check,66.38,2125.63,Yes
CUST-0008749,Female,0,No,No,13,Yes,Yes,DSL,No,No,Yes,No,No,No,Month-to-month,Yes,Electronic check,88.13,1126.88,Yes
CUST-0008750,Male,0,No,No,37,Yes,No,Fiber optic,Yes,No,No,No,No,No,Month-to-month,Yes,Electronic check,90.33,3331.91,No
CUST-0008751,Female,1,Yes,Yes,2,Yes,Yes,DSL,No,Yes,Yes,No,No,No,Month-to-month,Yes,Mailed check,101.57,211.5,Yes
CUST-0008752,Male,1,No,Yes,6,Yes,No,Fiber optic,Yes,Yes,No,No,No,No,One year,No,Electronic check,71.2,414.37,No
CUST-0008753,Female,0,No,Yes,8,No,No phone service,DSL,No,No,No,No,Yes,Yes,Two year,Yes,Bank transfer (automatic),92.58,759.49,Yes
CUST-0008754,Female,1,No,No,17,Yes,Yes,DSL,No,No,No,No,Yes,No,One year,No,Credit card (automatic),89.69,1528.45,No
CUST-0008755,Male,0,No,No,7,Yes,No,DSL,No,Yes,Yes,No,No,Yes,Month-to-month,No,Electronic check,97.71,701.69,No
CUST-0008756,Female,1,No,Yes,49,Yes,Yes,No,No internet service,No internet service,No internet service,No internet service,No internet service,No internet service,Month-to-month,Yes,Credit card (automatic),65.11,3126.12,Yes
CUST-0008757,Female,0,Yes,No,41,Yes,No,DSL,No,No,No,No,Yes,Yes,Month-to-month,Yes,Mailed check,56.6,2281.53,No
CUST-0008758,Female,0,Yes,No,33,Yes,No,Fiber optic,No,No,Yes,No,No,No,Month-to-month,Yes,Credit card (automatic),113.04,3723.36,Yes
CUST-0008759,Male,0,Yes,Yes,28,Yes,No,Fiber optic,No,Yes,Yes,No,No,No,Month-to-month,Yes,Bank transfer (automatic),118.75,3309.45,No
CUST-0008760,Female,0,Yes,No,8,Yes,Yes,No,No internet service,No internet service,No internet service,No internet service,No internet service,No internet service,Month-to-month,Yes,Credit card (automatic),87.38,702.66,No
CUST-0008761,Female,0,No,No,64,No,No phone service,No,No internet service,No internet service,No internet service,No internet service,No internet service,No internet service,Month-to-month,No,Mailed check,65.7,4175.78,No
CUST-0008762,Male,0,Yes,Yes,62,No,No phone service,No,No internet service,No internet service,No internet service,No internet service,No internet service,No internet service,Month-to-month,No,Bank transfer (automatic),69.79,,No
CUST-0008763,Female,0,No,Yes,64,Yes,No,Fiber optic,No,Yes,No,No,Yes,No,One year,No,Mailed check,106.16,6827.77,No
CUST-0008764,Female,0,No,No,19,Yes,Yes,No,No internet service,No internet service,No internet service,No internet service,No internet service,No internet service,One year,No,Electronic check,102.88,1957.44,No
CUST-0008765,Male,0,Yes,No,47,No,No phone service,Fiber optic,No,Yes,No,No,Yes,No,Month-to-month,No,Mailed check,115.32,,No
CUST-0008766,Female,0,Yes,No,31,Yes,Yes,No,No internet service,No internet service,No internet service,No internet service,No internet service,No internet service,Month-to-month,No,Bank transfer (automatic),43.26,1338.27,No
CUST-0008767,Female,1,Yes,Yes,24,Yes,No,DSL,No,No,No,No,No,Yes,Month-to-month,No,Electronic check,58.78,1376.1,No
CUST-0008768,Male,0,No,No,72,Yes,Yes,Fiber optic,No,No,No,No,No,No,Month-to-month,Yes,Electronic check,107.67,7738.12,No
CUST-0008769,Female,0,Yes,No,0,Yes,No,DSL,No,Yes,Yes,No,No,Yes,One year,No,Electronic check,118.75,,Yes
CUST-0008770,Male,1,No,No,43,Yes,No,DSL,Yes,Yes,No,Yes,No,Yes,Month-to-month,Yes,Electronic check,118.75,5148.52,No
CUST-0008771,Male,0,Yes,No,11,Yes,Yes,Fiber optic,No,No,No,No,Yes,Yes,Month-to-month,No,Electronic check,94.36,1048.33,Yes
CUST-0008772,Female,0,No,No,0,No,No phone service,Fiber optic,No,No,No,No,Yes,No,Month-to-month,Yes,Electronic check,69.96,,No
CUST-0008773,Male,0,No,Yes,5,Yes,No,Fiber optic,No,No,No,No,No,No,Month-to-month,Yes,Mailed check,106.51,551.66,Yes
CUST-0008774,Male,0,No,No,28,No,No phone service,Fiber optic,No,No,No,No,Yes,Yes,Month-to-month,Yes,Credit card (automatic),71.57,2009.93,Yes
CUST-0008775,Female,0,No,No,6,Yes,No,Fiber optic,Yes,No,Yes,No,No,No,One year,Yes,Bank transfer (automatic),118.75,697.06,No
CUST-0008776,Female,0,Yes,No,45,Yes,No,Fiber optic,No,No,No,No,No,No,Month-to-month,Yes,Credit card (automatic),73.91,3297.27,No
CUST-0008777,Male,0,Yes,Yes,14,Yes,Yes,DSL,No,Yes,No,No,Yes,No,Month-to-month,Yes,Credit card (automatic),112.21,1584.71,No
CUST-0008778,Male,0,No,No,72,Yes,Yes,Fiber optic,No,No,Yes,Yes,No,No,Two year,Yes,Bank transfer (automatic),93.28,6724.54,Yes
CUST-0008779,Male,0,No,No,20,Yes,No,Fiber optic,Yes,Yes,No,No,Yes,Yes,Month-to-month,Yes,Credit card (automatic),92.13,1869.25,No
CUST-0008780,Female,0,Yes,Yes,12,Yes,No,No,No internet service,No internet service,No internet service,No internet service,No internet service,No internet service,Month-to-month,Yes,Electronic check,84.09,1014.25,Yes
CUST-0008781,Female,0,No,No,3,Yes,No,No,No internet service,No internet service,No internet service,No internet service,No internet service,No internet service,Month-to-month,Yes,Credit card (automatic),118.75,363.53,No
CUST-0008782,Female,0,No,Yes,72,Yes,Yes,DSL,Yes,Yes,Yes,Yes,Yes,No,Month-to-month,Yes,Electronic check,99.54,7159.31,Yes
CUST-0008783,Female,0,No,Yes,52,Yes,No,No,No internet service,No internet service,No internet service,No internet service,No internet service,No internet service,Month-to-month,Yes,Credit card (automatic),93.7,4882.33,No
CUST-0008784,Male,0,Yes,No,37,Yes,No,Fiber optic,No,No,No,No,No,Yes,Two year,Yes,Electronic check,91.17,3399.62,No
CUST-0008785,Female,0,Yes,Yes,9,Yes,No,Fiber optic,Yes,No,No,No,No,No,Month-to-month,No,Mailed check,116.29,1030.31,No
CUST-0008786,Male,0,No,No,8,Yes,No,Fiber optic,Yes,No,No,No,No,No,Month-to-month,Yes,Mailed check,84.88,,Yes
CUST-0008787,Male,0,Yes,No,27,Yes,Yes,Fiber optic,No,No,No,No,No,Yes,Two year,Yes,Mailed check,82.02,2187.6,No
CUST-0008788,Male,0,Yes,No,59,Yes,Yes,DSL,No,No,No,No,No,Yes,Month-to-month,No,Electronic check,118.07,6972.05,Yes
CUST-0008789,Male,0,No,No,72,Yes,Yes,No,No internet service,No internet service,No internet service,No internet service,No internet service,No internet service,Month-to-month,Yes,Bank transfer (automatic),100.63,7267.27,Yes
CUST-0008790,Male,0,Yes,No,12,Yes,Yes,Fiber optic,Yes,Yes,No,Yes,No,No,Month-to-month,Yes,Mailed check,114.49,1364.1,No
CUST-0008791,Female,0,No,No,16,Yes,Yes,Fiber optic,No,No,No,No,No,No,One year,Yes,Mailed check,91.84,1462.28,Yes
CUST-0008792,Male,1,Yes,No,8,Yes,No,Fiber optic,No,Yes,Yes,No,Yes,Yes,Month-to-month,Yes,Electronic check,110.89,874.53,No
CUST-0008793,Male,0,No,No,8,No,No phone service,Fiber optic,No,No,No,Yes,No,No,Month-to-month,Yes,Credit card (automatic),110.88,880.48,No
CUST-0008794,Female,0,No,No,9,Yes,No,No,No internet service,No internet service,No internet service,No internet service,No internet service,No internet service,Month-to-month,Yes,Bank transfer (automatic),84.26,750.16,No
CUST-0008795,Female,0,No,No,14,No,No phone service,DSL,No,Yes,No,Yes,Yes,No,Two year,No,Electronic check,115.86,1594.53,No
CUST-0008796,Male,1,No,Yes,14,Yes,Yes,DSL,No,Yes,No,No,No,Yes,Month-to-month,Yes,Electronic check,118.75,,No
CUST-0008797,Male,0,Yes,Yes,71,Yes,No,Fiber optic,Yes,No,Yes,No,No,Yes,Month-to-month,Yes,Electronic check,102.52,7240.2,No
CUST-0008798,Female,1,No,No,1,Yes,No,DSL,No,Yes,Yes,Yes,No,Yes,Two year,Yes,Credit card (automatic),70.07,78.26,Yes
CUST-0008799,Male,0,No,Yes,13,Yes,No,No,No internet service,No internet service,No internet service,No internet service,No internet service,No internet service,Month-to-month,Yes,Credit card (automatic),118.58,1544.26,No
CUST-0008800,Female,0,Yes,No,7,Yes,No,No,No internet service,No internet service,No internet service,No internet service,No internet service,No internet service,Month-to-month,No,Mailed check,118.75,795.49,No
CUST-0008801,Male,0,No,No,19,Yes,No,DSL,No,No,No,No,Yes,Yes,One year,Yes,Mailed check,82.32,1582.47,Yes
CUST-0008802,Female,0,Yes,No,31,Yes,No,DSL,No,Yes,No,Yes,Yes,Yes,Two year,Yes,Mailed check,112.0,3450.39,No
CUST-0008803,Female,0,No,No,23,No,No phone service,Fiber optic,No,No,No,No,Yes,No,Month-to-month,No,Bank transfer (automatic),100.22,2291.14,No
CUST-0008804,Female,0,Yes,No,72,No,No phone service,Fiber optic,No,Yes,No,Yes,No,Yes,One year,No,Bank transfer (automatic),94.24,6795.62,No
CUST-0008805,Male,0,No,Yes,1,Yes,Yes,Fiber optic,Yes,No,No,No,No,No,One year,Yes,Electronic check,118.75,108.86,No
CUST-0008806,Female,1,Yes,Yes,1,No,No phone service,No,No internet service,No internet service,No internet service,No internet service,No internet service,No internet service,Month-to-month,Yes,Credit card (automatic),64.38,50.83,Yes
CUST-0008807,Female,0,No,No,22,Yes,Yes,DSL,No,No,No,No,No,No,Month-to-month,Yes,Credit card (automatic),86.7,1884.71,No
CUST-0008808,Female,0,Yes,Yes,12,Yes,Yes,No,No internet service,No internet service,No internet service,No internet service,No internet service,No internet service,Month-to-month,Yes,Credit card (automatic),105.81,1312.13,No
CUST-0008809,Male,0,No,No,8,Yes,No,No,No internet service,No internet service,No internet service,No internet service,No internet service,No internet service,Month-to-month,No,Bank transfer (automatic),94.54,772.21,Yes
CUST-0008810,Female,0,No,No,9,Yes,No,Fiber optic,No,No,No,No,No,No,Month-to-month,No,Credit card (automatic),88.4,802.72,No
CUST-0008811,Male,0,No,No,63,Yes,No,No,No internet service,No internet service,No internet service,No internet service,No internet service,No internet service,Month-to-month,No,Bank transfer (automatic),92.13,5834.26,No
CUST-0008812,Male,0,No,No,72,Yes,Yes,DSL,No,No,No,No,No,No,Two year,Yes,Mailed check,76.05,5463.67,Yes
CUST-0008813,Female,0,Yes,Yes,7,Yes,Yes,DSL,No,Yes,No,No,Yes,No,Month-to-month,Yes,Electronic check,92.88,637.82,Yes
CUST-0008814,Male,0,Yes,No,1,Yes,Yes,No,No internet service,No internet service,No internet service,No internet service,No internet service,No internet service,Month-to-month,Yes,Electronic check,118.75,118.59,Yes
CUST-0008815,Female,0,Yes,No,14,Yes,No,Fiber optic,No,No,No,Yes,No,Yes,Month-to-month,Yes,Mailed check,90.95,1270.41,No
CUST-0008816,Male,0,No,Yes,72,Yes,Yes,Fiber optic,No,Yes,Yes,Yes,No,Yes,One year,Yes,Electronic check,75.51,5422.0,No
CUST-0008817,Male,0,No,No,61,Yes,Yes,No,No internet service,No internet service,No internet service,No internet service,No internet service,No internet service,Month-to-month,Yes,Credit card (automatic),104.06,6310.05,No
CUST-0008818,Male,0,Yes,Yes,11,Yes,Yes,No,No internet service,No internet service,No internet service,No internet service,No internet service,No internet service,One year,Yes,Mailed check,59.42,,Yes
CUST-0008819,Male,0,Yes,Yes,27,Yes,Yes,DSL,Yes,No,No,No,No,Yes,One year,Yes,Credit card (automatic),117.24,3187.64,Yes
CUST-0008820,Male,0,No,No,62,Yes,No,DSL,No,No,No,No,No,Yes,Month-to-month,Yes,Bank transfer (automatic),71.16,4432.52,Yes
CUST-0008821,Male,0,Yes,No,2,Yes,Yes,Fiber optic,Yes,No,No,Yes,No,No,Month-to-month,Yes,Electronic check,88.63,150.44,No
CUST-0008822,Female,1,No,No,28,Yes,No,Fiber optic,Yes,No,Yes,Yes,No,Yes,Month-to-month,No,Credit card (automatic),103.65,2892.67,Yes
CUST-0008823,Male,0,Yes,No,6,Yes,Yes,Fiber optic,No,Yes,Yes,No,No,No,Month-to-month,No,Electronic check,118.75,693.88,No
CUST-0008824,Male,0,No,Yes,18,Yes,Yes,Fiber optic,Yes,No,No,No,Yes,No,Month-to-month,Yes,Credit card (automatic),96.01,1768.32,No
CUST-0008825,Female,0,No,No,32,Yes,Yes,Fiber optic,No,No,No,No,Yes,Yes,Month-to-month,Yes,Mailed check,118.75,3809.94,Yes
CUST-0008826,Female,0,Yes,Yes,13,No,No phone service,Fiber optic,No,No,Yes,No,No,No,Month-to-month,Yes,Electronic check,82.9,1072.98,No
CUST-0008827,Female,0,No,No,17,Yes,Yes,DSL,No,No,Yes,Yes,Yes,No,Month-to-month,Yes,Credit card (automatic),88.48,1506.39,No
CUST-0008828,Male,1,No,No,72,Yes,No,No,No internet service,No internet service,No internet service,No internet service,No internet service,No internet service,One year,Yes,Electronic check,89.79,6449.19,No
CUST-0008829,Female,0,Yes,No,19,Yes,No,Fiber optic,No,No,No,No,No,No,Month-to-month,No,Electronic check,84.41,1610.61,Yes
CUST-0008830,Male,0,Yes,Yes,38,Yes,Yes,Fiber optic,No,Yes,No,No,Yes,No,Month-to-month,Yes,Credit card (automatic),70.1,2665.16,No
CUST-0008831,Male,0,Yes,No,29,Yes,Yes,DSL,No,No,Yes,Yes,No,No,Month-to-month,Yes,Electronic check,84.25,,No
CUST-0008832,Male,1,No,Yes,8,Yes,No,No,No internet service,No internet service,No internet service,No internet service,No internet service,No internet service,One year,Yes,Electronic check,104.87,823.68,Yes
CUST-0008833,Female,0,Yes,No,2,Yes,No,No,No internet service,No internet service,No internet service,No internet service,No internet service,No internet service,One year,No,Mailed check,57.39,138.9,No
CUST-0008834,Male,0,No,Yes,1,Yes,No,Fiber optic,Yes,No,Yes,No,Yes,No,Month-to-month,No,Mailed check,94.31,72.14,No
CUST-0008835,Male,0,Yes,Yes,34,Yes,No,Fiber optic,No,No,No,No,No,No,Month-to-month,Yes,Electronic check,118.75,,No
CUST-0008836,Female,0,Yes,Yes,25,Yes,No,Fiber optic,No,No,No,No,No,No,Month-to-month,Yes,Electronic check,99.94,,No
CUST-0008837,Female,0,No,No,4,Yes,No,DSL,No,No,Yes,No,Yes,No,Month-to-month,Yes,Mailed check,97.51,383.7,Yes
CUST-0008838,Male,1,Yes,No,14,Yes,Yes,Fiber optic,No,No,No,Yes,Yes,No,Month-to-month,No,Credit card (automatic),87.66,1204.89,Yes
CUST-0008839,Female,0,No,No,16,Yes,No,Fiber optic,No,No,No,No,No,No,Month-to-month,Yes,Electronic check,96.98,1567.72,No
CUST-0008840,Female,0,No,Yes,72,Yes,No,DSL,No,Yes,No,Yes,No,No,Month-to-month,No,Electronic check,111.37,8006.4,No
CUST-0008841,Male,0,No,No,35,Yes,No,DSL,No,No,Yes,No,No,No,Month-to-month,Yes,Electronic check,78.49,,No
CUST-0008842,Male,0,No,Yes,9,Yes,No,DSL,No,Yes,Yes,No,Yes,Yes,One year,Yes,Electronic check,87.82,833.76,Yes
CUST-0008843,Female,0,Yes,No,1,No,No phone service,DSL,No,No,Yes,No,No,No,Month-to-month,Yes,Mailed check,81.05,70.04,Yes
CUST-0008844,Male,0,No,No,21,Yes,Yes,No,No internet service,No internet service,No internet service,No internet service,No internet service,No internet service,Month-to-month,Yes,Electronic check,118.75,2540.47,No
CUST-0008845,Male,0,No,No,18,No,No phone service,DSL,No,No,No,No,No,Yes,Month-to-month,Yes,Bank transfer (automatic),113.57,2075.14,No
CUST-0008846,Female,0,Yes,Yes,7,Yes,No,Fiber optic,No,No,Yes,Yes,No,No,Month-to-month,Yes,Electronic check,96.95,662.43,Yes
CUST-0008847,Female,0,No,No,4,Yes,No,DSL,Yes,No,No,No,Yes,No,Month-to-month,Yes,Bank transfer (automatic),81.04,310.25,Yes
CUST-0008848,Male,0,Yes,No,4,Yes,No,DSL,No,No,No,No,Yes,No,Month-to-month,No,Credit card (automatic),67.69,297.79,No
CUST-0008849,Male,0,No,Yes,15,Yes,Yes,No,No internet service,No internet service,No internet service,No internet service,No internet service,No internet service,Month-to-month,Yes,Credit card (automatic),118.75,1756.35,Yes
CUST-0008850,Female,0,Yes,No,39,Yes,No,No,No internet service,No internet service,No internet service,No internet service,No internet service,No internet service,Month-to-month,Yes,Electronic check,107.61,4212.31,Yes
CUST-0008851,Female,0,No,No,13,No,No phone service,Fiber optic,No,Yes,No,No,No,No,Two year,Yes,Electronic check,66.89,902.69,No
CUST-0008852,Female,0,Yes,Yes,26,Yes,Yes,DSL,No,No,No,No,Yes,No,Month-to-month,No,Mailed check,94.83,2483.64,No
CUST-0008853,Male,0,Yes,No,72,Yes,No,DSL,Yes,No,No,No,No,Yes,Month-to-month,No,Bank transfer (automatic),72.21,5199.63,No
CUST-0008854,Male,0,Yes,No,13,Yes,Yes,DSL,Yes,Yes,Yes,No,Yes,Yes,Month-to-month,Yes,Bank transfer (automatic),83.87,1086.51,No
CUST-0008855,Male,0,Yes,No,20,Yes,Yes,No,No internet service,No internet service,No internet service,No internet service,No internet service,No internet service,Month-to-month,No,Electronic check,92.24,1807.42,Yes
CUST-0008856,Female,0,No,No,2,Yes,Yes,No,No internet service,No internet service,No internet service,No internet service,No internet service,No internet service,Month-to-month,Yes,Bank transfer (automatic),118.75,276.02,No
CUST-0008857,Male,0,Yes,Yes,46,Yes,Yes,No,No internet service,No internet service,No internet service,No internet service,No internet service,No internet service,One year,No,Electronic check,82.26,3738.19,No
CUST-0008858,Female,0,Yes,Yes,11,Yes,Yes,DSL,Yes,Yes,No,No,No,No,Month-to-month,No,Electronic check,73.89,812.47,Yes
CUST-0008859,Female,1,No,Yes,39,Yes,Yes,DSL,Yes,Yes,No,No,Yes,Yes,Month-to-month,Yes,Electronic check,88.05,3429.46,Yes
CUST-0008860,Female,0,No,No,72,Yes,No,No,No internet service,No internet service,No internet service,No internet service,No internet service,No internet service,Month-to-month,Yes,Mailed check,105.45,7581.91,Yes
CUST-0008861,Male,0,No,No,2,Yes,Yes,DSL,Yes,No,No,No,No,No,One year,Yes,Mailed check,116.92,219.52,Yes
CUST-0008862,Female,0,No,No,10,Yes,No,Fiber optic,No,Yes,No,No,Yes,No,Month-to-month,Yes,Credit card (automatic),118.75,1236.68,No
CUST-0008863,Male,1,No,No,43,Yes,Yes,Fiber optic,No,No,No,No,No,Yes,Month-to-month,Yes,Credit card (automatic),51.68,2211.59,No
CUST-0008864,Male,0,Yes,No,9,Yes,No,DSL,No,No,No,No,No,No,Month-to-month,Yes,Credit card (automatic),118.75,1059.23,No
CUST-0008865,Female,0,Yes,No,4,Yes,Yes,Fiber optic,Yes,Yes,Yes,No,Yes,No,Month-to-month,No,Electronic check,116.34,474.27,Yes
CUST-0008866,Female,0,Yes,Yes,72,Yes,No,DSL,No,Yes,No,No,No,No,Month-to-month,Yes,Mailed check,100.92,7222.64,No
CUST-0008867,Male,0,No,No,71,Yes,No,Fiber optic,No,No,Yes,No,Yes,No,Month-to-month,No,Electronic check,91.91,6517.23,Yes
CUST-0008868,Female,0,No,No,26,Yes,No,Fiber optic,Yes,No,Yes,Yes,Yes,No,Month-to-month,Yes,Electronic check,80.71,2106.32,Yes
CUST-0008869,Male,0,No,No,4,Yes,Yes,Fiber optic,No,No,Yes,No,Yes,No,Month-to-month,No,Electronic check,89.66,325.06,Yes
CUST-0008870,Female,0,Yes,No,30,No,No phone service,DSL,No,No,No,No,No,Yes,Month-to-month,Yes,Bank transfer (automatic),98.87,2969.69,Yes
CUST-0008871,Male,0,No,No,21,Yes,No,Fiber optic,No,Yes,Yes,No,Yes,No,Month-to-month,Yes,Electronic check,110.06,2318.36,No
CUST-0008872,Male,0,Yes,Yes,0,Yes,No,Fiber optic,No,No,No,Yes,Yes,Yes,Month-to-month,Yes,Mailed check,84.22,,No
CUST-0008873,Female,0,No,No,8,Yes,Yes,Fiber optic,No,No,No,No,Yes,No,One year,No,Electronic check,107.82,863.44,Yes
CUST-0008874,Male,0,No,No,5,Yes,Yes,Fiber optic,No,No,No,No,Yes,No,Month-to-month,Yes,Bank transfer (automatic),114.19,600.12,No
CUST-0008875,Male,0,Yes,Yes,11,Yes,No,DSL,No,No,No,Yes,Yes,No,Month-to-month,No,Bank transfer (automatic),23.56,253.1,No
CUST-0008876,Male,0,No,Yes,1,Yes,No,Fiber optic,Yes,No,No,No,No,No,One year,No,Electronic check,51.15,53.34,No
CUST-0008877,Female,0,Yes,No,41,Yes,Yes,Fiber optic,No,Yes,Yes,No,No,No,Two year,Yes,Mailed check,118.75,4885.21,Yes
CUST-0008878,Male,0,Yes,Yes,3,Yes,No,Fiber optic,No,No,No,No,No,No,Month-to-month,No,Electronic check,70.29,233.55,No
CUST-0008879,Male,0,Yes,No,30,Yes,No,No,No internet service,No internet service,No internet service,No internet service,No internet service,No internet service,Month-to-month,No,Bank transfer (automatic),59.54,1804.42,No
CUST-0008880,Female,0,Yes,No,1,Yes,Yes,Fiber optic,No,No,Yes,No,Yes,Yes,Month-to-month,No,Credit card (automatic),63.57,,Yes
CUST-0008881,Male,0,Yes,No,52,Yes,No,No,No internet service,No internet service,No internet service,No internet service,No internet service,No internet service,Month-to-month,Yes,Bank transfer (automatic),55.7,2975.24,No
CUST-0008882,Female,0,Yes,No,57,Yes,No,No,No internet service,No internet service,No internet service,No internet service,No internet service,No internet service,Month-to-month,Yes,Mailed check,107.79,6158.2,No
CUST-0008883,Male,0,Yes,No,23,Yes,Yes,Fiber optic,No,No,No,No,Yes,No,Month-to-month,Yes,Bank transfer (automatic),78.42,1761.87,No
CUST-0008884,Female,0,Yes,No,29,Yes,No,No,No internet service,No internet service,No internet service,No internet service,No internet service,No internet service,Month-to-month,Yes,Bank transfer (automatic),75.18,2164.77,No
CUST-0008885,Female,0,No,No,62,Yes,No,DSL,No,Yes,No,No,No,Yes,Month-to-month,No,Electronic check,67.91,4210.21,Yes
CUST-0008886,Male,0,No,No,27,Yes,No,No,No internet service,No internet service,No internet service,No internet service,No internet service,No internet service,Month-to-month,No,Bank transfer (automatic),96.86,2616.13,Yes
CUST-0008887,Female,0,No,No,72,Yes,No,Fiber optic,No,Yes,Yes,No,Yes,No,One year,Yes,Electronic check,60.72,4366.2,No
CUST-0008888,Female,0,No,No,6,Yes,Yes,Fiber optic,No,Yes,Yes,No,No,Yes,Month-to-month,No,Mailed check,90.17,,No
CUST-0008889,Male,0,No,Yes,4,Yes,Yes,Fiber optic,No,Yes,No,No,No,Yes,Month-to-month,Yes,Electronic check,88.74,345.75,Yes
CUST-0008890,Male,1,Yes,Yes,40,Yes,Yes,DSL,No,No,No,No,Yes,No,One year,Yes,Electronic check,63.86,2508.98,No
CUST-0008891,Female,0,No,No,72,Yes,No,No,No internet service,No internet service,No internet service,No internet service,No internet service,No internet service,Month-to-month,Yes,Electronic check,89.94,6455.25,No
CUST-0008892,Male,0,No,No,44,Yes,Yes,No,No internet service,No internet service,No internet service,No internet service,No internet service,No internet service,Month-to-month,Yes,Mailed check,118.75,5201.75,No
CUST-0008893,Female,0,Yes,No,16,Yes,No,DSL,No,No,No,No,No,No,One year,No,Bank transfer (automatic),73.23,,Yes
CUST-0008894,Male,0,No,No,13,Yes,Yes,Fiber optic,No,No,Yes,No,No,No,Month-to-month,Yes,Mailed check,117.68,1526.54,No
CUST-0008895,Female,0,No,No,1,Yes,Yes,DSL,No,Yes,Yes,No,No,No,Month-to-month,Yes,Electronic check,118.75,149.69,No
CUST-0008896,Female,1,Yes,No,72,Yes,No,DSL,No,No,No,No,Yes,Yes,Month-to-month,Yes,Electronic check,104.17,7504.19,No
CUST-0008897,Male,1,No,No,8,Yes,No,DSL,No,No,No,No,Yes,Yes,Month-to-month,No,Mailed check,110.42,868.2,Yes
CUST-0008898,Male,0,No,No,25,Yes,No,Fiber optic,Yes,No,Yes,Yes,No,Yes,Month-to-month,Yes,Bank transfer (automatic),89.97,2234.95,Yes
CUST-0008899,Male,0,No,No,0,No,No phone service,No,No internet service,No internet service,No internet service,No internet service,No internet service,No internet service,Month-to-month,No,Mailed check,70.13,,No
CUST-0008900,Female,0,Yes,Yes,12,Yes,Yes,Fiber optic,No,No,No,No,No,Yes,Month-to-month,Yes,Mailed check,63.37,768.87,No
CUST-0008901,Female,0,Yes,Yes,8,No,No phone service,Fiber optic,No,No,No,Yes,Yes,Yes,Month-to-month,No,Electronic check,57.57,479.19,No
CUST-0008902,Male,0,Yes,No,2,Yes,Yes,Fiber optic,Yes,No,Yes,No,Yes,No,Two year,Yes,Mailed check,118.75,,Yes
CUST-0008903,Male,0,Yes,Yes,9,Yes,Yes,DSL,Yes,Yes,No,Yes,No,No,Month-to-month,No,Mailed check,79.9,726.96,Yes
CUST-0008904,Female,0,No,Yes,69,Yes,No,DSL,No,No,No,Yes,Yes,No,Month-to-month,Yes,Mailed check,110.78,7649.97,No
CUST-0008905,Male,0,No,Yes,7,No,No phone service,Fiber optic,No,No,Yes,No,No,Yes,Month-to-month,Yes,Electronic check,80.85,559.83,Yes
CUST-0008906,Female,0,Yes,No,49,Yes,Yes,DSL,No,Yes,No,Yes,Yes,No,Month-to-month,Yes,Electronic check,66.57,3264.1,Yes
CUST-0008907,Male,0,No,No,0,Yes,Yes,DSL,Yes,Yes,No,No,No,No,Two year,Yes,Credit card (automatic),75.4,,No
CUST-0008908,Female,0,Yes,Yes,37,Yes,Yes,No,No internet service,No internet service,No internet service,No internet service,No internet service,No internet service,Month-to-month,Yes,Mailed check,114.71,,No
CUST-0008909,Female,0,No,No,72,Yes,No,Fiber optic,No,No,No,No,No,Yes,One year,Yes,Electronic check,118.75,8548.38,No
CUST-0008910,Male,0,Yes,No,40,Yes,Yes,No,No internet service,No internet service,No internet service,No internet service,No internet service,No internet service,Month-to-month,No,Mailed check,112.65,4514.12,No
CUST-0008911,Male,0,No,No,2,Yes,No,No,No internet service,No internet service,No internet service,No internet service,No internet service,No internet service,Month-to-month,Yes,Bank transfer (automatic),93.17,229.97,No
CUST-0008912,Female,0,No,Yes,14,No,No phone service,No,No internet service,No internet service,No internet service,No internet service,No internet service,No internet service,Two year,Yes,Mailed check,107.43,,No
CUST-0008913,Male,0,Yes,No,32,Yes,No,No,No internet service,No internet service,No internet service,No internet service,No internet service,No internet service,Month-to-month,Yes,Credit card (automatic),84.25,2720.68,No
CUST-0008914,Female,0,Yes,No,18,Yes,No,DSL,No,No,No,No,No,Yes,One year,Yes,Mailed check,82.57,1448.26,No
CUST-0008915,Male,1,Yes,No,0,Yes,No,DSL,No,No,No,No,No,No,Two year,No,Bank transfer (automatic),74.88,,No
CUST-0008916,Male,0,Yes,No,51,Yes,No,DSL,No,No,No,No,No,No,Month-to-month,Yes,Electronic check,57.06,2868.82,Yes
CUST-0008917,Male,0,Yes,No,55,Yes,No,Fiber optic,No,No,Yes,Yes,Yes,No,One year,Yes,Electronic check,100.65,5538.55,No
CUST-0008918,Female,0,Yes,Yes,8,Yes,Yes,DSL,Yes,No,Yes,No,Yes,No,One year,Yes,Electronic check,93.66,789.94,No
CUST-0008919,Male,0,No,Yes,6,Yes,No,DSL,No,Yes,No,No,No,No,Month-to-month,No,Electronic check,52.58,334.89,No
CUST-0008920,Female,0,Yes,Yes,21,Yes,Yes,Fiber optic,Yes,No,No,No,No,Yes,Month-to-month,Yes,Bank transfer (automatic),87.75,1877.81,Yes
CUST-0008921,Male,0,No,Yes,8,Yes,No,Fiber optic,No,Yes,Yes,Yes,Yes,Yes,Month-to-month,Yes,Electronic check,81.4,631.15,Yes
CUST-0008922,Male,0,No,No,30,Yes,Yes,DSL,Yes,Yes,No,Yes,No,No,Month-to-month,Yes,Bank transfer (automatic),118.75,3583.62,Yes
CUST-0008923,Female,1,No,No,5,Yes,No,Fiber optic,No,No,Yes,No,Yes,No,Month-to-month,Yes,Credit card (automatic),76.07,368.5,No
CUST-0008924,Female,0,No,No,4,Yes,Yes,Fiber optic,No,No,Yes,Yes,Yes,Yes,Month-to-month,No,Electronic check,110.87,455.87,No
CUST-0008925,Female,0,No,No,41,Yes,No,Fiber optic,No,No,No,No,Yes,No,Month-to-month,Yes,Electronic check,108.89,4445.98,No
CUST-0008926,Female,1,No,No,9,Yes,No,Fiber optic,No,No,No,No,Yes,No,Two year,No,Mailed check,82.38,731.97,No
CUST-0008927,Female,0,No,Yes,43,Yes,No,DSL,No,No,No,No,No,No,Month-to-month,Yes,Mailed check,96.71,4174.08,Yes
CUST-0008928,Male,0,No,Yes,12,No,No phone service,No,No internet service,No internet service,No internet service,No internet service,No internet service,No internet service,Month-to-month,Yes,Mailed check,82.93,971.04,No
CUST-0008929,Male,0,No,No,43,Yes,No,Fiber optic,No,Yes,Yes,No,No,Yes,Month-to-month,Yes,Bank transfer (automatic),97.43,4226.1,No
CUST-0008930,Female,1,No,Yes,29,Yes,Yes,DSL,No,No,Yes,No,No,No,Month-to-month,Yes,Credit card (automatic),97.8,2841.55,No
CUST-0008931,Female,1,Yes,No,12,Yes,Yes,DSL,No,No,No,No,No,Yes,Month-to-month,Yes,Electronic check,80.11,952.52,No
CUST-0008932,Male,1,No,No,28,Yes,No,Fiber optic,Yes,Yes,No,No,Yes,Yes,Month-to-month,Yes,Mailed check,94.06,2655.47,No
CUST-0008933,Female,0,No,No,0,Yes,No,DSL,No,No,No,No,Yes,Yes,Month-to-month,Yes,Electronic check,96.85,,No
CUST-0008934,Male,0,Yes,No,18,No,No phone service,Fiber optic,No,Yes,Yes,No,No,No,One year,Yes,Bank transfer (automatic),48.09,823.65,No
CUST-0008935,Male,0,Yes,Yes,9,No,No phone service,DSL,No,No,No,No,Yes,Yes,Month-to-month,Yes,Bank transfer (automatic),118.75,1024.44,No
CUST-0008936,Female,0,Yes,No,6,Yes,No,Fiber optic,No,Yes,Yes,No,Yes,No,Month-to-month,No,Electronic check,90.36,590.6,No
CUST-0008937,Male,0,No,No,2,Yes,Yes,Fiber optic,No,No,Yes,No,No,No,Month-to-month,Yes,Electronic check,94.2,162.5,No
CUST-0008938,Female,0,No,No,71,Yes,No,Fiber optic,Yes,No,No,No,Yes,Yes,One year,No,Credit card (automatic),91.04,6454.97,No
CUST-0008939,Female,1,Yes,Yes,2,No,No phone service,Fiber optic,Yes,No,No,No,No,No,Month-to-month,No,Mailed check,54.83,137.97,No
CUST-0008940,Female,0,Yes,No,10,Yes,Yes,Fiber optic,No,No,No,No,Yes,Yes,Month-to-month,No,Mailed check,88.08,875.86,Yes
CUST-0008941,Male,0,No,No,6,Yes,No,Fiber optic,No,No,Yes,No,No,Yes,Month-to-month,Yes,Electronic check,102.94,635.8,No
CUST-0008942,Female,0,No,No,51,Yes,Yes,DSL,No,No,Yes,Yes,Yes,Yes,Month-to-month,Yes,Bank transfer (automatic),118.75,6041.51,Yes
CUST-0008943,Female,1,No,No,9,Yes,No,Fiber optic,No,No,No,Yes,No,Yes,Two year,Yes,Bank transfer (automatic),118.75,,Yes
CUST-0008944,Male,0,No,No,18,Yes,No,Fiber optic,No,Yes,Yes,Yes,Yes,Yes,Month-to-month,No,Electronic check,89.08,1633.31,No
CUST-0008945,Male,0,No,No,72,Yes,Yes,No,No internet service,No internet service,No internet service,No internet service,No internet service,No internet service,One year,No,Bank transfer (automatic),87.87,6326.27,No
CUST-0008946,Female,0,No,No,7,Yes,No,No,No internet service,No internet service,No internet service,No internet service,No internet service,No internet service,Month-to-month,Yes,Electronic check,99.4,666.16,No
CUST-0008947,Male,0,No,No,5,Yes,No,Fiber optic,Yes,Yes,Yes,No,Yes,No,Month-to-month,Yes,Mailed check,107.39,547.72,No
CUST-0008948,Female,0,Yes,No,72,Yes,No,DSL,No,Yes,No,No,Yes,No,Month-to-month,No,Electronic check,118.75,8545.23,Yes
CUST-0008949,Male,0,No,No,29,Yes,No,No,No internet service,No internet service,No internet service,No internet service,No internet service,No internet service,Month-to-month,Yes,Mailed check,70.6,,No
CUST-0008950,Female,0,No,No,3,No,No phone service,Fiber optic,No,No,Yes,Yes,No,No,Month-to-month,Yes,Credit card (automatic),96.97,293.68,No
CUST-0008951,Male,0,No,Yes,33,Yes,No,Fiber optic,No,Yes,No,No,No,No,Month-to-month,Yes,Electronic check,62.7,2019.39,No
CUST-0008952,Male,1,No,No,15,Yes,Yes,DSL,No,No,No,No,No,Yes,Month-to-month,No,Mailed check,77.8,1167.45,No
CUST-0008953,Female,0,No,Yes,21,Yes,Yes,Fiber optic,No,Yes,No,No,Yes,No,Month-to-month,No,Electronic check,118.66,2490.23,No
CUST-0008954,Male,0,Yes,No,0,Yes,Yes,Fiber optic,No,No,No,No,No,Yes,Month-to-month,No,Electronic check,73.86,,No
CUST-0008955,Female,0,No,Yes,51,Yes,Yes,Fiber optic,No,Yes,No,No,Yes,No,Month-to-month,Yes,Mailed check,81.44,4173.81,No
CUST-0008956,Male,0,Yes,Yes,2,Yes,No,No,No internet service,No internet service,No internet service,No internet service,No internet service,No internet service,Month-to-month,No,Electronic check,51.02,61.12,Yes
CUST-0008957,Female,0,Yes,Yes,42,Yes,No,No,No internet service,No internet service,No internet service,No internet service,No internet service,No internet service,Month-to-month,Yes,Mailed check,77.54,3245.33,No
CUST-0008958,Male,1,No,Yes,10,Yes,Yes,No,No internet service,No internet service,No internet service,No internet service,No internet service,No internet service,Month-to-month,Yes,Credit card (automatic),76.91,744.32,No
CUST-0008959,Male,0,No,Yes,49,Yes,No,No,No internet service,No internet service,No internet service,No internet service,No internet service,No internet service,Month-to-month,Yes,Mailed check,84.21,4096.39,Yes
CUST-0008960,Male,0,Yes,No,4,Yes,Yes,DSL,No,No,No,No,No,No,One year,No,Credit card (automatic),66.46,284.53,Yes
CUST-0008961,Male,0,Yes,No,25,Yes,Yes,Fiber optic,No,No,No,No,No,No,Month-to-month,No,Electronic check,113.63,2867.26,Yes
CUST-0008962,Male,0,Yes,No,0,Yes,No,DSL,No,No,No,No,Yes,Yes,One year,Yes,Credit card (automatic),85.31,,No
CUST-0008963,Female,0,Yes,No,25,Yes,Yes,DSL,No,No,No,Yes,Yes,No,Month-to-month,Yes,Mailed check,88.79,2282.99,No
CUST-0008964,Female,0,No,Yes,1,Yes,Yes,DSL,No,No,Yes,No,No,Yes,One year,Yes,Bank transfer (automatic),50.47,47.94,No
CUST-0008965,Male,0,Yes,No,54,Yes,Yes,No,No internet service,No internet service,No internet service,No internet service,No internet service,No internet service,Month-to-month,Yes,Mailed check,84.41,4537.93,No
CUST-0008966,Male,0,No,Yes,10,Yes,No,Fiber optic,Yes,No,No,No,No,No,Month-to-month,Yes,Electronic check,113.81,1129.08,No
CUST-0008967,Male,0,No,No,20,Yes,Yes,No,No internet service,No internet service,No internet service,No internet service,No internet service,No internet service,Month-to-month,Yes,Mailed check,61.93,1215.75,No
CUST-0008968,Female,1,No,No,57,Yes,No,Fiber optic,Yes,No,No,Yes,Yes,No,Month-to-month,Yes,Electronic check,70.09,3995.45,Yes
CUST-0008969,Male,0,Yes,No,31,Yes,No,DSL,No,No,No,No,No,No,Month-to-month,Yes,Electronic check,107.02,3311.5,No
CUST-0008970,Male,0,No,No,39,Yes,Yes,DSL,No,No,No,No,No,Yes,One year,Yes,Credit card (automatic),71.98,2819.09,No
CUST-0008971,Male,0,Yes,No,10,Yes,No,Fiber optic,Yes,No,No,No,No,No,Month-to-month,Yes,Credit card (automatic),117.95,1204.82,No
CUST-0008972,Male,1,No,No,33,Yes,No,Fiber optic,No,No,No,Yes,No,No,Two year,Yes,Electronic check,82.08,2690.35,No
CUST-0008973,Female,0,No,Yes,2,Yes,Yes,Fiber optic,No,No,No,Yes,No,No,Month-to-month,No,Electronic check,105.21,191.85,Yes
CUST-0008974,Male,0,No,No,2,Yes,Yes,Fiber optic,Yes,No,No,Yes,No,Yes,Month-to-month,Yes,Mailed check,101.86,187.38,No
CUST-0008975,Male,0,No,No,22,Yes,Yes,Fiber optic,No,No,Yes,No,No,No,One year,Yes,Mailed check,90.79,2001.36,No
CUST-0008976,Female,0,Yes,No,35,Yes,Yes,DSL,No,No,Yes,No,No,No,One year,No,Credit card (automatic),51.62,,Yes
CUST-0008977,Male,1,No,No,15,No,No phone service,DSL,Yes,No,No,No,Yes,Yes,Two year,Yes,Credit card (automatic),89.04,1324.12,Yes
CUST-0008978,Female,0,No,No,29,No,No phone service,Fiber optic,No,No,Yes,Yes,No,No,Two year,Yes,Credit card (automatic),40.19,,No
CUST-0008979,Male,0,Yes,No,14,Yes,No,Fiber optic,No,No,No,No,No,No,Month-to-month,No,Credit card (automatic),47.36,635.54,No
CUST-0008980,Male,0,No,No,65,Yes,No,DSL,No,No,Yes,No,No,No,Two year,Yes,Electronic check,107.25,6937.82,No
CUST-0008981,Male,0,No,No,72,Yes,No,Fiber optic,No,No,No,No,No,No,Month-to-month,No,Electronic check,86.98,6258.75,Yes
CUST-0008982,Female,1,Yes,Yes,0,Yes,No,No,No internet service,No internet service,No internet service,No internet service,No internet service,No internet service,One year,Yes,Electronic check,52.93,,No
CUST-0008983,Male,0,Yes,No,20,Yes,No,DSL,Yes,Yes,No,No,Yes,No,Month-to-month,No,Bank transfer (automatic),99.63,2019.31,No
CUST-0008984,Female,0,Yes,No,24,Yes,No,DSL,No,No,Yes,No,No,No,One year,Yes,Credit card (automatic),118.75,2876.89,No
CUST-0008985,Female,0,No,No,9,Yes,No,DSL,No,No,No,Yes,Yes,Yes,One year,No,Credit card (automatic),68.39,610.63,No
CUST-0008986,Male,0,Yes,No,2,Yes,Yes,Fiber optic,Yes,Yes,No,No,No,No,Month-to-month,Yes,Credit card (automatic),100.81,179.22,No
CUST-0008987,Female,0,Yes,No,4,Yes,No,Fiber optic,No,No,Yes,No,Yes,No,Month-to-month,No,Electronic check,92.51,347.14,No
CUST-0008988,Female,0,No,Yes,9,Yes,Yes,DSL,No,No,No,Yes,No,No,Month-to-month,No,Electronic check,83.8,763.64,Yes
CUST-0008989,Female,0,Yes,No,38,Yes,No,No,No internet service,No internet service,No internet service,No internet service,No internet service,No internet service,One year,Yes,Electronic check,89.03,3406.4,No
CUST-0008990,Male,0,Yes,No,44,Yes,No,Fiber optic,No,No,No,No,No,No,One year,Yes,Mailed check,80.38,3531.21,No
CUST-0008991,Male,0,No,No,41,Yes,No,Fiber optic,No,No,Yes,Yes,No,Yes,Month-to-month,No,Credit card (automatic),106.21,4367.67,Yes
CUST-0008992,Male,0,Yes,Yes,5,Yes,Yes,No,No internet service,No internet service,No internet service,No internet service,No internet service,No internet service,Month-to-month,No,Credit card (automatic),104.81,519.8,No
CUST-0008993,Male,0,Yes,No,36,Yes,No,DSL,Yes,No,Yes,Yes,No,No,Two year,No,Mailed check,86.34,3087.56,No
CUST-0008994,Male,0,No,Yes,40,Yes,No,Fiber optic,Yes,No,Yes,No,Yes,Yes,One year,No,Bank transfer (automatic),88.76,3537.71,No
CUST-0008995,Female,1,No,No,56,Yes,Yes,No,No internet service,No internet service,No internet service,No internet service,No internet service,No internet service,Month-to-month,Yes,Electronic check,72.17,4060.39,No
CUST-0008996,Male,0,No,No,3,Yes,Yes,Fiber optic,No,No,Yes,No,Yes,No,Month-to-month,No,Bank transfer (automatic),108.87,,No
CUST-0008997,Female,0,No,No,16,Yes,No,DSL,Yes,No,No,No,No,Yes,Month-to-month,No,Bank transfer (automatic),91.83,,Yes
CUST-0008998,Male,0,Yes,No,14,Yes,Yes,Fiber optic,No,No,Yes,No,Yes,No,One year,Yes,Mailed check,57.47,819.24,Yes
CUST-0008999,Female,1,Yes,No,13,Yes,Yes,No,No internet service,No internet service,No internet service,No internet service,No internet service,No internet service,Month-to-month,Yes,Mailed check,71.02,949.1,No
CUST-0009000,Male,0,Yes,No,12,Yes,No,Fiber optic,No,No,No,No,Yes,No,Month-to-month,No,Mailed check,91.64,1137.74,No
CUST-0009001,Male,0,Yes,No,22,Yes,No,No,No internet service,No internet service,No internet service,No internet service,No internet service,No internet service,Month-to-month,No,Bank transfer (automatic),118.75,2606.24,Yes
CUST-0009002,Female,0,No,No,8,Yes,Yes,DSL,No,No,Yes,No,No,No,Month-to-month,No,Credit card (automatic),66.18,529.9,No
CUST-0009003,Female,0,Yes,No,25,Yes,Yes,Fiber optic,No,No,No,No,No,Yes,Month-to-month,No,Bank transfer (automatic),56.1,1414.43,Yes
CUST-0009004,Male,1,No,No,72,Yes,Yes,DSL,No,Yes,Yes,No,No,Yes,Month-to-month,Yes,Electronic check,118.75,8564.03,No
CUST-0009005,Female,0,Yes,Yes,0,Yes,Yes,Fiber optic,No,No,Yes,Yes,No,No,Month-to-month,Yes,Bank transfer (automatic),118.75,,No
CUST-0009006,Female,0,Yes,No,4,Yes,Yes,DSL,No,No,No,No,Yes,Yes,Month-to-month,No,Credit card (automatic),93.82,342.24,No
CUST-0009007,Female,0,No,No,4,Yes,Yes,Fiber optic,No,Yes,Yes,No,Yes,Yes,One year,Yes,Credit card (automatic),85.29,322.84,No
CUST-0009008,Male,0,No,Yes,11,Yes,No,Fiber optic,No,Yes,Yes,No,No,Yes,Month-to-month,No,Bank transfer (automatic),72.77,784.89,No
CUST-0009009,Male,0,No,No,16,Yes,No,Fiber optic,No,Yes,No,No,No,Yes,Month-to-month,Yes,Credit card (automatic),52.22,812.19,Yes
CUST-0009010,Male,1,Yes,Yes,47,Yes,Yes,Fiber optic,No,No,No,No,Yes,No,Month-to-month,Yes,Electronic check,112.47,5319.86,No
CUST-0009011,Female,0,Yes,No,40,Yes,No,DSL,No,No,Yes,Yes,No,No,Two year,No,Bank transfer (automatic),100.86,,Yes
CUST-0009012,Male,1,Yes,Yes,14,Yes,No,No,No internet service,No internet service,No internet service,No internet service,No internet service,No internet service,Month-to-month,Yes,Bank transfer (automatic),82.81,1103.72,No
CUST-0009013,Female,0,Yes,Yes,29,Yes,No,Fiber optic,No,No,No,No,Yes,No,Month-to-month,Yes,Mailed check,74.67,2181.91,No
CUST-0009014,Male,0,No,No,11,Yes,No,Fiber optic,No,No,No,Yes,Yes,Yes,Month-to-month,No,Credit card (automatic),69.15,,No
CUST-0009015,Female,0,No,Yes,10,Yes,No,Fiber optic,Yes,Yes,Yes,No,No,No,Two year,Yes,Electronic check,84.88,899.33,Yes
CUST-0009016,Male,0,No,No,43,Yes,Yes,Fiber optic,Yes,No,No,No,No,No,Month-to-month,Yes,Electronic check,52.7,2249.22,No
CUST-0009017,Male,1,No,Yes,13,Yes,Yes,DSL,Yes,No,No,No,No,No,One year,Yes,Electronic check,118.75,,No
CUST-0009018,Female,0,No,No,32,Yes,No,Fiber optic,Yes,No,Yes,Yes,Yes,Yes,One year,Yes,Credit card (automatic),93.42,3033.42,No
CUST-0009019,Male,0,Yes,Yes,43,Yes,No,Fiber optic,No,Yes,No,Yes,Yes,No,Two year,Yes,Electronic check,89.03,3857.85,No
CUST-0009020,Female,0,No,No,22,Yes,No,Fiber optic,No,No,No,No,Yes,No,Month-to-month,Yes,Mailed check,90.61,2018.51,Yes
CUST-0009021,Male,1,Yes,No,25,Yes,Yes,Fiber optic,No,No,Yes,No,No,No,One year,Yes,Credit card (automatic),118.75,2987.29,Yes
CUST-0009022,Female,0,No,Yes,72,Yes,No,DSL,Yes,Yes,No,Yes,Yes,Yes,Month-to-month,Yes,Electronic check,100.98,7274.99,Yes
CUST-0009023,Female,0,Yes,No,0,Yes,No,Fiber optic,No,No,No,Yes,No,No,Month-to-month,Yes,Credit card (automatic),90.25,,No
CUST-0009024,Male,0,Yes,Yes,22,Yes,No,Fiber optic,No,Yes,Yes,No,No,No,Two year,No,Electronic check,88.87,1999.18,No
CUST-0009025,Female,0,No,No,46,Yes,No,Fiber optic,No,No,No,Yes,Yes,Yes,Month-to-month,Yes,Bank transfer (automatic),84.3,3883.56,No
CUST-0009026,Male,0,Yes,Yes,6,Yes,No,Fiber optic,Yes,No,Yes,No,No,No,Month-to-month,Yes,Credit card (automatic),68.97,412.76,No
CUST-0009027,Female,0,Yes,Yes,32,Yes,No,Fiber optic,Yes,No,Yes,No,Yes,Yes,Two year,No,Credit card (automatic),118.24,3713.96,No
CUST-0009028,Male,0,Yes,No,11,Yes,Yes,Fiber optic,Yes,No,Yes,No,Yes,No,Month-to-month,No,Mailed check,82.03,911.72,Yes
CUST-0009029,Male,0,Yes,No,1,Yes,No,Fiber optic,No,No,No,No,Yes,No,Month-to-month,Yes,Mailed check,118.75,,No
CUST-0009030,Male,0,No,Yes,16,Yes,Yes,DSL,No,Yes,No,Yes,Yes,Yes,Month-to-month,Yes,Mailed check,86.39,1390.41,No
CUST-0009031,Female,1,No,Yes,13,Yes,Yes,Fiber optic,No,Yes,Yes,No,No,No,Month-to-month,Yes,Credit card (automatic),71.5,954.43,No
CUST-0009032,Male,0,Yes,No,1,Yes,No,Fiber optic,Yes,Yes,Yes,No,No,Yes,Two year,Yes,Mailed check,84.45,100.65,Yes
CUST-0009033,Female,0,No,No,3,Yes,No,Fiber optic,No,No,No,Yes,Yes,Yes,Month-to-month,No,Electronic check,97.31,276.0,No
CUST-0009034,Female,0,Yes,No,5,Yes,No,Fiber optic,No,Yes,No,No,Yes,Yes,Month-to-month,Yes,Electronic check,88.31,367.9,Yes
CUST-0009035,Male,0,No,No,16,Yes,No,Fiber optic,No,No,No,Yes,No,No,Month-to-month,No,Electronic check,90.23,1419.16,No
CUST-0009036,Male,0,No,No,20,Yes,No,Fiber optic,Yes,Yes,No,No,Yes,Yes,Month-to-month,Yes,Electronic check,85.73,,No
CUST-0009037,Female,0,No,No,29,Yes,Yes,DSL,No,Yes,No,No,Yes,No,Month-to-month,No,Bank transfer (automatic),74.59,2150.09,No
CUST-0009038,Female,0,No,No,6,Yes,No,No,No internet service,No internet service,No internet service,No internet service,No internet service,No internet service,Month-to-month,No,Mailed check,84.62,491.12,Yes
CUST-0009039,Male,0,No,No,0,Yes,No,No,No internet service,No internet service,No internet service,No internet service,No internet service,No internet service,Two year,Yes,Mailed check,94.71,,No
CUST-0009040,Female,0,Yes,No,22,No,No phone service,Fiber optic,Yes,No,No,Yes,Yes,No,Month-to-month,Yes,Mailed check,77.76,1710.86,No
CUST-0009041,Male,0,No,No,2,Yes,Yes,DSL,Yes,Yes,Yes,No,No,No,Month-to-month,Yes,Credit card (automatic),70.55,127.23,No
CUST-0009042,Male,0,Yes,Yes,31,Yes,No,Fiber optic,No,No,Yes,No,Yes,No,Two year,Yes,Electronic check,98.83,3067.83,No
CUST-0009043,Female,0,Yes,No,11,Yes,Yes,Fiber optic,No,No,Yes,No,No,No,Month-to-month,No,Mailed check,78.73,856.89,Yes
CUST-0009044,Male,0,Yes,No,9,Yes,Yes,Fiber optic,No,No,Yes,No,No,No,Month-to-month,No,Electronic check,99.7,892.97,Yes
CUST-0009045,Male,1,No,Yes,22,Yes,No,No,No internet service,No internet service,No internet service,No internet service,No internet service,No internet service,Month-to-month,Yes,Mailed check,88.07,1933.72,Yes
CUST-0009046,Female,0,No,No,10,Yes,No,Fiber optic,No,No,Yes,No,No,No,Month-to-month,Yes,Electronic check,118.75,1153.43,Yes
CUST-0009047,Female,0,Yes,No,14,Yes,Yes,DSL,No,Yes,No,Yes,No,No,Month-to-month,No,Electronic check,74.46,1055.24,No
CUST-0009048,Male,0,Yes,No,47,Yes,Yes,DSL,No,No,No,No,Yes,No,Month-to-month,Yes,Credit card (automatic),111.73,5230.28,No
CUST-0009049,Male,0,Yes,No,48,Yes,No,Fiber optic,Yes,No,No,No,Yes,Yes,Two year,No,Bank transfer (automatic),118.75,5661.06,Yes
CUST-0009050,Female,1,No,No,24,Yes,No,Fiber optic,No,No,No,No,No,Yes,One year,No,Bank transfer (automatic),95.27,2283.36,Yes
CUST-0009051,Female,0,Yes,No,29,Yes,Yes,Fiber optic,No,No,No,No,No,Yes,Month-to-month,Yes,Credit card (automatic),94.07,2711.53,No
CUST-0009052,Female,0,Yes,No,6,Yes,Yes,Fiber optic,Yes,No,No,No,No,No,Month-to-month,Yes,Bank transfer (automatic),84.35,524.3,No
CUST-0009053,Female,0,No,No,10,Yes,Yes,DSL,No,No,Yes,No,Yes,No,Month-to-month,Yes,Electronic check,88.83,892.66,Yes
CUST-0009054,Female,0,Yes,No,43,No,No phone service,DSL,No,No,No,No,No,Yes,Month-to-month,Yes,Mailed check,74.72,3225.68,Yes
CUST-0009055,Female,0,No,No,72,Yes,No,DSL,Yes,No,No,No,No,No,Month-to-month,No,Bank transfer (automatic),118.75,8525.61,No
CUST-0009056,Female,0,Yes,Yes,13,Yes,Yes,Fiber optic,No,No,Yes,No,No,No,Month-to-month,No,Credit card (automatic),81.5,1052.2,No
CUST-0009057,Male,1,Yes,Yes,37,Yes,No,DSL,No,No,No,No,Yes,No,Month-to-month,Yes,Bank transfer (automatic),98.99,3619.61,Yes
CUST-0009058,Male,0,No,Yes,8,Yes,Yes,Fiber optic,Yes,No,Yes,No,Yes,Yes,Month-to-month,No,Electronic check,89.57,690.18,No
CUST-0009059,Male,0,Yes,No,53,Yes,Yes,Fiber optic,No,Yes,No,Yes,Yes,No,Month-to-month,Yes,Bank transfer (automatic),87.37,4602.8,No
CUST-0009060,Female,0,No,No,30,Yes,No,DSL,No,No,Yes,No,No,No,Month-to-month,No,Mailed check,71.18,,No
CUST-0009061,Female,0,Yes,No,61,Yes,No,DSL,No,No,No,No,Yes,No,One year,Yes,Credit card (automatic),74.87,4622.96,No
CUST-0009062,Male,1,Yes,No,2,Yes,Yes,Fiber optic,No,Yes,No,Yes,No,No,Month-to-month,Yes,Electronic check,101.28,200.15,Yes
CUST-0009063,Male,0,Yes,No,23,Yes,No,DSL,No,No,Yes,No,Yes,No,Month-to-month,No,Electronic check,96.53,2238.92,Yes
CUST-0009064,Female,0,No,No,15,Yes,No,No,No internet service,No internet service,No internet service,No internet service,No internet service,No internet service,Month-to-month,Yes,Bank transfer (automatic),71.56,1039.87,Yes
CUST-0009065,Female,0,Yes,No,33,Yes,Yes,Fiber optic,No,No,No,Yes,No,No,One year,Yes,Credit card (automatic),78.53,2582.79,Yes
CUST-0009066,Male,0,No,No,37,Yes,Yes,No,No internet service,No internet service,No internet service,No internet service,No internet service,No internet service,Month-to-month,No,Mailed check,103.16,3806.92,No
CUST-0009067,Female,0,Yes,Yes,18,Yes,No,DSL,No,Yes,No,Yes,No,Yes,Month-to-month,Yes,Electronic check,22.84,371.56,No
CUST-0009068,Female,0,Yes,No,2,Yes,No,DSL,No,No,Yes,No,No,Yes,Month-to-month,No,Mailed check,63.57,157.7,No
CUST-0009069,Female,0,No,No,72,Yes,Yes,Fiber optic,Yes,No,No,No,Yes,No,Month-to-month,Yes,Bank transfer (automatic),108.17,7816.63,No
CUST-0009070,Male,0,No,No,7,Yes,No,DSL,No,Yes,No,No,No,No,Month-to-month,No,Bank transfer (automatic),40.99,293.26,No
CUST-0009071,Female,1,No,Yes,34,Yes,No,Fiber optic,No,No,No,No,No,Yes,Month-to-month,Yes,Credit card (automatic),96.98,3263.84,No
CUST-0009072,Female,0,Yes,Yes,72,Yes,Yes,Fiber optic,Yes,No,No,No,Yes,Yes,Month-to-month,Yes,Bank transfer (automatic),84.76,6095.17,Yes
CUST-0009073,Male,0,No,No,29,Yes,No,DSL,No,Yes,No,No,Yes,No,Month-to-month,Yes,Mailed check,97.96,2849.67,No
CUST-0009074,Male,0,Yes,Yes,33,Yes,No,DSL,Yes,Yes,Yes,No,No,Yes,Month-to-month,Yes,Electronic check,103.76,3407.7,No
CUST-0009075,Male,0,No,Yes,17,Yes,No,DSL,Yes,No,Yes,Yes,Yes,Yes,Month-to-month,No,Electronic check,118.75,2027.36,Yes
CUST-0009076,Female,0,No,Yes,2,Yes,Yes,Fiber optic,No,No,No,No,No,Yes,Two year,Yes,Credit card (automatic),118.49,221.28,Yes
CUST-0009077,Female,0,Yes,No,33,Yes,No,No,No internet service,No internet service,No internet service,No internet service,No internet service,No internet service,One year,No,Credit card (automatic),108.69,3576.15,No
CUST-0009078,Female,0,No,Yes,12,Yes,Yes,Fiber optic,No,No,Yes,No,No,No,Month-to-month,Yes,Bank transfer (automatic),116.53,1400.94,No
CUST-0009079,Female,0,Yes,Yes,16,Yes,No,Fiber optic,Yes,No,No,No,No,Yes,One year,No,Electronic check,107.83,1697.35,No
CUST-0009080,Female,1,No,No,22,Yes,No,Fiber optic,Yes,No,No,No,Yes,Yes,One year,Yes,Mailed check,90.05,1998.05,No
CUST-0009081,Male,0,No,No,37,Yes,No,Fiber optic,No,Yes,No,No,Yes,No,Month-to-month,Yes,Mailed check,110.71,4071.67,Yes
CUST-0009082,Female,0,No,No,12,Yes,No,Fiber optic,Yes,No,No,No,No,Yes,Month-to-month,Yes,Credit card (automatic),100.72,1174.85,No
CUST-0009083,Male,0,Yes,Yes,20,No,No phone service,Fiber optic,No,Yes,No,No,Yes,No,Month-to-month,Yes,Mailed check,109.65,2138.74,No
CUST-0009084,Male,1,No,No,16,Yes,No,DSL,Yes,No,No,No,No,No,Month-to-month,Yes,Bank transfer (automatic),107.99,1704.51,No
CUST-0009085,Female,0,No,Yes,25,Yes,Yes,DSL,Yes,No,Yes,Yes,Yes,No,Month-to-month,No,Electronic check,70.65,1782.16,No
CUST-0009086,Female,0,Yes,Yes,5,Yes,No,No,No internet service,No internet service,No internet service,No internet service,No internet service,No internet service,Month-to-month,Yes,Electronic check,57.02,,No
CUST-0009087,Male,0,Yes,No,33,Yes,No,Fiber optic,Yes,No,No,No,No,No,Month-to-month,Yes,Mailed check,118.75,3923.45,No
CUST-0009088,Female,0,Yes,No,72,Yes,Yes,Fiber optic,No,No,Yes,Yes,No,No,Month-to-month,Yes,Mailed check,112.36,8107.47,No
CUST-0009089,Male,1,Yes,No,1,No,No phone service,Fiber optic,Yes,No,No,No,No,Yes,One year,Yes,Electronic check,101.42,114.77,No
CUST-0009090,Female,0,Yes,No,35,Yes,No,DSL,No,Yes,No,Yes,No,No,Month-to-month,Yes,Bank transfer (automatic),66.62,2326.27,No
CUST-0009091,Female,0,No,No,34,No,No phone service,Fiber optic,No,Yes,No,No,No,No,Month-to-month,Yes,Electronic check,63.3,2144.81,Yes
CUST-0009092,Female,0,No,Yes,54,No,No phone service,DSL,Yes,Yes,No,No,No,No,Month-to-month,Yes,Electronic check,89.28,4822.59,No
CUST-0009093,Female,0,No,No,6,Yes,Yes,Fiber optic,No,Yes,No,No,No,Yes,Month-to-month,Yes,Electronic check,118.75,735.82,No
CUST-0009094,Female,0,Yes,No,11,Yes,Yes,DSL,Yes,No,Yes,No,No,Yes,Month-to-month,Yes,Bank transfer (automatic),118.75,1346.29,No
CUST-0009095,Male,0,No,No,54,Yes,Yes,Fiber optic,No,No,Yes,Yes,Yes,Yes,Month-to-month,Yes,Bank transfer (automatic),91.72,4964.2,Yes
CUST-0009096,Female,1,Yes,No,5,Yes,No,Fiber optic,No,No,No,No,Yes,No,Month-to-month,Yes,Bank transfer (automatic),109.09,,No
CUST-0009097,Female,0,Yes,No,14,Yes,No,Fiber optic,Yes,Yes,Yes,Yes,No,No,One year,No,Electronic check,81.34,1123.91,No
CUST-0009098,Male,0,Yes,No,27,No,No phone service,DSL,No,No,No,No,Yes,Yes,Month-to-month,Yes,Credit card (automatic),72.64,1911.31,No
CUST-0009099,Female,1,No,Yes,28,Yes,No,DSL,No,No,Yes,Yes,No,No,Month-to-month,No,Electronic check,77.23,2148.86,Yes
CUST-0009100,Female,0,Yes,No,6,Yes,No,DSL,No,Yes,Yes,No,Yes,Yes,Month-to-month,No,Electronic check,98.47,595.71,Yes
CUST-0009101,Male,0,Yes,Yes,64,No,No phone service,No,No internet service,No internet service,No internet service,No internet service,No internet service,No internet service,Two year,Yes,Mailed check,118.75,7627.78,No
CUST-0009102,Female,0,No,No,30,Yes,No,DSL,No,No,No,No,No,Yes,Month-to-month,Yes,Mailed check,72.66,2216.15,No
CUST-0009103,Female,0,No,No,7,Yes,Yes,DSL,No,No,No,No,No,No,Month-to-month,Yes,Electronic check,89.89,615.83,No
CUST-0009104,Female,0,No,No,17,Yes,Yes,Fiber optic,No,No,Yes,No,No,No,Two year,Yes,Electronic check,62.17,1040.97,No
CUST-0009105,Male,0,Yes,No,37,Yes,Yes,Fiber optic,No,Yes,No,Yes,Yes,No,One year,Yes,Mailed check,86.27,,No
CUST-0009106,Male,0,Yes,No,38,Yes,No,Fiber optic,No,No,No,Yes,Yes,No,Month-to-month,Yes,Bank transfer (automatic),102.02,,No
CUST-0009107,Female,1,Yes,No,20,Yes,Yes,Fiber optic,No,Yes,No,No,No,Yes,Month-to-month,No,Bank transfer (automatic),85.54,1717.52,Yes
CUST-0009108,Male,0,Yes,Yes,20,Yes,Yes,No,No internet service,No internet service,No internet service,No internet service,No internet service,No internet service,One year,Yes,Bank transfer (automatic),92.0,1888.67,No
CUST-0009109,Female,0,Yes,No,5,Yes,No,No,No internet service,No internet service,No internet service,No internet service,No internet service,No internet service,Month-to-month,No,Electronic check,46.21,269.77,No
CUST-0009110,Female,0,Yes,Yes,33,Yes,Yes,No,No internet service,No internet service,No internet service,No internet service,No internet service,No internet service,Month-to-month,No,Mailed check,61.37,2056.68,No
CUST-0009111,Male,0,No,No,8,Yes,No,DSL,No,Yes,Yes,No,No,Yes,One year,Yes,Bank transfer (automatic),105.17,825.89,No
CUST-0009112,Female,0,Yes,Yes,4,Yes,Yes,DSL,No,No,No,No,No,Yes,Two year,Yes,Electronic check,56.41,275.68,Yes
CUST-0009113,Female,0,Yes,Yes,12,Yes,Yes,DSL,No,No,No,No,No,Yes,Month-to-month,Yes,Credit card (automatic),79.39,972.19,Yes
CUST-0009114,Female,0,Yes,Yes,27,Yes,No,Fiber optic,No,No,No,Yes,Yes,No,Month-to-month,Yes,Credit card (automatic),79.17,2157.29,Yes
CUST-0009115,Female,0,No,Yes,58,Yes,No,Fiber optic,No,No,Yes,Yes,No,Yes,Month-to-month,Yes,Electronic check,93.1,5417.98,Yes
CUST-0009116,Female,1,Yes,No,14,Yes,No,No,No internet service,No internet service,No internet service,No internet service,No internet service,No internet service,Month-to-month,Yes,Mailed check,88.81,1223.73,No
CUST-0009117,Male,0,Yes,No,28,Yes,Yes,No,No internet service,No internet service,No internet service,No internet service,No internet service,No internet service,Two year,Yes,Electronic check,118.75,3312.66,No
CUST-0009118,Male,0,No,No,11,Yes,Yes,Fiber optic,No,No,No,No,No,No,Month-to-month,Yes,Electronic check,49.04,580.94,No
CUST-0009119,Female,0,No,Yes,12,Yes,Yes,Fiber optic,Yes,Yes,Yes,No,No,Yes,Month-to-month,Yes,Credit card (automatic),80.73,954.37,No
CUST-0009120,Male,0,No,No,5,Yes,Yes,No,No internet service,No internet service,No internet service,No internet service,No internet service,No internet service,Month-to-month,Yes,Electronic check,113.4,582.27,No
CUST-0009121,Male,0,Yes,No,22,Yes,No,DSL,Yes,No,No,No,Yes,No,Month-to-month,Yes,Electronic check,89.97,1960.18,No
CUST-0009122,Male,0,Yes,Yes,26,Yes,No,Fiber optic,No,No,Yes,Yes,No,Yes,Month-to-month,No,Mailed check,81.17,2096.43,No
CUST-0009123,Female,0,Yes,Yes,17,Yes,Yes,Fiber optic,No,Yes,No,Yes,Yes,No,Month-to-month,Yes,Credit card (automatic),107.22,1838.61,Yes
CUST-0009124,Male,1,Yes,Yes,42,Yes,No,Fiber optic,No,Yes,No,No,Yes,Yes,Month-to-month,No,Credit card (automatic),85.67,3599.8,Yes
CUST-0009125,Female,0,No,No,28,Yes,Yes,Fiber optic,Yes,No,Yes,No,No,Yes,Month-to-month,Yes,Credit card (automatic),82.87,2315.39,Yes
CUST-0009126,Male,0,No,No,23,No,No phone service,Fiber optic,No,No,Yes,No,Yes,Yes,Month-to-month,Yes,Credit card (automatic),92.74,2130.83,Yes
CUST-0009127,Male,0,No,No,45,Yes,No,Fiber optic,Yes,Yes,No,No,Yes,Yes,One year,Yes,Bank transfer (automatic),106.82,4771.49,Yes
CUST-0009128,Female,0,Yes,No,57,Yes,No,Fiber optic,No,No,No,No,No,No,One year,Yes,Electronic check,94.78,5389.59,No
CUST-0009129,Female,0,Yes,Yes,72,Yes,No,Fiber optic,No,No,Yes,No,No,No,Month-to-month,Yes,Credit card (automatic),101.41,7310.21,Yes
CUST-0009130,Female,0,No,No,56,Yes,Yes,DSL,No,No,No,No,Yes,No,Month-to-month,Yes,Electronic check,76.72,4274.93,No
CUST-0009131,Female,0,No,No,23,Yes,No,Fiber optic,No,Yes,Yes,No,No,No,Month-to-month,Yes,Credit card (automatic),71.54,1663.45,No
CUST-0009132,Male,0,No,No,66,Yes,Yes,DSL,No,No,Yes,Yes,No,Yes,One year,Yes,Credit card (automatic),99.35,6539.19,No
CUST-0009133,Male,1,No,Yes,0,Yes,Yes,DSL,Yes,No,No,Yes,No,Yes,Month-to-month,No,Electronic check,118.75,,Yes
CUST-0009134,Female,0,No,No,10,Yes,No,DSL,No,No,No,No,Yes,No,Month-to-month,Yes,Electronic check,93.22,954.89,No
CUST-0009135,Male,0,Yes,Yes,26,Yes,Yes,Fiber optic,Yes,Yes,Yes,No,Yes,No,Two year,No,Electronic check,66.7,1686.29,Yes
CUST-0009136,Female,0,No,No,5,Yes,Yes,Fiber optic,Yes,Yes,No,No,No,Yes,One year,Yes,Mailed check,90.55,484.01,Yes
CUST-0009137,Male,0,Yes,No,65,Yes,Yes,Fiber optic,No,No,Yes,No,Yes,No,Month-to-month,Yes,Electronic check,85.92,5564.31,No
CUST-0009138,Female,0,Yes,Yes,19,Yes,Yes,No,No internet service,No internet service,No internet service,No internet service,No internet service,No internet service,Month-to-month,Yes,Electronic check,90.29,1687.88,Yes
CUST-0009139,Female,0,No,Yes,7,Yes,Yes,Fiber optic,No,No,No,No,Yes,No,Month-to-month,Yes,Credit card (automatic),94.55,646.42,No
CUST-0009140,Male,0,Yes,Yes,27,Yes,Yes,No,No internet service,No internet service,No internet service,No internet service,No internet service,No internet service,Month-to-month,Yes,Mailed check,95.02,2543.32,No
CUST-0009141,Female,0,Yes,Yes,28,No,No phone service,No,No internet service,No internet service,No internet service,No internet service,No internet service,No internet service,Month-to-month,Yes,Mailed check,90.3,2565.12,Yes
CUST-0009142,Male,0,No,No,1,Yes,Yes,Fiber optic,No,Yes,No,No,Yes,No,Month-to-month,Yes,Electronic check,83.39,47.99,No
CUST-0009143,Female,0,No,No,14,Yes,Yes,Fiber optic,No,No,No,No,Yes,No,Month-to-month,Yes,Credit card (automatic),88.28,1246.41,No
CUST-0009144,Male,0,Yes,No,20,Yes,Yes,Fiber optic,No,No,No,Yes,No,No,Month-to-month,Yes,Credit card (automatic),118.75,2400.25,Yes
CUST-0009145,Female,0,Yes,No,27,Yes,Yes,DSL,No,No,No,No,No,No,One year,No,Bank transfer (automatic),110.44,2935.65,No
CUST-0009146,Female,0,No,Yes,64,Yes,No,DSL,No,No,No,No,Yes,No,One year,Yes,Credit card (automatic),97.07,6218.06,No
CUST-0009147,Male,0,Yes,No,15,Yes,No,No,No internet service,No internet service,No internet service,No internet service,No internet service,No internet service,Month-to-month,Yes,Credit card (automatic),78.89,1211.76,No
CUST-0009148,Female,0,Yes,Yes,13,Yes,No,DSL,No,No,No,No,No,No,Two year,Yes,Credit card (automatic),104.63,1310.79,No
CUST-0009149,Male,0,Yes,Yes,0,Yes,No,DSL,No,Yes,Yes,No,No,No,Month-to-month,Yes,Credit card (automatic),111.3,,No
CUST-0009150,Female,0,No,No,0,Yes,No,Fiber optic,Yes,Yes,Yes,No,Yes,No,Month-to-month,Yes,Credit card (automatic),104.69,,No
CUST-0009151,Male,0,Yes,Yes,53,No,No phone service,DSL,No,Yes,No,No,No,No,Month-to-month,Yes,Credit card (automatic),88.73,4686.91,No
CUST-0009152,Male,0,Yes,No,38,Yes,No,Fiber optic,Yes,No,No,Yes,No,No,Month-to-month,Yes,Electronic check,111.1,4208.04,No
CUST-0009153,Female,0,No,No,14,No,No phone service,DSL,No,No,No,Yes,No,Yes,Month-to-month,No,Mailed check,85.71,1272.78,No
CUST-0009154,Male,0,No,No,9,Yes,No,DSL,No,Yes,Yes,No,No,No,One year,No,Electronic check,80.24,710.65,No
CUST-0009155,Female,1,Yes,Yes,21,Yes,No,Fiber optic,No,No,No,No,Yes,Yes,Month-to-month,No,Electronic check,88.72,1868.35,No
CUST-0009156,Female,0,No,No,24,Yes,Yes,No,No internet service,No internet service,No internet service,No internet service,No internet service,No internet service,Month-to-month,Yes,Mailed check,106.72,2576.83,No
CUST-0009157,Female,0,Yes,Yes,2,Yes,Yes,Fiber optic,No,No,No,Yes,No,No,Month-to-month,No,Electronic check,91.54,203.69,No
CUST-0009158,Female,0,Yes,Yes,70,Yes,No,Fiber optic,No,No,No,Yes,Yes,No,One year,Yes,Mailed check,94.68,6615.57,No
CUST-0009159,Male,0,No,No,1,Yes,No,Fiber optic,No,Yes,No,No,No,Yes,Month-to-month,Yes,Electronic check,116.77,146.1,Yes
CUST-0009160,Male,1,Yes,Yes,33,Yes,Yes,Fiber optic,Yes,Yes,Yes,No,No,No,Month-to-month,Yes,Electronic check,55.89,1835.74,Yes
CUST-0009161,Male,0,Yes,No,4,Yes,Yes,DSL,No,Yes,No,No,No,No,Month-to-month,No,Electronic check,101.65,,No
CUST-0009162,Male,0,Yes,Yes,9,Yes,No,DSL,No,Yes,Yes,Yes,Yes,No,Month-to-month,Yes,Electronic check,101.69,932.57,No
CUST-0009163,Male,1,Yes,No,44,Yes,Yes,Fiber optic,No,No,No,No,Yes,Yes,Month-to-month,Yes,Bank transfer (automatic),114.61,5034.29,Yes
CUST-0009164,Female,1,Yes,No,9,Yes,Yes,DSL,No,Yes,Yes,No,No,No,Month-to-month,Yes,Bank transfer (automatic),103.48,944.17,No
CUST-0009165,Female,0,Yes,Yes,8,Yes,No,Fiber optic,Yes,Yes,No,No,Yes,Yes,Month-to-month,Yes,Electronic check,65.11,545.23,No
CUST-0009166,Female,0,No,No,2,Yes,No,Fiber optic,No,No,Yes,No,No,Yes,Month-to-month,No,Credit card (automatic),71.48,150.94,Yes
CUST-0009167,Male,0,Yes,No,11,Yes,Yes,Fiber optic,No,No,No,Yes,Yes,Yes,Month-to-month,Yes,Electronic check,107.05,1124.68,Yes
CUST-0009168,Female,1,No,Yes,17,Yes,No,Fiber optic,Yes,No,No,No,No,Yes,Month-to-month,Yes,Mailed check,98.34,1687.27,Yes
CUST-0009169,Female,0,No,No,11,No,No phone service,No,No internet service,No internet service,No internet service,No internet service,No internet service,No internet service,Month-to-month,No,Mailed check,38.4,417.77,No
CUST-0009170,Male,0,Yes,Yes,33,Yes,Yes,DSL,No,No,No,No,No,Yes,Two year,No,Electronic check,107.09,3601.99,Yes
CUST-0009171,Female,0,No,No,15,Yes,No,Fiber optic,No,No,Yes,Yes,Yes,Yes,Two year,Yes,Credit card (automatic),115.9,1724.34,No
CUST-0009172,Female,0,No,No,7,Yes,Yes,DSL,Yes,No,No,No,Yes,Yes,Month-to-month,Yes,Mailed check,88.19,651.88,No
CUST-0009173,Male,0,Yes,No,19,Yes,No,Fiber optic,No,No,Yes,No,No,No,Month-to-month,Yes,Credit card (automatic),66.82,1286.31,No
CUST-0009174,Male,0,Yes,No,7,Yes,Yes,DSL,Yes,No,Yes,No,No,No,Two year,Yes,Bank transfer (automatic),101.1,702.64,No
CUST-0009175,Male,0,No,Yes,58,Yes,No,Fiber optic,No,Yes,No,Yes,No,Yes,One year,No,Electronic check,75.33,,No
CUST-0009176,Female,0,Yes,No,7,Yes,No,Fiber optic,Yes,No,Yes,No,No,Yes,Month-to-month,Yes,Credit card (automatic),80.45,508.64,No
CUST-0009177,Male,0,No,No,69,Yes,Yes,DSL,No,No,No,No,No,No,One year,Yes,Electronic check,96.6,6662.28,Yes
CUST-0009178,Female,0,Yes,No,16,Yes,No,DSL,No,No,No,No,No,No,Month-to-month,Yes,Credit card (automatic),101.73,1621.29,Yes
CUST-0009179,Male,1,No,No,12,Yes,No,Fiber optic,No,Yes,Yes,No,Yes,Yes,Month-to-month,Yes,Electronic check,106.31,1272.95,Yes
CUST-0009180,Male,0,No,No,10,Yes,No,Fiber optic,Yes,No,No,No,No,No,Month-to-month,Yes,Credit card (automatic),115.55,1186.68,No
CUST-0009181,Male,0,Yes,No,18,No,No phone service,DSL,No,Yes,No,No,Yes,Yes,One year,No,Credit card (automatic),69.1,1254.56,No
CUST-0009182,Male,0,No,No,15,Yes,No,Fiber optic,No,No,Yes,No,No,Yes,Two year,Yes,Bank transfer (automatic),108.95,,No
CUST-0009183,Male,0,Yes,Yes,4,No,No phone service,DSL,No,No,No,No,Yes,No,Month-to-month,Yes,Electronic check,118.75,498.61,No
CUST-0009184,Female,0,No,No,8,Yes,Yes,Fiber optic,No,Yes,No,No,Yes,No,Month-to-month,No,Mailed check,98.07,807.73,No
CUST-0009185,Male,0,Yes,No,72,Yes,Yes,Fiber optic,No,No,No,Yes,Yes,Yes,Month-to-month,Yes,Electronic check,97.16,7024.07,Yes
CUST-0009186,Male,0,No,No,15,Yes,Yes,DSL,Yes,No,No,Yes,No,Yes,One year,Yes,Bank transfer (automatic),66.8,999.42,No
CUST-0009187,Female,1,Yes,No,28,Yes,No,DSL,No,Yes,No,No,Yes,No,One year,Yes,Bank transfer (automatic),79.35,2219.11,No
CUST-0009188,Male,0,Yes,No,51,Yes,No,DSL,Yes,No,No,No,No,Yes,Month-to-month,No,Credit card (automatic),88.97,4568.56,Yes
CUST-0009189,Female,0,No,No,14,Yes,Yes,Fiber optic,Yes,No,No,No,No,No,Month-to-month,Yes,Bank transfer (automatic),107.55,1514.25,No
CUST-0009190,Male,1,No,No,72,Yes,No,Fiber optic,No,No,Yes,No,Yes,Yes,Month-to-month,Yes,Electronic check,81.47,5872.73,Yes
CUST-0009191,Female,0,No,Yes,8,Yes,Yes,DSL,No,No,Yes,Yes,No,No,Two year,Yes,Credit card (automatic),53.28,463.94,No
CUST-0009192,Male,0,Yes,Yes,23,Yes,Yes,No,No internet service,No internet service,No internet service,No internet service,No internet service,No internet service,Two year,No,Electronic check,60.56,1385.91,Yes
CUST-0009193,Male,0,Yes,No,7,Yes,No,Fiber optic,Yes,No,Yes,Yes,No,Yes,Month-to-month,Yes,Bank transfer (automatic),46.48,319.46,No
CUST-0009194,Female,0,Yes,No,14,Yes,No,Fiber optic,No,Yes,No,No,No,No,One year,Yes,Mailed check,80.5,1120.95,No
CUST-0009195,Male,0,No,No,9,Yes,No,Fiber optic,No,Yes,No,Yes,No,No,One year,Yes,Bank transfer (automatic),104.5,948.24,No
CUST-0009196,Male,1,No,Yes,67,Yes,No,DSL,No,No,Yes,No,Yes,No,One year,Yes,Electronic check,92.91,6253.01,No
CUST-0009197,Female,0,Yes,No,44,Yes,Yes,Fiber optic,No,No,No,No,No,Yes,Month-to-month,No,Bank transfer (automatic),105.37,4610.09,Yes
CUST-0009198,Male,0,No,No,13,Yes,No,DSL,No,No,Yes,No,No,No,Month-to-month,Yes,Bank transfer (automatic),69.26,905.43,No
CUST-0009199,Male,0,No,Yes,17,Yes,No,No,No internet service,No internet service,No internet service,No internet service,No internet service,No internet service,Month-to-month,No,Electronic check,101.63,1720.55,No
CUST-0009200,Female,0,No,No,28,No,No phone service,DSL,Yes,No,No,No,No,Yes,Two year,Yes,Electronic check,108.52,3015.39,Yes
CUST-0009201,Female,0,Yes,No,68,Yes,Yes,DSL,No,No,Yes,Yes,No,No,One year,Yes,Mailed check,63.31,4312.24,Yes
CUST-0009202,Female,0,No,No,0,Yes,No,Fiber optic,No,No,Yes,Yes,Yes,No,One year,Yes,Electronic check,80.05,,No
CUST-0009203,Male,0,No,No,54,Yes,No,No,No internet service,No internet service,No internet service,No internet service,No internet service,No internet service,Month-to-month,Yes,Bank transfer (automatic),83.98,4494.21,No
CUST-0009204,Male,0,Yes,No,9,Yes,No,DSL,Yes,No,No,No,Yes,Yes,One year,Yes,Bank transfer (automatic),84.68,790.82,No
CUST-0009205,Female,0,No,No,10,Yes,Yes,DSL,No,Yes,No,Yes,Yes,Yes,Month-to-month,Yes,Credit card (automatic),66.95,624.0,No
CUST-0009206,Male,1,Yes,Yes,44,Yes,No,Fiber optic,No,No,No,No,No,Yes,Month-to-month,No,Electronic check,117.59,5185.97,No
CUST-0009207,Female,0,Yes,No,5,Yes,No,No,No internet service,No internet service,No internet service,No internet service,No internet service,No internet service,Two year,Yes,Electronic check,64.13,321.49,No
CUST-0009208,Female,0,Yes,No,17,Yes,No,Fiber optic,No,Yes,Yes,Yes,No,No,One year,Yes,Bank transfer (automatic),82.03,1385.87,No
CUST-0009209,Male,0,No,Yes,20,Yes,No,DSL,Yes,Yes,Yes,Yes,No,No,Month-to-month,Yes,Credit card (automatic),108.97,2170.01,No
CUST-0009210,Female,1,No,No,0,Yes,No,Fiber optic,No,No,No,Yes,No,No,Two year,No,Credit card (automatic),118.75,,Yes
CUST-0009211,Male,0,No,No,3,Yes,Yes,Fiber optic,No,No,Yes,No,No,Yes,Month-to-month,Yes,Electronic check,66.42,197.36,Yes
CUST-0009212,Female,0,No,No,7,Yes,Yes,Fiber optic,No,No,Yes,No,No,No,Month-to-month,No,Electronic check,76.15,558.73,No
CUST-0009213,Male,1,Yes,No,40,No,No phone service,DSL,Yes,No,No,No,No,No,Month-to-month,Yes,Mailed check,87.14,3463.61,No
CUST-0009214,Male,1,Yes,Yes,3,Yes,Yes,No,No internet service,No internet service,No internet service,No internet service,No internet service,No internet service,Month-to-month,No,Bank transfer (automatic),57.7,164.22,No
CUST-0009215,Male,0,No,Yes,20,Yes,No,Fiber optic,Yes,No,Yes,No,No,No,Month-to-month,Yes,Electronic check,71.37,1391.58,No
CUST-0009216,Female,0,Yes,Yes,11,Yes,Yes,Fiber optic,No,Yes,No,No,Yes,No,Month-to-month,No,Electronic check,93.1,,No
CUST-0009217,Male,0,Yes,No,2,Yes,Yes,Fiber optic,Yes,No,No,Yes,No,No,Month-to-month,Yes,Bank transfer (automatic),81.74,132.55,No
CUST-0009218,Female,0,No,No,21,Yes,Yes,No,No internet service,No internet service,No internet service,No internet service,No internet service,No internet service,Month-to-month,Yes,Electronic check,75.8,1588.09,No
CUST-0009219,Male,0,No,Yes,15,Yes,Yes,Fiber optic,No,No,No,No,No,Yes,Two year,Yes,Electronic check,86.48,1285.81,Yes
CUST-0009220,Female,1,No,No,48,Yes,No,DSL,No,No,No,No,Yes,No,Month-to-month,No,Mailed check,91.63,4465.77,No
CUST-0009221,Female,0,No,No,10,Yes,No,Fiber optic,No,No,No,No,No,No,Month-to-month,No,Credit card (automatic),82.47,,No
CUST-0009222,Female,0,Yes,Yes,7,Yes,Yes,DSL,Yes,No,No,No,Yes,No,Month-to-month,Yes,Electronic check,78.76,600.08,No
CUST-0009223,Male,0,No,Yes,40,Yes,Yes,DSL,Yes,No,No,No,Yes,No,Month-to-month,Yes,Electronic check,68.47,2720.02,No
CUST-0009224,Male,0,Yes,No,27,Yes,No,Fiber optic,No,Yes,No,Yes,No,No,Month-to-month,Yes,Mailed check,83.47,2216.83,Yes
CUST-0009225,Male,1,No,No,18,Yes,No,DSL,No,No,Yes,Yes,No,Yes,Month-to-month,Yes,Credit card (automatic),77.46,1357.04,No
CUST-0009226,Male,0,Yes,No,20,No,No phone service,Fiber optic,No,No,No,Yes,Yes,No,Month-to-month,Yes,Mailed check,76.61,1526.74,Yes
CUST-0009227,Female,0,No,No,72,Yes,Yes,DSL,No,Yes,No,Yes,No,Yes,Month-to-month,Yes,Electronic check,76.41,5508.28,No
CUST-0009228,Female,0,No,No,11,Yes,No,DSL,Yes,No,Yes,No,Yes,No,Month-to-month,Yes,Mailed check,88.21,924.89,No
CUST-0009229,Female,1,Yes,No,12,Yes,No,Fiber optic,No,No,Yes,No,No,Yes,Month-to-month,No,Electronic check,112.99,1361.91,No
CUST-0009230,Female,0,Yes,No,72,Yes,Yes,No,No internet service,No internet service,No internet service,No internet service,No internet service,No internet service,One year,No,Bank transfer (automatic),107.17,7715.5,No
CUST-0009231,Male,0,No,No,0,Yes,No,No,No internet service,No internet service,No internet service,No internet service,No internet service,No internet service,Month-to-month,Yes,Bank transfer (automatic),76.23,,Yes
CUST-0009232,Male,1,Yes,No,72,Yes,No,No,No internet service,No internet service,No internet service,No internet service,No internet service,No internet service,Month-to-month,No,Bank transfer (automatic),99.74,7209.13,No
CUST-0009233,Male,0,Yes,No,56,Yes,Yes,No,No internet service,No internet service,No internet service,No internet service,No internet service,No internet service,Month-to-month,No,Bank transfer (automatic),96.18,5381.53,No
CUST-0009234,Male,0,No,Yes,6,Yes,No,Fiber optic,No,No,No,Yes,No,Yes,Two year,Yes,Bank transfer (automatic),77.39,499.62,Yes
CUST-0009235,Female,1,No,No,18,Yes,Yes,DSL,No,No,No,No,No,No,Month-to-month,No,Electronic check,93.69,1706.23,No
CUST-0009236,Male,1,Yes,No,21,Yes,Yes,Fiber optic,No,No,Yes,No,No,No,Month-to-month,No,Electronic check,78.05,1652.67,No
CUST-0009237,Male,0,No,No,72,Yes,Yes,Fiber optic,No,No,No,Yes,No,No,Month-to-month,Yes,Electronic check,107.94,7709.45,No
CUST-0009238,Male,0,No,No,32,Yes,No,DSL,No,No,No,No,Yes,No,Month-to-month,Yes,Electronic check,85.42,2709.99,Yes
CUST-0009239,Female,0,No,No,0,Yes,No,No,No internet service,No internet service,No internet service,No internet service,No internet service,No internet service,Month-to-month,No,Mailed check,79.13,,No
CUST-0009240,Male,0,No,Yes,2,Yes,No,Fiber optic,Yes,No,Yes,Yes,No,Yes,Month-to-month,Yes,Credit card (automatic),60.6,95.41,No
CUST-0009241,Male,0,No,Yes,72,Yes,Yes,Fiber optic,No,No,Yes,No,Yes,Yes,One year,Yes,Credit card (automatic),86.18,6168.25,Yes
CUST-0009242,Female,1,Yes,No,10,Yes,No,DSL,No,Yes,Yes,No,Yes,No,Month-to-month,No,Bank transfer (automatic),55.5,579.99,No
CUST-0009243,Male,1,Yes,No,22,Yes,No,No,No internet service,No internet service,No internet service,No internet service,No internet service,No internet service,Month-to-month,Yes,Bank transfer (automatic),118.27,2616.35,Yes
CUST-0009244,Female,0,Yes,No,67,Yes,Yes,No,No internet service,No internet service,No internet service,No internet service,No internet service,No internet service,Month-to-month,Yes,Electronic check,83.45,5596.07,No
CUST-0009245,Female,0,Yes,Yes,22,No,No phone service,No,No internet service,No internet service,No internet service,No internet service,No internet service,No internet service,One year,No,Mailed check,66.56,,No
CUST-0009246,Male,0,No,Yes,10,Yes,Yes,No,No internet service,No internet service,No internet service,No internet service,No internet service,No internet service,Month-to-month,Yes,Electronic check,113.43,1166.41,Yes
CUST-0009247,Female,0,No,No,28,Yes,No,Fiber optic,Yes,No,No,No,No,No,Month-to-month,Yes,Mailed check,103.56,2912.33,Yes
CUST-0009248,Female,0,No,No,13,Yes,No,DSL,No,No,No,Yes,No,No,Month-to-month,No,Electronic check,65.4,877.09,No
CUST-0009249,Male,0,No,No,1,Yes,No,Fiber optic,No,No,Yes,No,No,Yes,Month-to-month,Yes,Bank transfer (automatic),78.6,79.15,No
CUST-0009250,Male,1,Yes,Yes,2,Yes,No,Fiber optic,No,No,No,Yes,No,No,Two year,Yes,Bank transfer (automatic),111.75,219.25,Yes
CUST-0009251,Female,0,Yes,Yes,34,Yes,No,Fiber optic,No,No,Yes,No,No,No,One year,Yes,Electronic check,90.97,3121.54,Yes
CUST-0009252,Male,1,No,Yes,0,Yes,Yes,No,No internet service,No internet service,No internet service,No internet service,No internet service,No internet service,Month-to-month,Yes,Mailed check,77.55,,No
CUST-0009253,Female,1,Yes,Yes,42,Yes,Yes,No,No internet service,No internet service,No internet service,No internet service,No internet service,No internet service,Month-to-month,No,Credit card (automatic),89.13,3743.95,Yes
CUST-0009254,Female,1,Yes,No,3,Yes,No,Fiber optic,No,No,No,Yes,No,Yes,Two year,Yes,Credit card (automatic),92.17,277.55,Yes
CUST-0009255,Female,0,No,Yes,72,Yes,Yes,DSL,No,No,Yes,No,Yes,No,Month-to-month,Yes,Mailed check,108.57,7806.61,Yes
CUST-0009256,Male,0,Yes,No,12,Yes,Yes,Fiber optic,No,Yes,No,No,Yes,Yes,Month-to-month,No,Bank transfer (automatic),78.73,959.94,Yes
CUST-0009257,Male,0,No,Yes,72,Yes,No,Fiber optic,No,Yes,No,No,No,Yes,Month-to-month,Yes,Electronic check,107.08,7732.48,Yes
CUST-0009258,Male,1,Yes,No,5,No,No phone service,DSL,Yes,No,Yes,Yes,Yes,Yes,Month-to-month,Yes,Electronic check,74.53,402.65,No
CUST-0009259,Male,1,No,No,38,Yes,Yes,Fiber optic,No,Yes,Yes,No,Yes,Yes,Month-to-month,No,Electronic check,105.1,3953.84,No
CUST-0009260,Male,0,No,No,72,Yes,No,Fiber optic,No,No,No,Yes,No,No,One year,No,Mailed check,68.77,4956.98,No
CUST-0009261,Female,0,No,No,20,Yes,Yes,No,No internet service,No internet service,No internet service,No internet service,No internet service,No internet service,One year,No,Mailed check,63.78,1222.22,No
CUST-0009262,Female,0,Yes,No,32,Yes,No,DSL,No,Yes,No,No,No,No,One year,Yes,Credit card (automatic),108.29,3471.33,No
CUST-0009263,Female,0,Yes,Yes,2,Yes,No,DSL,No,Yes,Yes,No,No,Yes,One year,Yes,Mailed check,61.29,103.81,No
CUST-0009264,Female,0,No,No,64,Yes,No,Fiber optic,No,Yes,Yes,No,No,Yes,Month-to-month,Yes,Credit card (automatic),61.37,3890.73,No
CUST-0009265,Male,0,Yes,No,72,Yes,Yes,Fiber optic,No,Yes,No,No,Yes,Yes,Month-to-month,No,Bank transfer (automatic),75.37,5446.78,No
CUST-0009266,Female,0,No,No,21,Yes,Yes,Fiber optic,Yes,No,No,No,No,No,Month-to-month,No,Credit card (automatic),96.45,2016.01,No
CUST-0009267,Female,0,Yes,No,0,Yes,Yes,Fiber optic,Yes,Yes,No,No,No,Yes,Month-to-month,Yes,Electronic check,75.31,,No
CUST-0009268,Female,0,Yes,No,2,Yes,Yes,Fiber optic,No,No,No,Yes,Yes,Yes,Month-to-month,Yes,Electronic check,68.1,,Yes
CUST-0009269,Female,0,No,No,36,Yes,No,Fiber optic,Yes,No,No,No,No,Yes,Month-to-month,Yes,Electronic check,65.69,2373.77,No
CUST-0009270,Male,0,No,Yes,4,Yes,No,Fiber optic,No,Yes,No,Yes,No,No,Two year,Yes,Electronic check,84.38,331.94,No
CUST-0009271,Female,0,No,No,6,Yes,No,Fiber optic,Yes,No,Yes,No,Yes,Yes,Month-to-month,No,Credit card (automatic),112.46,676.7,No
CUST-0009272,Male,0,No,No,72,No,No phone service,Fiber optic,No,Yes,No,Yes,No,No,Month-to-month,No,Credit card (automatic),103.03,7368.56,No
CUST-0009273,Male,0,No,Yes,26,Yes,No,Fiber optic,No,Yes,Yes,No,Yes,No,Month-to-month,Yes,Credit card (automatic),57.66,,No
CUST-0009274,Male,0,Yes,No,5,Yes,Yes,No,No internet service,No internet service,No internet service,No internet service,No internet service,No internet service,Month-to-month,Yes,Electronic check,75.95,371.6,No
CUST-0009275,Female,1,No,No,27,Yes,No,DSL,Yes,Yes,Yes,Yes,No,No,One year,Yes,Electronic check,109.53,2946.96,No
CUST-0009276,Male,1,Yes,No,40,Yes,Yes,Fiber optic,Yes,No,No,No,Yes,Yes,Month-to-month,Yes,Electronic check,106.51,4247.66,No
CUST-0009277,Male,1,Yes,Yes,10,Yes,Yes,Fiber optic,Yes,No,Yes,No,No,No,Month-to-month,Yes,Bank transfer (automatic),67.85,707.24,Yes
CUST-0009278,Female,0,No,No,72,Yes,No,DSL,No,No,Yes,No,No,Yes,Month-to-month,Yes,Bank transfer (automatic),65.28,4715.38,No
CUST-0009279,Female,0,Yes,Yes,0,Yes,Yes,Fiber optic,Yes,No,No,Yes,Yes,No,Month-to-month,Yes,Electronic check,83.67,,No
CUST-0009280,Male,0,No,No,72,Yes,No,Fiber optic,No,No,No,Yes,Yes,Yes,Month-to-month,No,Credit card (automatic),68.29,4908.62,No
CUST-0009281,Female,0,Yes,No,4,Yes,No,DSL,No,No,No,No,No,Yes,Month-to-month,Yes,Bank transfer (automatic),45.8,147.84,No
CUST-0009282,Male,0,No,Yes,6,Yes,No,DSL,No,No,Yes,Yes,Yes,No,Month-to-month,No,Electronic check,118.75,710.85,Yes
CUST-0009283,Female,0,Yes,No,29,Yes,Yes,Fiber optic,Yes,No,No,No,Yes,No,Month-to-month,No,Electronic check,118.75,3444.09,No
CUST-0009284,Male,0,Yes,No,72,Yes,Yes,Fiber optic,No,No,Yes,Yes,No,Yes,Two year,Yes,Electronic check,105.1,7581.12,Yes
CUST-0009285,Male,0,No,No,40,Yes,No,No,No internet service,No internet service,No internet service,No internet service,No internet service,No internet service,Month-to-month,Yes,Electronic check,75.38,3014.65,Yes
CUST-0009286,Male,0,Yes,No,24,Yes,No,Fiber optic,Yes,Yes,Yes,No,Yes,No,Month-to-month,Yes,Electronic check,84.89,2050.63,No
CUST-0009287,Male,0,No,No,19,Yes,Yes,No,No internet service,No internet service,No internet service,No internet service,No internet service,No internet service,One year,Yes,Electronic check,105.48,1991.29,No
CUST-0009288,Female,0,No,No,7,Yes,No,DSL,No,Yes,No,No,No,Yes,One year,Yes,Credit card (automatic),93.28,639.59,No
CUST-0009289,Female,0,Yes,Yes,43,Yes,Yes,No,No internet service,No internet service,No internet service,No internet service,No internet service,No internet service,Month-to-month,No,Credit card (automatic),73.69,3157.73,No
CUST-0009290,Female,0,Yes,No,30,Yes,Yes,DSL,Yes,No,No,No,No,Yes,Month-to-month,No,Credit card (automatic),99.8,3018.55,No
CUST-0009291,Male,0,Yes,No,13,No,No phone service,Fiber optic,No,No,No,No,No,Yes,Month-to-month,No,Electronic check,73.99,959.39,No
CUST-0009292,Male,1,Yes,No,9,Yes,Yes,Fiber optic,Yes,No,Yes,Yes,Yes,No,Two year,Yes,Bank transfer (automatic),81.36,747.29,No
CUST-0009293,Male,0,No,No,72,No,No phone service,Fiber optic,Yes,No,Yes,No,No,Yes,Month-to-month,No,Electronic check,114.31,8233.23,Yes
CUST-0009294,Male,1,Yes,No,72,No,No phone service,No,No internet service,No internet service,No internet service,No internet service,No internet service,No internet service,Month-to-month,Yes,Bank transfer (automatic),67.7,4912.54,No
CUST-0009295,Female,1,Yes,No,8,Yes,No,DSL,No,No,No,No,No,No,Month-to-month,Yes,Credit card (automatic),100.55,835.98,No
CUST-0009296,Female,0,Yes,Yes,18,Yes,Yes,Fiber optic,No,No,No,No,No,Yes,One year,Yes,Bank transfer (automatic),86.64,1530.81,No
CUST-0009297,Female,0,No,No,51,Yes,No,DSL,No,No,Yes,No,No,No,Month-to-month,No,Bank transfer (automatic),82.43,4203.93,No
CUST-0009298,Female,0,Yes,No,24,No,No phone service,DSL,No,No,No,No,Yes,No,Month-to-month,No,Credit card (automatic),95.52,2344.53,Yes
CUST-0009299,Female,0,Yes,No,12,Yes,No,Fiber optic,Yes,Yes,No,No,No,No,One year,Yes,Mailed check,89.84,1071.45,Yes
CUST-0009300,Female,0,No,No,72,Yes,Yes,No,No internet service,No internet service,No internet service,No internet service,No internet service,No internet service,One year,Yes,Bank transfer (automatic),51.47,3691.37,No
CUST-0009301,Female,1,No,No,14,Yes,Yes,Fiber optic,Yes,No,No,Yes,Yes,Yes,Two year,No,Bank transfer (automatic),51.65,741.44,No
CUST-0009302,Female,0,Yes,No,25,Yes,Yes,DSL,Yes,No,No,No,No,No,Month-to-month,No,Electronic check,18.25,473.09,No
CUST-0009303,Male,0,Yes,No,1,Yes,Yes,DSL,Yes,Yes,No,No,No,No,Month-to-month,Yes,Electronic check,118.75,83.98,No
CUST-0009304,Female,0,Yes,Yes,16,Yes,No,Fiber optic,No,No,Yes,No,Yes,No,Two year,Yes,Credit card (automatic),100.12,,No
CUST-0009305,Male,0,No,No,23,Yes,Yes,Fiber optic,No,Yes,Yes,No,No,Yes,Month-to-month,No,Credit card (automatic),56.6,1314.9,No
CUST-0009306,Female,1,Yes,Yes,41,Yes,Yes,DSL,No,No,No,No,Yes,No,One year,No,Bank transfer (automatic),83.47,3408.27,No
CUST-0009307,Female,0,Yes,Yes,19,Yes,Yes,DSL,No,No,No,No,No,No,Month-to-month,Yes,Bank transfer (automatic),74.77,1397.26,No
CUST-0009308,Female,0,Yes,No,6,Yes,No,DSL,No,No,No,No,No,No,Month-to-month,Yes,Mailed check,104.38,646.89,No
CUST-0009309,Male,0,No,No,14,Yes,No,Fiber optic,No,No,No,No,No,Yes,One year,No,Electronic check,99.51,1403.96,Yes
CUST-0009310,Male,0,No,No,27,Yes,No,Fiber optic,No,No,Yes,Yes,No,No,Month-to-month,Yes,Electronic check,77.42,,Yes
CUST-0009311,Female,1,Yes,No,54,Yes,Yes,Fiber optic,No,No,No,No,No,No,Month-to-month,Yes,Mailed check,109.3,5934.22,Yes
CUST-0009312,Female,0,No,Yes,72,Yes,No,Fiber optic,No,No,No,No,No,No,Month-to-month,Yes,Bank transfer (automatic),108.65,7795.03,Yes
CUST-0009313,Female,0,No,No,35,Yes,Yes,DSL,No,Yes,No,No,No,Yes,Month-to-month,Yes,Credit card (automatic),85.8,2975.42,No
CUST-0009314,Male,0,No,Yes,72,Yes,No,Fiber optic,No,No,No,No,No,No,Month-to-month,Yes,Mailed check,98.99,7128.79,No
CUST-0009315,Male,0,No,No,72,Yes,No,No,No internet service,No internet service,No internet service,No internet service,No internet service,No internet service,Month-to-month,Yes,Credit card (automatic),98.82,7126.18,No
CUST-0009316,Male,0,Yes,No,12,Yes,Yes,No,No internet service,No internet service,No internet service,No internet service,No internet service,No internet service,One year,No,Credit card (automatic),88.63,1091.87,No
CUST-0009317,Female,0,No,No,50,Yes,Yes,Fiber optic,Yes,Yes,No,No,No,No,Month-to-month,Yes,Mailed check,75.82,3799.14,Yes
CUST-0009318,Male,1,Yes,No,72,Yes,No,DSL,No,No,No,Yes,No,No,Month-to-month,No,Electronic check,82.03,5871.49,No
CUST-0009319,Female,0,Yes,No,15,Yes,Yes,Fiber optic,Yes,No,Yes,No,No,No,One year,Yes,Mailed check,118.75,1762.03,Yes
CUST-0009320,Female,0,No,No,18,No,No phone service,No,No internet service,No internet service,No internet service,No internet service,No internet service,No internet service,Month-to-month,Yes,Bank transfer (automatic),98.29,1728.51,No
CUST-0009321,Male,0,Yes,No,33,Yes,No,DSL,Yes,No,No,No,No,No,Two year,Yes,Electronic check,101.78,3391.9,Yes
CUST-0009322,Male,0,No,No,47,Yes,No,Fiber optic,No,Yes,No,No,No,No,Month-to-month,Yes,Mailed check,78.19,3647.43,No
CUST-0009323,Female,1,Yes,No,16,Yes,No,Fiber optic,Yes,Yes,No,No,Yes,Yes,One year,Yes,Electronic check,101.67,1630.67,No
CUST-0009324,Female,0,Yes,No,72,Yes,Yes,Fiber optic,No,No,No,Yes,No,No,Month-to-month,Yes,Electronic check,25.1,1791.61,No
CUST-0009325,Female,1,No,Yes,6,Yes,Yes,No,No internet service,No internet service,No internet service,No internet service,No internet service,No internet service,Month-to-month,Yes,Mailed check,77.02,450.82,No
CUST-0009326,Female,0,Yes,No,40,Yes,No,No,No internet service,No internet service,No internet service,No internet service,No internet service,No internet service,Month-to-month,Yes,Electronic check,81.32,3273.59,No
CUST-0009327,Male,1,No,No,1,Yes,No,Fiber optic,No,No,No,No,Yes,No,Month-to-month,Yes,Credit card (automatic),48.25,,No
CUST-0009328,Male,0,No,No,0,Yes,Yes,Fiber optic,Yes,No,No,Yes,No,Yes,Month-to-month,No,Electronic check,112.31,,No
CUST-0009329,Male,0,Yes,No,22,Yes,Yes,DSL,No,No,No,No,No,No,Month-to-month,No,Bank transfer (automatic),78.56,1711.76,No
CUST-0009330,Male,0,Yes,Yes,0,No,No phone service,Fiber optic,No,No,No,Yes,No,No,Month-to-month,No,Electronic check,102.76,,No
CUST-0009331,Male,0,Yes,Yes,2,Yes,No,Fiber optic,No,No,Yes,No,Yes,No,Two year,Yes,Mailed check,76.04,214.93,No
CUST-0009332,Female,0,No,No,57,Yes,No,Fiber optic,No,Yes,No,Yes,No,Yes,Month-to-month,Yes,Bank transfer (automatic),80.94,4671.37,No
CUST-0009333,Male,0,Yes,No,72,Yes,Yes,Fiber optic,No,No,No,No,No,No,Month-to-month,Yes,Bank transfer (automatic),84.3,6093.7,Yes
CUST-0009334,Male,0,Yes,No,12,Yes,Yes,DSL,No,Yes,Yes,No,No,No,One year,Yes,Electronic check,79.95,976.02,No
CUST-0009335,Male,0,Yes,Yes,1,Yes,No,No,No internet service,No internet service,No internet service,No internet service,No internet service,No internet service,Month-to-month,No,Bank transfer (automatic),57.08,61.31,No
CUST-0009336,Male,0,No,No,5,Yes,Yes,DSL,No,Yes,No,No,Yes,Yes,Month-to-month,Yes,Mailed check,86.04,463.3,Yes
CUST-0009337,Male,0,Yes,Yes,3,Yes,Yes,Fiber optic,Yes,No,Yes,No,No,No,Month-to-month,Yes,Credit card (automatic),118.75,373.08,No
CUST-0009338,Female,0,Yes,No,56,Yes,Yes,No,No internet service,No internet service,No internet service,No internet service,No internet service,No internet service,One year,Yes,Bank transfer (automatic),99.72,,Yes
CUST-0009339,Female,0,Yes,No,12,Yes,Yes,Fiber optic,Yes,No,No,No,No,Yes,Month-to-month,Yes,Electronic check,52.14,600.65,No
CUST-0009340,Female,0,Yes,Yes,3,No,No phone service,Fiber optic,No,No,No,No,Yes,Yes,One year,Yes,Bank transfer (automatic),72.98,,No
CUST-0009341,Female,0,No,No,28,Yes,No,No,No internet service,No internet service,No internet service,No internet service,No internet service,No internet service,One year,Yes,Bank transfer (automatic),94.92,2671.97,No
CUST-0009342,Male,0,Yes,No,38,Yes,No,DSL,No,No,No,No,No,Yes,One year,Yes,Mailed check,96.14,3602.85,No
CUST-0009343,Male,0,Yes,No,7,Yes,No,No,No internet service,No internet service,No internet service,No internet service,No internet service,No internet service,Month-to-month,Yes,Bank transfer (automatic),88.82,577.23,No
CUST-0009344,Male,1,Yes,Yes,20,Yes,Yes,Fiber optic,Yes,No,No,Yes,No,Yes,Month-to-month,No,Electronic check,70.3,1360.06,Yes
CUST-0009345,Male,0,No,Yes,23,Yes,Yes,Fiber optic,No,No,Yes,Yes,No,No,Month-to-month,No,Electronic check,58.5,1337.94,No
CUST-0009346,Female,0,No,No,39,Yes,No,No,No internet service,No internet service,No internet service,No internet service,No internet service,No internet service,Month-to-month,Yes,Credit card (automatic),118.75,4629.43,Yes
CUST-0009347,Male,0,No,No,0,Yes,No,Fiber optic,No,No,No,No,Yes,No,Month-to-month,No,Electronic check,100.65,,No
CUST-0009348,Male,0,Yes,Yes,20,Yes,No,Fiber optic,No,No,No,No,No,No,Month-to-month,No,Electronic check,93.91,1890.15,No
CUST-0009349,Male,0,Yes,Yes,4,Yes,No,DSL,No,No,No,No,No,No,Month-to-month,No,Electronic check,74.57,347.99,No
CUST-0009350,Female,0,Yes,No,17,No,No phone service,DSL,Yes,Yes,No,No,No,No,Month-to-month,Yes,Credit card (automatic),69.32,1199.26,Yes
CUST-0009351,Female,0,Yes,No,4,No,No phone service,No,No internet service,No internet service,No internet service,No internet service,No internet service,No internet service,Month-to-month,No,Electronic check,73.49,290.78,No
CUST-0009352,Male,0,No,No,24,Yes,No,Fiber optic,No,No,No,No,Yes,Yes,One year,Yes,Electronic check,73.53,1739.29,Yes
CUST-0009353,Male,0,Yes,Yes,2,No,No phone service,DSL,No,Yes,No,No,No,Yes,One year,No,Electronic check,105.31,,Yes
CUST-0009354,Female,0,Yes,Yes,72,Yes,No,Fiber optic,No,No,No,No,Yes,No,One year,Yes,Electronic check,77.11,,Yes
CUST-0009355,Male,0,Yes,No,72,Yes,Yes,Fiber optic,No,No,No,Yes,No,No,Month-to-month,Yes,Electronic check,70.38,5118.05,No
CUST-0009356,Female,0,Yes,Yes,41,Yes,No,Fiber optic,No,No,Yes,No,Yes,No,Month-to-month,Yes,Credit card (automatic),83.99,3435.45,No
CUST-0009357,Female,0,Yes,No,72,Yes,Yes,Fiber optic,Yes,Yes,No,No,No,No,Month-to-month,No,Electronic check,97.62,7040.51,No
CUST-0009358,Male,0,Yes,No,5,No,No phone service,Fiber optic,Yes,Yes,No,Yes,Yes,No,Month-to-month,Yes,Electronic check,66.75,325.66,No
CUST-0009359,Male,0,No,No,54,Yes,Yes,Fiber optic,No,No,No,No,Yes,Yes,Month-to-month,No,Mailed check,111.8,6070.94,Yes
CUST-0009360,Male,0,No,No,5,No,No phone service,Fiber optic,Yes,Yes,No,Yes,No,No,Month-to-month,Yes,Electronic check,105.16,526.19,No
CUST-0009361,Female,0,Yes,No,3,No,No phone service,Fiber optic,No,Yes,No,No,No,No,Month-to-month,No,Electronic check,89.27,295.57,No
CUST-0009362,Female,0,No,No,9,Yes,No,Fiber optic,No,No,No,No,No,Yes,Month-to-month,No,Electronic check,87.78,,No
CUST-0009363,Female,0,No,No,39,Yes,Yes,DSL,No,No,No,No,Yes,Yes,Month-to-month,Yes,Mailed check,117.29,4592.15,No
CUST-0009364,Male,0,No,No,2,Yes,No,Fiber optic,No,No,No,No,No,No,Month-to-month,Yes,Mailed check,70.39,,Yes
CUST-0009365,Male,0,No,Yes,72,No,No phone service,DSL,No,Yes,Yes,No,No,No,Month-to-month,No,Bank transfer (automatic),88.95,6395.04,Yes
CUST-0009366,Female,0,Yes,Yes,3,Yes,Yes,No,No internet service,No internet service,No internet service,No internet service,No internet service,No internet service,Month-to-month,Yes,Credit card (automatic),51.97,137.6,No
CUST-0009367,Male,1,No,No,19,Yes,No,Fiber optic,No,No,Yes,Yes,Yes,No,Two year,Yes,Mailed check,101.41,1902.87,No
CUST-0009368,Male,0,No,No,15,Yes,No,Fiber optic,No,Yes,Yes,Yes,Yes,Yes,Month-to-month,Yes,Bank transfer (automatic),83.88,1271.97,No
CUST-0009369,Female,1,No,No,11,Yes,No,No,No internet service,No internet service,No internet service,No internet service,No internet service,No internet service,Month-to-month,Yes,Electronic check,92.98,1020.77,No
CUST-0009370,Male,0,No,Yes,4,Yes,Yes,Fiber optic,Yes,No,No,No,Yes,No,Month-to-month,Yes,Electronic check,107.84,455.32,No
CUST-0009371,Female,0,No,No,24,Yes,Yes,DSL,No,No,No,Yes,No,Yes,Month-to-month,Yes,Electronic check,70.21,1646.0,No
CUST-0009372,Female,0,No,Yes,6,Yes,Yes,Fiber optic,Yes,No,No,No,No,Yes,Two year,No,Electronic check,99.79,603.21,No
CUST-0009373,Male,0,No,Yes,36,Yes,Yes,Fiber optic,Yes,Yes,No,No,No,No,Month-to-month,No,Electronic check,93.83,3388.76,No
CUST-0009374,Male,0,No,No,15,Yes,No,Fiber optic,Yes,Yes,Yes,Yes,No,No,Month-to-month,No,Electronic check,118.75,,No
CUST-0009375,Female,0,No,No,12,Yes,Yes,No,No internet service,No internet service,No internet service,No internet service,No internet service,No internet service,Month-to-month,No,Bank transfer (automatic),114.01,1371.16,Yes
CUST-0009376,Male,0,No,No,0,Yes,Yes,Fiber optic,No,Yes,No,No,No,No,Month-to-month,No,Electronic check,97.45,,No
CUST-0009377,Female,0,Yes,No,4,Yes,No,DSL,No,No,No,Yes,Yes,No,Month-to-month,No,Electronic check,116.06,420.68,No
CUST-0009378,Male,0,No,No,7,Yes,No,DSL,No,Yes,No,No,No,Yes,Month-to-month,Yes,Mailed check,108.04,769.62,No
CUST-0009379,Female,0,No,Yes,11,Yes,Yes,Fiber optic,No,Yes,No,No,No,Yes,Month-to-month,No,Bank transfer (automatic),65.43,702.2,No
CUST-0009380,Male,0,No,Yes,10,No,No phone service,Fiber optic,No,No,No,No,Yes,No,Month-to-month,Yes,Mailed check,90.39,899.85,No
CUST-0009381,Female,0,Yes,No,18,Yes,Yes,Fiber optic,No,Yes,No,No,No,Yes,Month-to-month,Yes,Mailed check,95.08,1707.85,Yes
CUST-0009382,Female,0,No,No,72,Yes,Yes,Fiber optic,Yes,Yes,Yes,Yes,No,Yes,Month-to-month,Yes,Electronic check,118.75,8549.13,No
CUST-0009383,Male,0,Yes,No,8,Yes,No,Fiber optic,No,No,No,No,No,Yes,Month-to-month,Yes,Electronic check,69.41,545.23,Yes
CUST-0009384,Female,1,Yes,Yes,34,Yes,No,No,No internet service,No internet service,No internet service,No internet service,No internet service,No internet service,Two year,Yes,Electronic check,118.75,4052.34,No
CUST-0009385,Male,0,No,No,18,Yes,No,Fiber optic,Yes,No,Yes,Yes,No,Yes,Month-to-month,No,Electronic check,69.84,1276.03,Yes
CUST-0009386,Female,0,Yes,No,25,Yes,No,Fiber optic,No,No,Yes,Yes,No,Yes,Month-to-month,Yes,Bank transfer (automatic),118.75,2975.32,No
CUST-0009387,Male,0,No,No,27,Yes,No,Fiber optic,Yes,Yes,Yes,No,Yes,No,One year,Yes,Electronic check,115.74,,No
CUST-0009388,Male,0,Yes,Yes,72,Yes,No,Fiber optic,No,No,No,Yes,No,No,Month-to-month,Yes,Credit card (automatic),103.63,7469.85,No
CUST-0009389,Female,0,No,No,4,Yes,No,No,No internet service,No internet service,No internet service,No internet service,No internet service,No internet service,One year,Yes,Electronic check,96.12,,No
CUST-0009390,Female,0,No,No,10,Yes,No,Fiber optic,No,Yes,No,Yes,No,No,Month-to-month,Yes,Credit card (automatic),111.92,1133.09,No
CUST-0009391,Male,0,Yes,No,14,Yes,Yes,Fiber optic,Yes,Yes,No,No,No,Yes,One year,No,Electronic check,56.86,806.04,No
CUST-0009392,Male,0,Yes,No,26,Yes,Yes,DSL,No,Yes,No,No,Yes,Yes,Month-to-month,Yes,Bank transfer (automatic),73.04,1887.03,No
CUST-0009393,Female,1,No,Yes,27,Yes,No,No,No internet service,No internet service,No internet service,No internet service,No internet service,No internet service,Two year,Yes,Credit card (automatic),111.48,3028.15,Yes
CUST-0009394,Male,0,Yes,No,9,Yes,Yes,DSL,No,Yes,Yes,No,No,Yes,Month-to-month,No,Electronic check,97.05,,No
CUST-0009395,Female,0,No,Yes,11,Yes,Yes,DSL,Yes,No,No,Yes,Yes,No,Month-to-month,Yes,Bank transfer (automatic),63.58,649.62,No
CUST-0009396,Male,0,No,No,56,Yes,Yes,Fiber optic,No,No,Yes,No,Yes,No,Month-to-month,Yes,Bank transfer (automatic),90.89,5111.1,Yes
CUST-0009397,Female,0,No,No,11,Yes,No,Fiber optic,No,No,Yes,No,No,No,One year,Yes,Electronic check,110.58,,Yes
CUST-0009398,Female,0,No,No,1,Yes,No,Fiber optic,No,Yes,No,Yes,No,No,Two year,No,Credit card (automatic),108.69,100.73,Yes
CUST-0009399,Female,0,Yes,No,5,Yes,Yes,No,No internet service,No internet service,No internet service,No internet service,No internet service,No internet service,Month-to-month,Yes,Electronic check,70.14,309.66,Yes
CUST-0009400,Male,0,No,Yes,3,No,No phone service,No,No internet service,No internet service,No internet service,No internet service,No internet service,No internet service,One year,Yes,Mailed check,56.76,160.89,No
CUST-0009401,Male,0,Yes,No,56,Yes,Yes,Fiber optic,Yes,No,No,Yes,No,Yes,Two year,Yes,Electronic check,107.75,6056.79,Yes
CUST-0009402,Male,0,No,Yes,41,Yes,No,DSL,No,No,No,No,No,No,Month-to-month,Yes,Bank transfer (automatic),118.75,4861.93,No
CUST-0009403,Male,0,Yes,No,21,Yes,No,Fiber optic,No,No,No,No,No,No,One year,Yes,Bank transfer (automatic),111.29,,No
CUST-0009404,Male,0,Yes,No,5,Yes,No,Fiber optic,No,Yes,No,Yes,No,No,Month-to-month,Yes,Bank transfer (automatic),118.75,591.35,No
CUST-0009405,Male,0,Yes,No,24,Yes,Yes,Fiber optic,No,Yes,Yes,No,No,No,One year,Yes,Mailed check,70.96,1689.82,No
CUST-0009406,Male,1,Yes,Yes,31,Yes,Yes,DSL,Yes,No,No,Yes,No,Yes,Month-to-month,Yes,Mailed check,109.4,3413.92,No
CUST-0009407,Female,0,Yes,Yes,5,Yes,No,Fiber optic,No,No,No,Yes,No,No,One year,No,Credit card (automatic),98.47,537.38,No
CUST-0009408,Female,0,Yes,No,32,Yes,No,Fiber optic,No,No,Yes,No,No,Yes,One year,Yes,Credit card (automatic),112.04,3571.24,No
CUST-0009409,Male,0,Yes,No,0,Yes,Yes,Fiber optic,No,No,Yes,No,Yes,No,Month-to-month,Yes,Electronic check,67.53,,No
CUST-0009410,Female,0,No,No,1,No,No phone service,DSL,No,No,No,No,No,No,Month-to-month,No,Mailed check,86.18,39.94,No
CUST-0009411,Female,0,Yes,No,2,Yes,No,DSL,No,Yes,No,No,Yes,No,One year,Yes,Electronic check,84.0,173.34,No
CUST-0009412,Female,0,Yes,No,7,Yes,No,No,No internet service,No internet service,No internet service,No internet service,No internet service,No internet service,Month-to-month,No,Mailed check,57.38,391.97,No
CUST-0009413,Male,0,No,No,8,Yes,No,Fiber optic,No,No,No,No,Yes,No,Month-to-month,Yes,Credit card (automatic),101.67,892.1,Yes
CUST-0009414,Male,0,Yes,No,56,Yes,No,DSL,No,Yes,No,Yes,Yes,Yes,One year,Yes,Bank transfer (automatic),118.34,6649.22,Yes
CUST-0009415,Male,0,No,No,2,No,No phone service,Fiber optic,No,No,Yes,Yes,No,No,Month-to-month,No,Electronic check,105.98,195.19,Yes
CUST-0009416,Male,0,Yes,Yes,0,Yes,No,No,No internet service,No internet service,No internet service,No internet service,No internet service,No internet service,Month-to-month,Yes,Bank transfer (automatic),101.97,,No
CUST-0009417,Female,0,No,No,6,Yes,No,DSL,Yes,Yes,No,No,Yes,No,Month-to-month,No,Bank transfer (automatic),114.99,673.58,No
CUST-0009418,Female,1,No,Yes,14,Yes,No,Fiber optic,No,No,No,No,Yes,No,Month-to-month,Yes,Electronic check,86.48,1243.58,No
CUST-0009419,Female,0,No,No,5,Yes,No,No,No internet service,No internet service,No internet service,No internet service,No internet service,No internet service,Month-to-month,No,Electronic check,55.98,332.57,No
CUST-0009420,Female,0,Yes,Yes,72,Yes,Yes,Fiber optic,No,No,No,Yes,No,Yes,Month-to-month,No,Credit card (automatic),59.47,4237.89,No
CUST-0009421,Male,0,No,Yes,12,Yes,Yes,DSL,No,No,No,No,No,Yes,Month-to-month,Yes,Bank transfer (automatic),99.42,1223.81,No
CUST-0009422,Female,0,Yes,No,21,Yes,Yes,DSL,No,No,No,No,No,No,One year,Yes,Electronic check,118.75,2549.73,Yes
CUST-0009423,Female,1,Yes,Yes,72,Yes,No,Fiber optic,No,No,Yes,Yes,Yes,Yes,Two year,Yes,Credit card (automatic),75.06,5412.73,Yes
CUST-0009424,Male,0,Yes,No,11,Yes,No,DSL,No,No,No,No,Yes,Yes,Month-to-month,No,Bank transfer (automatic),67.58,768.62,No
CUST-0009425,Female,0,No,No,21,Yes,No,Fiber optic,No,No,No,No,No,Yes,Month-to-month,Yes,Electronic check,108.61,2276.18,No
CUST-0009426,Male,0,No,No,26,Yes,No,No,No internet service,No internet service,No internet service,No internet service,No internet service,No internet service,Two year,Yes,Electronic check,78.81,2003.73,No
CUST-0009427,Male,1,Yes,No,17,Yes,Yes,Fiber optic,No,No,No,Yes,Yes,No,One year,Yes,Mailed check,91.16,1528.99,No
CUST-0009428,Female,0,Yes,No,72,Yes,No,DSL,No,Yes,No,No,Yes,No,Month-to-month,No,Electronic check,118.75,8522.22,No
CUST-0009429,Female,0,Yes,Yes,17,Yes,No,Fiber optic,No,No,No,Yes,No,Yes,Month-to-month,Yes,Electronic check,78.81,1347.11,No
CUST-0009430,Male,1,Yes,Yes,56,Yes,No,Fiber optic,No,No,No,No,No,No,Month-to-month,Yes,Electronic check,46.75,2629.87,No
CUST-0009431,Male,0,Yes,No,24,Yes,No,DSL,No,No,Yes,No,Yes,No,Month-to-month,Yes,Electronic check,89.61,2131.96,No
CUST-0009432,Female,0,Yes,No,0,Yes,Yes,Fiber optic,No,No,Yes,Yes,Yes,No,Month-to-month,No,Bank transfer (automatic),89.03,,No
CUST-0009433,Female,1,No,No,7,Yes,No,Fiber optic,Yes,Yes,Yes,No,Yes,Yes,One year,Yes,Mailed check,82.43,,Yes
CUST-0009434,Male,1,No,Yes,8,Yes,Yes,No,No internet service,No internet service,No internet service,No internet service,No internet service,No internet service,Month-to-month,Yes,Credit card (automatic),84.22,660.87,No
CUST-0009435,Female,1,No,No,1,Yes,No,Fiber optic,Yes,No,No,No,No,No,Month-to-month,Yes,Electronic check,98.98,89.22,Yes
CUST-0009436,Female,0,No,Yes,7,No,No phone service,No,No internet service,No internet service,No internet service,No internet service,No internet service,No internet service,Month-to-month,No,Electronic check,87.89,595.73,No
CUST-0009437,Male,0,No,Yes,7,Yes,Yes,DSL,No,No,No,No,Yes,No,Month-to-month,Yes,Credit card (automatic),118.75,843.9,No
CUST-0009438,Male,0,Yes,No,72,Yes,No,DSL,Yes,No,No,No,No,No,Two year,Yes,Mailed check,97.18,6983.2,No
CUST-0009439,Female,1,No,No,37,Yes,No,Fiber optic,No,No,Yes,Yes,No,Yes,One year,No,Mailed check,100.7,3724.96,No
CUST-0009440,Female,0,Yes,No,22,Yes,No,DSL,No,Yes,No,Yes,Yes,No,Month-to-month,Yes,Credit card (automatic),97.2,2108.32,No
CUST-0009441,Female,0,No,No,67,Yes,Yes,Fiber optic,No,Yes,No,No,No,No,Month-to-month,Yes,Electronic check,109.96,7357.0,Yes
CUST-0009442,Female,0,No,No,35,Yes,No,Fiber optic,No,No,Yes,Yes,Yes,No,One year,No,Mailed check,57.12,2006.9,No
CUST-0009443,Female,0,No,No,44,Yes,Yes,DSL,No,Yes,No,No,Yes,No,One year,Yes,Mailed check,99.96,4432.7,Yes
CUST-0009444,Male,0,No,No,19,Yes,Yes,DSL,No,No,No,No,No,No,Month-to-month,Yes,Electronic check,103.71,1991.76,Yes
CUST-0009445,Female,1,No,No,2,Yes,No,DSL,No,No,No,No,Yes,Yes,Month-to-month,No,Electronic check,59.31,153.55,No
CUST-0009446,Male,1,No,Yes,2,No,No phone service,No,No internet service,No internet service,No internet service,No internet service,No internet service,No internet service,Month-to-month,No,Bank transfer (automatic),68.39,128.59,No
CUST-0009447,Male,1,No,No,72,No,No phone service,No,No internet service,No internet service,No internet service,No internet service,No internet service,No internet service,Month-to-month,Yes,Mailed check,99.16,7156.66,No
CUST-0009448,Female,0,Yes,No,9,Yes,Yes,DSL,Yes,No,No,Yes,No,Yes,Month-to-month,Yes,Credit card (automatic),82.68,736.27,No
CUST-0009449,Male,1,Yes,Yes,46,Yes,Yes,Fiber optic,No,Yes,Yes,No,No,No,Two year,No,Bank transfer (automatic),97.13,4487.05,Yes
CUST-0009450,Male,0,No,No,13,Yes,Yes,Fiber optic,No,No,No,No,No,No,Month-to-month,Yes,Mailed check,118.75,1524.6,No
CUST-0009451,Male,0,Yes,Yes,18,Yes,Yes,DSL,Yes,No,Yes,No,Yes,No,Month-to-month,Yes,Mailed check,65.95,1206.58,No
CUST-0009452,Female,0,No,Yes,34,No,No phone service,DSL,No,No,No,No,Yes,No,Month-to-month,Yes,Bank transfer (automatic),95.52,3233.13,No
CUST-0009453,Female,0,Yes,No,72,Yes,Yes,No,No internet service,No internet service,No internet service,No internet service,No internet service,No internet service,Month-to-month,Yes,Mailed check,69.1,4988.73,No
CUST-0009454,Female,0,Yes,Yes,14,Yes,No,No,No internet service,No internet service,No internet service,No internet service,No internet service,No internet service,Month-to-month,Yes,Bank transfer (automatic),100.73,1412.52,No
CUST-0009455,Male,0,Yes,No,72,Yes,Yes,Fiber optic,No,No,Yes,No,Yes,No,Month-to-month,No,Electronic check,97.09,7016.88,No
CUST-0009456,Male,0,No,Yes,41,Yes,No,Fiber optic,Yes,Yes,No,No,Yes,No,Month-to-month,Yes,Bank transfer (automatic),87.24,3553.61,No
CUST-0009457,Male,0,Yes,No,29,Yes,Yes,DSL,No,No,Yes,No,No,Yes,Month-to-month,No,Mailed check,79.72,2289.02,Yes
CUST-0009458,Male,0,No,No,49,Yes,Yes,No,No internet service,No internet service,No internet service,No internet service,No internet service,No internet service,Month-to-month,Yes,Electronic check,65.25,3184.54,Yes
CUST-0009459,Female,0,No,Yes,14,Yes,Yes,DSL,No,No,Yes,Yes,No,Yes,Month-to-month,Yes,Mailed check,85.0,1191.66,No
CUST-0009460,Female,0,No,Yes,19,Yes,No,DSL,No,Yes,No,Yes,No,Yes,Month-to-month,Yes,Electronic check,112.81,2115.12,No
CUST-0009461,Female,1,No,No,60,Yes,No,Fiber optic,No,No,Yes,No,No,No,Month-to-month,Yes,Bank transfer (automatic),93.23,5569.36,No
CUST-0009462,Male,0,No,No,21,No,No phone service,Fiber optic,No,Yes,Yes,Yes,Yes,No,Month-to-month,Yes,Bank transfer (automatic),105.26,2197.31,No
CUST-0009463,Female,1,Yes,No,72,No,No phone service,Fiber optic,Yes,Yes,No,No,No,Yes,Month-to-month,No,Mailed check,118.75,8564.73,No
CUST-0009464,Male,1,No,Yes,23,Yes,No,Fiber optic,No,Yes,No,Yes,No,No,One year,Yes,Bank transfer (automatic),114.43,2686.95,No
CUST-0009465,Male,0,Yes,Yes,1,Yes,No,DSL,No,No,No,No,No,No,Month-to-month,Yes,Bank transfer (automatic),73.28,85.66,No
CUST-0009466,Female,0,No,Yes,17,Yes,Yes,Fiber optic,No,Yes,No,Yes,No,No,Month-to-month,No,Credit card (automatic),46.64,783.83,No
CUST-0009467,Female,0,Yes,No,7,Yes,Yes,Fiber optic,No,No,No,No,No,No,Month-to-month,Yes,Credit card (automatic),113.49,794.69,No
CUST-0009468,Female,1,No,No,56,Yes,Yes,Fiber optic,No,No,No,Yes,Yes,No,Month-to-month,Yes,Bank transfer (automatic),53.16,2980.49,Yes
CUST-0009469,Female,1,Yes,No,18,Yes,Yes,No,No internet service,No internet service,No internet service,No internet service,No internet service,No internet service,Two year,Yes,Electronic check,118.75,2199.0,No
CUST-0009470,Male,0,Yes,Yes,8,Yes,No,Fiber optic,No,Yes,No,No,No,No,Month-to-month,No,Credit card (automatic),80.45,619.48,Yes
CUST-0009471,Female,0,Yes,No,13,No,No phone service,Fiber optic,No,Yes,No,Yes,No,Yes,Month-to-month,No,Electronic check,92.36,1189.35,Yes
CUST-0009472,Female,0,No,No,3,No,No phone service,Fiber optic,No,Yes,No,Yes,No,No,Month-to-month,Yes,Mailed check,88.34,256.55,Yes
CUST-0009473,Male,0,No,Yes,22,Yes,No,DSL,Yes,No,No,No,No,No,Month-to-month,No,Bank transfer (automatic),100.19,2250.54,No
CUST-0009474,Female,1,No,No,7,Yes,No,Fiber optic,No,No,No,No,Yes,No,One year,Yes,Credit card (automatic),118.75,827.53,No
CUST-0009475,Female,0,No,Yes,11,Yes,No,Fiber optic,Yes,No,No,Yes,No,No,Month-to-month,Yes,Electronic check,101.84,1098.87,No
CUST-0009476,Male,0,No,No,21,Yes,Yes,No,No internet service,No internet service,No internet service,No internet service,No internet service,No internet service,Month-to-month,Yes,Electronic check,102.26,2163.31,No
CUST-0009477,Male,0,Yes,No,33,Yes,Yes,No,No internet service,No internet service,No internet service,No internet service,No internet service,No internet service,One year,No,Credit card (automatic),111.43,3708.06,Yes
CUST-0009478,Female,0,Yes,No,38,Yes,Yes,Fiber optic,No,No,No,Yes,Yes,Yes,Month-to-month,No,Electronic check,118.75,4515.57,No
CUST-0009479,Male,0,Yes,No,72,Yes,Yes,Fiber optic,No,Yes,No,No,Yes,No,Month-to-month,Yes,Credit card (automatic),65.13,4685.05,No
CUST-0009480,Male,0,No,No,4,Yes,Yes,DSL,No,Yes,No,No,Yes,Yes,Month-to-month,Yes,Bank transfer (automatic),63.31,217.49,No
CUST-0009481,Male,0,No,No,0,Yes,No,No,No internet service,No internet service,No internet service,No internet service,No internet service,No internet service,Month-to-month,Yes,Bank transfer (automatic),81.44,,No
CUST-0009482,Male,1,Yes,Yes,1,Yes,No,Fiber optic,No,Yes,Yes,No,Yes,No,One year,Yes,Credit card (automatic),82.86,41.6,No
CUST-0009483,Female,0,No,No,62,Yes,No,DSL,Yes,No,No,No,No,Yes,Month-to-month,Yes,Credit card (automatic),61.96,3866.0,Yes
CUST-0009484,Female,0,Yes,No,8,Yes,No,DSL,No,No,Yes,Yes,No,No,Month-to-month,Yes,Electronic check,83.61,630.76,No
CUST-0009485,Male,0,No,No,64,Yes,Yes,Fiber optic,Yes,Yes,Yes,No,No,Yes,Month-to-month,No,Electronic check,118.75,7622.48,No
CUST-0009486,Female,1,Yes,Yes,72,Yes,Yes,DSL,Yes,Yes,No,No,Yes,Yes,One year,Yes,Credit card (automatic),86.32,6189.93,Yes
CUST-0009487,Male,0,No,Yes,39,Yes,No,DSL,No,Yes,No,No,Yes,No,One year,No,Mailed check,70.97,2727.26,Yes
CUST-0009488,Male,1,No,No,9,Yes,Yes,Fiber optic,No,No,No,Yes,Yes,No,Month-to-month,Yes,Electronic check,114.55,1017.13,Yes
CUST-0009489,Male,0,Yes,No,40,Yes,Yes,DSL,No,Yes,No,No,No,Yes,One year,No,Electronic check,50.8,1995.17,Yes
CUST-0009490,Female,0,No,No,2,Yes,No,DSL,No,No,No,No,No,No,Month-to-month,Yes,Bank transfer (automatic),111.29,216.54,No
CUST-0009491,Male,1,Yes,Yes,72,Yes,No,Fiber optic,No,Yes,No,No,No,Yes,Month-to-month,No,Mailed check,108.03,7797.45,No
CUST-0009492,Male,0,No,Yes,15,Yes,No,No,No internet service,No internet service,No internet service,No internet service,No internet service,No internet service,Month-to-month,Yes,Credit card (automatic),81.83,1263.78,Yes
CUST-0009493,Male,0,Yes,No,11,Yes,Yes,Fiber optic,Yes,No,No,No,No,No,Month-to-month,Yes,Bank transfer (automatic),85.66,934.95,Yes
CUST-0009494,Female,1,No,No,38,Yes,Yes,DSL,No,No,No,No,Yes,No,Two year,Yes,Mailed check,92.27,3516.95,No
CUST-0009495,Male,0,Yes,No,5,Yes,Yes,Fiber optic,Yes,No,Yes,No,Yes,Yes,Month-to-month,No,Mailed check,107.8,,Yes
CUST-0009496,Male,0,Yes,No,18,Yes,Yes,No,No internet service,No internet service,No internet service,No internet service,No internet service,No internet service,Month-to-month,Yes,Bank transfer (automatic),99.71,1788.37,No
CUST-0009497,Male,0,No,Yes,52,Yes,No,Fiber optic,No,No,No,No,No,Yes,Two year,Yes,Mailed check,112.8,5852.16,No
CUST-0009498,Male,0,No,No,45,Yes,Yes,No,No internet service,No internet service,No internet service,No internet service,No internet service,No internet service,Month-to-month,No,Electronic check,96.89,4320.67,No
CUST-0009499,Female,0,No,Yes,47,Yes,Yes,Fiber optic,No,Yes,Yes,Yes,No,No,Month-to-month,Yes,Electronic check,118.75,5595.66,No
CUST-0009500,Female,0,No,Yes,22,Yes,No,Fiber optic,No,Yes,No,Yes,No,No,One year,Yes,Electronic check,96.14,2166.96,No
CUST-0009501,Male,0,Yes,Yes,1,Yes,No,DSL,Yes,Yes,No,Yes,No,No,One year,Yes,Mailed check,71.05,26.58,Yes
CUST-0009502,Female,0,No,No,50,Yes,Yes,DSL,No,Yes,No,No,No,Yes,Two year,Yes,Mailed check,85.53,4277.72,No
CUST-0009503,Male,0,No,No,6,No,No phone service,DSL,No,No,No,No,No,No,Month-to-month,Yes,Bank transfer (automatic),97.76,532.92,Yes
CUST-0009504,Female,1,No,Yes,72,Yes,No,Fiber optic,No,No,No,No,Yes,No,One year,Yes,Electronic check,95.44,6865.85,No
CUST-0009505,Male,0,Yes,Yes,42,No,No phone service,DSL,No,No,No,No,No,No,Two year,No,Bank transfer (automatic),81.49,3400.97,No
CUST-0009506,Female,0,Yes,No,3,No,No phone service,Fiber optic,Yes,Yes,No,No,No,Yes,Month-to-month,Yes,Electronic check,81.95,253.31,Yes
CUST-0009507,Male,0,No,Yes,11,Yes,Yes,DSL,Yes,Yes,No,No,Yes,Yes,Month-to-month,Yes,Credit card (automatic),81.07,897.66,No
CUST-0009508,Male,0,No,Yes,37,Yes,No,Fiber optic,Yes,Yes,No,No,Yes,No,One year,No,Electronic check,95.64,3519.63,No
CUST-0009509,Female,0,No,No,48,Yes,Yes,Fiber optic,Yes,Yes,No,Yes,Yes,No,Month-to-month,Yes,Credit card (automatic),82.37,3980.23,No
CUST-0009510,Male,1,No,Yes,7,Yes,Yes,Fiber optic,No,Yes,Yes,No,No,No,Month-to-month,Yes,Electronic check,90.92,584.09,No
CUST-0009511,Female,1,Yes,No,6,Yes,No,DSL,No,No,No,No,No,No,Month-to-month,Yes,Electronic check,68.52,342.14,No
CUST-0009512,Male,0,No,No,30,No,No phone service,DSL,No,No,Yes,No,No,No,Month-to-month,No,Credit card (automatic),77.13,2309.95,Yes
CUST-0009513,Male,0,No,No,24,Yes,No,Fiber optic,Yes,No,No,No,No,No,One year,Yes,Mailed check,87.53,2123.21,No
CUST-0009514,Female,0,Yes,Yes,17,Yes,Yes,No,No internet service,No internet service,No internet service,No internet service,No internet service,No internet service,Two year,No,Mailed check,90.0,1526.52,Yes
CUST-0009515,Male,0,Yes,No,22,Yes,Yes,DSL,No,No,Yes,No,No,No,Month-to-month,Yes,Electronic check,116.92,2559.74,No
CUST-0009516,Female,0,Yes,No,14,Yes,Yes,Fiber optic,No,Yes,No,No,No,Yes,Month-to-month,No,Electronic check,44.72,614.72,No
CUST-0009517,Female,0,Yes,No,15,Yes,Yes,DSL,No,No,Yes,No,Yes,No,Month-to-month,Yes,Bank transfer (automatic),93.76,1439.75,No
CUST-0009518,Male,0,Yes,No,36,No,No phone service,Fiber optic,No,No,No,No,No,No,Month-to-month,Yes,Mailed check,111.52,3989.61,Yes
CUST-0009519,Female,0,Yes,Yes,20,Yes,Yes,Fiber optic,Yes,Yes,Yes,No,No,No,One year,Yes,Electronic check,45.99,915.63,No
CUST-0009520,Male,0,Yes,No,26,Yes,No,No,No internet service,No internet service,No internet service,No internet service,No internet service,No internet service,Month-to-month,Yes,Credit card (automatic),63.46,1650.16,Yes
CUST-0009521,Male,0,No,No,4,Yes,No,Fiber optic,No,Yes,Yes,No,No,No,Month-to-month,Yes,Credit card (automatic),115.32,,Yes
CUST-0009522,Male,0,No,No,31,Yes,No,Fiber optic,No,No,No,Yes,No,No,Month-to-month,Yes,Credit card (automatic),94.6,2924.94,Yes
CUST-0009523,Female,0,Yes,Yes,16,Yes,Yes,DSL,No,Yes,No,Yes,Yes,No,Month-to-month,No,Bank transfer (automatic),95.02,1488.03,Yes
CUST-0009524,Female,0,No,No,2,Yes,No,Fiber optic,No,Yes,No,No,No,Yes,Month-to-month,Yes,Credit card (automatic),74.36,183.59,No
CUST-0009525,Female,0,No,No,72,Yes,Yes,Fiber optic,No,No,No,No,No,No,Month-to-month,Yes,Electronic check,93.83,6759.34,No
CUST-0009526,Female,1,No,Yes,2,Yes,No,DSL,No,No,No,No,No,No,Month-to-month,No,Electronic check,80.89,155.12,No
CUST-0009527,Female,0,Yes,No,1,Yes,No,Fiber optic,No,No,No,No,No,Yes,Month-to-month,Yes,Electronic check,114.58,97.69,Yes
CUST-0009528,Male,0,Yes,No,10,Yes,No,Fiber optic,Yes,No,No,No,No,No,Month-to-month,No,Electronic check,72.57,714.65,No
CUST-0009529,Female,0,No,No,5,Yes,No,DSL,Yes,No,Yes,No,Yes,No,Month-to-month,Yes,Credit card (automatic),110.83,576.38,Yes
CUST-0009530,Male,1,Yes,No,3,Yes,No,DSL,No,Yes,No,No,Yes,No,Month-to-month,No,Electronic check,118.75,344.11,Yes
CUST-0009531,Female,0,Yes,No,10,Yes,No,DSL,No,Yes,Yes,No,Yes,No,Month-to-month,No,Electronic check,101.24,989.38,No
CUST-0009532,Female,1,Yes,No,9,Yes,No,Fiber optic,No,No,No,No,No,No,Month-to-month,Yes,Credit card (automatic),106.9,,No
CUST-0009533,Female,0,No,No,57,Yes,No,DSL,No,Yes,No,No,No,Yes,Month-to-month,No,Bank transfer (automatic),83.05,4754.78,No
CUST-0009534,Female,0,No,No,9,Yes,Yes,Fiber optic,No,No,No,Yes,No,No,Month-to-month,Yes,Mailed check,116.46,1059.13,Yes
CUST-0009535,Female,0,Yes,No,6,Yes,No,DSL,No,No,Yes,No,No,Yes,Month-to-month,No,Electronic check,73.1,409.38,No
CUST-0009536,Male,0,No,No,54,Yes,No,Fiber optic,No,No,Yes,Yes,Yes,No,Month-to-month,Yes,Electronic check,90.79,4894.43,Yes
CUST-0009537,Male,0,No,No,23,No,No phone service,DSL,No,No,No,Yes,No,Yes,Month-to-month,No,Credit card (automatic),100.05,2296.82,No
CUST-0009538,Female,1,No,No,44,Yes,No,DSL,No,No,Yes,Yes,No,No,Month-to-month,Yes,Electronic check,110.06,4843.96,No
CUST-0009539,Female,0,No,No,4,Yes,No,Fiber optic,Yes,Yes,Yes,Yes,No,Yes,Month-to-month,No,Credit card (automatic),111.41,448.71,No
CUST-0009540,Female,1,No,Yes,47,Yes,Yes,Fiber optic,Yes,No,Yes,Yes,No,Yes,One year,No,Mailed check,96.89,4545.64,Yes
CUST-0009541,Female,0,Yes,No,0,Yes,No,DSL,No,Yes,No,No,No,No,Month-to-month,Yes,Credit card (automatic),115.19,,No
CUST-0009542,Female,0,Yes,No,30,Yes,No,DSL,No,Yes,Yes,No,Yes,Yes,Month-to-month,No,Mailed check,18.25,560.41,No
CUST-0009543,Female,0,No,No,7,Yes,Yes,DSL,No,No,No,Yes,Yes,No,Month-to-month,No,Bank transfer (automatic),73.28,508.54,Yes
CUST-0009544,Female,0,Yes,Yes,39,Yes,No,Fiber optic,No,No,No,No,Yes,No,Month-to-month,Yes,Electronic check,73.14,2915.0,Yes
CUST-0009545,Male,0,No,No,72,Yes,No,No,No internet service,No internet service,No internet service,No internet service,No internet service,No internet service,One year,Yes,Electronic check,67.69,4863.49,No
CUST-0009546,Female,0,Yes,No,21,Yes,Yes,No,No internet service,No internet service,No internet service,No internet service,No internet service,No internet service,One year,No,Electronic check,118.75,2496.5,Yes
CUST-0009547,Male,0,Yes,Yes,12,Yes,No,DSL,No,Yes,No,No,No,No,Month-to-month,No,Mailed check,99.71,1195.54,Yes
CUST-0009548,Male,1,Yes,Yes,9,Yes,No,DSL,Yes,No,No,No,Yes,No,Month-to-month,Yes,Electronic check,97.27,887.55,No
CUST-0009549,Female,0,Yes,No,15,Yes,No,Fiber optic,No,No,Yes,No,Yes,Yes,Month-to-month,Yes,Electronic check,81.7,1186.23,No
CUST-0009550,Male,0,No,No,26,No,No phone service,No,No internet service,No internet service,No internet service,No internet service,No internet service,No internet service,Month-to-month,Yes,Electronic check,64.64,1675.02,No
CUST-0009551,Male,0,No,Yes,35,Yes,No,Fiber optic,No,No,No,Yes,Yes,Yes,One year,No,Mailed check,108.24,3753.13,No
CUST-0009552,Female,0,Yes,Yes,28,Yes,No,DSL,No,No,No,Yes,Yes,Yes,Month-to-month,No,Credit card (automatic),98.83,2715.0,No
CUST-0009553,Male,0,No,No,17,Yes,Yes,Fiber optic,No,No,No,No,No,Yes,Month-to-month,Yes,Bank transfer (automatic),78.8,1376.84,No
CUST-0009554,Female,0,No,Yes,40,Yes,No,Fiber optic,No,No,Yes,No,Yes,No,Month-to-month,Yes,Electronic check,73.45,,Yes
CUST-0009555,Female,0,No,Yes,19,Yes,No,DSL,No,Yes,No,No,No,No,Month-to-month,Yes,Bank transfer (automatic),74.76,1411.57,No
CUST-0009556,Female,0,No,No,67,Yes,No,Fiber optic,No,No,Yes,No,Yes,Yes,Two year,No,Electronic check,96.15,6476.33,Yes
CUST-0009557,Male,0,No,No,49,Yes,No,DSL,No,Yes,No,No,No,No,Month-to-month,Yes,Electronic check,66.41,3202.67,No
CUST-0009558,Male,1,No,No,13,Yes,No,Fiber optic,No,Yes,Yes,Yes,No,No,One year,Yes,Electronic check,76.62,968.4,Yes
CUST-0009559,Female,0,Yes,No,3,Yes,Yes,Fiber optic,No,Yes,No,Yes,No,No,Two year,Yes,Electronic check,74.98,215.9,No
CUST-0009560,Male,1,No,Yes,54,No,No phone service,Fiber optic,No,No,No,Yes,No,No,Month-to-month,Yes,Credit card (automatic),98.33,5296.88,No
CUST-0009561,Female,1,No,No,22,Yes,Yes,Fiber optic,No,No,Yes,No,Yes,No,Two year,Yes,Bank transfer (automatic),107.59,2391.48,No
CUST-0009562,Female,0,No,No,31,Yes,No,DSL,No,Yes,Yes,No,No,No,Month-to-month,No,Mailed check,61.2,1917.46,Yes
CUST-0009563,Male,1,No,Yes,17,Yes,No,Fiber optic,Yes,No,Yes,Yes,No,No,Month-to-month,No,Mailed check,105.35,1801.83,Yes
CUST-0009564,Male,0,Yes,Yes,8,Yes,No,Fiber optic,No,No,No,No,Yes,No,Month-to-month,No,Credit card (automatic),82.78,673.19,No
CUST-0009565,Female,0,No,Yes,19,Yes,No,No,No internet service,No internet service,No internet service,No internet service,No internet service,No internet service,Month-to-month,No,Electronic check,95.69,1781.08,No
CUST-0009566,Female,0,Yes,No,32,Yes,No,Fiber optic,No,No,No,No,No,Yes,Month-to-month,Yes,Electronic check,115.74,3686.12,Yes
CUST-0009567,Male,0,Yes,Yes,72,Yes,Yes,DSL,No,No,No,No,Yes,No,Two year,Yes,Credit card (automatic),61.01,4397.08,No
CUST-0009568,Female,0,No,Yes,36,Yes,No,No,No internet service,No internet service,No internet service,No internet service,No internet service,No internet service,Month-to-month,No,Bank transfer (automatic),78.63,2863.91,No
CUST-0009569,Female,0,Yes,No,1,Yes,Yes,No,No internet service,No internet service,No internet service,No internet service,No internet service,No internet service,One year,No,Bank transfer (automatic),95.24,125.26,No
CUST-0009570,Male,0,No,Yes,5,Yes,No,DSL,No,No,Yes,Yes,Yes,Yes,Month-to-month,No,Electronic check,82.85,378.96,No
CUST-0009571,Female,1,No,No,9,Yes,No,DSL,Yes,Yes,No,No,Yes,No,Month-to-month,No,Electronic check,78.93,690.64,No
CUST-0009572,Female,0,No,No,72,Yes,Yes,DSL,Yes,No,Yes,Yes,Yes,No,Month-to-month,Yes,Credit card (automatic),102.82,,No
CUST-0009573,Male,0,Yes,No,15,Yes,No,Fiber optic,Yes,No,No,No,No,No,Month-to-month,Yes,Bank transfer (automatic),100.06,1532.39,Yes
CUST-0009574,Male,0,Yes,Yes,29,Yes,No,Fiber optic,No,No,Yes,No,No,No,Month-to-month,No,Credit card (automatic),118.75,3426.52,No
CUST-0009575,Male,0,No,No,1,Yes,Yes,No,No internet service,No internet service,No internet service,No internet service,No internet service,No internet service,Two year,No,Mailed check,98.72,67.79,No
CUST-0009576,Male,0,Yes,No,72,Yes,Yes,No,No internet service,No internet service,No internet service,No internet service,No internet service,No internet service,Month-to-month,Yes,Mailed check,78.65,5675.72,No
CUST-0009577,Male,0,No,Yes,37,Yes,No,Fiber optic,No,Yes,No,No,No,No,Two year,Yes,Electronic check,98.15,3593.31,No
CUST-0009578,Male,1,No,Yes,4,Yes,Yes,Fiber optic,Yes,No,No,No,Yes,No,One year,No,Mailed check,83.79,310.62,Yes
CUST-0009579,Female,0,No,No,62,Yes,No,No,No internet service,No internet service,No internet service,No internet service,No internet service,No internet service,One year,Yes,Electronic check,78.7,4901.78,No
CUST-0009580,Female,0,No,No,39,Yes,Yes,Fiber optic,Yes,No,Yes,No,Yes,Yes,Month-to-month,No,Bank transfer (automatic),92.45,3592.76,No
CUST-0009581,Female,0,No,No,9,Yes,No,Fiber optic,No,No,Yes,No,No,No,Month-to-month,No,Bank transfer (automatic),106.51,958.51,No
CUST-0009582,Female,0,No,No,3,Yes,Yes,Fiber optic,No,Yes,No,Yes,No,Yes,Month-to-month,Yes,Mailed check,96.57,290.28,No
CUST-0009583,Female,1,No,No,22,Yes,Yes,Fiber optic,No,No,Yes,No,Yes,No,Month-to-month,Yes,Bank transfer (automatic),81.66,1780.09,No
CUST-0009584,Male,0,No,Yes,3,Yes,No,DSL,No,No,Yes,No,Yes,No,Month-to-month,No,Bank transfer (automatic),79.58,251.94,Yes
CUST-0009585,Female,0,Yes,Yes,19,Yes,No,DSL,No,Yes,No,No,No,Yes,Month-to-month,Yes,Electronic check,118.75,2293.93,No
CUST-0009586,Female,0,Yes,No,9,Yes,Yes,DSL,No,Yes,No,No,No,Yes,Month-to-month,Yes,Mailed check,92.18,847.63,No
CUST-0009587,Male,0,Yes,No,47,Yes,Yes,No,No internet service,No internet service,No internet service,No internet service,No internet service,No internet service,Month-to-month,No,Credit card (automatic),72.9,3455.72,No
CUST-0009588,Female,0,No,No,72,Yes,No,No,No internet service,No internet service,No internet service,No internet service,No internet service,No internet service,Month-to-month,No,Mailed check,100.07,7239.14,No
CUST-0009589,Male,0,No,Yes,45,Yes,No,No,No internet service,No internet service,No internet service,No internet service,No internet service,No internet service,Two year,Yes,Mailed check,94.58,4273.51,No
CUST-0009590,Male,0,Yes,No,42,Yes,No,DSL,No,Yes,No,Yes,No,Yes,Two year,Yes,Electronic check,43.3,1799.49,No
CUST-0009591,Female,0,No,Yes,4,Yes,Yes,No,No internet service,No internet service,No internet service,No internet service,No internet service,No internet service,Month-to-month,Yes,Mailed check,89.15,399.91,Yes
CUST-0009592,Female,0,No,No,72,Yes,Yes,Fiber optic,No,No,Yes,No,No,Yes,Month-to-month,No,Electronic check,97.86,7062.38,No
CUST-0009593,Female,0,Yes,No,56,Yes,Yes,Fiber optic,Yes,No,Yes,No,No,No,Month-to-month,Yes,Credit card (automatic),102.41,5762.27,No
CUST-0009594,Male,1,No,No,6,Yes,No,DSL,Yes,No,No,No,No,No,Month-to-month,Yes,Electronic check,85.08,530.4,No
CUST-0009595,Male,0,Yes,No,7,Yes,Yes,DSL,Yes,Yes,No,No,No,Yes,Month-to-month,Yes,Electronic check,71.15,470.25,Yes
CUST-0009596,Female,0,Yes,Yes,7,Yes,No,Fiber optic,No,No,No,No,No,Yes,Month-to-month,Yes,Electronic check,84.05,568.31,No
CUST-0009597,Male,0,Yes,Yes,36,Yes,Yes,Fiber optic,Yes,Yes,Yes,Yes,Yes,No,Month-to-month,Yes,Electronic check,80.74,2861.85,Yes
CUST-0009598,Male,1,No,Yes,5,No,No phone service,Fiber optic,No,No,No,Yes,Yes,Yes,Month-to-month,No,Bank transfer (automatic),66.32,364.92,No
CUST-0009599,Female,1,Yes,No,2,Yes,Yes,Fiber optic,No,Yes,Yes,No,No,Yes,Month-to-month,No,Credit card (automatic),81.53,97.01,Yes
CUST-0009600,Female,0,No,No,72,Yes,No,Fiber optic,No,No,No,No,No,Yes,Month-to-month,Yes,Bank transfer (automatic),76.14,5468.9,Yes
CUST-0009601,Female,0,No,Yes,23,Yes,Yes,Fiber optic,Yes,No,No,No,Yes,No,One year,No,Electronic check,67.11,1547.27,No
CUST-0009602,Male,0,Yes,Yes,13,Yes,Yes,DSL,No,Yes,Yes,No,No,No,Month-to-month,No,Electronic check,105.29,1380.0,No
CUST-0009603,Female,0,No,Yes,0,Yes,No,DSL,No,No,No,Yes,Yes,No,Month-to-month,No,Mailed check,75.32,,No
CUST-0009604,Female,0,Yes,No,6,Yes,No,Fiber optic,Yes,No,No,No,No,No,One year,Yes,Bank transfer (automatic),118.75,748.67,Yes
CUST-0009605,Male,0,No,No,25,Yes,No,No,No internet service,No internet service,No internet service,No internet service,No internet service,No internet service,Month-to-month,Yes,Bank transfer (automatic),103.35,2576.58,No
CUST-0009606,Male,1,Yes,No,13,Yes,No,Fiber optic,No,No,Yes,Yes,No,No,Two year,No,Electronic check,112.26,1456.05,No
CUST-0009607,Female,1,Yes,No,23,No,No phone service,Fiber optic,No,Yes,No,Yes,No,No,One year,Yes,Mailed check,110.54,2537.73,Yes
CUST-0009608,Female,0,No,No,22,Yes,Yes,DSL,No,No,Yes,No,Yes,Yes,Month-to-month,Yes,Electronic check,97.63,2127.14,No
CUST-0009609,Male,0,Yes,No,35,Yes,Yes,Fiber optic,No,Yes,Yes,No,Yes,Yes,Month-to-month,Yes,Mailed check,65.74,2332.94,Yes
CUST-0009610,Male,0,No,No,45,Yes,Yes,Fiber optic,Yes,Yes,No,Yes,Yes,No,Month-to-month,Yes,Electronic check,118.75,5337.09,Yes
CUST-0009611,Male,0,Yes,No,0,Yes,Yes,DSL,No,No,Yes,Yes,Yes,Yes,Month-to-month,No,Electronic check,102.24,,No
CUST-0009612,Male,0,No,No,11,Yes,Yes,DSL,Yes,No,Yes,No,No,No,Two year,Yes,Electronic check,53.05,569.26,No
CUST-0009613,Female,0,Yes,Yes,9,Yes,Yes,Fiber optic,No,No,No,No,No,No,Month-to-month,Yes,Electronic check,66.23,605.75,No
CUST-0009614,Female,0,No,Yes,4,Yes,No,DSL,Yes,No,No,No,No,Yes,Month-to-month,Yes,Electronic check,113.97,,Yes
CUST-0009615,Female,0,Yes,Yes,22,Yes,No,DSL,No,Yes,No,No,No,No,One year,Yes,Credit card (automatic),93.19,2052.35,No
CUST-0009616,Female,1,No,No,26,Yes,No,Fiber optic,No,Yes,No,No,Yes,No,Month-to-month,Yes,Electronic check,91.27,2350.43,Yes
CUST-0009617,Female,0,Yes,No,2,Yes,Yes,Fiber optic,No,Yes,Yes,No,No,No,Two year,No,Electronic check,53.24,,Yes
CUST-0009618,Male,1,Yes,Yes,39,Yes,No,Fiber optic,No,No,No,No,Yes,Yes,Month-to-month,No,Bank transfer (automatic),97.63,3784.57,No
CUST-0009619,Male,0,Yes,No,0,Yes,Yes,DSL,No,No,No,Yes,Yes,Yes,Month-to-month,No,Electronic check,100.32,,No
CUST-0009620,Female,0,Yes,No,40,Yes,No,DSL,No,No,No,Yes,No,No,One year,Yes,Bank transfer (automatic),95.52,3821.33,Yes
CUST-0009621,Male,0,No,Yes,36,No,No phone service,DSL,No,No,Yes,No,No,Yes,Month-to-month,No,Credit card (automatic),90.01,3244.19,No
CUST-0009622,Male,0,No,No,2,Yes,No,Fiber optic,No,No,Yes,No,Yes,No,Month-to-month,No,Mailed check,86.88,157.21,No
CUST-0009623,Female,0,Yes,No,62,Yes,No,DSL,No,No,No,Yes,Yes,Yes,Month-to-month,Yes,Mailed check,82.4,5125.24,Yes
CUST-0009624,Male,0,Yes,No,72,Yes,No,Fiber optic,Yes,No,Yes,No,No,No,One year,Yes,Mailed check,82.7,,No
CUST-0009625,Male,0,No,No,2,Yes,Yes,Fiber optic,No,Yes,No,No,No,Yes,Month-to-month,Yes,Bank transfer (automatic),82.95,176.44,No
CUST-0009626,Female,0,No,No,33,Yes,No,DSL,No,No,No,Yes,No,No,Month-to-month,Yes,Bank transfer (automatic),85.08,2824.6,No
CUST-0009627,Female,0,Yes,Yes,38,Yes,Yes,Fiber optic,No,Yes,No,Yes,No,Yes,Two year,Yes,Mailed check,100.79,3797.27,No
CUST-0009628,Male,1,No,Yes,20,Yes,Yes,No,No internet service,No internet service,No internet service,No internet service,No internet service,No internet service,One year,No,Electronic check,106.64,2088.85,No
CUST-0009629,Female,0,No,No,20,Yes,No,No,No internet service,No internet service,No internet service,No internet service,No internet service,No internet service,One year,No,Bank transfer (automatic),74.68,1448.77,Yes
CUST-0009630,Female,0,No,No,15,Yes,Yes,DSL,No,Yes,No,Yes,No,No,Two year,No,Credit card (automatic),75.86,1142.05,No
CUST-0009631,Female,1,No,No,7,Yes,No,Fiber optic,Yes,No,No,No,Yes,No,One year,No,Bank transfer (automatic),106.25,773.33,No
CUST-0009632,Female,0,Yes,Yes,6,Yes,No,No,No internet service,No internet service,No internet service,No internet service,No internet service,No internet service,Month-to-month,Yes,Bank transfer (automatic),73.01,455.45,No
CUST-0009633,Male,0,Yes,No,23,Yes,No,No,No internet service,No internet service,No internet service,No internet service,No internet service,No internet service,Month-to-month,No,Bank transfer (automatic),76.5,1715.53,Yes
CUST-0009634,Female,0,Yes,No,7,Yes,No,Fiber optic,No,No,Yes,Yes,No,Yes,Month-to-month,No,Bank transfer (automatic),76.42,514.02,No
CUST-0009635,Male,0,Yes,Yes,8,Yes,Yes,DSL,No,No,No,No,No,No,Month-to-month,No,Electronic check,115.63,921.17,No
CUST-0009636,Male,0,Yes,No,1,Yes,No,Fiber optic,No,No,Yes,Yes,Yes,Yes,Month-to-month,Yes,Mailed check,118.75,,No
CUST-0009637,Female,0,Yes,Yes,1,Yes,Yes,DSL,No,No,Yes,No,No,No,Two year,Yes,Mailed check,118.75,,Yes
CUST-0009638,Male,1,No,No,7,Yes,Yes,No,No internet service,No internet service,No internet service,No internet service,No internet service,No internet service,Month-to-month,Yes,Credit card (automatic),85.65,603.56,Yes
CUST-0009639,Female,0,No,No,5,Yes,No,Fiber optic,No,Yes,Yes,No,Yes,Yes,Month-to-month,Yes,Electronic check,89.47,451.79,No
CUST-0009640,Male,1,Yes,No,63,Yes,Yes,Fiber optic,No,Yes,No,No,No,Yes,Two year,No,Electronic check,112.32,7087.28,No
CUST-0009641,Male,0,No,Yes,15,Yes,No,Fiber optic,Yes,No,No,No,Yes,No,Two year,Yes,Mailed check,100.94,1521.69,Yes
CUST-0009642,Female,0,No,No,40,Yes,No,DSL,No,No,No,Yes,No,Yes,Month-to-month,No,Electronic check,104.47,4160.81,Yes
CUST-0009643,Male,1,No,Yes,63,Yes,No,DSL,No,No,No,Yes,No,No,Month-to-month,No,Electronic check,100.86,6357.52,No
CUST-0009644,Male,1,No,Yes,33,Yes,No,Fiber optic,No,No,Yes,No,No,No,Month-to-month,Yes,Electronic check,77.92,,No
CUST-0009645,Male,1,No,No,4,No,No phone service,Fiber optic,No,Yes,No,Yes,No,No,Month-to-month,No,Electronic check,83.74,376.82,No
CUST-0009646,Male,1,Yes,No,19,Yes,No,Fiber optic,No,Yes,No,No,No,Yes,One year,No,Electronic check,91.23,,Yes
CUST-0009647,Male,0,No,No,9,Yes,Yes,No,No internet service,No internet service,No internet service,No internet service,No internet service,No internet service,Month-to-month,No,Bank transfer (automatic),94.04,846.3,No
CUST-0009648,Female,0,Yes,No,30,Yes,No,Fiber optic,No,Yes,No,No,No,No,Month-to-month,Yes,Mailed check,80.59,2374.13,Yes
CUST-0009649,Female,0,Yes,No,20,Yes,No,Fiber optic,No,Yes,Yes,No,No,No,One year,Yes,Electronic check,47.32,969.4,Yes
CUST-0009650,Male,1,Yes,Yes,9,Yes,Yes,Fiber optic,No,No,No,Yes,Yes,Yes,Month-to-month,No,Electronic check,103.69,920.21,No
CUST-0009651,Female,0,No,Yes,24,Yes,Yes,Fiber optic,No,Yes,No,No,Yes,No,Two year,Yes,Bank transfer (automatic),71.18,1712.09,No
CUST-0009652,Female,1,No,Yes,8,Yes,No,No,No internet service,No internet service,No internet service,No internet service,No internet service,No internet service,One year,No,Bank transfer (automatic),93.78,767.67,No
CUST-0009653,Female,0,No,No,31,Yes,No,DSL,No,No,No,Yes,No,No,Month-to-month,Yes,Mailed check,107.89,3371.56,Yes
CUST-0009654,Male,0,Yes,No,0,Yes,No,Fiber optic,No,No,Yes,Yes,No,No,One year,Yes,Mailed check,66.39,,No
CUST-0009655,Male,0,No,No,0,Yes,Yes,No,No internet service,No internet service,No internet service,No internet service,No internet service,No internet service,Month-to-month,No,Credit card (automatic),80.28,,No
CUST-0009656,Female,0,Yes,No,52,Yes,Yes,DSL,No,No,Yes,Yes,Yes,No,Month-to-month,Yes,Electronic check,118.75,6190.81,No
CUST-0009657,Male,0,No,No,43,Yes,Yes,Fiber optic,No,Yes,Yes,No,No,No,Month-to-month,Yes,Bank transfer (automatic),104.96,4511.34,Yes
CUST-0009658,Male,0,No,No,40,Yes,No,DSL,No,No,No,No,No,No,Month-to-month,Yes,Electronic check,64.21,2585.59,No
CUST-0009659,Female,0,Yes,No,59,Yes,Yes,No,No internet service,No internet service,No internet service,No internet service,No internet service,No internet service,Month-to-month,Yes,Electronic check,87.3,5158.64,No
CUST-0009660,Female,0,Yes,Yes,44,Yes,No,No,No internet service,No internet service,No internet service,No internet service,No internet service,No internet service,Month-to-month,Yes,Credit card (automatic),72.64,3201.17,Yes
CUST-0009661,Male,0,Yes,No,9,Yes,No,Fiber optic,Yes,No,No,No,Yes,No,Month-to-month,No,Mailed check,61.94,550.18,No
CUST-0009662,Male,1,No,Yes,61,Yes,Yes,Fiber optic,No,No,No,No,No,No,Month-to-month,No,Mailed check,114.02,6974.27,No
CUST-0009663,Female,0,Yes,Yes,30,Yes,No,DSL,No,Yes,Yes,Yes,No,Yes,Month-to-month,Yes,Mailed check,118.75,3553.12,Yes
CUST-0009664,Male,0,No,No,16,Yes,Yes,DSL,No,Yes,No,No,No,No,Month-to-month,Yes,Electronic check,103.41,1647.62,Yes
CUST-0009665,Female,1,No,No,72,No,No phone service,No,No internet service,No internet service,No internet service,No internet service,No internet service,No internet service,Two year,No,Electronic check,115.26,8275.57,Yes
CUST-0009666,Female,0,Yes,No,8,No,No phone service,Fiber optic,Yes,No,No,No,Yes,No,Month-to-month,No,Mailed check,57.01,447.53,No
CUST-0009667,Male,0,Yes,No,16,Yes,No,No,No internet service,No internet service,No internet service,No internet service,No internet service,No internet service,Month-to-month,Yes,Electronic check,100.29,1600.82,Yes
CUST-0009668,Male,1,No,No,14,Yes,No,Fiber optic,No,No,No,No,No,No,One year,Yes,Credit card (automatic),89.26,1283.58,No
CUST-0009669,Female,0,Yes,No,4,Yes,No,No,No internet service,No internet service,No internet service,No internet service,No internet service,No internet service,Month-to-month,No,Credit card (automatic),95.52,362.79,No
CUST-0009670,Female,0,Yes,No,47,Yes,No,Fiber optic,No,Yes,No,No,Yes,No,Month-to-month,Yes,Electronic check,92.72,4377.77,No
CUST-0009671,Male,0,No,No,33,Yes,No,Fiber optic,No,No,Yes,No,No,Yes,Month-to-month,Yes,Electronic check,118.75,3935.28,No
CUST-0009672,Male,0,No,No,11,Yes,Yes,Fiber optic,No,No,No,Yes,No,No,Two year,Yes,Credit card (automatic),77.21,868.86,No
CUST-0009673,Female,0,Yes,No,17,Yes,Yes,Fiber optic,Yes,Yes,No,No,No,No,Two year,No,Electronic check,95.99,1671.01,No
CUST-0009674,Female,0,Yes,No,24,Yes,Yes,Fiber optic,No,No,No,No,No,Yes,Month-to-month,Yes,Credit card (automatic),93.01,2159.56,Yes
CUST-0009675,Female,0,No,No,11,Yes,Yes,DSL,Yes,No,No,Yes,No,Yes,Month-to-month,No,Bank transfer (automatic),80.6,854.36,No
CUST-0009676,Female,0,No,No,5,No,No phone service,No,No internet service,No internet service,No internet service,No internet service,No internet service,No internet service,One year,Yes,Electronic check,118.75,636.27,No
CUST-0009677,Female,0,Yes,No,25,Yes,Yes,Fiber optic,No,No,No,Yes,No,No,Month-to-month,No,Bank transfer (automatic),110.39,2795.65,No
CUST-0009678,Female,0,No,Yes,25,Yes,No,Fiber optic,No,No,Yes,No,Yes,No,Month-to-month,Yes,Bank transfer (automatic),111.0,2719.58,No
CUST-0009679,Male,0,No,No,23,Yes,Yes,Fiber optic,No,Yes,Yes,Yes,Yes,Yes,One year,No,Electronic check,118.75,2715.01,Yes
CUST-0009680,Male,0,No,Yes,72,Yes,No,No,No internet service,No internet service,No internet service,No internet service,No internet service,No internet service,Month-to-month,No,Mailed check,81.85,5936.64,Yes
CUST-0009681,Female,1,Yes,No,51,Yes,No,DSL,No,No,Yes,Yes,No,Yes,Month-to-month,No,Electronic check,109.5,5576.56,No
CUST-0009682,Female,0,Yes,Yes,6,No,No phone service,DSL,Yes,Yes,Yes,No,Yes,No,Two year,Yes,Mailed check,94.58,589.8,No
CUST-0009683,Female,0,Yes,No,1,Yes,Yes,Fiber optic,Yes,No,No,Yes,Yes,No,Month-to-month,Yes,Bank transfer (automatic),83.27,69.1,No
CUST-0009684,Female,0,No,Yes,10,No,No phone service,DSL,Yes,No,Yes,No,No,Yes,One year,Yes,Electronic check,76.88,764.55,Yes
CUST-0009685,Male,1,No,No,72,Yes,Yes,Fiber optic,No,Yes,Yes,No,No,Yes,Two year,Yes,Electronic check,118.67,8535.63,Yes
CUST-0009686,Female,0,Yes,No,14,Yes,Yes,DSL,No,Yes,No,No,Yes,Yes,Month-to-month,No,Electronic check,118.75,1662.73,Yes
CUST-0009687,Male,0,No,Yes,15,No,No phone service,Fiber optic,Yes,No,No,No,No,No,Month-to-month,Yes,Bank transfer (automatic),107.46,1605.27,Yes
CUST-0009688,Female,0,No,No,72,Yes,Yes,Fiber optic,No,No,Yes,Yes,No,No,One year,Yes,Bank transfer (automatic),73.04,5278.92,No
CUST-0009689,Male,0,No,No,6,Yes,No,DSL,No,No,No,No,No,Yes,One year,Yes,Credit card (automatic),83.39,488.55,No
CUST-0009690,Male,0,Yes,No,56,Yes,Yes,Fiber optic,No,Yes,No,No,Yes,Yes,Month-to-month,No,Mailed check,96.02,5382.03,No
CUST-0009691,Male,0,No,No,63,Yes,No,Fiber optic,Yes,No,Yes,No,Yes,Yes,Month-to-month,Yes,Electronic check,118.75,7471.78,Yes
CUST-0009692,Male,0,Yes,No,72,Yes,No,Fiber optic,No,No,Yes,No,No,Yes,Month-to-month,No,Credit card (automatic),71.74,,Yes
CUST-0009693,Female,0,Yes,No,17,Yes,No,DSL,No,No,No,No,Yes,No,Two year,Yes,Electronic check,82.56,1406.48,No
CUST-0009694,Male,0,Yes,No,26,Yes,No,Fiber optic,No,No,Yes,No,Yes,No,Month-to-month,Yes,Electronic check,53.41,1399.62,No
CUST-0009695,Female,0,Yes,No,20,Yes,No,DSL,No,No,No,Yes,Yes,No,One year,Yes,Credit card (automatic),112.64,2266.95,Yes
CUST-0009696,Female,0,Yes,No,2,Yes,No,DSL,No,No,No,No,Yes,No,Month-to-month,No,Mailed check,69.83,109.03,Yes
CUST-0009697,Female,0,Yes,No,25,Yes,Yes,DSL,Yes,No,No,Yes,No,No,Month-to-month,No,Mailed check,31.69,797.11,No
CUST-0009698,Male,0,Yes,Yes,9,Yes,Yes,Fiber optic,No,No,Yes,No,Yes,Yes,Month-to-month,Yes,Credit card (automatic),65.93,570.44,No
CUST-0009699,Male,0,Yes,Yes,6,No,No phone service,Fiber optic,No,Yes,No,No,No,Yes,Month-to-month,No,Electronic check,89.91,541.37,No
CUST-0009700,Female,0,No,Yes,54,Yes,No,Fiber optic,Yes,Yes,No,No,Yes,No,Month-to-month,Yes,Bank transfer (automatic),115.53,6250.1,Yes
CUST-0009701,Female,0,Yes,Yes,23,Yes,No,Fiber optic,No,Yes,No,No,No,No,Month-to-month,Yes,Mailed check,86.57,2003.97,No
CUST-0009702,Female,0,Yes,No,7,Yes,No,No,No internet service,No internet service,No internet service,No internet service,No internet service,No internet service,One year,No,Credit card (automatic),89.48,630.09,No
CUST-0009703,Female,0,No,Yes,26,Yes,No,DSL,No,No,No,No,Yes,Yes,Month-to-month,No,Credit card (automatic),79.84,2102.86,Yes
CUST-0009704,Female,0,Yes,No,15,Yes,Yes,No,No internet service,No internet service,No internet service,No internet service,No internet service,No internet service,Month-to-month,No,Mailed check,49.91,765.86,Yes
CUST-0009705,Female,0,No,No,72,Yes,Yes,DSL,No,No,Yes,Yes,No,Yes,Two year,Yes,Electronic check,94.65,6776.43,Yes
CUST-0009706,Male,0,No,No,64,Yes,Yes,DSL,No,No,Yes,Yes,Yes,Yes,Two year,No,Credit card (automatic),101.49,6501.84,No
CUST-0009707,Female,0,No,No,12,Yes,No,Fiber optic,No,No,Yes,No,No,No,Month-to-month,No,Mailed check,106.25,1308.13,No
CUST-0009708,Male,0,Yes,No,0,Yes,No,No,No internet service,No internet service,No internet service,No internet service,No internet service,No internet service,Two year,Yes,Bank transfer (automatic),89.68,,No
CUST-0009709,Female,0,Yes,No,16,Yes,No,No,No internet service,No internet service,No internet service,No internet service,No internet service,No internet service,One year,Yes,Credit card (automatic),102.57,1671.55,No
CUST-0009710,Female,0,Yes,No,31,Yes,Yes,Fiber optic,Yes,No,No,No,Yes,Yes,Month-to-month,Yes,Credit card (automatic),73.21,2298.55,No
CUST-0009711,Female,0,Yes,No,14,Yes,No,Fiber optic,No,Yes,No,Yes,Yes,No,One year,Yes,Electronic check,106.75,1503.38,No
CUST-0009712,Female,1,Yes,Yes,3,Yes,Yes,No,No internet service,No internet service,No internet service,No internet service,No internet service,No internet service,Month-to-month,Yes,Mailed check,102.26,293.19,No
CUST-0009713,Male,1,No,No,47,No,No phone service,No,No internet service,No internet service,No internet service,No internet service,No internet service,No internet service,Month-to-month,No,Mailed check,84.23,4007.37,No
CUST-0009714,Male,1,Yes,No,25,Yes,Yes,Fiber optic,No,Yes,No,No,No,Yes,Month-to-month,No,Electronic check,94.28,2361.27,No
CUST-0009715,Female,1,Yes,No,31,Yes,No,DSL,Yes,Yes,No,No,No,No,Two year,Yes,Mailed check,81.79,2499.65,No
CUST-0009716,Male,1,Yes,Yes,17,Yes,No,DSL,No,Yes,No,No,No,No,Month-to-month,Yes,Mailed check,118.75,2003.96,No
CUST-0009717,Male,0,No,No,18,Yes,Yes,Fiber optic,Yes,Yes,Yes,Yes,No,Yes,Month-to-month,No,Credit card (automatic),69.91,1240.93,Yes
CUST-0009718,Male,0,Yes,No,48,Yes,Yes,No,No internet service,No internet service,No internet service,No internet service,No internet service,No internet service,Month-to-month,No,Credit card (automatic),55.95,2713.34,Yes
CUST-0009719,Male,0,No,No,72,Yes,Yes,Fiber optic,No,Yes,No,No,No,No,One year,Yes,Credit card (automatic),49.6,3559.08,Yes
CUST-0009720,Female,0,No,Yes,25,Yes,No,DSL,No,No,No,No,Yes,No,Month-to-month,Yes,Electronic check,86.46,2143.22,No
CUST-0009721,Female,0,Yes,No,7,Yes,Yes,Fiber optic,Yes,Yes,Yes,No,No,Yes,One year,Yes,Electronic check,114.58,744.48,Yes
CUST-0009722,Male,0,Yes,No,2,Yes,No,DSL,No,Yes,Yes,No,No,No,Two year,Yes,Electronic check,85.96,172.67,No
CUST-0009723,Female,0,Yes,No,40,Yes,Yes,No,No internet service,No internet service,No internet service,No internet service,No internet service,No internet service,Month-to-month,No,Electronic check,44.21,1756.05,No
CUST-0009724,Female,0,Yes,No,24,No,No phone service,DSL,No,Yes,Yes,Yes,No,Yes,One year,No,Credit card (automatic),55.18,1301.17,Yes
CUST-0009725,Female,1,Yes,No,34,Yes,Yes,Fiber optic,Yes,No,Yes,Yes,No,No,Month-to-month,No,Credit card (automatic),60.22,2018.99,No
CUST-0009726,Male,0,Yes,No,15,Yes,No,Fiber optic,No,Yes,No,No,Yes,No,One year,Yes,Electronic check,73.8,1077.96,No
CUST-0009727,Female,0,No,No,2,Yes,Yes,Fiber optic,No,No,No,No,No,Yes,Month-to-month,Yes,Credit card (automatic),118.75,220.34,No
CUST-0009728,Female,0,No,No,60,Yes,Yes,No,No internet service,No internet service,No internet service,No internet service,No internet service,No internet service,Month-to-month,No,Bank transfer (automatic),70.8,4239.57,Yes
CUST-0009729,Female,1,No,Yes,16,Yes,Yes,DSL,No,No,No,No,No,No,Month-to-month,Yes,Electronic check,95.54,1537.37,Yes
CUST-0009730,Female,0,Yes,No,12,Yes,Yes,DSL,No,Yes,Yes,No,No,Yes,Month-to-month,Yes,Electronic check,88.15,1072.42,Yes
CUST-0009731,Female,0,No,No,35,Yes,No,DSL,No,No,Yes,No,Yes,No,One year,Yes,Mailed check,87.38,3033.98,No
CUST-0009732,Female,0,No,Yes,31,Yes,No,DSL,Yes,No,No,Yes,Yes,No,Month-to-month,Yes,Mailed check,118.75,3708.36,Yes
CUST-0009733,Female,0,Yes,No,1,Yes,Yes,Fiber optic,Yes,Yes,No,Yes,Yes,No,Month-to-month,Yes,Mailed check,105.43,133.73,Yes
CUST-0009734,Male,1,Yes,No,38,Yes,Yes,Fiber optic,No,Yes,No,No,No,Yes,One year,Yes,Mailed check,118.75,4527.84,No
CUST-0009735,Male,0,No,No,12,Yes,No,Fiber optic,No,Yes,No,No,Yes,No,Month-to-month,No,Electronic check,51.1,631.56,No
CUST-0009736,Male,1,No,Yes,56,Yes,No,DSL,No,No,Yes,Yes,No,Yes,One year,Yes,Electronic check,67.9,3804.6,No
CUST-0009737,Female,0,No,Yes,8,Yes,No,DSL,No,No,No,No,No,Yes,Month-to-month,Yes,Credit card (automatic),102.42,801.38,No
CUST-0009738,Female,1,No,No,0,Yes,No,Fiber optic,No,No,No,No,No,Yes,Month-to-month,Yes,Electronic check,75.94,,No
CUST-0009739,Male,0,Yes,No,2,Yes,No,Fiber optic,No,Yes,Yes,No,No,No,Month-to-month,No,Electronic check,53.65,168.97,Yes
CUST-0009740,Male,1,No,No,8,Yes,Yes,No,No internet service,No internet service,No internet service,No internet service,No internet service,No internet service,Two year,Yes,Credit card (automatic),65.42,497.51,No
CUST-0009741,Male,0,Yes,No,2,Yes,No,Fiber optic,No,No,No,No,Yes,No,Month-to-month,Yes,Credit card (automatic),118.75,236.7,No
CUST-0009742,Male,0,No,No,2,No,No phone service,Fiber optic,No,Yes,No,No,No,No,Month-to-month,Yes,Bank transfer (automatic),99.24,186.03,No
CUST-0009743,Female,0,Yes,Yes,60,Yes,Yes,Fiber optic,No,No,No,No,No,Yes,Month-to-month,No,Electronic check,82.44,4938.4,No
CUST-0009744,Male,0,No,No,2,Yes,No,DSL,No,No,Yes,No,No,Yes,Month-to-month,No,Bank transfer (automatic),118.75,209.38,No
CUST-0009745,Female,0,Yes,No,2,Yes,Yes,No,No internet service,No internet service,No internet service,No internet service,No internet service,No internet service,One year,No,Bank transfer (automatic),64.76,114.12,Yes
CUST-0009746,Male,1,No,Yes,72,Yes,No,DSL,Yes,No,Yes,No,Yes,Yes,Month-to-month,Yes,Credit card (automatic),61.95,4478.72,No
CUST-0009747,Male,0,No,No,3,Yes,Yes,No,No internet service,No internet service,No internet service,No internet service,No internet service,No internet service,Month-to-month,No,Credit card (automatic),70.73,181.49,No
CUST-0009748,Female,0,Yes,No,10,Yes,No,Fiber optic,Yes,No,No,No,Yes,Yes,One year,Yes,Bank transfer (automatic),98.19,986.33,Yes
CUST-0009749,Female,0,No,No,36,Yes,No,DSL,No,No,No,No,No,No,One year,Yes,Mailed check,112.73,4052.03,No
CUST-0009750,Male,0,Yes,Yes,0,Yes,Yes,Fiber optic,No,Yes,No,No,No,Yes,One year,No,Credit card (automatic),87.79,,Yes
CUST-0009751,Female,0,Yes,No,72,Yes,No,Fiber optic,No,No,Yes,No,No,Yes,Month-to-month,Yes,Electronic check,88.03,6342.56,No
CUST-0009752,Female,1,No,No,24,Yes,No,Fiber optic,No,No,Yes,No,No,No,Month-to-month,No,Electronic check,80.35,1930.25,No
CUST-0009753,Male,0,Yes,Yes,8,No,No phone service,No,No internet service,No internet service,No internet service,No internet service,No internet service,No internet service,Month-to-month,Yes,Credit card (automatic),95.94,826.29,No
CUST-0009754,Male,0,Yes,No,13,No,No phone service,Fiber optic,Yes,Yes,Yes,No,No,Yes,Month-to-month,No,Electronic check,88.17,1141.07,No
CUST-0009755,Female,1,Yes,No,72,Yes,No,Fiber optic,Yes,No,No,No,Yes,No,Month-to-month,Yes,Credit card (automatic),108.84,7826.79,Yes
CUST-0009756,Female,1,No,No,0,Yes,Yes,Fiber optic,No,No,No,Yes,Yes,Yes,One year,No,Bank transfer (automatic),112.07,,No
CUST-0009757,Male,0,Yes,Yes,43,Yes,No,No,No internet service,No internet service,No internet service,No internet service,No internet service,No internet service,Month-to-month,Yes,Electronic check,99.46,4265.59,No
CUST-0009758,Female,0,No,No,33,Yes,No,No,No internet service,No internet service,No internet service,No internet service,No internet service,No internet service,Month-to-month,Yes,Electronic check,54.7,1835.82,No
CUST-0009759,Female,0,No,No,51,Yes,Yes,Fiber optic,No,No,Yes,No,Yes,No,Month-to-month,No,Electronic check,100.44,5126.21,Yes
CUST-0009760,Female,0,Yes,Yes,26,Yes,No,No,No internet service,No internet service,No internet service,No internet service,No internet service,No internet service,Month-to-month,No,Electronic check,87.35,,No
CUST-0009761,Male,1,Yes,Yes,3,Yes,No,No,No internet service,No internet service,No internet service,No internet service,No internet service,No internet service,Month-to-month,Yes,Mailed check,89.61,212.01,Yes
CUST-0009762,Female,0,No,No,56,Yes,Yes,Fiber optic,Yes,Yes,Yes,No,No,Yes,Month-to-month,No,Mailed check,82.03,4626.24,Yes
CUST-0009763,Male,0,Yes,No,69,Yes,No,Fiber optic,No,No,Yes,No,Yes,Yes,Month-to-month,Yes,Electronic check,103.02,7114.26,No
CUST-0009764,Male,0,Yes,Yes,20,Yes,No,Fiber optic,No,No,No,No,No,No,One year,Yes,Electronic check,92.67,1811.64,No
CUST-0009765,Male,0,Yes,No,35,Yes,No,Fiber optic,No,No,No,Yes,No,Yes,One year,Yes,Electronic check,83.78,2916.36,No
CUST-0009766,Male,0,Yes,No,2,No,No phone service,DSL,No,No,No,No,No,No,Month-to-month,No,Electronic check,103.08,178.04,Yes
CUST-0009767,Female,0,No,No,4,Yes,No,Fiber optic,Yes,No,Yes,No,No,No,Month-to-month,No,Electronic check,95.59,393.18,No
CUST-0009768,Female,0,No,No,34,Yes,Yes,No,No internet service,No internet service,No internet service,No internet service,No internet service,No internet service,Month-to-month,No,Electronic check,112.34,3825.82,No
CUST-0009769,Female,1,Yes,Yes,13,Yes,No,No,No internet service,No internet service,No internet service,No internet service,No internet service,No internet service,Month-to-month,No,Bank transfer (automatic),81.59,1075.86,No
CUST-0009770,Female,0,Yes,No,4,Yes,No,Fiber optic,No,No,No,No,No,No,Month-to-month,No,Electronic check,95.81,351.07,Yes
CUST-0009771,Male,0,No,No,36,Yes,No,Fiber optic,No,Yes,Yes,Yes,Yes,No,One year,No,Mailed check,96.65,3509.3,No
CUST-0009772,Male,0,No,Yes,9,Yes,Yes,Fiber optic,No,No,Yes,No,No,Yes,Month-to-month,Yes,Mailed check,117.1,1115.85,No
CUST-0009773,Male,0,Yes,No,7,Yes,Yes,No,No internet service,No internet service,No internet service,No internet service,No internet service,No internet service,One year,Yes,Electronic check,86.5,566.41,Yes
CUST-0009774,Male,0,Yes,No,72,Yes,Yes,DSL,No,No,No,No,Yes,Yes,One year,Yes,Mailed check,89.53,6423.85,No
CUST-0009775,Male,0,Yes,Yes,17,Yes,Yes,Fiber optic,Yes,No,No,No,Yes,Yes,Two year,Yes,Bank transfer (automatic),102.72,1745.49,Yes
CUST-0009776,Male,0,Yes,Yes,48,Yes,Yes,Fiber optic,No,No,Yes,No,Yes,Yes,Month-to-month,Yes,Electronic check,76.84,3699.61,No
CUST-0009777,Male,0,No,No,16,Yes,No,Fiber optic,Yes,No,No,No,No,No,One year,Yes,Electronic check,100.67,1598.29,No
CUST-0009778,Male,1,Yes,No,9,Yes,No,Fiber optic,No,No,No,No,No,No,Month-to-month,No,Bank transfer (automatic),103.21,911.16,No
CUST-0009779,Male,0,No,Yes,6,Yes,No,DSL,No,No,Yes,No,Yes,Yes,Month-to-month,Yes,Bank transfer (automatic),89.67,532.56,No
CUST-0009780,Male,1,Yes,Yes,7,Yes,No,No,No internet service,No internet service,No internet service,No internet service,No internet service,No internet service,Month-to-month,No,Electronic check,98.3,,No
CUST-0009781,Female,0,No,No,4,Yes,No,DSL,No,No,No,Yes,No,Yes,Month-to-month,Yes,Credit card (automatic),64.66,268.43,No
CUST-0009782,Female,0,Yes,No,33,Yes,Yes,Fiber optic,No,Yes,Yes,Yes,No,Yes,One year,Yes,Mailed check,118.75,3925.64,No
CUST-0009783,Female,1,No,Yes,14,Yes,Yes,DSL,No,Yes,Yes,No,No,No,Month-to-month,Yes,Bank transfer (automatic),69.81,995.28,No
CUST-0009784,Male,1,Yes,No,2,Yes,No,Fiber optic,No,No,No,No,Yes,No,Month-to-month,Yes,Electronic check,65.24,135.4,Yes
CUST-0009785,Male,0,No,Yes,1,Yes,Yes,No,No internet service,No internet service,No internet service,No internet service,No internet service,No internet service,One year,Yes,Mailed check,118.75,126.49,No
CUST-0009786,Female,0,No,Yes,6,Yes,Yes,Fiber optic,Yes,Yes,Yes,No,No,Yes,Month-to-month,No,Credit card (automatic),92.8,598.6,No
CUST-0009787,Male,0,Yes,No,24,No,No phone service,Fiber optic,No,No,No,No,No,Yes,Month-to-month,No,Electronic check,114.13,2744.92,Yes
CUST-0009788,Female,0,No,No,2,Yes,Yes,Fiber optic,No,No,No,Yes,No,No,Two year,No,Bank transfer (automatic),76.34,153.22,Yes
CUST-0009789,Female,0,Yes,No,3,Yes,No,Fiber optic,No,No,No,Yes,No,No,Month-to-month,No,Bank transfer (automatic),86.36,275.26,Yes
CUST-0009790,Male,0,Yes,No,72,Yes,No,Fiber optic,No,No,Yes,No,Yes,Yes,Month-to-month,No,Bank transfer (automatic),106.85,7713.51,No
CUST-0009791,Female,1,No,Yes,48,Yes,No,Fiber optic,No,No,Yes,Yes,Yes,No,Month-to-month,Yes,Credit card (automatic),57.96,2782.9,No
CUST-0009792,Female,0,No,No,32,Yes,Yes,Fiber optic,No,No,Yes,No,Yes,Yes,Month-to-month,No,Credit card (automatic),108.08,3493.98,No
CUST-0009793,Male,0,No,No,72,No,No phone service,DSL,No,No,No,No,No,No,One year,No,Mailed check,80.95,5827.33,No
CUST-0009794,Male,0,Yes,No,25,No,No phone service,Fiber optic,No,Yes,No,No,Yes,Yes,Month-to-month,Yes,Electronic check,86.2,2145.23,Yes
CUST-0009795,Male,1,No,No,25,Yes,No,Fiber optic,Yes,No,No,Yes,No,Yes,One year,No,Credit card (automatic),73.16,,Yes
CUST-0009796,Female,0,No,No,2,No,No phone service,Fiber optic,No,Yes,No,No,Yes,No,Month-to-month,Yes,Mailed check,41.23,77.17,Yes
CUST-0009797,Female,0,No,No,72,Yes,Yes,DSL,No,No,No,No,No,No,Month-to-month,Yes,Mailed check,103.13,7460.86,No
CUST-0009798,Male,0,No,No,9,Yes,Yes,Fiber optic,No,Yes,Yes,No,No,No,One year,Yes,Electronic check,92.31,810.48,No
CUST-0009799,Male,0,Yes,No,4,No,No phone service,Fiber optic,No,No,Yes,Yes,Yes,No,One year,No,Mailed check,118.75,525.38,No
CUST-0009800,Male,0,No,No,19,Yes,No,Fiber optic,No,Yes,Yes,No,Yes,Yes,One year,Yes,Bank transfer (automatic),76.43,1483.97,No
CUST-0009801,Male,0,No,No,72,Yes,No,Fiber optic,Yes,No,No,No,No,No,Two year,No,Credit card (automatic),82.12,5898.38,Yes
CUST-0009802,Male,1,No,No,5,Yes,No,Fiber optic,Yes,No,No,No,No,No,Month-to-month,Yes,Mailed check,87.96,421.78,No
CUST-0009803,Male,0,Yes,Yes,16,Yes,Yes,Fiber optic,No,Yes,No,No,No,Yes,Month-to-month,Yes,Electronic check,118.75,1893.94,No
CUST-0009804,Male,0,Yes,No,57,Yes,No,Fiber optic,No,No,Yes,No,No,No,Month-to-month,Yes,Mailed check,107.77,6149.67,Yes
CUST-0009805,Female,1,Yes,Yes,47,No,No phone service,Fiber optic,No,No,No,Yes,No,Yes,Two year,Yes,Electronic check,80.83,3759.79,No
CUST-0009806,Male,0,No,No,24,No,No phone service,Fiber optic,No,Yes,No,Yes,No,Yes,Month-to-month,No,Electronic check,78.23,1880.07,No
CUST-0009807,Female,1,No,No,33,Yes,Yes,DSL,No,No,Yes,No,No,Yes,Month-to-month,No,Electronic check,68.5,2272.95,Yes
CUST-0009808,Male,0,No,No,19,No,No phone service,DSL,Yes,No,No,Yes,Yes,Yes,Two year,Yes,Bank transfer (automatic),102.29,1918.49,Yes
CUST-0009809,Female,0,Yes,No,65,Yes,Yes,DSL,No,No,Yes,No,No,Yes,Month-to-month,Yes,Credit card (automatic),54.69,3620.51,No
CUST-0009810,Female,0,No,No,30,Yes,Yes,No,No internet service,No internet service,No internet service,No internet service,No internet service,No internet service,Month-to-month,Yes,Credit card (automatic),86.35,2588.82,Yes
CUST-0009811,Male,0,No,No,11,Yes,Yes,DSL,No,No,Yes,No,Yes,No,Month-to-month,No,Electronic check,86.14,926.64,No
CUST-0009812,Male,0,Yes,Yes,30,Yes,Yes,Fiber optic,Yes,No,Yes,No,Yes,Yes,Month-to-month,Yes,Mailed check,82.48,2502.83,No
CUST-0009813,Male,0,Yes,No,11,Yes,No,No,No internet service,No internet service,No internet service,No internet service,No internet service,No internet service,Month-to-month,Yes,Electronic check,80.89,885.37,No
CUST-0009814,Male,0,Yes,Yes,5,Yes,Yes,No,No internet service,No internet service,No internet service,No internet service,No internet service,No internet service,Month-to-month,Yes,Electronic check,70.24,348.16,No
CUST-0009815,Female,0,Yes,Yes,29,Yes,No,Fiber optic,No,No,No,No,Yes,Yes,Month-to-month,No,Credit card (automatic),78.37,2256.13,No
CUST-0009816,Male,0,No,No,17,Yes,No,Fiber optic,Yes,Yes,No,Yes,No,No,Month-to-month,Yes,Credit card (automatic),115.27,1958.67,No
CUST-0009817,Female,0,No,No,15,Yes,No,No,No internet service,No internet service,No internet service,No internet service,No internet service,No internet service,Month-to-month,Yes,Electronic check,89.19,1292.9,Yes
CUST-0009818,Male,0,No,Yes,16,Yes,No,DSL,Yes,No,No,No,Yes,Yes,Month-to-month,Yes,Credit card (automatic),50.04,856.69,Yes
CUST-0009819,Male,0,Yes,No,25,Yes,Yes,Fiber optic,No,No,No,No,Yes,Yes,Month-to-month,Yes,Bank transfer (automatic),91.81,2291.29,No
CUST-0009820,Female,0,Yes,No,0,Yes,No,DSL,Yes,No,No,No,No,Yes,Month-to-month,No,Bank transfer (automatic),115.1,,Yes
CUST-0009821,Female,0,No,Yes,54,Yes,Yes,Fiber optic,Yes,No,Yes,No,No,No,Month-to-month,No,Credit card (automatic),93.4,5040.54,No
CUST-0009822,Male,0,Yes,No,14,Yes,Yes,Fiber optic,No,Yes,No,No,Yes,No,Month-to-month,Yes,Bank transfer (automatic),70.78,1046.86,Yes
CUST-0009823,Female,1,Yes,No,15,No,No phone service,DSL,No,Yes,No,No,Yes,Yes,Month-to-month,Yes,Electronic check,91.74,1435.88,No
CUST-0009824,Male,0,Yes,No,22,Yes,No,Fiber optic,Yes,No,No,No,Yes,Yes,Month-to-month,Yes,Electronic check,104.95,2311.49,No
CUST-0009825,Male,0,Yes,Yes,1,Yes,No,Fiber optic,Yes,No,No,No,Yes,No,One year,No,Mailed check,76.92,139.82,No
CUST-0009826,Male,0,Yes,No,32,No,No phone service,DSL,Yes,No,No,Yes,No,No,Two year,No,Electronic check,75.79,2430.36,No
CUST-0009827,Male,0,No,No,38,Yes,No,DSL,Yes,No,No,No,No,Yes,Month-to-month,Yes,Credit card (automatic),87.81,3333.55,No
CUST-0009828,Male,1,Yes,No,66,Yes,No,Fiber optic,No,No,No,No,Yes,No,Month-to-month,No,Electronic check,86.7,5783.75,Yes
CUST-0009829,Male,0,Yes,Yes,25,Yes,Yes,Fiber optic,No,Yes,Yes,No,Yes,Yes,Two year,Yes,Electronic check,87.32,2182.39,No
CUST-0009830,Male,0,Yes,No,4,Yes,Yes,No,No internet service,No internet service,No internet service,No internet service,No internet service,No internet service,Month-to-month,Yes,Credit card (automatic),48.41,189.0,Yes
CUST-0009831,Male,0,No,No,4,No,No phone service,Fiber optic,No,Yes,Yes,Yes,Yes,Yes,Month-to-month,No,Electronic check,76.21,322.16,No
CUST-0009832,Female,1,Yes,No,72,Yes,No,No,No internet service,No internet service,No internet service,No internet service,No internet service,No internet service,Month-to-month,Yes,Electronic check,65.91,4729.82,No
CUST-0009833,Female,0,No,No,13,Yes,No,Fiber optic,No,Yes,Yes,No,No,No,Month-to-month,Yes,Bank transfer (automatic),72.17,926.51,No
CUST-0009834,Male,0,Yes,No,57,Yes,Yes,Fiber optic,Yes,No,Yes,Yes,No,No,Month-to-month,Yes,Bank transfer (automatic),99.28,5651.79,No
CUST-0009835,Female,0,Yes,Yes,36,Yes,Yes,Fiber optic,No,Yes,No,No,Yes,No,Month-to-month,Yes,Credit card (automatic),112.45,4095.18,No
CUST-0009836,Female,0,Yes,No,36,Yes,Yes,No,No internet service,No internet service,No internet service,No internet service,No internet service,No internet service,One year,Yes,Mailed check,71.01,2532.74,Yes
CUST-0009837,Male,0,No,No,10,No,No phone service,Fiber optic,No,No,No,No,No,No,Month-to-month,No,Bank transfer (automatic),97.41,988.45,No
CUST-0009838,Male,1,Yes,No,4,No,No phone service,DSL,No,Yes,No,No,Yes,Yes,Month-to-month,Yes,Credit card (automatic),46.34,181.29,No
CUST-0009839,Male,0,No,No,70,Yes,No,Fiber optic,No,No,No,No,Yes,No,One year,No,Mailed check,68.31,4783.16,Yes
CUST-0009840,Male,0,Yes,No,19,Yes,Yes,DSL,No,No,No,No,No,Yes,Month-to-month,Yes,Bank transfer (automatic),75.95,1404.8,No
CUST-0009841,Male,0,Yes,No,15,No,No phone service,No,No internet service,No internet service,No internet service,No internet service,No internet service,No internet service,Month-to-month,Yes,Mailed check,71.26,1077.23,No
CUST-0009842,Male,1,No,Yes,20,No,No phone service,No,No internet service,No internet service,No internet service,No internet service,No internet service,No internet service,Month-to-month,Yes,Credit card (automatic),62.76,1263.76,Yes
CUST-0009843,Male,0,No,Yes,19,Yes,Yes,DSL,Yes,No,No,Yes,No,No,Month-to-month,Yes,Credit card (automatic),41.17,735.3,No
CUST-0009844,Male,0,No,No,0,Yes,No,Fiber optic,No,No,No,No,Yes,No,Month-to-month,No,Electronic check,85.13,,No
CUST-0009845,Male,1,Yes,No,9,Yes,No,Fiber optic,No,No,Yes,No,No,Yes,Month-to-month,Yes,Electronic check,66.74,589.67,No
CUST-0009846,Male,0,Yes,Yes,72,Yes,Yes,DSL,No,Yes,No,No,No,No,Month-to-month,Yes,Mailed check,79.25,5749.08,No
CUST-0009847,Female,1,Yes,No,37,Yes,No,Fiber optic,No,Yes,No,Yes,Yes,No,Two year,No,Bank transfer (automatic),101.35,3733.36,No
CUST-0009848,Male,1,Yes,No,2,Yes,No,DSL,Yes,Yes,Yes,Yes,Yes,No,Two year,Yes,Credit card (automatic),88.51,139.83,No
CUST-0009849,Female,1,Yes,No,51,Yes,Yes,DSL,No,No,No,Yes,Yes,Yes,Month-to-month,Yes,Electronic check,106.46,,No
CUST-0009850,Female,1,Yes,No,53,Yes,Yes,No,No internet service,No internet service,No internet service,No internet service,No internet service,No internet service,Month-to-month,Yes,Electronic check,79.42,4214.21,No
CUST-0009851,Female,0,Yes,No,9,Yes,No,DSL,No,No,No,No,No,No,Month-to-month,No,Credit card (automatic),116.59,1065.35,No
CUST-0009852,Female,0,Yes,No,7,Yes,Yes,Fiber optic,No,No,Yes,No,Yes,No,Month-to-month,Yes,Bank transfer (automatic),69.33,482.17,No
CUST-0009853,Male,0,No,No,72,No,No phone service,Fiber optic,No,Yes,No,No,Yes,No,Month-to-month,No,Electronic check,118.75,8564.56,No
CUST-0009854,Female,1,Yes,No,72,Yes,No,Fiber optic,No,No,No,No,No,No,Two year,Yes,Credit card (automatic),114.37,8234.1,No
CUST-0009855,Male,0,No,Yes,37,Yes,Yes,Fiber optic,Yes,No,Yes,No,No,No,Month-to-month,No,Electronic check,68.64,2521.25,No
CUST-0009856,Male,0,Yes,No,24,Yes,Yes,Fiber optic,No,No,Yes,Yes,Yes,No,Month-to-month,No,Electronic check,100.15,2360.29,Yes
CUST-0009857,Female,0,Yes,No,26,Yes,Yes,No,No internet service,No internet service,No internet service,No internet service,No internet service,No internet service,Month-to-month,No,Mailed check,108.03,2782.26,No
CUST-0009858,Female,0,Yes,No,8,Yes,No,DSL,No,No,Yes,No,No,No,One year,Yes,Mailed check,94.48,757.44,No
CUST-0009859,Male,0,No,Yes,9,Yes,No,Fiber optic,No,Yes,No,No,Yes,Yes,Month-to-month,No,Credit card (automatic),59.61,544.45,No
CUST-0009860,Female,0,No,Yes,11,Yes,Yes,No,No internet service,No internet service,No internet service,No internet service,No internet service,No internet service,Two year,Yes,Credit card (automatic),102.07,1092.01,No
CUST-0009861,Male,0,Yes,No,4,Yes,No,No,No internet service,No internet service,No internet service,No internet service,No internet service,No internet service,Month-to-month,No,Electronic check,99.56,364.4,Yes
CUST-0009862,Male,0,No,Yes,22,Yes,No,Fiber optic,No,Yes,No,No,No,No,Month-to-month,No,Electronic check,101.45,2192.4,No
CUST-0009863,Female,0,Yes,No,39,Yes,No,DSL,No,No,No,No,No,No,Month-to-month,Yes,Mailed check,99.67,3890.61,No
CUST-0009864,Female,0,Yes,No,9,Yes,No,DSL,No,No,Yes,Yes,No,Yes,One year,Yes,Credit card (automatic),99.1,880.32,No
CUST-0009865,Male,1,Yes,Yes,72,Yes,No,DSL,No,No,Yes,Yes,No,No,One year,Yes,Bank transfer (automatic),108.86,7819.44,Yes
CUST-0009866,Female,0,No,Yes,24,Yes,Yes,Fiber optic,No,No,No,No,No,Yes,Month-to-month,Yes,Electronic check,93.09,2216.44,No
CUST-0009867,Male,0,No,No,1,Yes,No,No,No internet service,No internet service,No internet service,No internet service,No internet service,No internet service,Two year,Yes,Credit card (automatic),118.75,145.0,Yes
CUST-0009868,Female,0,Yes,Yes,33,Yes,Yes,No,No internet service,No internet service,No internet service,No internet service,No internet service,No internet service,Month-to-month,No,Credit card (automatic),67.69,2224.36,Yes
CUST-0009869,Female,0,Yes,No,15,Yes,Yes,No,No internet service,No internet service,No internet service,No internet service,No internet service,No internet service,Month-to-month,No,Electronic check,118.75,1727.9,No
CUST-0009870,Female,0,No,No,8,Yes,No,Fiber optic,Yes,No,Yes,No,No,Yes,Month-to-month,Yes,Credit card (automatic),118.75,939.92,Yes
CUST-0009871,Male,0,Yes,No,42,Yes,Yes,Fiber optic,No,No,No,No,Yes,No,Month-to-month,Yes,Electronic check,90.2,3784.26,No
CUST-0009872,Male,0,No,Yes,39,Yes,Yes,No,No internet service,No internet service,No internet service,No internet service,No internet service,No internet service,Month-to-month,Yes,Electronic check,89.24,3466.74,Yes
CUST-0009873,Female,1,Yes,No,16,Yes,No,Fiber optic,Yes,No,No,Yes,Yes,Yes,Month-to-month,Yes,Electronic check,58.05,911.7,No
CUST-0009874,Female,0,Yes,Yes,6,Yes,Yes,DSL,Yes,No,No,No,Yes,No,Month-to-month,No,Electronic check,80.61,464.33,No
CUST-0009875,Female,0,No,No,22,Yes,Yes,DSL,Yes,No,Yes,Yes,Yes,No,Month-to-month,Yes,Bank transfer (automatic),118.75,2635.38,No
CUST-0009876,Male,0,Yes,No,3,Yes,No,Fiber optic,No,Yes,No,No,No,No,Month-to-month,Yes,Electronic check,73.58,230.18,No
CUST-0009877,Female,0,No,Yes,12,Yes,No,Fiber optic,No,No,No,No,No,Yes,Month-to-month,Yes,Mailed check,86.87,1042.09,No
CUST-0009878,Male,1,No,No,30,Yes,Yes,Fiber optic,No,No,Yes,No,No,No,One year,Yes,Electronic check,110.02,3259.83,No
CUST-0009879,Female,0,Yes,No,29,No,No phone service,DSL,Yes,No,Yes,No,No,No,Month-to-month,No,Electronic check,84.06,2446.93,No
CUST-0009880,Male,0,Yes,Yes,36,No,No phone service,Fiber optic,No,No,No,No,Yes,Yes,Month-to-month,Yes,Electronic check,114.09,4114.82,Yes
CUST-0009881,Female,0,No,No,19,Yes,No,Fiber optic,No,No,Yes,No,Yes,Yes,Month-to-month,Yes,Bank transfer (automatic),110.82,2129.93,No
CUST-0009882,Female,0,No,Yes,72,Yes,No,No,No internet service,No internet service,No internet service,No internet service,No internet service,No internet service,Month-to-month,Yes,Mailed check,80.56,5819.47,Yes
CUST-0009883,Female,0,No,Yes,8,Yes,No,No,No internet service,No internet service,No internet service,No internet service,No internet service,No internet service,Month-to-month,Yes,Electronic check,118.75,946.6,No
CUST-0009884,Female,1,Yes,No,4,Yes,No,DSL,No,No,No,No,No,No,Month-to-month,Yes,Credit card (automatic),106.45,420.41,No
CUST-0009885,Male,0,Yes,No,0,Yes,No,DSL,No,No,No,No,Yes,No,Month-to-month,Yes,Credit card (automatic),74.75,,Yes
CUST-0009886,Male,1,No,No,8,Yes,No,No,No internet service,No internet service,No internet service,No internet service,No internet service,No internet service,Two year,No,Bank transfer (automatic),85.23,634.96,No
CUST-0009887,Female,0,Yes,No,15,Yes,No,No,No internet service,No internet service,No internet service,No internet service,No internet service,No internet service,Month-to-month,Yes,Electronic check,83.07,1226.76,No
CUST-0009888,Male,0,Yes,No,24,Yes,No,Fiber optic,Yes,No,Yes,No,Yes,No,Month-to-month,No,Electronic check,68.17,1585.27,No
CUST-0009889,Male,0,No,No,31,Yes,No,No,No internet service,No internet service,No internet service,No internet service,No internet service,No internet service,Month-to-month,No,Mailed check,108.29,3344.94,Yes
CUST-0009890,Male,1,Yes,Yes,20,Yes,No,Fiber optic,No,No,No,No,Yes,Yes,Month-to-month,Yes,Mailed check,116.38,,No
CUST-0009891,Female,1,No,No,18,Yes,No,DSL,No,No,Yes,No,No,No,Month-to-month,No,Electronic check,70.58,1248.48,No
CUST-0009892,Male,0,Yes,No,25,Yes,No,Fiber optic,Yes,No,No,Yes,Yes,Yes,One year,Yes,Bank transfer (automatic),67.67,1683.09,No
CUST-0009893,Female,0,No,Yes,6,Yes,Yes,Fiber optic,No,No,Yes,No,Yes,No,Month-to-month,Yes,Mailed check,102.79,576.98,No
CUST-0009894,Male,0,No,Yes,0,Yes,No,Fiber optic,Yes,Yes,No,No,Yes,No,Month-to-month,No,Mailed check,102.59,,No
CUST-0009895,Male,0,Yes,No,57,Yes,No,Fiber optic,No,Yes,No,No,Yes,Yes,Month-to-month,Yes,Bank transfer (automatic),85.26,4831.83,No
CUST-0009896,Male,0,Yes,No,30,Yes,No,Fiber optic,No,Yes,No,No,No,No,Month-to-month,No,Credit card (automatic),55.26,1642.3,No
CUST-0009897,Male,0,No,Yes,1,Yes,No,Fiber optic,No,Yes,No,Yes,Yes,No,Month-to-month,Yes,Mailed check,97.83,56.32,No
CUST-0009898,Male,1,Yes,No,5,Yes,No,Fiber optic,Yes,No,Yes,No,No,No,Month-to-month,No,Bank transfer (automatic),101.2,536.99,No
CUST-0009899,Female,1,No,No,72,Yes,No,No,No internet service,No internet service,No internet service,No internet service,No internet service,No internet service,Month-to-month,Yes,Mailed check,64.05,4609.31,No
CUST-0009900,Female,0,Yes,No,72,Yes,No,Fiber optic,No,No,Yes,No,Yes,Yes,Month-to-month,Yes,Bank transfer (automatic),52.32,,Yes
CUST-0009901,Male,0,No,Yes,0,Yes,Yes,DSL,Yes,No,Yes,Yes,Yes,Yes,One year,No,Electronic check,88.83,,No
CUST-0009902,Male,0,Yes,No,22,Yes,No,DSL,No,No,Yes,No,Yes,Yes,Month-to-month,Yes,Credit card (automatic),99.5,2195.72,No
CUST-0009903,Male,0,Yes,No,13,Yes,Yes,No,No internet service,No internet service,No internet service,No internet service,No internet service,No internet service,Month-to-month,No,Credit card (automatic),96.26,1277.46,Yes
CUST-0009904,Female,1,No,No,57,Yes,Yes,Fiber optic,No,Yes,No,No,No,No,Month-to-month,Yes,Electronic check,104.77,5946.15,No
CUST-0009905,Male,0,No,No,3,Yes,Yes,No,No internet service,No internet service,No internet service,No internet service,No internet service,No internet service,Month-to-month,No,Electronic check,112.81,367.41,No
CUST-0009906,Female,0,Yes,Yes,29,Yes,No,Fiber optic,No,Yes,No,Yes,No,No,Two year,No,Mailed check,112.82,3246.6,Yes
CUST-0009907,Female,0,Yes,Yes,20,Yes,No,No,No internet service,No internet service,No internet service,No internet service,No internet service,No internet service,Month-to-month,No,Electronic check,18.25,332.85,No
CUST-0009908,Male,0,No,No,72,Yes,No,Fiber optic,No,No,No,No,Yes,No,Month-to-month,No,Electronic check,69.35,4976.26,No
CUST-0009909,Male,1,No,No,8,Yes,No,No,No internet service,No internet service,No internet service,No internet service,No internet service,No internet service,Month-to-month,Yes,Mailed check,82.32,662.62,No
CUST-0009910,Female,0,No,Yes,16,Yes,No,Fiber optic,No,No,No,No,No,No,Month-to-month,Yes,Electronic check,77.72,1268.02,No
CUST-0009911,Male,0,No,No,29,Yes,Yes,Fiber optic,No,Yes,No,Yes,Yes,No,Month-to-month,No,Mailed check,84.02,2431.13,No
CUST-0009912,Male,0,Yes,No,3,No,No phone service,No,No internet service,No internet service,No internet service,No internet service,No internet service,No internet service,Month-to-month,No,Mailed check,88.27,222.21,No
CUST-0009913,Female,0,Yes,No,17,Yes,No,DSL,Yes,No,No,No,Yes,Yes,One year,No,Electronic check,85.13,1458.11,No
CUST-0009914,Male,1,No,Yes,4,Yes,Yes,No,No internet service,No internet service,No internet service,No internet service,No internet service,No internet service,Month-to-month,No,Electronic check,118.75,506.19,No
CUST-0009915,Male,0,Yes,No,18,Yes,No,DSL,No,Yes,No,Yes,No,Yes,Two year,Yes,Mailed check,83.46,,No
CUST-0009916,Female,0,Yes,No,21,Yes,Yes,Fiber optic,No,No,Yes,Yes,Yes,No,Two year,Yes,Electronic check,104.81,2177.79,No
CUST-0009917,Male,0,No,No,25,Yes,Yes,No,No internet service,No internet service,No internet service,No internet service,No internet service,No internet service,One year,No,Bank transfer (automatic),92.27,2294.94,No
CUST-0009918,Female,0,No,No,21,Yes,No,Fiber optic,Yes,No,Yes,Yes,Yes,Yes,Month-to-month,Yes,Mailed check,55.59,1167.57,No
CUST-0009919,Male,0,Yes,Yes,32,Yes,No,Fiber optic,No,No,No,Yes,No,No,Month-to-month,Yes,Electronic check,65.99,2116.51,Yes
CUST-0009920,Male,0,Yes,Yes,15,Yes,Yes,DSL,No,No,Yes,No,No,No,Two year,Yes,Electronic check,42.07,646.34,No
CUST-0009921,Male,1,No,No,11,Yes,Yes,DSL,No,No,No,No,Yes,No,Two year,Yes,Mailed check,107.53,1182.67,No
CUST-0009922,Female,0,Yes,Yes,25,Yes,Yes,Fiber optic,No,No,No,No,No,No,Two year,No,Mailed check,108.64,2676.1,No
CUST-0009923,Female,1,Yes,No,15,Yes,Yes,Fiber optic,No,No,No,Yes,Yes,No,Month-to-month,Yes,Credit card (automatic),118.75,1741.07,No
CUST-0009924,Female,0,Yes,No,56,Yes,No,No,No internet service,No internet service,No internet service,No internet service,No internet service,No internet service,One year,No,Electronic check,113.37,6343.2,Yes
CUST-0009925,Male,0,Yes,No,39,Yes,No,DSL,No,No,Yes,No,No,No,One year,Yes,Mailed check,92.16,3628.49,No
CUST-0009926,Female,1,Yes,Yes,26,Yes,No,DSL,Yes,Yes,No,No,No,Yes,One year,Yes,Mailed check,89.34,2301.59,No
CUST-0009927,Male,0,No,Yes,17,Yes,No,DSL,No,Yes,Yes,No,Yes,No,One year,Yes,Bank transfer (automatic),93.57,1615.45,No
CUST-0009928,Male,0,Yes,Yes,72,Yes,Yes,Fiber optic,No,Yes,Yes,No,Yes,No,One year,Yes,Electronic check,98.37,7099.69,Yes
CUST-0009929,Male,0,Yes,Yes,18,Yes,Yes,Fiber optic,No,Yes,Yes,Yes,Yes,Yes,One year,Yes,Bank transfer (automatic),118.75,2111.84,No
CUST-0009930,Male,0,Yes,No,19,No,No phone service,DSL,No,No,Yes,No,No,No,Two year,Yes,Credit card (automatic),101.2,,No
CUST-0009931,Female,1,Yes,Yes,72,Yes,Yes,DSL,No,No,No,No,No,No,Month-to-month,No,Electronic check,97.65,7071.63,No
CUST-0009932,Female,1,No,No,41,No,No phone service,Fiber optic,No,No,No,Yes,No,No,Two year,Yes,Electronic check,80.6,3248.45,No
CUST-0009933,Male,0,Yes,No,1,Yes,No,Fiber optic,No,Yes,No,Yes,Yes,No,Month-to-month,No,Credit card (automatic),85.18,55.12,Yes
CUST-0009934,Female,0,No,No,15,Yes,No,Fiber optic,No,No,Yes,No,Yes,Yes,Month-to-month,Yes,Electronic check,118.75,1806.63,Yes
CUST-0009935,Male,0,Yes,Yes,72,No,No phone service,Fiber optic,No,No,No,No,No,No,Month-to-month,Yes,Electronic check,99.51,7168.51,No
CUST-0009936,Female,0,No,No,29,No,No phone service,Fiber optic,No,No,No,Yes,No,Yes,Two year,No,Electronic check,95.55,2779.86,No
CUST-0009937,Male,1,Yes,No,1,No,No phone service,Fiber optic,Yes,No,Yes,Yes,No,No,Month-to-month,Yes,Credit card (automatic),82.69,88.35,No
CUST-0009938,Female,0,No,No,26,Yes,No,Fiber optic,No,No,No,No,No,No,Month-to-month,No,Credit card (automatic),60.61,1606.28,No
CUST-0009939,Female,0,No,No,72,Yes,No,Fiber optic,No,No,Yes,No,Yes,Yes,Month-to-month,Yes,Electronic check,71.31,5136.44,No
CUST-0009940,Male,0,No,No,24,Yes,No,DSL,No,No,No,Yes,No,Yes,Two year,No,Electronic check,58.54,1381.45,No
CUST-0009941,Male,0,No,Yes,29,Yes,Yes,Fiber optic,No,No,Yes,No,No,No,One year,No,Mailed check,105.47,3067.17,No
CUST-0009942,Female,0,Yes,Yes,34,Yes,No,DSL,Yes,No,Yes,No,No,No,One year,Yes,Bank transfer (automatic),106.18,3620.75,Yes
CUST-0009943,Female,0,No,Yes,0,Yes,No,Fiber optic,No,No,Yes,No,Yes,No,Month-to-month,No,Bank transfer (automatic),53.37,,Yes
CUST-0009944,Male,0,No,No,28,Yes,No,DSL,No,No,No,No,Yes,Yes,Month-to-month,No,Bank transfer (automatic),90.2,2533.61,No
CUST-0009945,Male,0,Yes,No,17,Yes,No,Fiber optic,No,No,No,Yes,Yes,Yes,Month-to-month,Yes,Mailed check,118.75,2058.34,No
CUST-0009946,Female,0,Yes,Yes,29,Yes,No,Fiber optic,No,No,Yes,No,No,Yes,Two year,No,Electronic check,76.95,2259.14,No
CUST-0009947,Female,1,Yes,No,29,Yes,No,DSL,No,Yes,No,Yes,No,No,Month-to-month,No,Mailed check,94.88,2730.81,No
CUST-0009948,Male,0,No,No,8,Yes,No,Fiber optic,No,No,No,No,No,No,Month-to-month,Yes,Bank transfer (automatic),117.1,952.73,Yes
CUST-0009949,Female,0,Yes,No,9,Yes,Yes,No,No internet service,No internet service,No internet service,No internet service,No internet service,No internet service,Month-to-month,No,Electronic check,104.14,909.1,No
CUST-0009950,Female,1,Yes,No,0,Yes,No,Fiber optic,No,No,Yes,Yes,Yes,Yes,Month-to-month,Yes,Electronic check,98.7,,No
CUST-0009951,Male,0,Yes,No,3,Yes,No,Fiber optic,No,Yes,Yes,No,No,No,Month-to-month,Yes,Electronic check,91.12,296.8,Yes
CUST-0009952,Female,0,Yes,No,41,Yes,No,Fiber optic,No,No,No,No,No,No,Month-to-month,No,Electronic check,97.63,4015.96,No
CUST-0009953,Male,0,No,Yes,68,Yes,Yes,No,No internet service,No internet service,No internet service,No internet service,No internet service,No internet service,Month-to-month,No,Electronic check,80.41,5481.78,No
CUST-0009954,Male,0,No,No,64,Yes,No,Fiber optic,No,No,No,No,Yes,No,One year,Yes,Bank transfer (automatic),118.01,7530.75,No
CUST-0009955,Female,0,No,Yes,36,Yes,No,Fiber optic,Yes,No,No,No,No,Yes,Month-to-month,No,Electronic check,69.65,2507.62,No
CUST-0009956,Male,1,No,Yes,60,Yes,Yes,Fiber optic,No,No,No,No,Yes,No,Month-to-month,Yes,Electronic check,118.75,7114.56,No
CUST-0009957,Male,0,Yes,No,44,No,No phone service,Fiber optic,No,No,Yes,Yes,Yes,Yes,Two year,Yes,Bank transfer (automatic),118.75,5195.06,No
CUST-0009958,Male,0,No,No,35,Yes,Yes,DSL,No,No,Yes,No,Yes,No,Month-to-month,Yes,Electronic check,70.51,2426.8,No
CUST-0009959,Female,0,No,No,7,No,No phone service,DSL,No,No,No,No,Yes,No,Two year,Yes,Bank transfer (automatic),77.53,521.22,No
CUST-0009960,Female,0,No,No,36,Yes,No,Fiber optic,No,Yes,Yes,No,Yes,Yes,Month-to-month,Yes,Electronic check,71.67,2590.87,No
CUST-0009961,Male,0,Yes,No,12,Yes,No,Fiber optic,No,No,No,No,No,Yes,Month-to-month,Yes,Bank transfer (automatic),118.75,1428.68,Yes
CUST-0009962,Male,0,Yes,Yes,27,Yes,Yes,Fiber optic,No,No,No,No,Yes,Yes,Month-to-month,No,Electronic check,68.26,1851.99,No
CUST-0009963,Female,0,No,Yes,3,Yes,No,Fiber optic,No,No,No,No,No,Yes,Month-to-month,No,Electronic check,114.78,339.39,No
CUST-0009964,Female,0,Yes,Yes,20,Yes,Yes,Fiber optic,No,No,No,Yes,No,Yes,One year,No,Credit card (automatic),107.82,,Yes
CUST-0009965,Female,0,Yes,No,9,Yes,No,DSL,No,No,No,No,No,Yes,One year,Yes,Electronic check,79.31,692.27,No
CUST-0009966,Female,0,Yes,Yes,16,Yes,Yes,No,No internet service,No internet service,No internet service,No internet service,No internet service,No internet service,Month-to-month,Yes,Mailed check,45.72,734.96,No
CUST-0009967,Female,0,Yes,No,44,Yes,No,No,No internet service,No internet service,No internet service,No internet service,No internet service,No internet service,One year,Yes,Electronic check,92.56,4051.33,No
CUST-0009968,Male,0,Yes,No,7,Yes,Yes,No,No internet service,No internet service,No internet service,No internet service,No internet service,No internet service,Two year,Yes,Electronic check,89.04,593.19,No
CUST-0009969,Female,0,Yes,No,5,Yes,Yes,Fiber optic,No,No,No,No,No,Yes,One year,Yes,Mailed check,78.51,436.62,Yes
CUST-0009970,Female,0,No,No,3,Yes,Yes,Fiber optic,No,Yes,No,No,No,Yes,One year,Yes,Mailed check,112.52,300.16,Yes
CUST-0009971,Male,0,No,No,9,Yes,No,Fiber optic,No,Yes,Yes,No,No,No,Month-to-month,Yes,Electronic check,50.44,427.82,No
CUST-0009972,Male,0,Yes,Yes,54,Yes,No,Fiber optic,No,Yes,Yes,Yes,Yes,No,Month-to-month,No,Credit card (automatic),71.23,3847.53,Yes
CUST-0009973,Female,1,No,No,44,Yes,No,Fiber optic,No,Yes,No,No,No,No,Month-to-month,Yes,Credit card (automatic),89.86,3921.52,No
CUST-0009974,Male,1,No,No,8,No,No phone service,Fiber optic,No,No,No,No,No,No,Month-to-month,Yes,Bank transfer (automatic),66.0,511.59,No
CUST-0009975,Female,0,Yes,No,15,Yes,No,DSL,No,No,No,No,No,No,One year,No,Bank transfer (automatic),74.6,1115.08,Yes
CUST-0009976,Male,1,No,No,31,Yes,No,DSL,No,No,No,Yes,Yes,Yes,Month-to-month,No,Bank transfer (automatic),71.11,2197.41,No
CUST-0009977,Male,0,No,No,14,Yes,Yes,DSL,No,No,No,No,No,No,Month-to-month,No,Bank transfer (automatic),118.75,1618.96,No
CUST-0009978,Female,0,No,No,72,Yes,Yes,Fiber optic,Yes,No,No,No,No,No,Month-to-month,No,Credit card (automatic),66.86,4787.67,Yes
CUST-0009979,Female,0,No,Yes,13,Yes,Yes,Fiber optic,Yes,No,No,No,Yes,Yes,Month-to-month,Yes,Credit card (automatic),95.66,1251.93,No
CUST-0009980,Male,0,No,No,9,Yes,No,DSL,No,No,Yes,No,No,No,Month-to-month,Yes,Electronic check,82.15,742.1,Yes
CUST-0009981,Female,0,No,No,0,Yes,No,No,No internet service,No internet service,No internet service,No internet service,No internet service,No internet service,Month-to-month,Yes,Electronic check,100.16,,No
CUST-0009982,Male,0,No,No,20,Yes,No,Fiber optic,No,No,No,Yes,Yes,No,Month-to-month,No,Mailed check,45.9,877.47,Yes
CUST-0009983,Male,0,Yes,Yes,6,Yes,Yes,DSL,No,No,No,Yes,No,No,Two year,Yes,Bank transfer (automatic),79.9,500.69,No
CUST-0009984,Male,0,Yes,No,39,Yes,No,Fiber optic,No,No,No,No,No,Yes,Month-to-month,Yes,Electronic check,86.76,3362.87,Yes
CUST-0009985,Female,1,No,Yes,2,Yes,No,DSL,No,No,No,No,No,Yes,Month-to-month,Yes,Bank transfer (automatic),118.75,203.11,No
CUST-0009986,Female,0,No,No,6,Yes,Yes,Fiber optic,No,No,No,Yes,No,No,Month-to-month,Yes,Bank transfer (automatic),78.1,488.68,Yes
CUST-0009987,Male,0,No,No,27,Yes,No,Fiber optic,No,No,Yes,No,Yes,No,Month-to-month,Yes,Electronic check,102.69,2746.92,No
CUST-0009988,Female,0,No,No,30,Yes,Yes,Fiber optic,No,No,No,Yes,No,No,Month-to-month,Yes,Mailed check,112.38,3405.99,Yes
CUST-0009989,Female,1,No,No,13,Yes,No,Fiber optic,Yes,No,No,No,Yes,Yes,Two year,Yes,Electronic check,101.1,1305.95,Yes
CUST-0009990,Male,0,Yes,No,40,Yes,No,DSL,No,Yes,Yes,No,Yes,Yes,Month-to-month,No,Bank transfer (automatic),103.18,4113.5,No
CUST-0009991,Male,0,Yes,No,19,Yes,No,Fiber optic,No,No,Yes,No,No,Yes,Month-to-month,No,Bank transfer (automatic),67.58,1284.4,No
CUST-0009992,Male,0,Yes,Yes,13,Yes,No,Fiber optic,No,Yes,Yes,No,Yes,No,Month-to-month,Yes,Mailed check,77.59,972.57,Yes
CUST-0009993,Female,0,Yes,No,24,Yes,Yes,DSL,Yes,No,No,Yes,Yes,No,One year,No,Electronic check,82.0,1967.36,No
CUST-0009994,Female,1,No,No,13,Yes,Yes,No,No internet service,No internet service,No internet service,No internet service,No internet service,No internet service,Month-to-month,Yes,Electronic check,93.09,1181.95,No
CUST-0009995,Female,1,Yes,No,36,Yes,Yes,No,No internet service,No internet service,No internet service,No internet service,No internet service,No internet service,Month-to-month,Yes,Credit card (automatic),97.7,3510.71,No
CUST-0009996,Female,0,Yes,No,48,Yes,No,Fiber optic,No,No,No,No,No,Yes,One year,Yes,Mailed check,106.54,5103.6,No
CUST-0009997,Male,0,No,No,8,Yes,No,No,No internet service,No internet service,No internet service,No internet service,No internet service,No internet service,Month-to-month,Yes,Electronic check,71.99,585.24,No
CUST-0009998,Male,0,Yes,Yes,51,Yes,Yes,No,No internet service,No internet service,No internet service,No internet service,No internet service,No internet service,Month-to-month,Yes,Electronic check,109.09,5541.98,No
CUST-0009999,Female,0,No,No,5,No,No phone service,Fiber optic,Yes,Yes,No,No,Yes,No,One year,Yes,Mailed check,118.28,582.46,No
CUST-0010000,Female,0,No,No,58,Yes,No,Fiber optic,No,Yes,No,Yes,No,No,Month-to-month,Yes,Credit card (automatic),75.68,4394.9,No
CUST-0010001,Male,0,Yes,Yes,22,Yes,No,Fiber optic,No,No,No,No,Yes,No,Two year,Yes,Electronic check,86.42,1935.72,No
CUST-0010002,Female,0,Yes,Yes,16,No,No phone service,No,No internet service,No internet service,No internet service,No internet service,No internet service,No internet service,One year,Yes,Electronic check,113.99,1842.13,No
CUST-0010003,Male,0,Yes,No,29,Yes,No,Fiber optic,No,No,No,No,Yes,Yes,Two year,Yes,Credit card (automatic),83.91,2437.09,Yes
CUST-0010004,Female,0,No,Yes,18,Yes,No,Fiber optic,No,No,Yes,No,Yes,Yes,Month-to-month,Yes,Bank transfer (automatic),89.25,1623.6,No
CUST-0010005,Male,0,Yes,Yes,47,Yes,Yes,Fiber optic,No,Yes,No,No,Yes,No,Month-to-month,No,Electronic check,115.29,5423.78,No
CUST-0010006,Male,1,Yes,Yes,2,Yes,No,Fiber optic,No,No,No,No,No,Yes,Month-to-month,Yes,Mailed check,49.9,97.3,Yes
CUST-0010007,Female,0,No,No,3,Yes,Yes,No,No internet service,No internet service,No internet service,No internet service,No internet service,No internet service,Month-to-month,Yes,Mailed check,60.03,223.43,No
CUST-0010008,Male,0,No,No,11,Yes,Yes,Fiber optic,Yes,No,Yes,No,No,No,One year,No,Credit card (automatic),74.14,816.17,No
CUST-0010009,Male,0,No,No,13,No,No phone service,No,No internet service,No internet service,No internet service,No internet service,No internet service,No internet service,One year,Yes,Electronic check,60.35,783.35,No
CUST-0010010,Female,0,No,Yes,21,Yes,No,No,No internet service,No internet service,No internet service,No internet service,No internet service,No internet service,One year,No,Mailed check,118.75,2523.22,No
CUST-0010011,Female,0,No,No,47,Yes,No,Fiber optic,No,No,No,No,Yes,Yes,Month-to-month,No,Electronic check,64.88,3040.91,Yes
CUST-0010012,Female,0,No,Yes,49,No,No phone service,Fiber optic,Yes,No,No,No,Yes,No,Month-to-month,No,Mailed check,107.21,5266.07,No
CUST-0010013,Male,0,No,Yes,27,Yes,No,DSL,No,No,Yes,Yes,Yes,No,Month-to-month,Yes,Electronic check,61.01,1623.94,No
CUST-0010014,Male,0,Yes,No,7,No,No phone service,DSL,No,No,No,No,Yes,Yes,Month-to-month,No,Mailed check,46.29,336.91,No
CUST-0010015,Male,0,No,No,13,Yes,Yes,Fiber optic,No,Yes,Yes,No,No,Yes,Month-to-month,Yes,Credit card (automatic),95.35,1198.74,No
CUST-0010016,Female,0,No,No,26,Yes,Yes,DSL,No,No,No,No,No,Yes,Month-to-month,Yes,Electronic check,97.34,2497.95,No
CUST-0010017,Female,0,Yes,No,32,Yes,No,Fiber optic,No,No,Yes,No,Yes,No,Month-to-month,Yes,Electronic check,75.78,2396.01,No
CUST-0010018,Female,1,No,No,16,Yes,Yes,No,No internet service,No internet service,No internet service,No internet service,No internet service,No internet service,Month-to-month,Yes,Credit card (automatic),115.6,1851.61,Yes
CUST-0010019,Female,0,Yes,No,16,Yes,No,DSL,No,Yes,Yes,No,No,No,Month-to-month,No,Credit card (automatic),62.14,1013.24,No
CUST-0010020,Female,0,Yes,Yes,40,Yes,No,Fiber optic,No,Yes,No,No,No,No,Two year,Yes,Electronic check,118.75,4793.09,No
CUST-0010021,Female,1,Yes,No,61,Yes,No,No,No internet service,No internet service,No internet service,No internet service,No internet service,No internet service,Month-to-month,No,Mailed check,57.39,3512.85,No
CUST-0010022,Male,0,No,No,56,Yes,No,Fiber optic,No,No,No,No,Yes,Yes,One year,No,Electronic check,96.58,5393.3,Yes
CUST-0010023,Male,0,No,No,24,No,No phone service,DSL,Yes,No,No,Yes,No,No,Month-to-month,No,Electronic check,68.43,1584.3,No
CUST-0010024,Female,0,No,No,20,Yes,Yes,DSL,Yes,Yes,No,No,Yes,Yes,One year,Yes,Electronic check,117.76,2336.45,Yes
CUST-0010025,Male,0,Yes,Yes,48,Yes,Yes,DSL,No,No,Yes,Yes,Yes,Yes,Month-to-month,No,Bank transfer (automatic),97.75,4641.9,No
CUST-0010026,Female,0,No,No,30,Yes,Yes,DSL,No,Yes,No,Yes,No,No,Month-to-month,Yes,Credit card (automatic),58.35,1731.05,No
CUST-0010027,Male,0,No,No,5,Yes,Yes,Fiber optic,No,No,No,No,No,No,Month-to-month,Yes,Electronic check,96.02,492.64,No
CUST-0010028,Male,0,Yes,Yes,43,Yes,Yes,Fiber optic,No,Yes,Yes,Yes,Yes,No,Month-to-month,Yes,Bank transfer (automatic),101.0,4338.77,No
CUST-0010029,Female,0,No,No,22,Yes,Yes,DSL,No,No,Yes,Yes,No,Yes,One year,Yes,Electronic check,75.31,,Yes
CUST-0010030,Male,1,No,No,56,Yes,No,DSL,No,No,Yes,No,Yes,Yes,Month-to-month,Yes,Credit card (automatic),58.76,3273.38,Yes
CUST-0010031,Male,0,No,Yes,46,Yes,Yes,Fiber optic,No,No,Yes,No,No,No,One year,Yes,Credit card (automatic),88.74,,No
CUST-0010032,Male,0,Yes,Yes,72,Yes,Yes,Fiber optic,No,No,No,No,Yes,Yes,Two year,Yes,Electronic check,106.11,7638.57,No
CUST-0010033,Female,0,Yes,No,33,Yes,No,DSL,No,Yes,No,Yes,Yes,No,Month-to-month,Yes,Electronic check,94.6,3123.06,No
CUST-0010034,Female,1,Yes,No,1,Yes,Yes,No,No internet service,No internet service,No internet service,No internet service,No internet service,No internet service,Two year,No,Bank transfer (automatic),85.66,118.07,No
CUST-0010035,Male,1,Yes,No,72,Yes,No,Fiber optic,No,Yes,Yes,No,Yes,Yes,Month-to-month,Yes,Bank transfer (automatic),95.72,6922.27,Yes
CUST-0010036,Female,0,No,No,30,Yes,No,Fiber optic,No,Yes,Yes,No,Yes,No,Month-to-month,Yes,Credit card (automatic),94.84,2867.36,No
CUST-0010037,Male,0,No,No,49,Yes,No,DSL,Yes,No,Yes,Yes,No,Yes,One year,No,Bank transfer (automatic),118.75,5835.65,No
CUST-0010038,Female,1,Yes,Yes,28,Yes,No,DSL,No,No,No,No,No,No,Month-to-month,Yes,Electronic check,70.08,1931.4,Yes
CUST-0010039,Male,0,No,Yes,9,Yes,Yes,Fiber optic,No,Yes,No,No,Yes,No,Month-to-month,Yes,Bank transfer (automatic),116.91,1053.49,Yes
CUST-0010040,Female,0,No,Yes,58,Yes,Yes,Fiber optic,No,No,No,No,No,Yes,Month-to-month,Yes,Electronic check,106.22,6114.83,No
CUST-0010041,Female,0,Yes,No,12,Yes,No,Fiber optic,Yes,Yes,Yes,No,Yes,No,Month-to-month,No,Electronic check,118.75,1420.21,Yes
CUST-0010042,Male,1,Yes,Yes,64,Yes,No,Fiber optic,No,No,No,Yes,Yes,No,Month-to-month,No,Electronic check,78.97,5029.26,No
CUST-0010043,Male,0,No,No,60,Yes,No,Fiber optic,No,No,No,No,No,No,Month-to-month,Yes,Credit card (automatic),87.05,5246.81,Yes
CUST-0010044,Male,0,No,No,33,Yes,Yes,No,No internet service,No internet service,No internet service,No internet service,No internet service,No internet service,Month-to-month,No,Electronic check,118.75,3928.95,Yes
CUST-0010045,Male,0,No,No,28,Yes,No,Fiber optic,No,Yes,No,Yes,Yes,Yes,Month-to-month,Yes,Credit card (automatic),100.93,2865.29,Yes
CUST-0010046,Male,0,No,No,61,Yes,No,DSL,No,Yes,Yes,Yes,No,No,One year,No,Electronic check,118.75,7220.41,No
CUST-0010047,Male,0,No,No,33,Yes,No,DSL,Yes,Yes,No,Yes,No,No,Two year,No,Credit card (automatic),75.63,2477.83,No
CUST-0010048,Male,0,No,No,27,Yes,Yes,Fiber optic,No,Yes,No,Yes,No,No,Month-to-month,Yes,Credit card (automatic),105.31,2818.27,No
CUST-0010049,Male,0,No,No,22,Yes,Yes,No,No internet service,No internet service,No internet service,No internet service,No internet service,No internet service,Two year,Yes,Mailed check,75.94,1637.28,No
CUST-0010050,Female,1,Yes,No,3,Yes,No,DSL,No,Yes,Yes,No,No,Yes,Two year,No,Electronic check,112.91,368.48,No
CUST-0010051,Male,0,Yes,No,72,No,No phone service,DSL,No,Yes,No,No,No,Yes,Month-to-month,Yes,Credit card (automatic),77.26,5538.99,No
CUST-0010052,Male,0,Yes,No,22,Yes,No,No,No internet service,No internet service,No internet service,No internet service,No internet service,No internet service,Month-to-month,No,Bank transfer (automatic),75.72,1623.55,Yes
CUST-0010053,Female,0,No,No,5,Yes,No,DSL,No,No,No,No,No,No,Month-to-month,Yes,Mailed check,76.06,369.11,No
CUST-0010054,Male,0,No,No,6,Yes,No,Fiber optic,Yes,No,No,Yes,No,No,Month-to-month,Yes,Electronic check,74.8,470.42,No
CUST-0010055,Female,0,No,No,3,Yes,Yes,Fiber optic,No,No,No,No,Yes,No,Two year,Yes,Electronic check,104.85,320.33,Yes
CUST-0010056,Female,0,No,No,2,Yes,No,No,No internet service,No internet service,No internet service,No internet service,No internet service,No internet service,Month-to-month,Yes,Bank transfer (automatic),110.03,222.22,No
CUST-0010057,Male,0,Yes,No,12,Yes,No,DSL,Yes,No,Yes,No,No,Yes,Month-to-month,Yes,Bank transfer (automatic),118.75,1432.71,Yes
CUST-0010058,Female,0,No,No,18,Yes,Yes,Fiber optic,No,No,No,Yes,No,Yes,Month-to-month,Yes,Electronic check,108.93,1966.45,No
CUST-0010059,Male,0,No,No,6,Yes,No,No,No internet service,No internet service,No internet service,No internet service,No internet service,No internet service,One year,No,Mailed check,118.75,722.82,No
CUST-0010060,Female,0,No,Yes,68,Yes,No,Fiber optic,No,Yes,Yes,No,No,Yes,Month-to-month,Yes,Credit card (automatic),96.85,,No
CUST-0010061,Male,0,Yes,No,21,No,No phone service,Fiber optic,No,No,No,No,No,Yes,Month-to-month,Yes,Electronic check,57.44,1228.96,No
CUST-0010062,Male,1,Yes,No,3,Yes,No,No,No internet service,No internet service,No internet service,No internet service,No internet service,No internet service,Month-to-month,Yes,Electronic check,118.75,367.59,No
CUST-0010063,Female,0,Yes,No,9,Yes,Yes,No,No internet service,No internet service,No internet service,No internet service,No internet service,No internet service,Month-to-month,No,Electronic check,78.05,680.61,No
CUST-0010064,Male,1,Yes,No,26,Yes,Yes,Fiber optic,No,Yes,No,No,No,No,Month-to-month,Yes,Credit card (automatic),92.35,2406.72,Yes
CUST-0010065,Female,0,No,No,3,No,No phone service,Fiber optic,No,No,Yes,No,No,Yes,Month-to-month,Yes,Electronic check,82.42,273.59,No
CUST-0010066,Male,0,No,No,72,Yes,No,Fiber optic,Yes,Yes,Yes,No,Yes,No,Month-to-month,Yes,Credit card (automatic),102.9,7424.8,Yes
CUST-0010067,Female,1,No,No,32,Yes,No,DSL,No,No,No,No,Yes,Yes,Month-to-month,Yes,Credit card (automatic),118.75,3831.16,No
CUST-0010068,Female,0,No,No,5,Yes,No,DSL,No,No,No,Yes,No,No,Month-to-month,No,Mailed check,59.2,305.12,No
CUST-0010069,Female,0,Yes,No,27,Yes,No,Fiber optic,No,No,No,No,No,No,Month-to-month,Yes,Electronic check,118.75,3176.87,No
CUST-0010070,Male,1,Yes,No,2,Yes,Yes,No,No internet service,No internet service,No internet service,No internet service,No internet service,No internet service,Month-to-month,Yes,Electronic check,118.75,225.03,No
CUST-0010071,Male,0,Yes,Yes,14,Yes,Yes,Fiber optic,No,No,No,No,Yes,Yes,Month-to-month,Yes,Electronic check,72.4,1017.03,No
CUST-0010072,Male,0,No,Yes,43,Yes,Yes,DSL,Yes,No,No,No,Yes,Yes,Month-to-month,Yes,Mailed check,115.99,4991.91,No
CUST-0010073,Female,0,Yes,No,17,Yes,Yes,DSL,No,No,No,No,No,Yes,Month-to-month,Yes,Electronic check,118.75,2026.99,Yes
CUST-0010074,Male,0,No,No,72,Yes,No,Fiber optic,No,Yes,No,No,No,No,Two year,Yes,Mailed check,102.12,7343.91,No
CUST-0010075,Female,0,No,Yes,14,Yes,Yes,DSL,No,No,No,No,No,No,Month-to-month,Yes,Electronic check,118.2,1627.95,No
CUST-0010076,Male,0,No,No,17,Yes,Yes,No,No internet service,No internet service,No internet service,No internet service,No internet service,No internet service,Month-to-month,Yes,Electronic check,109.32,1855.74,Yes
CUST-0010077,Female,0,Yes,Yes,26,Yes,No,Fiber optic,No,No,No,Yes,No,No,One year,Yes,Electronic check,92.78,2386.2,Yes
CUST-0010078,Female,0,No,No,1,No,No phone service,DSL,No,Yes,Yes,Yes,Yes,Yes,Month-to-month,No,Electronic check,118.75,83.65,No
CUST-0010079,Male,0,Yes,Yes,10,Yes,No,Fiber optic,Yes,No,No,No,No,No,Month-to-month,Yes,Electronic check,78.44,740.23,No
CUST-0010080,Female,0,No,Yes,34,Yes,No,DSL,No,No,No,No,No,Yes,Month-to-month,No,Mailed check,104.01,3563.18,No
CUST-0010081,Female,0,Yes,No,10,Yes,No,Fiber optic,No,Yes,No,Yes,Yes,No,Month-to-month,No,Electronic check,118.75,1207.05,No
CUST-0010082,Female,0,No,Yes,13,No,No phone service,Fiber optic,No,No,Yes,No,Yes,No,Month-to-month,No,Mailed check,88.28,1160.59,No
CUST-0010083,Male,0,Yes,Yes,42,Yes,No,No,No internet service,No internet service,No internet service,No internet service,No internet service,No internet service,Month-to-month,Yes,Mailed check,105.6,4426.52,No
CUST-0010084,Female,1,No,No,36,Yes,No,Fiber optic,No,Yes,No,Yes,No,Yes,Month-to-month,Yes,Credit card (automatic),62.47,2247.88,No
CUST-0010085,Female,0,Yes,No,21,Yes,No,DSL,No,No,No,No,Yes,Yes,One year,Yes,Credit card (automatic),118.75,2470.56,No
CUST-0010086,Female,0,No,No,8,Yes,No,Fiber optic,No,No,Yes,No,No,No,One year,No,Credit card (automatic),63.26,487.27,Yes
CUST-0010087,Male,0,Yes,No,1,Yes,No,Fiber optic,No,Yes,No,No,No,Yes,Month-to-month,No,Electronic check,89.28,77.21,No
CUST-0010088,Female,0,No,Yes,39,Yes,No,DSL,No,No,No,No,No,No,Two year,Yes,Electronic check,92.31,3620.53,No
CUST-0010089,Male,0,No,No,0,Yes,Yes,DSL,No,No,No,Yes,Yes,Yes,Month-to-month,No,Credit card (automatic),111.17,,No
CUST-0010090,Male,0,No,Yes,67,No,No phone service,Fiber optic,No,No,Yes,No,Yes,No,Month-to-month,Yes,Credit card (automatic),92.15,6162.17,Yes
CUST-0010091,Female,0,No,No,22,Yes,Yes,Fiber optic,No,Yes,Yes,Yes,Yes,No,Month-to-month,Yes,Electronic check,87.33,,Yes
CUST-0010092,Female,1,No,No,4,Yes,No,No,No internet service,No internet service,No internet service,No internet service,No internet service,No internet service,One year,Yes,Electronic check,95.68,374.89,Yes
CUST-0010093,Male,0,No,No,15,Yes,No,DSL,No,No,No,Yes,No,No,Month-to-month,No,Mailed check,88.14,1311.29,No
CUST-0010094,Male,1,No,No,15,Yes,No,DSL,No,Yes,Yes,Yes,No,Yes,One year,No,Mailed check,96.97,1491.78,No
CUST-0010095,Male,1,No,No,47,Yes,Yes,Fiber optic,No,Yes,Yes,No,No,Yes,Month-to-month,No,Bank transfer (automatic),118.75,5602.1,Yes
CUST-0010096,Male,0,Yes,No,16,Yes,Yes,Fiber optic,Yes,Yes,Yes,No,Yes,Yes,Month-to-month,No,Mailed check,118.75,1883.4,Yes
CUST-0010097,Female,0,Yes,No,12,Yes,No,Fiber optic,No,No,No,Yes,No,Yes,Month-to-month,No,Electronic check,84.87,996.41,No
CUST-0010098,Female,0,No,Yes,40,Yes,Yes,DSL,No,Yes,No,No,No,No,One year,Yes,Credit card (automatic),97.57,3868.47,No
CUST-0010099,Female,0,No,Yes,58,No,No phone service,DSL,No,No,Yes,No,Yes,Yes,One year,Yes,Electronic check,53.24,3104.19,Yes
CUST-0010100,Male,0,Yes,No,72,Yes,Yes,Fiber optic,No,No,Yes,Yes,Yes,No,Month-to-month,Yes,Electronic check,61.03,,Yes
CUST-0010101,Female,0,No,No,0,No,No phone service,No,No internet service,No internet service,No internet service,No internet service,No internet service,No internet service,Month-to-month,No,Credit card (automatic),106.78,,No
CUST-0010102,Male,1,Yes,No,11,Yes,No,Fiber optic,Yes,No,No,No,Yes,No,Month-to-month,No,Credit card (automatic),101.79,1146.52,No
CUST-0010103,Male,0,Yes,No,3,Yes,Yes,Fiber optic,No,No,Yes,No,Yes,No,Two year,No,Electronic check,75.38,260.13,No
CUST-0010104,Male,0,No,No,7,Yes,No,Fiber optic,No,No,Yes,Yes,Yes,No,One year,Yes,Credit card (automatic),85.47,562.23,No
CUST-0010105,Male,0,No,Yes,26,No,No phone service,No,No internet service,No internet service,No internet service,No internet service,No internet service,No internet service,Month-to-month,Yes,Bank transfer (automatic),84.98,2221.39,No
CUST-0010106,Female,0,No,No,65,Yes,Yes,Fiber optic,Yes,Yes,No,No,Yes,No,One year,Yes,Credit card (automatic),75.66,4910.66,No
CUST-0010107,Female,0,Yes,No,0,Yes,No,DSL,No,Yes,Yes,No,No,No,Month-to-month,No,Electronic check,118.75,,No
CUST-0010108,Female,0,Yes,Yes,21,Yes,Yes,Fiber optic,No,No,No,Yes,No,No,Two year,No,Mailed check,99.08,2069.59,No
CUST-0010109,Male,0,No,Yes,16,Yes,No,Fiber optic,No,Yes,No,No,No,No,Month-to-month,Yes,Bank transfer (automatic),85.34,1359.6,No
CUST-0010110,Female,1,No,Yes,38,Yes,Yes,Fiber optic,No,No,No,Yes,No,No,One year,Yes,Bank transfer (automatic),76.8,2936.09,No
CUST-0010111,Male,1,Yes,No,21,Yes,No,DSL,No,No,No,Yes,No,No,Month-to-month,No,Credit card (automatic),82.01,1765.42,No
CUST-0010112,Male,0,No,Yes,4,Yes,Yes,DSL,No,No,No,Yes,Yes,Yes,Month-to-month,Yes,Electronic check,100.58,356.49,Yes
CUST-0010113,Female,0,Yes,No,24,No,No phone service,Fiber optic,No,No,No,No,No,Yes,Two year,No,Credit card (automatic),59.39,1429.96,No
CUST-0010114,Female,1,No,No,58,Yes,Yes,No,No internet service,No internet service,No internet service,No internet service,No internet service,No internet service,Month-to-month,No,Electronic check,84.93,4939.09,Yes
CUST-0010115,Female,0,No,No,34,Yes,Yes,DSL,No,No,No,Yes,Yes,No,One year,No,Mailed check,107.88,3692.99,No
CUST-0010116,Female,0,Yes,No,43,Yes,No,Fiber optic,Yes,Yes,No,No,No,Yes,One year,Yes,Credit card (automatic),92.69,3969.41,No
CUST-0010117,Male,0,Yes,No,4,Yes,No,Fiber optic,No,No,No,No,Yes,Yes,Month-to-month,No,Mailed check,42.89,,Yes
CUST-0010118,Female,0,No,No,2,Yes,Yes,DSL,No,No,No,No,No,No,Month-to-month,Yes,Electronic check,71.75,125.82,No
CUST-0010119,Female,0,Yes,Yes,31,Yes,Yes,Fiber optic,No,Yes,Yes,Yes,No,Yes,Two year,Yes,Credit card (automatic),112.49,3443.07,No
CUST-0010120,Male,0,Yes,No,24,Yes,No,DSL,Yes,Yes,No,No,No,No,One year,Yes,Bank transfer (automatic),77.26,1846.06,No
CUST-0010121,Male,0,Yes,Yes,22,Yes,Yes,Fiber optic,No,No,No,No,No,No,Month-to-month,Yes,Mailed check,105.91,2291.35,Yes
CUST-0010122,Male,0,Yes,Yes,13,Yes,Yes,DSL,No,No,No,No,No,Yes,Month-to-month,Yes,Electronic check,83.45,1091.32,No
CUST-0010123,Female,0,No,Yes,32,Yes,No,Fiber optic,No,Yes,Yes,No,Yes,No,One year,No,Electronic check,87.09,2792.73,Yes
CUST-0010124,Male,0,Yes,No,0,Yes,No,DSL,Yes,No,Yes,No,No,No,Month-to-month,Yes,Mailed check,89.76,,Yes
CUST-0010125,Female,0,No,No,67,Yes,No,DSL,No,Yes,Yes,No,No,No,One year,Yes,Credit card (automatic),76.15,,No
CUST-0010126,Male,0,Yes,Yes,72,Yes,No,Fiber optic,No,Yes,No,No,Yes,No,One year,Yes,Bank transfer (automatic),63.64,4571.71,No
CUST-0010127,Female,0,Yes,No,39,Yes,No,Fiber optic,No,No,Yes,No,No,Yes,One year,Yes,Mailed check,118.75,4675.74,No
CUST-0010128,Female,0,No,No,42,Yes,No,No,No internet service,No internet service,No internet service,No internet service,No internet service,No internet service,Two year,Yes,Electronic check,97.7,4129.88,No
CUST-0010129,Male,0,No,Yes,42,Yes,Yes,Fiber optic,Yes,No,Yes,Yes,Yes,Yes,Month-to-month,Yes,Electronic check,93.65,3976.59,No
CUST-0010130,Female,0,Yes,Yes,1,Yes,Yes,DSL,No,No,No,No,Yes,No,Two year,No,Credit card (automatic),83.77,136.64,No
CUST-0010131,Male,0,No,No,15,Yes,Yes,Fiber optic,No,No,No,Yes,Yes,No,Month-to-month,No,Bank transfer (automatic),113.86,1740.45,No
CUST-0010132,Female,0,No,No,34,No,No phone service,DSL,No,No,Yes,No,Yes,No,Two year,Yes,Bank transfer (automatic),105.17,3592.61,No
CUST-0010133,Male,1,Yes,No,36,Yes,No,Fiber optic,No,No,Yes,Yes,No,Yes,Month-to-month,Yes,Credit card (automatic),93.73,3351.6,Yes
CUST-0010134,Male,0,Yes,No,5,Yes,No,Fiber optic,No,Yes,Yes,No,Yes,Yes,Two year,Yes,Electronic check,118.75,580.94,No
CUST-0010135,Male,0,No,No,54,Yes,Yes,DSL,Yes,No,Yes,No,No,Yes,Two year,Yes,Credit card (automatic),45.19,2442.51,No
CUST-0010136,Male,0,Yes,No,10,Yes,Yes,No,No internet service,No internet service,No internet service,No internet service,No internet service,No internet service,Month-to-month,No,Credit card (automatic),118.75,1198.57,No
CUST-0010137,Male,0,Yes,No,7,Yes,No,Fiber optic,No,No,Yes,No,No,No,Month-to-month,No,Mailed check,82.42,538.71,No
CUST-0010138,Female,0,No,Yes,59,Yes,Yes,Fiber optic,No,No,No,No,No,Yes,Two year,Yes,Credit card (automatic),96.4,5707.06,No
CUST-0010139,Female,0,No,No,29,Yes,No,No,No internet service,No internet service,No internet service,No internet service,No internet service,No internet service,Two year,Yes,Credit card (automatic),95.76,2746.97,Yes
CUST-0010140,Female,0,No,Yes,22,Yes,Yes,DSL,No,No,Yes,No,Yes,Yes,Month-to-month,No,Mailed check,108.99,2331.37,Yes
CUST-0010141,Female,0,Yes,No,30,No,No phone service,DSL,No,No,Yes,No,No,No,One year,Yes,Mailed check,84.92,2571.69,No
CUST-0010142,Male,0,Yes,No,72,Yes,No,Fiber optic,No,Yes,No,No,Yes,No,Month-to-month,No,Credit card (automatic),111.54,8049.74,No
CUST-0010143,Female,1,No,No,6,Yes,No,DSL,Yes,No,No,No,Yes,No,One year,No,Mailed check,88.8,518.6,No
CUST-0010144,Male,1,No,No,55,Yes,Yes,Fiber optic,Yes,No,No,No,Yes,No,Month-to-month,Yes,Credit card (automatic),118.75,6524.64,No
CUST-0010145,Female,0,No,Yes,45,No,No phone service,Fiber optic,No,Yes,No,No,No,Yes,One year,No,Electronic check,118.75,,Yes
CUST-0010146,Female,0,No,Yes,21,Yes,No,Fiber optic,Yes,No,Yes,No,No,No,Month-to-month,Yes,Mailed check,115.69,2462.16,No
CUST-0010147,Female,0,No,Yes,9,Yes,No,No,No internet service,No internet service,No internet service,No internet service,No internet service,No internet service,Month-to-month,Yes,Electronic check,71.62,671.5,No
CUST-0010148,Male,0,No,Yes,54,Yes,No,Fiber optic,No,No,No,Yes,No,No,Two year,No,Mailed check,54.76,2961.76,No
CUST-0010149,Male,0,Yes,Yes,45,Yes,Yes,No,No internet service,No internet service,No internet service,No internet service,No internet service,No internet service,One year,Yes,Bank transfer (automatic),63.32,2835.29,No
CUST-0010150,Male,0,Yes,No,49,Yes,Yes,Fiber optic,No,No,No,No,No,No,Month-to-month,Yes,Electronic check,65.17,3252.88,No
CUST-0010151,Male,0,No,Yes,37,Yes,No,No,No internet service,No internet service,No internet service,No internet service,No internet service,No internet service,Month-to-month,Yes,Credit card (automatic),118.75,4390.7,No
CUST-0010152,Male,0,No,No,72,Yes,No,No,No internet service,No internet service,No internet service,No internet service,No internet service,No internet service,Month-to-month,No,Electronic check,102.42,,Yes
CUST-0010153,Male,1,No,No,42,Yes,Yes,Fiber optic,No,No,Yes,No,No,No,Two year,No,Bank transfer (automatic),118.75,4985.93,No
CUST-0010154,Male,0,No,No,4,Yes,Yes,DSL,No,No,Yes,No,No,Yes,One year,Yes,Electronic check,92.53,365.62,No
CUST-0010155,Female,0,No,Yes,15,Yes,No,Fiber optic,No,No,Yes,No,No,No,Month-to-month,No,Mailed check,118.75,1775.59,No
CUST-0010156,Female,0,No,No,40,Yes,Yes,DSL,No,No,No,Yes,No,No,Month-to-month,No,Bank transfer (automatic),118.75,4753.1,No
CUST-0010157,Male,0,No,No,9,Yes,Yes,Fiber optic,Yes,No,Yes,No,Yes,No,Month-to-month,Yes,Electronic check,68.06,638.21,No
CUST-0010158,Male,0,Yes,No,23,Yes,Yes,Fiber optic,No,Yes,No,No,Yes,Yes,Month-to-month,No,Credit card (automatic),64.79,1478.41,Yes
CUST-0010159,Female,0,No,Yes,64,Yes,No,DSL,No,No,No,No,Yes,No,One year,Yes,Credit card (automatic),70.11,4521.13,Yes
CUST-0010160,Female,0,Yes,No,2,Yes,Yes,Fiber optic,No,Yes,No,No,No,No,Month-to-month,No,Electronic check,108.42,205.91,No
CUST-0010161,Male,0,No,Yes,7,Yes,No,DSL,No,No,No,No,Yes,No,Month-to-month,No,Electronic check,106.82,779.11,No
CUST-0010162,Female,1,No,Yes,42,Yes,Yes,Fiber optic,Yes,Yes,No,No,Yes,No,Month-to-month,No,Electronic check,108.1,4591.37,No
CUST-0010163,Female,0,No,No,9,Yes,No,DSL,No,Yes,Yes,No,No,Yes,Month-to-month,Yes,Mailed check,91.65,,Yes
CUST-0010164,Male,0,Yes,No,20,Yes,Yes,DSL,Yes,No,No,No,No,No,Two year,Yes,Electronic check,103.16,2067.36,No
CUST-0010165,Male,0,No,No,15,Yes,No,Fiber optic,No,Yes,No,No,No,Yes,Month-to-month,No,Electronic check,118.75,1764.2,Yes
CUST-0010166,Female,0,Yes,Yes,48,Yes,Yes,Fiber optic,Yes,No,Yes,Yes,No,Yes,Month-to-month,No,Electronic check,68.75,3329.09,No
CUST-0010167,Male,1,No,No,7,Yes,No,DSL,No,No,No,No,Yes,No,Month-to-month,Yes,Electronic check,74.82,529.97,No
CUST-0010168,Male,0,No,No,58,Yes,No,Fiber optic,Yes,No,No,No,Yes,No,Month-to-month,Yes,Bank transfer (automatic),80.18,4665.4,No
CUST-0010169,Male,1,Yes,No,3,Yes,No,DSL,No,No,No,No,No,Yes,One year,No,Bank transfer (automatic),83.82,262.45,No
CUST-0010170,Male,0,Yes,Yes,38,Yes,No,Fiber optic,No,No,Yes,No,No,Yes,Month-to-month,Yes,Electronic check,18.89,708.98,Yes
CUST-0010171,Female,0,Yes,No,16,Yes,Yes,Fiber optic,Yes,No,Yes,No,Yes,Yes,Two year,No,Electronic check,90.16,1478.95,No
CUST-0010172,Male,0,No,No,17,Yes,No,DSL,No,Yes,No,No,No,No,One year,Yes,Bank transfer (automatic),69.53,1201.42,No
CUST-0010173,Female,0,Yes,No,13,Yes,Yes,No,No internet service,No internet service,No internet service,No internet service,No internet service,No internet service,Month-to-month,Yes,Credit card (automatic),93.6,1233.2,No
CUST-0010174,Male,0,No,No,3,Yes,No,Fiber optic,No,Yes,No,No,No,Yes,Two year,Yes,Electronic check,113.65,373.96,No
CUST-0010175,Male,1,No,No,29,Yes,No,No,No internet service,No internet service,No internet service,No internet service,No internet service,No internet service,Month-to-month,No,Mailed check,66.96,1959.89,No
CUST-0010176,Female,0,Yes,Yes,59,Yes,No,Fiber optic,No,No,No,No,No,No,Two year,Yes,Electronic check,87.06,5150.47,Yes
CUST-0010177,Female,1,Yes,No,21,Yes,No,Fiber optic,No,No,No,No,Yes,No,Month-to-month,Yes,Credit card (automatic),89.03,1896.59,Yes
CUST-0010178,Female,0,Yes,Yes,10,Yes,No,DSL,No,Yes,Yes,No,No,Yes,Two year,Yes,Mailed check,118.75,1163.48,Yes
CUST-0010179,Male,0,No,No,2,Yes,No,Fiber optic,No,No,No,No,No,No,One year,No,Mailed check,64.02,155.26,No
CUST-0010180,Female,0,No,No,55,Yes,No,DSL,No,Yes,Yes,Yes,No,Yes,Month-to-month,Yes,Bank transfer (automatic),102.36,5634.21,Yes
CUST-0010181,Male,0,Yes,Yes,20,Yes,No,Fiber optic,No,No,No,No,No,Yes,Month-to-month,No,Electronic check,90.43,1831.1,No
CUST-0010182,Male,0,Yes,Yes,45,Yes,No,Fiber optic,No,Yes,No,No,Yes,No,Month-to-month,Yes,Electronic check,101.61,4597.72,No
CUST-0010183,Male,0,No,No,31,Yes,No,DSL,No,No,Yes,Yes,No,No,Month-to-month,Yes,Electronic check,73.67,2303.25,Yes
CUST-0010184,Female,0,No,No,65,Yes,No,DSL,No,No,No,Yes,No,No,One year,Yes,Electronic check,118.75,,No
CUST-0010185,Female,0,No,No,45,Yes,Yes,Fiber optic,No,No,Yes,No,No,No,Month-to-month,Yes,Credit card (automatic),98.64,4478.41,No
CUST-0010186,Male,0,No,Yes,30,Yes,No,Fiber optic,Yes,No,No,No,Yes,No,Two year,Yes,Bank transfer (automatic),114.17,3370.42,No
CUST-0010187,Male,0,Yes,No,20,Yes,Yes,DSL,Yes,No,No,No,Yes,Yes,Month-to-month,Yes,Credit card (automatic),90.73,1848.9,Yes
CUST-0010188,Female,0,No,Yes,5,Yes,No,Fiber optic,No,No,No,No,No,No,Two year,No,Mailed check,68.14,364.98,No
CUST-0010189,Female,0,Yes,No,18,Yes,No,DSL,No,No,Yes,No,No,No,Month-to-month,No,Mailed check,68.24,1233.2,No
CUST-0010190,Male,1,No,No,14,Yes,No,DSL,No,No,Yes,No,No,No,Month-to-month,No,Bank transfer (automatic),82.08,1131.63,No
CUST-0010191,Female,0,No,No,22,Yes,No,DSL,No,No,Yes,Yes,Yes,Yes,Month-to-month,No,Bank transfer (automatic),118.75,2620.55,No
CUST-0010192,Female,0,No,No,28,Yes,No,DSL,No,No,Yes,No,No,Yes,Month-to-month,Yes,Electronic check,113.74,3190.83,No
CUST-0010193,Female,0,No,No,72,No,No phone service,Fiber optic,Yes,No,No,No,No,Yes,Two year,Yes,Bank transfer (automatic),90.97,6498.47,No
CUST-0010194,Female,1,No,Yes,8,Yes,Yes,Fiber optic,No,Yes,No,No,No,No,Month-to-month,Yes,Credit card (automatic),88.29,693.23,Yes
CUST-0010195,Female,0,No,Yes,5,Yes,Yes,Fiber optic,Yes,No,No,Yes,Yes,No,Month-to-month,No,Bank transfer (automatic),89.81,443.29,Yes
CUST-0010196,Female,0,No,Yes,16,Yes,No,DSL,Yes,No,No,No,No,Yes,One year,Yes,Mailed check,116.29,1897.24,No
CUST-0010197,Male,1,No,No,46,No,No phone service,No,No internet service,No internet service,No internet service,No internet service,No internet service,No internet service,Two year,No,Bank transfer (automatic),94.87,4390.92,No
CUST-0010198,Male,0,Yes,Yes,60,Yes,Yes,Fiber optic,No,No,No,Yes,Yes,Yes,Month-to-month,Yes,Bank transfer (automatic),105.26,6267.17,Yes
CUST-0010199,Female,0,Yes,No,47,Yes,Yes,Fiber optic,No,No,Yes,Yes,Yes,Yes,Month-to-month,Yes,Bank transfer (automatic),94.62,4457.36,Yes
CUST-0010200,Male,0,No,No,65,Yes,Yes,No,No internet service,No internet service,No internet service,No internet service,No internet service,No internet service,Two year,No,Credit card (automatic),62.27,4049.53,Yes
CUST-0010201,Male,0,Yes,Yes,72,Yes,Yes,DSL,No,Yes,No,No,Yes,No,Two year,Yes,Electronic check,118.75,8520.37,No
CUST-0010202,Female,1,Yes,No,72,Yes,No,Fiber optic,No,No,No,No,Yes,No,One year,Yes,Electronic check,81.06,5871.54,No
CUST-0010203,Male,0,No,No,0,Yes,No,DSL,Yes,No,No,No,No,Yes,Month-to-month,Yes,Mailed check,85.43,,Yes
CUST-0010204,Female,1,No,No,29,Yes,Yes,DSL,No,No,Yes,No,Yes,Yes,Month-to-month,Yes,Electronic check,101.85,2964.87,Yes
CUST-0010205,Female,1,Yes,No,13,Yes,No,Fiber optic,No,No,Yes,No,No,No,Month-to-month,No,Electronic check,85.53,1089.83,Yes
CUST-0010206,Male,1,No,Yes,0,Yes,No,Fiber optic,No,No,No,No,No,Yes,One year,Yes,Bank transfer (automatic),72.34,,Yes
CUST-0010207,Male,0,Yes,Yes,72,No,No phone service,DSL,Yes,No,No,Yes,No,Yes,Month-to-month,No,Electronic check,108.17,7778.19,No
CUST-0010208,Male,0,No,No,72,Yes,Yes,Fiber optic,No,No,No,No,No,Yes,Month-to-month,Yes,Credit card (automatic),113.2,8160.91,No
CUST-0010209,Female,0,No,No,0,Yes,Yes,Fiber optic,Yes,No,Yes,No,No,No,Month-to-month,Yes,Bank transfer (automatic),56.83,,No
CUST-0010210,Male,0,No,Yes,24,Yes,Yes,DSL,No,Yes,No,No,No,No,Month-to-month,No,Electronic check,71.13,1677.01,No
CUST-0010211,Male,0,Yes,Yes,54,Yes,No,DSL,No,No,No,No,Yes,No,Two year,Yes,Credit card (automatic),94.39,5132.64,No
CUST-0010212,Male,0,Yes,No,25,No,No phone service,Fiber optic,Yes,Yes,No,Yes,Yes,No,Month-to-month,Yes,Mailed check,118.75,,Yes
CUST-0010213,Female,0,Yes,No,23,Yes,Yes,Fiber optic,No,Yes,Yes,No,No,No,Two year,No,Electronic check,93.62,2157.97,Yes
CUST-0010214,Female,0,No,No,22,Yes,No,No,No internet service,No internet service,No internet service,No internet service,No internet service,No internet service,Month-to-month,Yes,Mailed check,118.75,2610.3,No
CUST-0010215,Male,0,No,No,33,Yes,No,Fiber optic,Yes,No,Yes,No,Yes,Yes,Month-to-month,No,Electronic check,92.66,3046.18,No
CUST-0010216,Male,0,Yes,Yes,3,Yes,Yes,Fiber optic,No,No,No,No,No,Yes,Month-to-month,No,Mailed check,95.47,258.12,Yes
CUST-0010217,Male,0,Yes,No,34,Yes,No,DSL,No,Yes,Yes,Yes,Yes,Yes,One year,Yes,Credit card (automatic),89.62,3051.96,No
CUST-0010218,Female,0,No,No,2,Yes,No,Fiber optic,No,No,No,Yes,No,No,Month-to-month,Yes,Bank transfer (automatic),97.69,172.69,No
CUST-0010219,Male,1,Yes,No,38,Yes,No,Fiber optic,Yes,Yes,No,Yes,No,No,One year,No,Mailed check,59.5,2285.6,No
CUST-0010220,Male,1,Yes,No,44,No,No phone service,DSL,No,No,No,No,No,Yes,Month-to-month,Yes,Credit card (automatic),77.99,3436.75,No
CUST-0010221,Female,1,No,No,2,Yes,Yes,No,No internet service,No internet service,No internet service,No internet service,No internet service,No internet service,Month-to-month,No,Bank transfer (automatic),58.07,97.26,Yes
CUST-0010222,Female,0,No,Yes,24,Yes,No,Fiber optic,Yes,Yes,Yes,No,Yes,Yes,Month-to-month,No,Mailed check,72.76,1759.89,No
CUST-0010223,Female,1,Yes,Yes,24,Yes,No,Fiber optic,No,No,No,No,Yes,Yes,Month-to-month,Yes,Bank transfer (automatic),71.58,,No
CUST-0010224,Female,0,No,Yes,26,Yes,Yes,No,No internet service,No internet service,No internet service,No internet service,No internet service,No internet service,Month-to-month,Yes,Electronic check,118.75,3111.59,Yes
CUST-0010225,Female,0,No,No,12,Yes,No,Fiber optic,No,Yes,Yes,No,Yes,Yes,Month-to-month,Yes,Mailed check,61.46,793.13,Yes
CUST-0010226,Male,0,No,No,14,Yes,Yes,Fiber optic,No,Yes,No,No,No,No,Month-to-month,Yes,Credit card (automatic),84.31,1166.91,Yes
CUST-0010227,Female,0,Yes,Yes,25,Yes,No,No,No internet service,No internet service,No internet service,No internet service,No internet service,No internet service,Month-to-month,Yes,Electronic check,84.93,2145.14,No
CUST-0010228,Female,0,Yes,No,13,Yes,Yes,Fiber optic,No,No,Yes,No,Yes,Yes,One year,No,Electronic check,83.61,1064.27,Yes
CUST-0010229,Female,0,Yes,No,5,Yes,Yes,No,No internet service,No internet service,No internet service,No internet service,No internet service,No internet service,Month-to-month,Yes,Credit card (automatic),75.4,355.92,No
CUST-0010230,Female,1,Yes,Yes,63,Yes,Yes,Fiber optic,No,No,Yes,No,No,Yes,Month-to-month,Yes,Electronic check,65.75,4107.35,Yes
CUST-0010231,Male,0,Yes,Yes,3,Yes,No,Fiber optic,Yes,No,No,No,No,No,Month-to-month,No,Electronic check,61.29,,No
CUST-0010232,Male,0,No,No,31,Yes,Yes,DSL,No,No,No,No,No,No,Month-to-month,Yes,Credit card (automatic),42.55,1292.93,No
CUST-0010233,Male,0,Yes,Yes,41,Yes,Yes,No,No internet service,No internet service,No internet service,No internet service,No internet service,No internet service,Month-to-month,No,Bank transfer (automatic),92.91,3814.07,No
CUST-0010234,Male,0,No,No,45,Yes,No,Fiber optic,No,No,Yes,No,Yes,No,Month-to-month,Yes,Bank transfer (automatic),55.67,2509.19,No
CUST-0010235,Female,0,No,Yes,25,Yes,Yes,No,No internet service,No internet service,No internet service,No internet service,No internet service,No internet service,Month-to-month,Yes,Mailed check,65.56,1636.6,No
CUST-0010236,Male,0,No,Yes,1,Yes,No,Fiber optic,No,No,No,No,No,No,Month-to-month,No,Electronic check,79.48,108.21,Yes
CUST-0010237,Male,0,No,No,2,Yes,Yes,Fiber optic,No,No,No,No,Yes,Yes,Month-to-month,No,Bank transfer (automatic),118.75,229.95,No
CUST-0010238,Male,0,No,No,72,Yes,No,Fiber optic,Yes,Yes,No,No,No,No,Month-to-month,No,Mailed check,91.16,6603.92,No
CUST-0010239,Female,0,Yes,No,3,Yes,No,No,No internet service,No internet service,No internet service,No internet service,No internet service,No internet service,Month-to-month,Yes,Credit card (automatic),116.81,354.3,No
CUST-0010240,Male,0,Yes,No,72,Yes,No,DSL,No,No,No,No,No,Yes,One year,No,Electronic check,105.12,,No
CUST-0010241,Male,1,No,No,8,Yes,No,DSL,Yes,No,No,No,Yes,No,Month-to-month,No,Bank transfer (automatic),106.33,,No
CUST-0010242,Male,0,No,No,5,Yes,Yes,No,No internet service,No internet service,No internet service,No internet service,No internet service,No internet service,Two year,Yes,Electronic check,58.27,256.59,Yes
CUST-0010243,Female,0,No,No,15,Yes,No,Fiber optic,Yes,Yes,Yes,No,Yes,Yes,Month-to-month,Yes,Bank transfer (automatic),78.65,1146.51,Yes
CUST-0010244,Female,1,No,No,72,Yes,No,Fiber optic,Yes,No,Yes,Yes,No,No,Month-to-month,Yes,Bank transfer (automatic),93.4,6711.22,Yes
CUST-0010245,Female,1,Yes,No,6,No,No phone service,DSL,No,Yes,No,Yes,No,No,Month-to-month,Yes,Credit card (automatic),85.5,497.43,No
CUST-0010246,Female,0,Yes,No,44,Yes,No,No,No internet service,No internet service,No internet service,No internet service,No internet service,No internet service,Month-to-month,Yes,Mailed check,57.1,2518.29,No
CUST-0010247,Male,1,No,No,19,Yes,Yes,Fiber optic,No,No,Yes,No,No,No,One year,Yes,Electronic check,118.75,2262.56,No
CUST-0010248,Female,0,Yes,No,28,Yes,No,DSL,No,No,No,No,No,Yes,Two year,Yes,Bank transfer (automatic),105.15,2946.13,No
CUST-0010249,Male,0,Yes,No,72,Yes,No,No,No internet service,No internet service,No internet service,No internet service,No internet service,No internet service,Month-to-month,Yes,Mailed check,73.28,5256.98,No
CUST-0010250,Female,1,Yes,Yes,3,Yes,Yes,Fiber optic,No,No,Yes,Yes,Yes,Yes,Month-to-month,Yes,Credit card (automatic),76.67,252.36,No
CUST-0010251,Male,0,No,No,8,Yes,Yes,No,No internet service,No internet service,No internet service,No internet service,No internet service,No internet service,Month-to-month,No,Mailed check,104.31,836.15,Yes
CUST-0010252,Male,1,Yes,No,10,Yes,Yes,DSL,Yes,No,No,No,No,Yes,One year,Yes,Credit card (automatic),93.47,943.18,No
CUST-0010253,Female,0,No,No,25,Yes,No,No,No internet service,No internet service,No internet service,No internet service,No internet service,No internet service,One year,Yes,Electronic check,118.75,2921.08,No
CUST-0010254,Female,0,No,No,29,Yes,No,Fiber optic,Yes,No,No,No,Yes,Yes,Month-to-month,Yes,Credit card (automatic),92.02,2672.68,No
CUST-0010255,Male,0,No,Yes,34,Yes,No,Fiber optic,No,No,No,No,No,No,Two year,Yes,Electronic check,109.6,3724.52,No
CUST-0010256,Male,1,No,No,14,Yes,No,DSL,No,No,Yes,Yes,Yes,Yes,One year,Yes,Credit card (automatic),90.84,1234.5,No
CUST-0010257,Female,0,Yes,No,5,Yes,No,Fiber optic,Yes,No,No,No,Yes,Yes,Month-to-month,Yes,Bank transfer (automatic),67.65,345.35,No
CUST-0010258,Male,1,No,No,15,Yes,Yes,Fiber optic,No,Yes,Yes,No,No,Yes,Month-to-month,Yes,Electronic check,41.29,585.91,No
CUST-0010259,Male,1,Yes,No,13,Yes,Yes,Fiber optic,No,No,No,Yes,Yes,Yes,Month-to-month,No,Electronic check,68.92,933.78,No
CUST-0010260,Male,0,No,Yes,67,Yes,No,Fiber optic,No,No,No,No,No,No,Month-to-month,Yes,Credit card (automatic),90.81,6099.23,No
CUST-0010261,Male,0,Yes,No,34,Yes,No,Fiber optic,No,Yes,No,No,No,Yes,Month-to-month,Yes,Mailed check,116.01,3944.56,Yes
CUST-0010262,Male,0,No,Yes,1,Yes,Yes,DSL,No,No,No,No,No,Yes,One year,Yes,Credit card (automatic),118.75,115.0,No
CUST-0010263,Male,0,No,No,38,Yes,Yes,No,No internet service,No internet service,No internet service,No internet service,No internet service,No internet service,Month-to-month,Yes,Electronic check,84.29,3226.26,No
CUST-0010264,Female,0,No,No,72,No,No phone service,DSL,Yes,No,No,No,No,Yes,Month-to-month,Yes,Bank transfer (automatic),74.29,5398.68,No
CUST-0010265,Female,0,Yes,No,8,Yes,Yes,DSL,Yes,No,Yes,No,Yes,No,Month-to-month,Yes,Electronic check,111.19,882.01,Yes
CUST-0010266,Female,0,Yes,No,7,Yes,No,DSL,No,No,Yes,Yes,Yes,No,Month-to-month,Yes,Bank transfer (automatic),47.31,319.01,Yes
CUST-0010267,Female,0,No,No,21,Yes,Yes,Fiber optic,No,No,No,Yes,No,No,Month-to-month,Yes,Electronic check,118.75,2495.25,No
CUST-0010268,Female,0,Yes,No,17,Yes,Yes,DSL,Yes,No,Yes,Yes,No,Yes,Month-to-month,Yes,Mailed check,118.75,,Yes
CUST-0010269,Male,0,No,No,1,Yes,Yes,DSL,Yes,Yes,No,Yes,Yes,No,Two year,Yes,Mailed check,102.33,88.3,No
CUST-0010270,Male,0,No,No,26,Yes,No,DSL,Yes,Yes,No,No,Yes,Yes,Month-to-month,Yes,Mailed check,93.6,2479.74,No
CUST-0010271,Female,0,Yes,No,43,Yes,Yes,No,No internet service,No internet service,No internet service,No internet service,No internet service,No internet service,One year,No,Electronic check,84.26,3596.48,Yes
CUST-0010272,Male,0,Yes,Yes,20,Yes,Yes,Fiber optic,No,No,Yes,No,Yes,Yes,Month-to-month,Yes,Electronic check,118.75,,No
CUST-0010273,Female,0,No,Yes,10,Yes,Yes,DSL,Yes,Yes,No,Yes,Yes,No,Month-to-month,No,Credit card (automatic),87.39,,Yes
CUST-0010274,Female,0,No,Yes,50,Yes,No,Fiber optic,No,No,No,Yes,No,No,Two year,No,Credit card (automatic),118.75,5968.04,No
CUST-0010275,Male,1,Yes,Yes,72,No,No phone service,Fiber optic,Yes,Yes,Yes,Yes,No,Yes,Month-to-month,Yes,Credit card (automatic),53.97,3836.0,No
CUST-0010276,Male,0,No,Yes,11,Yes,Yes,Fiber optic,No,No,No,No,No,No,Month-to-month,No,Electronic check,100.96,1121.72,No
CUST-0010277,Female,0,Yes,No,15,Yes,Yes,Fiber optic,Yes,No,Yes,No,Yes,No,Two year,Yes,Bank transfer (automatic),93.9,1430.27,Yes
CUST-0010278,Male,1,Yes,No,6,No,No phone service,Fiber optic,Yes,Yes,Yes,No,No,No,Month-to-month,Yes,Bank transfer (automatic),47.81,281.6,No
CUST-0010279,Male,0,No,Yes,28,Yes,No,DSL,No,Yes,No,No,Yes,Yes,Month-to-month,Yes,Credit card (automatic),101.83,2859.87,No
CUST-0010280,Male,0,No,No,51,No,No phone service,Fiber optic,Yes,No,Yes,No,Yes,No,Month-to-month,No,Electronic check,95.77,4884.66,No
CUST-0010281,Male,0,No,No,3,Yes,No,No,No internet service,No internet service,No internet service,No internet service,No internet service,No internet service,Month-to-month,Yes,Mailed check,95.61,271.28,No
CUST-0010282,Male,0,No,No,72,Yes,Yes,No,No internet service,No internet service,No internet service,No internet service,No internet service,No internet service,One year,No,Electronic check,78.73,5656.76,Yes
CUST-0010283,Female,0,No,No,7,No,No phone service,DSL,No,No,No,No,Yes,No,Month-to-month,Yes,Credit card (automatic),118.75,810.6,No
CUST-0010284,Male,0,Yes,No,54,Yes,No,Fiber optic,No,Yes,Yes,Yes,Yes,Yes,Month-to-month,Yes,Bank transfer (automatic),118.75,6365.83,No
CUST-0010285,Female,0,No,No,72,Yes,Yes,No,No internet service,No internet service,No internet service,No internet service,No internet service,No internet service,Month-to-month,No,Electronic check,72.8,5234.87,Yes
CUST-0010286,Male,1,No,Yes,21,Yes,Yes,No,No internet service,No internet service,No internet service,No internet service,No internet service,No internet service,Month-to-month,Yes,Electronic check,58.68,,No
CUST-0010287,Male,1,No,No,57,Yes,Yes,Fiber optic,No,No,No,Yes,No,No,Month-to-month,Yes,Credit card (automatic),80.42,4599.55,No
CUST-0010288,Female,0,No,No,2,No,No phone service,Fiber optic,No,Yes,No,No,No,Yes,Month-to-month,Yes,Electronic check,96.49,204.59,No
CUST-0010289,Female,0,No,No,4,Yes,No,DSL,No,No,No,No,No,Yes,Month-to-month,Yes,Bank transfer (automatic),55.57,237.12,Yes
CUST-0010290,Female,0,No,No,48,Yes,Yes,DSL,No,No,No,No,Yes,Yes,Month-to-month,Yes,Electronic check,100.89,4843.02,Yes
CUST-0010291,Male,0,Yes,Yes,71,Yes,Yes,Fiber optic,Yes,No,No,Yes,No,Yes,One year,No,Electronic check,70.28,4995.04,No
CUST-0010292,Female,0,Yes,No,23,Yes,Yes,Fiber optic,Yes,Yes,No,No,No,Yes,Two year,Yes,Bank transfer (automatic),97.66,2250.56,No
CUST-0010293,Male,0,Yes,Yes,22,Yes,Yes,No,No internet service,No internet service,No internet service,No internet service,No internet service,No internet service,Two year,Yes,Bank transfer (automatic),101.1,2225.1,Yes
CUST-0010294,Male,0,No,No,24,Yes,Yes,No,No internet service,No internet service,No internet service,No internet service,No internet service,No internet service,Month-to-month,No,Bank transfer (automatic),86.12,2041.4,No
CUST-0010295,Male,1,No,No,72,Yes,Yes,Fiber optic,No,Yes,Yes,No,No,No,Month-to-month,Yes,Electronic check,90.3,6499.2,No
CUST-0010296,Male,1,Yes,No,11,Yes,No,DSL,No,Yes,No,No,No,No,Month-to-month,Yes,Credit card (automatic),90.37,1012.7,No
CUST-0010297,Female,0,No,Yes,5,Yes,No,DSL,No,No,No,No,Yes,Yes,Month-to-month,No,Credit card (automatic),108.92,538.7,No
CUST-0010298,Female,0,Yes,No,51,Yes,Yes,Fiber optic,No,No,No,Yes,Yes,No,Month-to-month,Yes,Bank transfer (automatic),65.19,3319.59,No
CUST-0010299,Female,1,No,Yes,31,Yes,No,DSL,No,No,No,Yes,No,Yes,Month-to-month,Yes,Mailed check,118.75,3678.4,No
CUST-0010300,Female,0,No,Yes,47,Yes,No,Fiber optic,No,Yes,Yes,No,No,No,Month-to-month,Yes,Bank transfer (automatic),61.79,2926.62,No
CUST-0010301,Female,0,Yes,Yes,9,Yes,Yes,Fiber optic,No,Yes,No,No,No,Yes,Month-to-month,Yes,Electronic check,118.75,1079.73,No
CUST-0010302,Female,0,No,No,14,Yes,No,Fiber optic,No,No,No,No,No,No,One year,No,Credit card (automatic),81.85,,No
CUST-0010303,Female,1,No,No,50,Yes,No,No,No internet service,No internet service,No internet service,No internet service,No internet service,No internet service,Month-to-month,No,Electronic check,118.75,5903.63,No
CUST-0010304,Male,0,No,No,44,Yes,No,No,No internet service,No internet service,No internet service,No internet service,No internet service,No internet service,Month-to-month,No,Electronic check,39.1,1751.45,No
CUST-0010305,Female,0,Yes,No,16,Yes,No,DSL,Yes,No,No,No,No,No,One year,No,Electronic check,87.67,1400.25,No
CUST-0010306,Male,0,No,No,23,Yes,Yes,DSL,No,Yes,Yes,No,Yes,Yes,Month-to-month,Yes,Electronic check,118.75,2773.4,Yes
CUST-0010307,Male,0,Yes,No,4,Yes,Yes,No,No internet service,No internet service,No internet service,No internet service,No internet service,No internet service,One year,No,Credit card (automatic),41.32,110.93,No
CUST-0010308,Male,0,No,No,52,Yes,Yes,Fiber optic,No,No,No,No,No,No,One year,Yes,Mailed check,52.64,2759.87,No
CUST-0010309,Male,0,Yes,Yes,64,No,No phone service,No,No internet service,No internet service,No internet service,No internet service,No internet service,No internet service,One year,No,Credit card (automatic),55.44,3554.25,No
CUST-0010310,Female,0,No,Yes,44,Yes,Yes,Fiber optic,No,No,No,No,No,No,One year,Yes,Bank transfer (automatic),65.09,2856.38,Yes
CUST-0010311,Male,0,Yes,No,2,No,No phone service,Fiber optic,Yes,No,No,No,No,No,Month-to-month,Yes,Electronic check,110.81,240.63,No
CUST-0010312,Male,0,Yes,No,72,Yes,Yes,Fiber optic,Yes,No,Yes,No,No,Yes,Month-to-month,Yes,Credit card (automatic),66.98,4853.15,No
CUST-0010313,Male,0,No,No,11,Yes,No,DSL,No,Yes,No,Yes,No,No,Two year,Yes,Electronic check,97.28,1111.93,Yes
CUST-0010314,Female,0,No,No,37,Yes,Yes,DSL,Yes,No,No,Yes,Yes,No,Month-to-month,No,Electronic check,78.65,2897.44,Yes
CUST-0010315,Male,0,No,Yes,1,Yes,No,Fiber optic,Yes,No,No,No,Yes,Yes,Month-to-month,Yes,Credit card (automatic),75.55,39.77,Yes
CUST-0010316,Female,0,No,Yes,21,Yes,Yes,Fiber optic,Yes,No,No,No,Yes,No,Month-to-month,No,Bank transfer (automatic),68.19,,No
CUST-0010317,Female,0,No,No,61,Yes,No,No,No internet service,No internet service,No internet service,No internet service,No internet service,No internet service,Two year,No,Bank transfer (automatic),93.54,5696.66,No
CUST-0010318,Female,0,Yes,Yes,64,Yes,No,DSL,No,No,No,Yes,No,No,Month-to-month,Yes,Credit card (automatic),62.69,4003.32,No
CUST-0010319,Female,0,Yes,No,48,Yes,Yes,DSL,No,Yes,No,No,No,No,One year,Yes,Electronic check,74.75,3584.23,No
CUST-0010320,Female,0,No,No,72,Yes,Yes,No,No internet service,No internet service,No internet service,No internet service,No internet service,No internet service,Month-to-month,Yes,Electronic check,116.65,8377.75,No
CUST-0010321,Female,0,Yes,No,43,Yes,No,No,No internet service,No internet service,No internet service,No internet service,No internet service,No internet service,Month-to-month,Yes,Bank transfer (automatic),69.03,2916.05,No
CUST-0010322,Male,0,Yes,Yes,2,Yes,Yes,No,No internet service,No internet service,No internet service,No internet service,No internet service,No internet service,Month-to-month,No,Mailed check,105.06,191.32,Yes
CUST-0010323,Female,0,No,No,5,Yes,No,DSL,No,No,No,No,Yes,No,Month-to-month,Yes,Electronic check,70.88,367.8,No
CUST-0010324,Female,1,Yes,No,72,Yes,Yes,No,No internet service,No internet service,No internet service,No internet service,No internet service,No internet service,One year,No,Bank transfer (automatic),94.31,6767.78,Yes
CUST-0010325,Male,0,Yes,No,11,Yes,Yes,Fiber optic,No,No,No,Yes,Yes,No,Month-to-month,Yes,Electronic check,82.61,896.61,No
CUST-0010326,Male,0,Yes,No,28,Yes,Yes,DSL,Yes,No,No,No,No,Yes,Month-to-month,No,Credit card (automatic),86.82,,No
CUST-0010327,Female,0,Yes,No,70,Yes,No,DSL,No,Yes,No,No,No,Yes,Month-to-month,Yes,Bank transfer (automatic),118.75,8327.93,No
CUST-0010328,Male,0,Yes,No,24,Yes,Yes,DSL,No,No,No,No,No,Yes,Month-to-month,Yes,Electronic check,47.22,1135.09,No
CUST-0010329,Female,0,Yes,No,18,Yes,No,Fiber optic,Yes,No,No,No,No,No,Month-to-month,No,Credit card (automatic),113.25,1993.95,Yes
CUST-0010330,Male,0,No,No,9,Yes,No,DSL,No,Yes,No,No,No,No,Month-to-month,Yes,Electronic check,118.75,1078.38,Yes
CUST-0010331,Female,0,Yes,No,12,Yes,No,Fiber optic,Yes,No,No,No,No,Yes,Month-to-month,No,Mailed check,55.92,680.24,Yes
CUST-0010332,Female,0,Yes,No,6,Yes,Yes,No,No internet service,No internet service,No internet service,No internet service,No internet service,No internet service,Month-to-month,Yes,Electronic check,93.09,538.26,Yes
CUST-0010333,Female,0,No,No,3,Yes,Yes,Fiber optic,No,No,Yes,No,No,No,Month-to-month,Yes,Mailed check,66.48,184.71,Yes
CUST-0010334,Male,0,No,Yes,58,Yes,Yes,DSL,No,No,No,Yes,No,Yes,Month-to-month,Yes,Bank transfer (automatic),110.18,6406.64,Yes
CUST-0010335,Female,0,Yes,Yes,52,Yes,Yes,No,No internet service,No internet service,No internet service,No internet service,No internet service,No internet service,Month-to-month,Yes,Electronic check,82.44,4307.51,Yes
CUST-0010336,Female,0,Yes,Yes,45,Yes,Yes,Fiber optic,Yes,No,No,No,No,Yes,Month-to-month,No,Electronic check,82.49,3717.16,Yes
CUST-0010337,Male,1,No,Yes,41,Yes,No,Fiber optic,No,No,No,No,Yes,No,Month-to-month,No,Bank transfer (automatic),44.48,1816.09,No
CUST-0010338,Male,0,No,No,12,Yes,No,Fiber optic,No,No,Yes,No,Yes,Yes,Two year,No,Credit card (automatic),98.45,1190.52,No
CUST-0010339,Female,0,Yes,No,2,No,No phone service,Fiber optic,No,No,No,No,Yes,No,Month-to-month,Yes,Bank transfer (automatic),76.29,,No
CUST-0010340,Female,0,No,No,27,Yes,No,Fiber optic,Yes,No,No,Yes,No,Yes,Two year,Yes,Mailed check,84.58,2271.06,No
CUST-0010341,Male,0,No,No,27,Yes,No,No,No internet service,No internet service,No internet service,No internet service,No internet service,No internet service,One year,No,Electronic check,95.55,2568.81,Yes
CUST-0010342,Male,1,No,No,12,Yes,No,Fiber optic,No,No,No,No,Yes,No,Month-to-month,Yes,Electronic check,96.33,1132.41,Yes
CUST-0010343,Female,0,Yes,No,10,Yes,No,Fiber optic,No,No,No,No,No,Yes,Month-to-month,No,Credit card (automatic),78.73,760.03,No
CUST-0010344,Male,0,Yes,No,8,Yes,Yes,No,No internet service,No internet service,No internet service,No internet service,No internet service,No internet service,Two year,No,Credit card (automatic),118.75,954.85,No
CUST-0010345,Male,1,No,No,2,Yes,No,No,No internet service,No internet service,No internet service,No internet service,No internet service,No internet service,Month-to-month,Yes,Credit card (automatic),64.59,175.52,No
CUST-0010346,Male,0,No,No,9,Yes,No,DSL,Yes,No,No,No,No,No,Month-to-month,Yes,Credit card (automatic),96.78,863.05,Yes
CUST-0010347,Female,0,Yes,No,12,Yes,No,Fiber optic,No,No,No,No,Yes,No,Month-to-month,Yes,Credit card (automatic),73.05,910.59,No
CUST-0010348,Female,0,Yes,No,4,Yes,No,No,No internet service,No internet service,No internet service,No internet service,No internet service,No internet service,Two year,Yes,Bank transfer (automatic),113.74,464.59,No
CUST-0010349,Male,0,No,No,0,No,No phone service,DSL,No,No,Yes,Yes,No,No,Month-to-month,Yes,Credit card (automatic),76.35,,No
CUST-0010350,Male,0,No,No,72,Yes,No,DSL,Yes,No,No,Yes,Yes,No,Two year,No,Electronic check,118.75,8597.58,No
CUST-0010351,Female,0,Yes,No,8,Yes,Yes,Fiber optic,Yes,Yes,No,No,No,No,Month-to-month,No,Mailed check,88.92,744.19,No
CUST-0010352,Female,0,Yes,No,0,Yes,No,Fiber optic,Yes,No,No,No,No,No,One year,Yes,Electronic check,67.61,,Yes
CUST-0010353,Male,0,No,No,5,Yes,Yes,DSL,No,Yes,Yes,No,Yes,Yes,Month-to-month,No,Bank transfer (automatic),69.15,329.66,Yes
CUST-0010354,Female,0,No,Yes,40,Yes,No,DSL,No,No,No,No,No,Yes,Month-to-month,Yes,Electronic check,51.34,2079.47,No
CUST-0010355,Female,0,Yes,Yes,31,Yes,No,DSL,Yes,No,No,No,No,No,Two year,No,Mailed check,86.16,2682.52,No
CUST-0010356,Female,1,Yes,No,52,Yes,No,DSL,No,No,Yes,Yes,No,Yes,Month-to-month,Yes,Electronic check,117.5,6138.63,No
CUST-0010357,Female,0,Yes,No,15,Yes,No,Fiber optic,No,No,No,Yes,Yes,No,One year,Yes,Electronic check,85.37,1265.15,No
CUST-0010358,Female,0,Yes,No,18,Yes,No,Fiber optic,Yes,No,Yes,No,No,No,Month-to-month,Yes,Credit card (automatic),87.97,1557.02,No
CUST-0010359,Male,0,No,No,72,Yes,Yes,DSL,No,Yes,No,No,No,No,Month-to-month,Yes,Mailed check,65.68,4731.93,Yes
CUST-0010360,Male,0,No,No,33,Yes,No,Fiber optic,No,No,Yes,No,No,No,One year,No,Credit card (automatic),73.65,2459.79,No
CUST-0010361,Female,0,Yes,No,33,Yes,No,Fiber optic,Yes,No,No,No,No,Yes,Two year,Yes,Electronic check,118.75,3931.6,No
CUST-0010362,Male,0,No,Yes,3,Yes,Yes,No,No internet service,No internet service,No internet service,No internet service,No internet service,No internet service,One year,No,Mailed check,51.84,163.95,No
CUST-0010363,Female,0,Yes,No,47,Yes,Yes,Fiber optic,Yes,No,No,No,No,Yes,One year,Yes,Electronic check,79.36,3698.97,Yes
CUST-0010364,Male,0,Yes,No,10,Yes,Yes,No,No internet service,No internet service,No internet service,No internet service,No internet service,No internet service,Month-to-month,No,Mailed check,107.37,1072.05,Yes
CUST-0010365,Male,0,Yes,No,62,Yes,No,DSL,No,No,No,No,Yes,No,Month-to-month,Yes,Electronic check,81.45,5051.28,Yes
CUST-0010366,Female,0,No,No,6,Yes,Yes,Fiber optic,Yes,Yes,No,Yes,No,No,Month-to-month,Yes,Bank transfer (automatic),101.01,620.79,Yes
CUST-0010367,Male,0,No,No,20,No,No phone service,DSL,No,Yes,Yes,No,No,Yes,Month-to-month,No,Mailed check,116.45,2327.75,Yes
CUST-0010368,Male,0,Yes,No,1,Yes,Yes,Fiber optic,No,No,No,No,No,Yes,Month-to-month,No,Electronic check,81.24,63.82,No
CUST-0010369,Male,0,No,No,69,Yes,No,No,No internet service,No internet service,No internet service,No internet service,No internet service,No internet service,Month-to-month,Yes,Mailed check,69.04,4772.64,No
CUST-0010370,Female,1,No,No,4,Yes,No,No,No internet service,No internet service,No internet service,No internet service,No internet service,No internet service,Two year,Yes,Electronic check,118.75,464.68,No
CUST-0010371,Male,0,Yes,No,71,Yes,No,No,No internet service,No internet service,No internet service,No internet service,No internet service,No internet service,Month-to-month,No,Electronic check,78.65,5613.82,Yes
CUST-0010372,Female,0,Yes,No,3,Yes,No,DSL,No,No,No,No,No,No,Month-to-month,No,Credit card (automatic),80.95,215.84,Yes
CUST-0010373,Female,0,Yes,No,17,Yes,Yes,No,No internet service,No internet service,No internet service,No internet service,No internet service,No internet service,Month-to-month,Yes,Electronic check,104.85,1813.2,No
CUST-0010374,Male,0,Yes,No,49,Yes,Yes,Fiber optic,No,No,Yes,No,Yes,Yes,Two year,No,Mailed check,65.36,,No
CUST-0010375,Female,0,Yes,No,15,Yes,Yes,No,No internet service,No internet service,No internet service,No internet service,No internet service,No internet service,Month-to-month,No,Electronic check,118.75,1787.19,Yes
CUST-0010376,Female,0,No,No,22,Yes,No,DSL,No,No,No,No,Yes,No,Month-to-month,Yes,Electronic check,99.28,2224.33,No
CUST-0010377,Male,0,Yes,No,0,Yes,No,Fiber optic,No,No,Yes,No,No,No,Month-to-month,No,Credit card (automatic),56.88,,No
CUST-0010378,Female,0,No,No,14,No,No phone service,DSL,No,No,No,No,No,No,One year,No,Credit card (automatic),73.67,1051.64,No
CUST-0010379,Female,0,Yes,Yes,0,Yes,Yes,Fiber optic,Yes,No,No,Yes,Yes,No,Month-to-month,No,Bank transfer (automatic),98.8,,No
CUST-0010380,Female,0,No,No,37,Yes,Yes,No,No internet service,No internet service,No internet service,No internet service,No internet service,No internet service,Month-to-month,Yes,Mailed check,93.72,3439.77,No
CUST-0010381,Female,0,No,No,48,Yes,No,DSL,No,Yes,No,Yes,No,No,Month-to-month,Yes,Electronic check,118.75,5766.24,Yes
CUST-0010382,Male,0,Yes,No,34,Yes,No,Fiber optic,Yes,No,No,No,Yes,No,One year,No,Electronic check,87.11,2914.42,No
CUST-0010383,Female,0,No,No,72,Yes,Yes,DSL,No,No,No,Yes,No,No,Month-to-month,No,Bank transfer (automatic),72.4,5252.76,No
CUST-0010384,Male,0,Yes,No,15,Yes,Yes,DSL,No,No,Yes,No,Yes,No,One year,Yes,Electronic check,66.93,994.71,No
CUST-0010385,Male,0,Yes,No,12,Yes,No,Fiber optic,No,Yes,No,No,No,No,Two year,No,Credit card (automatic),72.13,883.5,No
CUST-0010386,Female,0,Yes,No,21,Yes,Yes,Fiber optic,Yes,No,Yes,Yes,No,Yes,Two year,Yes,Electronic check,118.75,2492.03,No
CUST-0010387,Female,1,No,No,56,Yes,Yes,DSL,No,No,Yes,No,No,Yes,Month-to-month,Yes,Electronic check,95.52,5310.07,No
CUST-0010388,Male,0,Yes,No,2,Yes,No,No,No internet service,No internet service,No internet service,No internet service,No internet service,No internet service,One year,Yes,Mailed check,73.15,112.87,No
CUST-0010389,Female,0,No,No,2,Yes,No,Fiber optic,No,No,Yes,No,No,No,Month-to-month,No,Electronic check,96.63,142.95,No
CUST-0010390,Male,0,Yes,Yes,27,Yes,No,Fiber optic,No,Yes,Yes,No,Yes,No,Month-to-month,Yes,Bank transfer (automatic),63.04,1722.82,No
CUST-0010391,Male,0,No,No,28,Yes,No,No,No internet service,No internet service,No internet service,No internet service,No internet service,No internet service,One year,No,Bank transfer (automatic),92.58,2601.59,Yes
CUST-0010392,Female,1,No,No,18,Yes,No,Fiber optic,No,Yes,Yes,Yes,Yes,No,Month-to-month,Yes,Bank transfer (automatic),86.51,1587.03,No
CUST-0010393,Male,1,No,No,54,No,No phone service,DSL,No,No,No,No,Yes,No,Month-to-month,No,Electronic check,65.86,3563.11,No
CUST-0010394,Female,0,Yes,No,53,Yes,No,Fiber optic,No,No,No,No,Yes,No,Month-to-month,Yes,Electronic check,104.44,5500.05,No
CUST-0010395,Female,0,No,No,34,Yes,Yes,DSL,No,No,No,Yes,No,No,Month-to-month,Yes,Bank transfer (automatic),72.37,2469.83,No
CUST-0010396,Male,0,Yes,No,25,Yes,Yes,No,No internet service,No internet service,No internet service,No internet service,No internet service,No internet service,Month-to-month,No,Electronic check,118.75,2979.56,Yes
CUST-0010397,Female,0,No,No,58,Yes,No,DSL,No,No,Yes,No,No,Yes,Two year,Yes,Electronic check,118.75,6877.51,No
CUST-0010398,Male,0,Yes,Yes,39,Yes,No,Fiber optic,No,No,Yes,No,Yes,No,Month-to-month,Yes,Mailed check,90.35,3530.04,No
CUST-0010399,Male,0,Yes,No,72,Yes,Yes,No,No internet service,No internet service,No internet service,No internet service,No internet service,No internet service,One year,No,Credit card (automatic),96.65,6957.05,No
CUST-0010400,Female,1,Yes,No,33,No,No phone service,DSL,No,Yes,No,No,Yes,No,Month-to-month,Yes,Electronic check,101.33,3360.0,No
CUST-0010401,Male,0,No,Yes,40,Yes,No,DSL,No,No,No,No,No,No,Month-to-month,Yes,Electronic check,75.19,2998.37,No
CUST-0010402,Female,0,No,Yes,4,Yes,No,Fiber optic,No,No,Yes,No,Yes,No,Month-to-month,Yes,Bank transfer (automatic),104.58,370.24,No
CUST-0010403,Male,0,No,No,51,No,No phone service,Fiber optic,No,No,No,Yes,No,Yes,Two year,No,Bank transfer (automatic),118.75,6037.1,No
CUST-0010404,Female,0,No,No,22,Yes,No,No,No internet service,No internet service,No internet service,No internet service,No internet service,No internet service,One year,Yes,Electronic check,86.04,1869.75,No
CUST-0010405,Female,0,No,No,18,Yes,Yes,Fiber optic,No,No,No,No,No,No,Month-to-month,No,Electronic check,106.56,1913.34,No
CUST-0010406,Male,0,Yes,No,12,Yes,Yes,Fiber optic,No,No,Yes,No,Yes,No,One year,Yes,Bank transfer (automatic),92.44,1124.8,No
CUST-0010407,Male,0,No,Yes,21,No,No phone service,Fiber optic,No,Yes,No,No,No,Yes,Month-to-month,No,Mailed check,66.16,1373.56,No
CUST-0010408,Male,1,No,No,5,Yes,No,No,No internet service,No internet service,No internet service,No internet service,No internet service,No internet service,Month-to-month,No,Credit card (automatic),86.8,428.85,Yes
CUST-0010409,Male,0,No,No,42,Yes,No,Fiber optic,No,No,Yes,Yes,No,Yes,Month-to-month,Yes,Electronic check,118.75,4990.43,No
CUST-0010410,Female,0,Yes,No,43,Yes,No,DSL,No,Yes,No,No,No,No,Two year,Yes,Mailed check,48.41,2138.06,No
CUST-0010411,Female,0,No,No,14,Yes,No,Fiber optic,Yes,No,No,Yes,Yes,No,Month-to-month,Yes,Electronic check,118.75,1648.21,No
CUST-0010412,Female,0,No,No,33,Yes,No,DSL,No,Yes,No,No,Yes,Yes,Two year,Yes,Credit card (automatic),92.75,3065.88,No
CUST-0010413,Male,0,No,No,18,Yes,Yes,Fiber optic,No,No,No,No,No,No,Two year,Yes,Credit card (automatic),81.95,1440.19,Yes
CUST-0010414,Female,0,Yes,Yes,7,Yes,Yes,Fiber optic,Yes,Yes,Yes,No,No,Yes,Month-to-month,No,Bank transfer (automatic),107.61,728.47,No
CUST-0010415,Male,0,No,No,22,Yes,Yes,Fiber optic,No,No,No,No,No,No,Month-to-month,Yes,Electronic check,98.31,2178.6,No
CUST-0010416,Female,0,Yes,No,0,Yes,No,Fiber optic,Yes,No,No,No,No,No,Month-to-month,No,Electronic check,90.01,,No
CUST-0010417,Female,0,No,No,9,Yes,Yes,Fiber optic,No,Yes,Yes,Yes,Yes,No,Month-to-month,Yes,Electronic check,108.41,987.65,No
CUST-0010418,Female,0,Yes,No,20,Yes,Yes,Fiber optic,No,Yes,Yes,Yes,No,No,Two year,No,Electronic check,91.61,,No
CUST-0010419,Male,0,No,No,17,Yes,No,No,No internet service,No internet service,No internet service,No internet service,No internet service,No internet service,Month-to-month,No,Bank transfer (automatic),91.33,1565.57,No
CUST-0010420,Male,0,No,No,25,Yes,No,Fiber optic,Yes,Yes,No,No,No,No,Month-to-month,Yes,Mailed check,64.14,1609.07,No
CUST-0010421,Female,0,No,No,6,Yes,Yes,DSL,No,No,Yes,No,No,Yes,One year,Yes,Electronic check,103.63,606.03,No
CUST-0010422,Male,0,Yes,Yes,31,Yes,No,No,No internet service,No internet service,No internet service,No internet service,No internet service,No internet service,Month-to-month,Yes,Bank transfer (automatic),100.32,3128.91,No
CUST-0010423,Female,0,No,No,2,Yes,Yes,DSL,No,No,No,No,Yes,Yes,Two year,Yes,Electronic check,66.83,154.23,No
CUST-0010424,Female,0,Yes,No,63,Yes,Yes,DSL,No,Yes,No,Yes,Yes,No,Month-to-month,No,Bank transfer (automatic),70.02,,No
CUST-0010425,Female,1,No,Yes,72,Yes,No,Fiber optic,Yes,Yes,No,No,No,Yes,Month-to-month,No,Electronic check,71.63,5210.72,No
CUST-0010426,Female,0,No,No,23,Yes,No,DSL,No,No,Yes,Yes,No,Yes,Two year,Yes,Credit card (automatic),39.35,918.66,No
CUST-0010427,Male,0,No,Yes,0,Yes,Yes,Fiber optic,No,No,Yes,No,Yes,Yes,Month-to-month,Yes,Mailed check,94.08,,No
CUST-0010428,Female,0,No,No,34,Yes,No,No,No internet service,No internet service,No internet service,No internet service,No internet service,No internet service,Month-to-month,No,Electronic check,70.09,2394.78,Yes
CUST-0010429,Male,1,Yes,No,17,Yes,No,DSL,Yes,No,Yes,No,Yes,No,Month-to-month,Yes,Credit card (automatic),98.1,1673.48,No
CUST-0010430,Female,0,No,No,6,Yes,No,Fiber optic,No,No,Yes,No,No,Yes,Two year,No,Electronic check,99.8,563.85,No
CUST-0010431,Male,0,No,Yes,4,No,No phone service,No,No internet service,No internet service,No internet service,No internet service,No internet service,No internet service,One year,Yes,Credit card (automatic),108.83,416.47,No
CUST-0010432,Male,0,Yes,Yes,27,Yes,Yes,Fiber optic,Yes,No,Yes,No,No,Yes,One year,No,Credit card (automatic),36.86,983.24,No
CUST-0010433,Male,0,No,No,24,Yes,Yes,DSL,Yes,No,No,No,No,Yes,Month-to-month,No,Credit card (automatic),89.27,2208.42,Yes
CUST-0010434,Female,0,No,No,22,Yes,Yes,No,No internet service,No internet service,No internet service,No internet service,No internet service,No internet service,Month-to-month,No,Bank transfer (automatic),99.83,2164.6,No
CUST-0010435,Female,0,Yes,No,61,Yes,Yes,Fiber optic,No,Yes,No,No,Yes,Yes,Month-to-month,Yes,Electronic check,18.25,1141.97,No
CUST-0010436,Male,0,Yes,No,0,Yes,No,No,No internet service,No internet service,No internet service,No internet service,No internet service,No internet service,Month-to-month,Yes,Bank transfer (automatic),108.51,,No
CUST-0010437,Female,0,No,No,22,Yes,No,Fiber optic,No,Yes,No,No,No,No,One year,No,Mailed check,103.26,2288.27,Yes
CUST-0010438,Female,0,No,No,14,Yes,No,Fiber optic,No,Yes,No,No,No,Yes,Month-to-month,Yes,Bank transfer (automatic),94.95,1328.95,No
CUST-0010439,Female,0,No,Yes,19,Yes,Yes,DSL,Yes,No,Yes,No,No,No,One year,No,Bank transfer (automatic),80.95,1539.91,Yes
CUST-0010440,Female,0,Yes,No,3,Yes,No,DSL,Yes,No,No,No,Yes,No,Month-to-month,Yes,Bank transfer (automatic),92.53,280.94,Yes
CUST-0010441,Male,0,No,Yes,5,Yes,Yes,DSL,No,No,No,No,Yes,No,Month-to-month,Yes,Credit card (automatic),34.42,171.36,Yes
CUST-0010442,Male,0,No,No,62,Yes,No,Fiber optic,No,No,Yes,No,Yes,No,Month-to-month,Yes,Electronic check,107.75,6661.33,No
CUST-0010443,Female,1,No,Yes,43,Yes,Yes,Fiber optic,No,No,Yes,No,No,Yes,One year,No,Bank transfer (automatic),108.44,,No
CUST-0010444,Male,0,Yes,Yes,60,Yes,No,Fiber optic,Yes,No,Yes,No,Yes,Yes,Two year,No,Mailed check,68.74,4127.46,Yes
CUST-0010445,Female,0,Yes,No,39,Yes,Yes,DSL,No,Yes,Yes,Yes,No,Yes,Month-to-month,Yes,Electronic check,59.58,2302.92,Yes
CUST-0010446,Female,0,No,Yes,52,Yes,Yes,Fiber optic,Yes,Yes,Yes,No,Yes,No,Month-to-month,Yes,Bank transfer (automatic),51.43,2634.92,No
CUST-0010447,Female,0,No,No,10,Yes,No,Fiber optic,No,No,Yes,No,No,Yes,One year,Yes,Mailed check,101.66,,No
CUST-0010448,Female,0,Yes,Yes,32,Yes,No,DSL,No,Yes,Yes,No,No,No,Month-to-month,No,Electronic check,118.75,3805.39,No
CUST-0010449,Female,0,No,No,26,Yes,No,Fiber optic,No,No,No,No,Yes,Yes,One year,Yes,Mailed check,78.81,2044.35,No
CUST-0010450,Male,0,No,No,31,Yes,Yes,Fiber optic,No,No,No,No,Yes,No,Month-to-month,Yes,Mailed check,118.75,3667.79,No
CUST-0010451,Male,0,Yes,No,41,Yes,No,DSL,No,No,No,Yes,Yes,Yes,Month-to-month,Yes,Electronic check,96.22,3969.99,No
CUST-0010452,Female,1,No,Yes,6,Yes,Yes,Fiber optic,No,Yes,No,Yes,Yes,No,Month-to-month,Yes,Electronic check,56.62,315.06,No
CUST-0010453,Female,0,Yes,No,7,Yes,Yes,DSL,No,Yes,No,Yes,No,No,Two year,No,Electronic check,86.51,599.25,Yes
CUST-0010454,Male,0,No,No,2,Yes,No,DSL,No,No,No,Yes,Yes,Yes,Two year,Yes,Electronic check,99.59,203.37,No
CUST-0010455,Male,0,No,No,22,Yes,No,Fiber optic,No,No,Yes,Yes,Yes,No,Month-to-month,Yes,Electronic check,107.21,2339.05,No
CUST-0010456,Female,0,No,No,12,Yes,No,Fiber optic,No,No,No,No,Yes,No,One year,Yes,Bank transfer (automatic),86.51,1041.49,No
CUST-0010457,Male,0,No,No,13,Yes,Yes,DSL,No,No,No,No,No,No,Month-to-month,Yes,Bank transfer (automatic),60.2,827.55,No
CUST-0010458,Male,0,Yes,Yes,3,Yes,Yes,No,No internet service,No internet service,No internet service,No internet service,No internet service,No internet service,Month-to-month,Yes,Bank transfer (automatic),107.4,343.31,Yes
CUST-0010459,Female,0,Yes,No,6,No,No phone service,No,No internet service,No internet service,No internet service,No internet service,No internet service,No internet service,Month-to-month,No,Mailed check,118.75,678.48,Yes
CUST-0010460,Female,1,Yes,No,24,Yes,No,Fiber optic,Yes,No,Yes,No,No,No,Two year,Yes,Electronic check,85.91,2067.37,No
CUST-0010461,Male,0,No,No,33,Yes,No,DSL,No,No,Yes,No,No,Yes,Two year,No,Credit card (automatic),94.64,3088.07,No
CUST-0010462,Male,0,No,No,18,Yes,Yes,No,No internet service,No internet service,No internet service,No internet service,No internet service,No internet service,Month-to-month,Yes,Bank transfer (automatic),99.35,1732.95,No
CUST-0010463,Male,0,No,No,16,Yes,No,Fiber optic,Yes,Yes,No,No,Yes,Yes,Month-to-month,Yes,Mailed check,63.21,1014.45,No
CUST-0010464,Female,1,Yes,No,72,No,No phone service,DSL,Yes,No,No,Yes,Yes,Yes,Month-to-month,Yes,Mailed check,90.69,6536.86,No
CUST-0010465,Female,0,No,Yes,23,No,No phone service,Fiber optic,No,No,Yes,Yes,Yes,Yes,Month-to-month,Yes,Credit card (automatic),88.91,2039.77,Yes
CUST-0010466,Male,0,No,No,72,Yes,No,Fiber optic,No,No,Yes,No,No,No,Month-to-month,Yes,Mailed check,118.75,8585.9,No
CUST-0010467,Female,1,No,Yes,54,Yes,No,No,No internet service,No internet service,No internet service,No internet service,No internet service,No internet service,Month-to-month,Yes,Electronic check,85.56,4646.27,No
CUST-0010468,Female,0,No,Yes,25,Yes,Yes,Fiber optic,No,No,No,Yes,No,Yes,Two year,No,Electronic check,90.87,2245.26,No
CUST-0010469,Female,0,Yes,Yes,70,Yes,No,DSL,Yes,Yes,Yes,No,Yes,Yes,Month-to-month,No,Mailed check,103.32,7261.84,Yes
CUST-0010470,Female,0,Yes,No,2,Yes,No,Fiber optic,No,Yes,No,No,No,Yes,One year,No,Bank transfer (automatic),104.59,212.2,Yes
CUST-0010471,Male,0,Yes,No,12,Yes,No,Fiber optic,No,No,Yes,No,Yes,No,One year,Yes,Bank transfer (automatic),114.44,1352.68,No
CUST-0010472,Male,0,Yes,No,43,Yes,No,No,No internet service,No internet service,No internet service,No internet service,No internet service,No internet service,Month-to-month,No,Electronic check,110.68,4716.36,No
CUST-0010473,Male,0,Yes,Yes,10,Yes,Yes,DSL,Yes,Yes,No,Yes,Yes,Yes,Two year,No,Bank transfer (automatic),118.75,1195.49,No
CUST-0010474,Male,0,Yes,Yes,39,Yes,No,Fiber optic,No,No,No,No,Yes,Yes,Month-to-month,No,Bank transfer (automatic),100.04,3915.13,No
CUST-0010475,Male,0,No,Yes,38,Yes,Yes,No,No internet service,No internet service,No internet service,No internet service,No internet service,No internet service,Two year,Yes,Credit card (automatic),118.75,4534.28,Yes
CUST-0010476,Male,1,Yes,No,35,Yes,Yes,DSL,Yes,No,Yes,Yes,Yes,No,Month-to-month,No,Bank transfer (automatic),80.51,2798.03,Yes
CUST-0010477,Male,0,No,No,54,Yes,Yes,Fiber optic,Yes,Yes,No,Yes,No,No,One year,No,Mailed check,99.69,5356.59,No
CUST-0010478,Male,1,Yes,No,8,Yes,No,No,No internet service,No internet service,No internet service,No internet service,No internet service,No internet service,Month-to-month,Yes,Bank transfer (automatic),118.75,924.04,No
CUST-0010479,Female,0,No,Yes,1,Yes,Yes,DSL,No,No,Yes,No,No,No,Month-to-month,No,Credit card (automatic),98.39,111.75,No
CUST-0010480,Female,0,No,No,8,Yes,No,Fiber optic,No,No,No,No,No,Yes,Month-to-month,Yes,Mailed check,87.59,709.97,Yes
CUST-0010481,Male,0,Yes,No,7,Yes,No,DSL,No,Yes,Yes,No,No,No,Month-to-month,No,Electronic check,96.15,672.82,No
CUST-0010482,Male,0,No,No,13,Yes,Yes,DSL,No,No,Yes,No,Yes,No,One year,No,Bank transfer (automatic),107.48,1397.86,Yes
CUST-0010483,Male,0,No,No,72,Yes,No,DSL,No,No,No,Yes,No,Yes,Month-to-month,Yes,Bank transfer (automatic),95.45,6830.92,No
CUST-0010484,Female,1,No,Yes,47,Yes,No,DSL,No,No,No,No,Yes,No,Month-to-month,Yes,Electronic check,60.02,2821.31,Yes
CUST-0010485,Female,0,No,No,20,Yes,No,DSL,No,Yes,Yes,No,Yes,Yes,One year,No,Mailed check,83.92,1675.07,No
CUST-0010486,Male,0,Yes,No,72,No,No phone service,Fiber optic,No,No,Yes,No,No,No,Month-to-month,No,Bank transfer (automatic),109.64,7867.0,No
CUST-0010487,Female,0,No,No,72,Yes,No,DSL,No,No,No,Yes,Yes,No,One year,Yes,Electronic check,83.81,6021.58,Yes
CUST-0010488,Male,0,Yes,No,27,Yes,No,DSL,Yes,No,No,Yes,Yes,No,One year,Yes,Credit card (automatic),99.62,2696.97,Yes
CUST-0010489,Female,0,Yes,No,34,Yes,Yes,Fiber optic,Yes,Yes,Yes,No,No,Yes,Month-to-month,No,Credit card (automatic),75.11,2577.59,No
CUST-0010490,Male,0,Yes,No,72,Yes,No,Fiber optic,No,No,No,No,No,No,Month-to-month,No,Electronic check,108.6,7824.92,No
CUST-0010491,Female,0,No,No,13,Yes,No,Fiber optic,No,Yes,No,No,No,No,Month-to-month,Yes,Mailed check,70.87,905.37,Yes
CUST-0010492,Female,0,Yes,No,18,Yes,No,Fiber optic,No,No,No,No,No,No,One year,Yes,Mailed check,104.86,1942.48,No
CUST-0010493,Male,0,No,No,23,No,No phone service,Fiber optic,Yes,Yes,No,No,No,Yes,Month-to-month,Yes,Mailed check,99.04,2260.71,No
CUST-0010494,Female,1,No,Yes,7,Yes,No,No,No internet service,No internet service,No internet service,No internet service,No internet service,No internet service,Month-to-month,Yes,Electronic check,85.96,608.54,No
CUST-0010495,Male,1,Yes,No,1,Yes,No,DSL,No,No,Yes,Yes,Yes,Yes,One year,No,Electronic check,102.9,131.38,Yes
CUST-0010496,Male,1,No,Yes,1,Yes,Yes,No,No internet service,No internet service,No internet service,No internet service,No internet service,No internet service,Month-to-month,Yes,Credit card (automatic),61.42,68.93,No
CUST-0010497,Male,0,Yes,No,0,Yes,Yes,DSL,Yes,No,Yes,No,No,Yes,Month-to-month,Yes,Electronic check,92.51,,No
CUST-0010498,Female,0,Yes,Yes,9,Yes,Yes,Fiber optic,No,No,No,Yes,No,No,Month-to-month,Yes,Electronic check,70.51,619.85,No
CUST-0010499,Female,1,Yes,No,18,Yes,No,Fiber optic,No,Yes,No,No,Yes,No,Month-to-month,Yes,Mailed check,57.25,1058.17,No
CUST-0010500,Female,0,No,No,17,Yes,No,DSL,No,No,No,No,No,Yes,Two year,Yes,Bank transfer (automatic),112.16,1932.68,No
CUST-0010501,Male,0,Yes,Yes,3,Yes,Yes,Fiber optic,No,No,No,No,No,Yes,Month-to-month,Yes,Mailed check,89.81,272.6,No
CUST-0010502,Male,0,No,No,62,No,No phone service,DSL,No,Yes,Yes,No,No,No,Two year,Yes,Electronic check,79.76,4950.62,No
CUST-0010503,Female,0,Yes,Yes,14,Yes,Yes,Fiber optic,Yes,No,No,No,No,No,Month-to-month,Yes,Bank transfer (automatic),104.66,1515.16,No
CUST-0010504,Female,0,Yes,Yes,7,Yes,Yes,Fiber optic,No,Yes,No,Yes,No,No,Month-to-month,Yes,Electronic check,95.25,644.9,Yes
CUST-0010505,Male,1,No,Yes,21,Yes,No,Fiber optic,No,No,No,No,No,No,Month-to-month,Yes,Mailed check,75.59,1569.58,Yes
CUST-0010506,Male,0,No,No,23,Yes,No,Fiber optic,No,No,No,No,No,No,Month-to-month,Yes,Mailed check,79.63,1840.95,No
CUST-0010507,Female,0,No,No,18,Yes,No,DSL,No,Yes,Yes,No,Yes,No,Two year,Yes,Credit card (automatic),76.33,1334.75,Yes
CUST-0010508,Female,0,No,No,23,No,No phone service,Fiber optic,Yes,No,Yes,No,No,No,One year,Yes,Mailed check,92.19,2124.38,Yes
CUST-0010509,Male,0,Yes,No,34,Yes,No,Fiber optic,No,Yes,Yes,No,Yes,Yes,Two year,Yes,Electronic check,63.93,2229.01,No
CUST-0010510,Male,1,No,Yes,49,Yes,No,Fiber optic,No,Yes,No,No,No,Yes,Month-to-month,Yes,Bank transfer (automatic),90.37,4439.68,No
CUST-0010511,Male,0,Yes,No,38,Yes,No,DSL,No,No,No,No,No,Yes,Month-to-month,Yes,Bank transfer (automatic),113.91,4330.45,No
CUST-0010512,Male,0,No,No,3,Yes,Yes,Fiber optic,No,No,Yes,No,No,No,Month-to-month,Yes,Electronic check,105.36,300.37,No
CUST-0010513,Female,0,No,No,3,Yes,No,Fiber optic,No,No,No,Yes,Yes,No,Month-to-month,Yes,Electronic check,73.55,229.45,No
CUST-0010514,Male,0,No,Yes,33,Yes,Yes,Fiber optic,Yes,Yes,No,No,No,No,Month-to-month,No,Credit card (automatic),87.63,2891.68,No
CUST-0010515,Male,0,No,No,19,Yes,Yes,DSL,Yes,No,Yes,No,Yes,Yes,Month-to-month,Yes,Credit card (automatic),118.75,2276.88,No
CUST-0010516,Female,0,Yes,No,15,Yes,No,No,No internet service,No internet service,No internet service,No internet service,No internet service,No internet service,One year,Yes,Electronic check,107.06,1545.76,No
CUST-0010517,Female,0,No,No,11,Yes,No,Fiber optic,No,No,No,No,No,Yes,One year,Yes,Mailed check,92.55,1033.16,Yes
CUST-0010518,Male,0,Yes,No,13,Yes,Yes,Fiber optic,No,Yes,Yes,Yes,No,No,Month-to-month,Yes,Electronic check,98.94,1247.21,No
CUST-0010519,Male,0,No,No,3,Yes,No,Fiber optic,Yes,No,No,No,Yes,Yes,One year,Yes,Electronic check,93.68,276.93,Yes
CUST-0010520,Female,0,No,No,45,Yes,Yes,No,No internet service,No internet service,No internet service,No internet service,No internet service,No internet service,One year,Yes,Credit card (automatic),118.75,5312.53,Yes
CUST-0010521,Female,0,No,No,11,Yes,No,Fiber optic,No,No,Yes,No,Yes,No,Month-to-month,Yes,Electronic check,110.08,1203.11,No
CUST-0010522,Male,0,No,Yes,29,No,No phone service,Fiber optic,No,No,No,No,No,No,One year,Yes,Mailed check,98.25,2869.58,Yes
CUST-0010523,Female,0,No,No,28,Yes,No,DSL,Yes,No,Yes,No,Yes,No,Two year,No,Bank transfer (automatic),110.89,3055.44,No
CUST-0010524,Male,0,Yes,No,9,Yes,No,Fiber optic,No,No,No,No,Yes,No,Month-to-month,No,Mailed check,110.98,1016.56,No
CUST-0010525,Female,0,No,No,22,Yes,No,DSL,No,No,No,No,Yes,No,One year,Yes,Bank transfer (automatic),92.3,2011.19,Yes
CUST-0010526,Female,0,Yes,Yes,15,Yes,No,DSL,No,No,Yes,No,No,Yes,Month-to-month,No,Electronic check,89.73,1374.48,No
CUST-0010527,Male,0,No,No,9,Yes,No,Fiber optic,No,No,No,No,No,Yes,Month-to-month,Yes,Electronic check,111.83,954.46,No
CUST-0010528,Male,0,Yes,Yes,26,Yes,Yes,Fiber optic,No,Yes,No,No,No,No,Month-to-month,No,Credit card (automatic),83.0,2140.77,Yes
CUST-0010529,Female,0,Yes,Yes,6,Yes,Yes,Fiber optic,No,No,No,Yes,No,No,One year,No,Mailed check,89.93,559.89,No
CUST-0010530,Male,0,No,No,8,Yes,No,No,No internet service,No internet service,No internet service,No internet service,No internet service,No internet service,Month-to-month,No,Bank transfer (automatic),55.73,431.87,No
CUST-0010531,Female,0,No,No,18,Yes,Yes,Fiber optic,No,Yes,No,No,Yes,No,Month-to-month,No,Mailed check,101.44,1807.81,No
CUST-0010532,Female,0,No,Yes,11,Yes,No,Fiber optic,No,Yes,No,No,No,Yes,Month-to-month,Yes,Credit card (automatic),69.4,770.78,No
CUST-0010533,Female,0,Yes,No,1,Yes,No,No,No internet service,No internet service,No internet service,No internet service,No internet service,No internet service,Month-to-month,Yes,Credit card (automatic),75.5,91.01,No
CUST-0010534,Female,0,No,No,29,Yes,No,Fiber optic,No,Yes,No,No,No,Yes,Month-to-month,No,Mailed check,118.75,3525.32,No
CUST-0010535,Female,0,No,No,7,Yes,No,Fiber optic,Yes,No,No,No,No,No,Two year,Yes,Credit card (automatic),82.81,596.21,No
CUST-0010536,Male,0,Yes,Yes,17,Yes,No,DSL,No,No,No,No,Yes,No,Month-to-month,No,Credit card (automatic),116.13,1987.06,Yes
CUST-0010537,Female,1,No,No,24,Yes,Yes,DSL,No,No,No,Yes,Yes,Yes,Two year,Yes,Electronic check,107.64,2579.99,Yes
CUST-0010538,Female,0,No,Yes,23,Yes,No,DSL,No,No,No,No,No,No,Two year,Yes,Electronic check,64.63,1472.02,Yes
CUST-0010539,Male,0,No,No,8,Yes,No,No,No internet service,No internet service,No internet service,No internet service,No internet service,No internet service,Month-to-month,No,Bank transfer (automatic),75.34,589.82,No
CUST-0010540,Female,0,Yes,No,23,Yes,No,Fiber optic,No,No,No,No,Yes,No,Month-to-month,Yes,Electronic check,75.13,1731.62,Yes
CUST-0010541,Male,1,No,No,7,Yes,No,Fiber optic,No,Yes,Yes,No,Yes,No,One year,Yes,Bank transfer (automatic),77.87,563.77,No
CUST-0010542,Female,0,Yes,Yes,0,Yes,No,Fiber optic,No,No,No,Yes,No,No,Month-to-month,Yes,Electronic check,56.74,,Yes
CUST-0010543,Female,0,Yes,No,20,Yes,Yes,No,No internet service,No internet service,No internet service,No internet service,No internet service,No internet service,Month-to-month,No,Credit card (automatic),94.73,1916.79,No
CUST-0010544,Female,0,No,No,0,Yes,Yes,Fiber optic,Yes,Yes,No,No,Yes,No,Month-to-month,No,Electronic check,93.18,,Yes
CUST-0010545,Female,0,No,No,2,Yes,No,Fiber optic,No,Yes,No,No,Yes,No,Two year,No,Electronic check,66.6,142.65,No
CUST-0010546,Female,0,Yes,No,72,Yes,No,Fiber optic,No,Yes,No,No,Yes,No,One year,Yes,Mailed check,55.41,3988.99,No
CUST-0010547,Female,0,Yes,Yes,1,Yes,Yes,No,No internet service,No internet service,No internet service,No internet service,No internet service,No internet service,Month-to-month,Yes,Mailed check,88.64,72.8,Yes
CUST-0010548,Male,0,Yes,Yes,26,Yes,No,Fiber optic,No,No,Yes,Yes,Yes,Yes,Two year,Yes,Bank transfer (automatic),97.49,2539.12,No
CUST-0010549,Male,0,No,Yes,4,Yes,Yes,No,No internet service,No internet service,No internet service,No internet service,No internet service,No internet service,Month-to-month,No,Bank transfer (automatic),107.91,369.44,No
CUST-0010550,Female,0,No,No,5,Yes,Yes,Fiber optic,No,No,Yes,No,No,Yes,Month-to-month,No,Electronic check,101.16,513.6,No
CUST-0010551,Male,0,No,No,35,Yes,No,Fiber optic,No,No,No,Yes,No,No,Month-to-month,No,Electronic check,107.68,3783.86,Yes
CUST-0010552,Male,1,Yes,No,14,Yes,Yes,Fiber optic,Yes,Yes,No,No,Yes,Yes,Two year,Yes,Mailed check,91.52,1286.38,No
CUST-0010553,Male,0,Yes,Yes,15,Yes,No,Fiber optic,No,No,Yes,No,No,No,One year,Yes,Electronic check,82.17,1238.92,No
CUST-0010554,Female,0,No,No,19,Yes,Yes,DSL,No,No,No,No,No,Yes,One year,Yes,Credit card (automatic),99.25,1896.67,No
CUST-0010555,Male,0,No,No,72,Yes,No,No,No internet service,No internet service,No internet service,No internet service,No internet service,No internet service,Month-to-month,Yes,Mailed check,70.08,5039.29,No
CUST-0010556,Female,0,No,No,30,Yes,No,Fiber optic,Yes,Yes,Yes,Yes,Yes,No,Month-to-month,No,Bank transfer (automatic),91.44,2705.03,No
CUST-0010557,Female,0,No,Yes,4,Yes,No,No,No internet service,No internet service,No internet service,No internet service,No internet service,No internet service,Month-to-month,No,Bank transfer (automatic),106.37,506.22,No
CUST-0010558,Male,0,No,Yes,3,Yes,Yes,Fiber optic,No,No,No,Yes,Yes,No,Month-to-month,No,Bank transfer (automatic),118.75,401.58,No
CUST-0010559,Male,0,Yes,No,0,Yes,No,DSL,No,Yes,No,No,No,Yes,One year,Yes,Electronic check,93.57,,No
CUST-0010560,Female,0,No,No,16,Yes,Yes,Fiber optic,No,Yes,No,Yes,No,No,Month-to-month,No,Electronic check,67.19,1069.22,No
CUST-0010561,Female,0,No,Yes,56,Yes,No,Fiber optic,No,No,No,No,No,No,Two year,Yes,Bank transfer (automatic),94.24,5253.19,No
CUST-0010562,Female,0,Yes,Yes,72,Yes,No,Fiber optic,No,No,No,No,No,No,Month-to-month,Yes,Electronic check,92.4,6688.13,Yes
CUST-0010563,Male,0,Yes,No,2,Yes,No,Fiber optic,Yes,No,No,Yes,No,No,Two year,Yes,Bank transfer (automatic),103.7,200.63,No
CUST-0010564,Male,0,No,No,39,Yes,Yes,DSL,No,No,Yes,Yes,No,No,Month-to-month,Yes,Electronic check,101.1,3915.19,Yes
CUST-0010565,Male,1,No,No,0,Yes,No,Fiber optic,No,No,Yes,No,No,No,Month-to-month,Yes,Mailed check,71.0,,Yes
CUST-0010566,Female,0,No,No,16,Yes,No,No,No internet service,No internet service,No internet service,No internet service,No internet service,No internet service,Month-to-month,No,Credit card (automatic),73.48,1179.03,Yes
CUST-0010567,Male,1,Yes,No,28,Yes,No,Fiber optic,Yes,Yes,Yes,Yes,No,Yes,One year,Yes,Electronic check,32.85,898.49,No
CUST-0010568,Female,0,No,Yes,44,Yes,Yes,Fiber optic,No,Yes,No,No,Yes,No,Month-to-month,No,Electronic check,118.75,5201.75,No
CUST-0010569,Male,0,Yes,Yes,11,Yes,No,DSL,Yes,No,Yes,Yes,No,Yes,Month-to-month,No,Mailed check,83.09,900.96,Yes
CUST-0010570,Female,0,No,No,34,Yes,No,DSL,No,No,No,No,Yes,Yes,One year,Yes,Electronic check,118.75,4038.88,No
CUST-0010571,Female,0,Yes,No,2,No,No phone service,Fiber optic,No,No,No,No,Yes,Yes,Two year,Yes,Bank transfer (automatic),52.08,97.6,No
CUST-0010572,Male,0,Yes,No,35,Yes,No,No,No internet service,No internet service,No internet service,No internet service,No internet service,No internet service,Month-to-month,Yes,Electronic check,96.3,3373.23,No
CUST-0010573,Female,0,Yes,No,47,Yes,No,DSL,Yes,No,No,No,No,Yes,One year,No,Electronic check,68.48,,No
CUST-0010574,Female,0,No,No,72,Yes,No,No,No internet service,No internet service,No internet service,No internet service,No internet service,No internet service,Month-to-month,Yes,Bank transfer (automatic),59.06,4228.0,No
CUST-0010575,Female,0,No,No,9,Yes,No,DSL,Yes,No,No,Yes,No,No,Month-to-month,No,Mailed check,72.28,620.54,No
CUST-0010576,Female,0,No,No,0,Yes,Yes,DSL,No,Yes,Yes,No,Yes,No,One year,Yes,Mailed check,67.3,,No
CUST-0010577,Female,0,No,No,42,Yes,No,DSL,No,No,No,No,No,No,Month-to-month,No,Mailed check,58.92,2451.62,No
CUST-0010578,Female,0,Yes,No,1,Yes,No,DSL,Yes,No,Yes,No,Yes,No,Month-to-month,Yes,Electronic check,60.8,50.02,No
CUST-0010579,Male,0,Yes,Yes,3,Yes,Yes,Fiber optic,No,Yes,No,Yes,No,No,Month-to-month,No,Electronic check,59.03,192.06,Yes
CUST-0010580,Female,1,Yes,No,22,Yes,No,Fiber optic,No,Yes,No,No,No,No,Month-to-month,No,Electronic check,72.2,1580.61,No
CUST-0010581,Male,0,No,Yes,38,Yes,No,Fiber optic,Yes,No,Yes,Yes,No,No,Month-to-month,Yes,Electronic check,83.98,3175.64,No
CUST-0010582,Female,0,Yes,No,13,Yes,No,No,No internet service,No internet service,No internet service,No internet service,No internet service,No internet service,Month-to-month,Yes,Mailed check,96.95,1281.38,No
CUST-0010583,Female,0,Yes,No,50,Yes,No,DSL,No,Yes,No,Yes,No,No,Month-to-month,Yes,Credit card (automatic),110.77,5569.51,Yes
CUST-0010584,Female,0,No,No,22,Yes,No,Fiber optic,No,No,No,No,No,No,Month-to-month,Yes,Mailed check,87.72,1913.82,No
CUST-0010585,Male,0,Yes,No,8,Yes,Yes,No,No internet service,No internet service,No internet service,No internet service,No internet service,No internet service,Month-to-month,Yes,Electronic check,86.02,675.65,Yes
CUST-0010586,Male,0,No,No,7,Yes,No,DSL,Yes,No,Yes,No,Yes,No,One year,Yes,Electronic check,105.31,763.61,No
CUST-0010587,Male,0,No,No,35,No,No phone service,Fiber optic,No,No,No,No,No,Yes,Month-to-month,Yes,Electronic check,77.78,2720.02,No
CUST-0010588,Male,1,Yes,Yes,12,Yes,No,No,No internet service,No internet service,No internet service,No internet service,No internet service,No internet service,One year,No,Bank transfer (automatic),90.86,1064.53,No
CUST-0010589,Male,0,Yes,No,39,Yes,No,Fiber optic,No,Yes,No,No,No,No,Month-to-month,No,Credit card (automatic),50.57,1937.0,No
CUST-0010590,Female,0,Yes,Yes,7,Yes,Yes,Fiber optic,No,No,No,No,No,Yes,Month-to-month,Yes,Electronic check,85.24,601.67,No
CUST-0010591,Male,0,No,No,56,Yes,No,Fiber optic,No,No,No,No,Yes,No,Month-to-month,Yes,Mailed check,75.68,4246.75,Yes
CUST-0010592,Female,1,No,No,32,Yes,No,DSL,Yes,No,Yes,No,Yes,Yes,Month-to-month,Yes,Bank transfer (automatic),116.33,3756.79,No
CUST-0010593,Female,0,No,Yes,72,Yes,No,DSL,No,No,No,No,Yes,Yes,Month-to-month,Yes,Credit card (automatic),68.05,4898.79,No
CUST-0010594,Female,0,Yes,No,15,Yes,Yes,No,No internet service,No internet service,No internet service,No internet service,No internet service,No internet service,One year,Yes,Mailed check,118.75,1760.99,Yes
CUST-0010595,Female,0,No,Yes,1,Yes,Yes,DSL,No,No,No,No,No,Yes,Month-to-month,Yes,Electronic check,88.31,112.86,No
CUST-0010596,Female,0,No,Yes,25,Yes,Yes,Fiber optic,No,No,Yes,Yes,No,No,One year,No,Bank transfer (automatic),80.36,2044.64,Yes
CUST-0010597,Female,0,Yes,No,12,Yes,No,No,No internet service,No internet service,No internet service,No internet service,No internet service,No internet service,One year,Yes,Bank transfer (automatic),89.1,1109.06,No
CUST-0010598,Male,0,Yes,Yes,11,Yes,Yes,No,No internet service,No internet service,No internet service,No internet service,No internet service,No internet service,Month-to-month,Yes,Mailed check,90.15,1036.85,No
CUST-0010599,Female,0,No,Yes,17,Yes,No,Fiber optic,No,Yes,No,Yes,No,No,One year,Yes,Electronic check,110.7,1906.21,No
CUST-0010600,Female,1,Yes,No,16,Yes,No,No,No internet service,No internet service,No internet service,No internet service,No internet service,No internet service,Month-to-month,Yes,Credit card (automatic),83.59,1377.62,No
CUST-0010601,Female,0,No,No,2,Yes,Yes,DSL,No,Yes,No,Yes,No,Yes,Month-to-month,Yes,Credit card (automatic),62.39,122.78,No
CUST-0010602,Male,0,Yes,No,72,Yes,No,No,No internet service,No internet service,No internet service,No internet service,No internet service,No internet service,Month-to-month,Yes,Bank transfer (automatic),84.84,6140.93,Yes
CUST-0010603,Female,1,Yes,No,38,Yes,No,No,No internet service,No internet service,No internet service,No internet service,No internet service,No internet service,Month-to-month,No,Electronic check,88.7,3373.19,No
CUST-0010604,Female,0,Yes,No,0,Yes,Yes,No,No internet service,No internet service,No internet service,No internet service,No internet service,No internet service,Two year,No,Mailed check,95.09,,No
CUST-0010605,Male,0,No,Yes,1,Yes,No,Fiber optic,Yes,No,Yes,No,No,No,Month-to-month,Yes,Bank transfer (automatic),102.94,66.35,No
CUST-0010606,Male,0,Yes,No,72,Yes,Yes,Fiber optic,Yes,No,No,No,No,No,Month-to-month,Yes,Bank transfer (automatic),28.67,2094.67,Yes
CUST-0010607,Female,0,No,No,29,Yes,Yes,Fiber optic,No,No,No,No,No,No,One year,Yes,Electronic check,99.53,2890.53,No
CUST-0010608,Female,0,Yes,Yes,34,Yes,Yes,DSL,No,Yes,No,Yes,No,Yes,One year,No,Credit card (automatic),71.73,2447.8,No
CUST-0010609,Male,1,Yes,Yes,62,Yes,Yes,Fiber optic,Yes,Yes,No,No,No,No,Two year,Yes,Electronic check,113.88,7044.15,No
CUST-0010610,Male,1,No,No,61,Yes,Yes,Fiber optic,Yes,No,No,No,Yes,No,Month-to-month,No,Bank transfer (automatic),94.63,5798.26,No
CUST-0010611,Male,0,No,No,40,Yes,No,No,No internet service,No internet service,No internet service,No internet service,No internet service,No internet service,Month-to-month,Yes,Mailed check,55.2,2188.35,Yes
CUST-0010612,Male,0,Yes,No,72,Yes,Yes,Fiber optic,No,No,Yes,No,No,No,Month-to-month,Yes,Bank transfer (automatic),80.81,5844.36,No
CUST-0010613,Male,0,Yes,Yes,42,Yes,Yes,DSL,No,No,No,No,No,No,Month-to-month,Yes,Mailed check,89.47,3757.68,No
CUST-0010614,Female,1,Yes,Yes,47,Yes,No,DSL,No,No,Yes,No,No,Yes,Two year,Yes,Bank transfer (automatic),90.75,4254.64,No
CUST-0010615,Female,0,No,No,49,Yes,Yes,No,No internet service,No internet service,No internet service,No internet service,No internet service,No internet service,Two year,Yes,Electronic check,108.66,5289.38,No
CUST-0010616,Male,0,No,No,15,Yes,Yes,Fiber optic,Yes,Yes,No,No,No,Yes,Two year,Yes,Electronic check,110.55,1666.47,Yes
CUST-0010617,Male,0,Yes,No,0,Yes,Yes,Fiber optic,No,No,No,Yes,No,Yes,Month-to-month,No,Electronic check,118.75,,Yes
CUST-0010618,Female,0,No,Yes,8,Yes,No,DSL,Yes,No,Yes,Yes,Yes,No,Two year,Yes,Credit card (automatic),105.01,849.65,Yes
CUST-0010619,Male,0,Yes,No,28,Yes,Yes,DSL,Yes,No,Yes,No,No,Yes,Month-to-month,Yes,Electronic check,82.2,2221.86,Yes
CUST-0010620,Female,0,No,No,0,Yes,No,Fiber optic,No,No,Yes,Yes,No,No,Month-to-month,Yes,Credit card (automatic),85.84,,No
CUST-0010621,Female,0,No,No,34,No,No phone service,DSL,No,No,Yes,No,Yes,Yes,One year,No,Mailed check,107.03,3638.23,No
CUST-0010622,Female,0,No,No,53,Yes,No,Fiber optic,No,No,Yes,Yes,No,No,Month-to-month,Yes,Mailed check,85.25,4501.21,No
CUST-0010623,Female,0,Yes,No,17,Yes,No,Fiber optic,Yes,Yes,No,No,Yes,No,One year,No,Electronic check,82.5,1411.45,Yes
CUST-0010624,Male,0,Yes,Yes,8,Yes,Yes,Fiber optic,No,Yes,No,No,No,Yes,One year,Yes,Electronic check,81.12,665.42,Yes
CUST-0010625,Female,0,Yes,No,3,Yes,No,DSL,No,No,Yes,No,Yes,No,One year,Yes,Credit card (automatic),118.75,,No
CUST-0010626,Male,1,Yes,No,21,Yes,No,No,No internet service,No internet service,No internet service,No internet service,No internet service,No internet service,Month-to-month,Yes,Credit card (automatic),87.46,1824.63,Yes
CUST-0010627,Male,0,Yes,Yes,54,Yes,Yes,Fiber optic,No,No,No,No,Yes,Yes,Month-to-month,No,Mailed check,106.41,5738.37,No
CUST-0010628,Female,1,Yes,No,5,Yes,No,Fiber optic,No,Yes,Yes,No,Yes,No,One year,Yes,Electronic check,115.65,574.68,No
CUST-0010629,Female,0,Yes,Yes,19,Yes,Yes,No,No internet service,No internet service,No internet service,No internet service,No internet service,No internet service,One year,Yes,Electronic check,88.47,1667.97,No
CUST-0010630,Male,0,Yes,No,11,Yes,No,DSL,No,No,No,Yes,Yes,No,Month-to-month,Yes,Bank transfer (automatic),54.3,614.21,No
CUST-0010631,Male,1,Yes,Yes,45,Yes,Yes,DSL,No,Yes,No,No,No,Yes,Month-to-month,Yes,Electronic check,55.57,2509.94,Yes
CUST-0010632,Male,0,No,Yes,14,Yes,No,DSL,No,No,Yes,No,Yes,No,Month-to-month,Yes,Electronic check,95.25,1311.69,Yes
CUST-0010633,Female,0,Yes,Yes,17,Yes,Yes,DSL,Yes,No,No,No,No,No,Month-to-month,Yes,Electronic check,45.32,783.32,Yes
CUST-0010634,Female,0,No,No,5,Yes,Yes,Fiber optic,No,No,No,Yes,No,Yes,Month-to-month,Yes,Electronic check,118.75,621.14,No
CUST-0010635,Female,0,No,No,21,Yes,No,Fiber optic,No,No,No,No,No,No,Month-to-month,Yes,Electronic check,92.03,1979.2,No
CUST-0010636,Female,0,No,No,12,Yes,Yes,No,No internet service,No internet service,No internet service,No internet service,No internet service,No internet service,Month-to-month,Yes,Mailed check,118.75,1438.97,No
CUST-0010637,Female,0,Yes,Yes,7,Yes,Yes,DSL,No,Yes,Yes,No,Yes,Yes,Month-to-month,No,Credit card (automatic),91.28,,No
CUST-0010638,Female,0,No,No,72,Yes,No,DSL,Yes,Yes,No,No,No,Yes,Month-to-month,No,Bank transfer (automatic),69.69,5024.18,No
CUST-0010639,Female,1,Yes,No,23,Yes,No,Fiber optic,No,No,Yes,No,No,Yes,Month-to-month,Yes,Mailed check,81.08,1873.75,Yes
CUST-0010640,Female,1,No,Yes,68,Yes,No,No,No internet service,No internet service,No internet service,No internet service,No internet service,No internet service,Two year,Yes,Bank transfer (automatic),86.48,5859.68,No
CUST-0010641,Male,0,Yes,Yes,72,Yes,No,DSL,No,No,Yes,No,No,Yes,Two year,Yes,Electronic check,118.75,8567.6,No
CUST-0010642,Male,0,No,No,22,Yes,Yes,Fiber optic,No,No,No,No,Yes,No,Month-to-month,Yes,Electronic check,99.03,2160.8,Yes
CUST-0010643,Male,0,Yes,Yes,60,Yes,No,DSL,No,No,No,No,No,No,Month-to-month,No,Bank transfer (automatic),67.64,4083.66,No
CUST-0010644,Female,0,Yes,No,1,Yes,No,Fiber optic,No,No,Yes,No,No,Yes,Two year,Yes,Credit card (automatic),118.75,98.12,No
CUST-0010645,Female,1,No,No,2,Yes,No,No,No internet service,No internet service,No internet service,No internet service,No internet service,No internet service,Month-to-month,No,Mailed check,42.31,,Yes
CUST-0010646,Female,1,No,No,72,Yes,No,Fiber optic,No,Yes,No,No,No,Yes,Month-to-month,Yes,Credit card (automatic),83.58,6034.55,No
CUST-0010647,Female,0,Yes,Yes,60,Yes,Yes,Fiber optic,No,No,No,Yes,Yes,Yes,Two year,Yes,Electronic check,84.42,5115.09,No
CUST-0010648,Male,1,No,No,72,Yes,No,Fiber optic,No,Yes,Yes,Yes,No,No,One year,Yes,Credit card (automatic),68.88,5033.3,Yes
CUST-0010649,Male,0,No,No,41,Yes,No,Fiber optic,No,No,No,No,Yes,Yes,Two year,Yes,Electronic check,97.77,4018.92,Yes
CUST-0010650,Male,0,Yes,No,17,Yes,No,Fiber optic,No,No,Yes,No,No,Yes,One year,Yes,Credit card (automatic),102.43,1705.91,No
CUST-0010651,Male,0,Yes,Yes,10,Yes,Yes,Fiber optic,No,No,No,No,No,No,Month-to-month,Yes,Credit card (automatic),86.34,854.17,No
CUST-0010652,Male,1,Yes,No,16,Yes,No,Fiber optic,No,Yes,No,No,No,Yes,Month-to-month,Yes,Credit card (automatic),118.75,1894.96,Yes
CUST-0010653,Female,0,Yes,No,6,Yes,Yes,DSL,No,No,No,Yes,Yes,Yes,One year,Yes,Bank transfer (automatic),71.29,409.86,No
CUST-0010654,Female,0,No,No,16,Yes,Yes,No,No internet service,No internet service,No internet service,No internet service,No internet service,No internet service,Month-to-month,Yes,Electronic check,87.49,1431.7,Yes
CUST-0010655,Female,0,Yes,Yes,70,Yes,No,Fiber optic,No,No,Yes,Yes,Yes,Yes,Month-to-month,No,Electronic check,118.75,8384.17,No
CUST-0010656,Female,1,Yes,Yes,26,Yes,No,Fiber optic,No,Yes,Yes,No,No,No,Two year,No,Mailed check,118.75,3064.01,Yes
CUST-0010657,Female,0,No,No,32,Yes,Yes,DSL,No,No,Yes,No,No,Yes,Two year,Yes,Electronic check,97.75,3136.54,No
CUST-0010658,Male,0,No,Yes,45,Yes,No,Fiber optic,No,No,No,No,No,Yes,One year,Yes,Electronic check,108.47,4908.02,No
CUST-0010659,Male,0,Yes,No,22,Yes,No,DSL,No,No,Yes,No,Yes,No,One year,Yes,Credit card (automatic),77.77,,No
CUST-0010660,Female,0,No,Yes,12,Yes,No,No,No internet service,No internet service,No internet service,No internet service,No internet service,No internet service,Month-to-month,Yes,Bank transfer (automatic),113.64,1351.95,Yes
CUST-0010661,Male,0,Yes,No,4,Yes,No,Fiber optic,No,No,No,No,No,Yes,Month-to-month,No,Bank transfer (automatic),69.62,312.42,Yes
CUST-0010662,Female,0,Yes,Yes,29,Yes,No,DSL,No,No,No,Yes,No,Yes,One year,Yes,Electronic check,85.25,2457.26,No
CUST-0010663,Male,0,No,No,18,Yes,Yes,DSL,No,No,Yes,Yes,Yes,No,Month-to-month,No,Mailed check,98.83,1804.04,Yes
CUST-0010664,Female,0,Yes,No,12,Yes,No,Fiber optic,No,No,Yes,Yes,Yes,No,Month-to-month,No,Bank transfer (automatic),67.68,815.08,Yes
CUST-0010665,Male,1,No,Yes,36,No,No phone service,DSL,No,No,Yes,No,No,No,Month-to-month,Yes,Bank transfer (automatic),98.21,3558.5,No
CUST-0010666,Male,0,No,No,72,Yes,No,Fiber optic,No,No,No,Yes,Yes,No,One year,Yes,Credit card (automatic),117.69,8479.74,No
CUST-0010667,Female,0,Yes,No,1,Yes,Yes,Fiber optic,Yes,No,No,No,Yes,No,Month-to-month,No,Mailed check,117.04,100.86,No
CUST-0010668,Male,0,Yes,No,8,Yes,Yes,DSL,Yes,Yes,Yes,Yes,No,No,One year,Yes,Bank transfer (automatic),76.5,625.34,Yes
CUST-0010669,Male,0,Yes,No,6,Yes,No,Fiber optic,No,Yes,Yes,No,No,Yes,One year,No,Credit card (automatic),54.81,344.03,No
CUST-0010670,Male,0,No,No,31,Yes,No,Fiber optic,No,No,No,No,No,No,One year,No,Mailed check,101.96,3148.55,No
CUST-0010671,Male,0,Yes,Yes,72,Yes,Yes,No,No internet service,No internet service,No internet service,No internet service,No internet service,No internet service,Month-to-month,Yes,Electronic check,118.75,8559.05,Yes
CUST-0010672,Male,1,No,No,44,No,No phone service,DSL,No,No,No,No,Yes,Yes,One year,Yes,Electronic check,111.3,4865.82,No
CUST-0010673,Female,0,Yes,No,23,No,No phone service,Fiber optic,No,No,Yes,No,No,No,Month-to-month,No,Electronic check,114.36,2644.71,Yes
CUST-0010674,Female,0,Yes,Yes,16,Yes,No,DSL,Yes,No,No,No,No,No,Month-to-month,Yes,Credit card (automatic),74.61,,No
CUST-0010675,Female,1,No,No,30,Yes,Yes,Fiber optic,No,No,No,No,Yes,No,One year,Yes,Credit card (automatic),100.61,3033.26,No
CUST-0010676,Female,0,Yes,No,12,Yes,Yes,Fiber optic,Yes,Yes,No,No,No,No,One year,Yes,Electronic check,118.75,1412.74,No
CUST-0010677,Male,0,No,No,35,Yes,Yes,DSL,No,No,No,No,No,Yes,Two year,Yes,Bank transfer (automatic),118.75,4160.81,Yes
CUST-0010678,Female,0,No,No,10,Yes,Yes,DSL,No,No,No,No,No,Yes,One year,Yes,Electronic check,94.41,917.72,No
CUST-0010679,Male,0,Yes,No,9,No,No phone service,No,No internet service,No internet service,No internet service,No internet service,No internet service,No internet service,Two year,Yes,Electronic check,104.55,944.13,No
CUST-0010680,Female,0,No,Yes,2,No,No phone service,Fiber optic,No,No,No,Yes,Yes,No,Two year,Yes,Electronic check,93.75,187.28,Yes
CUST-0010681,Male,0,No,No,9,Yes,No,DSL,No,No,Yes,Yes,Yes,Yes,Month-to-month,No,Mailed check,90.02,828.97,Yes
CUST-0010682,Male,0,No,Yes,18,Yes,Yes,DSL,Yes,Yes,Yes,No,No,Yes,Month-to-month,No,Bank transfer (automatic),82.65,1496.17,No
CUST-0010683,Male,0,No,No,54,Yes,No,DSL,No,No,Yes,No,No,No,Two year,Yes,Mailed check,32.39,1744.98,No
CUST-0010684,Male,0,Yes,No,41,Yes,Yes,DSL,Yes,Yes,Yes,Yes,No,Yes,Month-to-month,Yes,Mailed check,109.93,4479.96,Yes
CUST-0010685,Male,0,Yes,No,60,Yes,Yes,Fiber optic,Yes,No,Yes,No,No,No,Month-to-month,No,Mailed check,51.4,3096.41,Yes
CUST-0010686,Female,1,Yes,No,10,Yes,No,Fiber optic,No,No,No,Yes,Yes,Yes,Month-to-month,No,Bank transfer (automatic),85.94,903.66,No
CUST-0010687,Female,0,No,Yes,37,Yes,No,DSL,No,No,No,No,No,No,Month-to-month,Yes,Electronic check,118.75,4395.63,No
CUST-0010688,Female,0,No,No,5,Yes,Yes,Fiber optic,No,No,No,No,Yes,Yes,One year,Yes,Credit card (automatic),75.67,408.0,No
CUST-0010689,Female,1,Yes,Yes,8,Yes,No,DSL,No,Yes,No,Yes,Yes,No,Month-to-month,Yes,Credit card (automatic),84.53,684.08,No
CUST-0010690,Female,0,No,No,6,Yes,No,Fiber optic,No,No,No,No,No,No,One year,Yes,Mailed check,93.45,565.27,No
CUST-0010691,Female,0,Yes,No,60,Yes,No,DSL,Yes,No,No,No,No,No,One year,No,Electronic check,58.59,3510.61,No
CUST-0010692,Male,0,Yes,Yes,52,Yes,No,Fiber optic,Yes,No,Yes,Yes,No,Yes,Month-to-month,Yes,Electronic check,80.6,,No
CUST-0010693,Male,0,Yes,No,13,Yes,No,DSL,Yes,No,Yes,Yes,Yes,No,Month-to-month,Yes,Bank transfer (automatic),91.0,1180.56,Yes
CUST-0010694,Female,0,Yes,No,72,Yes,No,DSL,No,No,Yes,No,No,Yes,Month-to-month,Yes,Electronic check,105.64,7616.81,Yes
CUST-0010695,Male,1,Yes,Yes,38,No,No phone service,Fiber optic,No,Yes,No,No,Yes,Yes,Month-to-month,No,Bank transfer (automatic),118.14,4472.08,No
CUST-0010696,Male,0,Yes,No,44,Yes,Yes,Fiber optic,No,No,No,No,No,No,Month-to-month,No,Electronic check,108.4,4780.58,No
CUST-0010697,Female,0,No,No,32,Yes,No,Fiber optic,No,No,No,No,Yes,Yes,Month-to-month,Yes,Bank transfer (automatic),76.97,2461.5,No
CUST-0010698,Male,0,Yes,No,24,Yes,No,No,No internet service,No internet service,No internet service,No internet service,No internet service,No internet service,Month-to-month,No,Bank transfer (automatic),108.06,2574.92,No
CUST-0010699,Female,0,Yes,No,7,Yes,Yes,Fiber optic,No,No,No,Yes,No,Yes,Two year,Yes,Electronic check,71.71,,Yes
CUST-0010700,Male,1,No,No,72,No,No phone service,DSL,No,No,No,No,No,Yes,Month-to-month,No,Mailed check,99.69,7186.47,Yes
CUST-0010701,Male,0,No,Yes,16,Yes,No,Fiber optic,No,No,Yes,No,No,Yes,One year,No,Mailed check,96.92,1561.98,Yes
CUST-0010702,Male,0,Yes,Yes,52,Yes,Yes,No,No internet service,No internet service,No internet service,No internet service,No internet service,No internet service,Month-to-month,Yes,Electronic check,87.58,4539.59,No
CUST-0010703,Male,0,Yes,No,13,Yes,Yes,Fiber optic,No,Yes,Yes,No,No,Yes,One year,Yes,Electronic check,65.97,869.69,Yes
CUST-0010704,Female,0,Yes,No,11,Yes,No,Fiber optic,Yes,Yes,No,No,Yes,No,Two year,No,Electronic check,94.41,1031.08,No
CUST-0010705,Male,0,Yes,No,11,Yes,Yes,DSL,Yes,No,No,Yes,Yes,No,Month-to-month,Yes,Electronic check,105.93,1191.83,No
CUST-0010706,Male,0,Yes,No,3,Yes,No,DSL,No,Yes,Yes,No,No,No,Month-to-month,Yes,Mailed check,86.4,238.05,No
CUST-0010707,Male,0,Yes,No,3,Yes,Yes,No,No internet service,No internet service,No internet service,No internet service,No internet service,No internet service,Month-to-month,Yes,Electronic check,118.75,,Yes
CUST-0010708,Male,0,Yes,No,4,Yes,No,Fiber optic,No,Yes,Yes,No,No,No,Month-to-month,Yes,Credit card (automatic),83.15,,No
CUST-0010709,Male,0,No,No,5,Yes,No,No,No internet service,No internet service,No internet service,No internet service,No internet service,No internet service,One year,No,Bank transfer (automatic),90.48,441.86,No
CUST-0010710,Male,0,No,Yes,19,Yes,No,Fiber optic,Yes,No,Yes,No,Yes,Yes,Month-to-month,Yes,Bank transfer (automatic),66.14,1274.53,Yes
CUST-0010711,Female,1,No,Yes,14,Yes,No,Fiber optic,No,No,No,No,Yes,No,One year,Yes,Electronic check,81.73,1140.39,No
CUST-0010712,Female,0,No,No,0,Yes,No,Fiber optic,No,Yes,Yes,No,No,Yes,Month-to-month,Yes,Bank transfer (automatic),89.08,,No
CUST-0010713,Female,0,No,No,66,Yes,No,Fiber optic,No,No,No,No,No,No,Two year,Yes,Bank transfer (automatic),80.71,5272.9,No
CUST-0010714,Male,0,No,Yes,59,Yes,No,DSL,Yes,No,No,Yes,Yes,Yes,Month-to-month,Yes,Mailed check,80.45,4738.41,Yes
CUST-0010715,Male,0,No,No,61,Yes,No,No,No internet service,No internet service,No internet service,No internet service,No internet service,No internet service,Month-to-month,No,Credit card (automatic),110.75,6756.11,No
CUST-0010716,Female,0,No,Yes,17,Yes,No,DSL,No,No,No,Yes,Yes,Yes,Month-to-month,Yes,Electronic check,84.47,1449.04,No
CUST-0010717,Male,0,Yes,Yes,29,Yes,Yes,DSL,No,No,No,No,No,No,Month-to-month,Yes,Credit card (automatic),85.26,2460.27,Yes
CUST-0010718,Male,0,Yes,Yes,33,Yes,No,Fiber optic,No,Yes,No,No,Yes,No,Month-to-month,Yes,Electronic check,86.78,2833.86,No
CUST-0010719,Female,1,No,No,29,Yes,Yes,Fiber optic,No,Yes,No,No,Yes,No,Month-to-month,Yes,Electronic check,104.03,3030.09,No
CUST-0010720,Female,0,Yes,Yes,13,Yes,No,Fiber optic,No,Yes,Yes,Yes,Yes,Yes,Month-to-month,Yes,Electronic check,106.12,1391.76,No
CUST-0010721,Female,0,No,No,10,Yes,No,No,No internet service,No internet service,No internet service,No internet service,No internet service,No internet service,Month-to-month,No,Mailed check,91.22,859.71,Yes
CUST-0010722,Female,0,No,Yes,72,Yes,Yes,DSL,Yes,No,Yes,No,Yes,No,Two year,Yes,Credit card (automatic),99.6,7152.41,Yes
CUST-0010723,Female,0,No,Yes,5,No,No phone service,DSL,Yes,Yes,Yes,Yes,No,Yes,Month-to-month,Yes,Credit card (automatic),116.86,541.3,No
CUST-0010724,Female,0,No,No,16,Yes,Yes,DSL,No,Yes,No,No,No,No,Month-to-month,Yes,Credit card (automatic),88.34,1371.64,No
CUST-0010725,Female,0,Yes,No,37,Yes,No,Fiber optic,No,No,No,No,Yes,Yes,Two year,Yes,Electronic check,89.96,3292.65,No
CUST-0010726,Female,0,No,Yes,28,Yes,No,No,No internet service,No internet service,No internet service,No internet service,No internet service,No internet service,Month-to-month,Yes,Electronic check,83.68,2338.27,No
CUST-0010727,Female,0,Yes,Yes,20,Yes,No,Fiber optic,Yes,Yes,No,No,No,No,Month-to-month,Yes,Electronic check,96.09,1976.2,No
CUST-0010728,Male,0,Yes,No,26,Yes,No,No,No internet service,No internet service,No internet service,No internet service,No internet service,No internet service,Month-to-month,No,Electronic check,91.54,2395.25,Yes
CUST-0010729,Male,1,No,No,52,Yes,No,No,No internet service,No internet service,No internet service,No internet service,No internet service,No internet service,Two year,Yes,Mailed check,92.2,4801.6,No
CUST-0010730,Male,1,Yes,No,59,Yes,No,Fiber optic,No,No,No,Yes,No,No,Month-to-month,Yes,Bank transfer (automatic),92.95,5473.27,No
CUST-0010731,Male,0,Yes,Yes,21,Yes,No,DSL,No,Yes,No,Yes,No,Yes,One year,No,Mailed check,118.14,,No
CUST-0010732,Male,0,No,No,11,Yes,No,Fiber optic,No,No,No,No,No,Yes,Month-to-month,No,Electronic check,118.75,1296.1,No
CUST-0010733,Female,0,No,No,21,Yes,Yes,Fiber optic,No,No,No,Yes,No,Yes,Two year,Yes,Mailed check,118.75,2477.34,No
CUST-0010734,Male,0,Yes,Yes,26,No,No phone service,Fiber optic,No,No,No,No,Yes,Yes,One year,Yes,Mailed check,98.55,2627.86,No
CUST-0010735,Female,0,No,No,18,Yes,No,Fiber optic,No,Yes,No,Yes,Yes,Yes,Month-to-month,Yes,Mailed check,100.96,1821.8,No
CUST-0010736,Female,1,No,Yes,4,Yes,No,Fiber optic,No,No,No,Yes,Yes,Yes,Month-to-month,No,Electronic check,115.29,457.61,No
CUST-0010737,Female,1,Yes,Yes,24,Yes,No,No,No internet service,No internet service,No internet service,No internet service,No internet service,No internet service,One year,Yes,Credit card (automatic),75.69,1804.7,No
CUST-0010738,Female,0,No,No,19,Yes,No,DSL,No,Yes,Yes,No,No,No,Month-to-month,Yes,Bank transfer (automatic),95.57,1777.83,No
CUST-0010739,Male,0,No,Yes,10,Yes,No,Fiber optic,Yes,No,Yes,No,No,No,Month-to-month,No,Mailed check,68.85,677.28,Yes
CUST-0010740,Male,1,Yes,No,0,No,No phone service,DSL,No,No,No,Yes,No,Yes,Two year,Yes,Electronic check,100.1,,No
CUST-0010741,Male,0,No,No,44,Yes,Yes,DSL,No,No,No,No,No,Yes,Month-to-month,Yes,Credit card (automatic),118.75,5239.92,Yes
CUST-0010742,Male,0,No,No,33,Yes,Yes,Fiber optic,Yes,Yes,Yes,Yes,No,No,Month-to-month,No,Mailed check,92.38,3055.44,No
CUST-0010743,Female,0,No,No,34,Yes,No,Fiber optic,No,Yes,Yes,No,No,Yes,Month-to-month,Yes,Electronic check,114.63,3901.29,No
CUST-0010744,Male,0,Yes,No,12,Yes,No,Fiber optic,No,No,No,Yes,Yes,Yes,Month-to-month,No,Mailed check,86.73,1078.96,No
CUST-0010745,Female,1,Yes,Yes,25,Yes,No,Fiber optic,No,Yes,Yes,Yes,Yes,No,One year,No,Bank transfer (automatic),57.01,1474.78,No
CUST-0010746,Female,0,Yes,No,41,Yes,No,Fiber optic,No,Yes,No,Yes,Yes,Yes,Month-to-month,No,Bank transfer (automatic),78.78,3210.21,No
CUST-0010747,Male,0,No,No,21,Yes,Yes,DSL,No,No,No,Yes,No,Yes,One year,Yes,Electronic check,117.88,2478.76,No
CUST-0010748,Female,0,Yes,No,17,Yes,Yes,No,No internet service,No internet service,No internet service,No internet service,No internet service,No internet service,Month-to-month,No,Credit card (automatic),117.64,2022.77,No
CUST-0010749,Female,0,Yes,No,11,Yes,Yes,Fiber optic,No,No,Yes,No,No,No,Month-to-month,Yes,Electronic check,90.92,1035.78,No
CUST-0010750,Female,1,Yes,No,72,No,No phone service,Fiber optic,Yes,Yes,Yes,Yes,No,Yes,Month-to-month,No,Electronic check,91.65,6581.81,Yes
CUST-0010751,Male,0,No,No,72,Yes,No,Fiber optic,Yes,Yes,No,Yes,No,Yes,One year,Yes,Electronic check,103.1,,Yes
CUST-0010752,Female,0,No,No,10,Yes,Yes,DSL,No,Yes,No,No,No,No,Month-to-month,Yes,Mailed check,109.3,1054.52,No
CUST-0010753,Female,0,No,No,24,Yes,Yes,Fiber optic,Yes,No,Yes,No,No,No,One year,Yes,Mailed check,100.45,2383.88,Yes
CUST-0010754,Female,0,No,Yes,19,Yes,No,DSL,Yes,No,No,No,Yes,Yes,Month-to-month,No,Mailed check,62.51,1161.48,Yes
CUST-0010755,Female,0,No,No,72,Yes,Yes,Fiber optic,No,No,No,No,Yes,No,Month-to-month,No,Mailed check,79.81,5748.23,Yes
CUST-0010756,Male,1,Yes,Yes,2,Yes,No,No,No internet service,No internet service,No internet service,No internet service,No internet service,No internet service,Month-to-month,Yes,Bank transfer (automatic),77.79,134.32,No
CUST-0010757,Male,0,Yes,No,6,Yes,Yes,DSL,No,Yes,Yes,Yes,No,No,Month-to-month,No,Bank transfer (automatic),118.75,713.23,No
CUST-0010758,Male,0,Yes,No,15,Yes,Yes,Fiber optic,No,No,Yes,No,No,Yes,Month-to-month,No,Electronic check,95.85,1456.8,No
CUST-0010759,Male,1,Yes,Yes,15,No,No phone service,Fiber optic,No,No,No,No,No,Yes,Month-to-month,No,Electronic check,88.44,1293.12,No
CUST-0010760,Female,0,No,No,67,Yes,No,Fiber optic,No,Yes,No,No,No,No,Month-to-month,Yes,Credit card (automatic),96.1,6419.94,No
CUST-0010761,Male,1,No,Yes,24,No,No phone service,Fiber optic,No,Yes,Yes,No,Yes,Yes,Month-to-month,Yes,Mailed check,107.2,2571.27,No
CUST-0010762,Male,0,Yes,No,62,Yes,No,Fiber optic,No,Yes,No,No,No,Yes,Month-to-month,No,Mailed check,88.97,5508.77,Yes
CUST-0010763,Male,0,No,Yes,30,Yes,Yes,Fiber optic,Yes,Yes,No,No,Yes,No,Month-to-month,Yes,Mailed check,96.16,2914.03,No
CUST-0010764,Male,0,Yes,No,6,Yes,Yes,DSL,No,Yes,No,No,No,No,Month-to-month,No,Electronic check,98.19,580.15,Yes
CUST-0010765,Male,0,No,No,5,Yes,Yes,DSL,Yes,Yes,Yes,No,No,No,Month-to-month,Yes,Bank transfer (automatic),71.7,369.07,No
CUST-0010766,Female,0,Yes,No,12,Yes,Yes,No,No internet service,No internet service,No internet service,No internet service,No internet service,No internet service,Month-to-month,Yes,Bank transfer (automatic),99.63,1190.32,No
CUST-0010767,Male,0,No,Yes,3,No,No phone service,Fiber optic,No,Yes,No,Yes,Yes,No,Month-to-month,No,Mailed check,99.84,259.32,No
CUST-0010768,Male,0,Yes,No,39,Yes,Yes,Fiber optic,No,Yes,Yes,No,No,Yes,One year,Yes,Bank transfer (automatic),50.2,1987.46,No
CUST-0010769,Female,0,Yes,No,21,Yes,No,Fiber optic,No,No,No,No,Yes,No,Month-to-month,Yes,Credit card (automatic),65.47,1372.98,Yes
CUST-0010770,Male,1,No,No,8,Yes,Yes,Fiber optic,Yes,No,No,No,Yes,Yes,Two year,Yes,Mailed check,85.01,669.84,No
CUST-0010771,Female,0,Yes,No,40,Yes,Yes,DSL,No,No,No,No,No,No,Month-to-month,Yes,Electronic check,110.78,4433.56,No
CUST-0010772,Male,1,No,Yes,7,Yes,No,Fiber optic,Yes,Yes,Yes,Yes,No,Yes,Two year,No,Bank transfer (automatic),59.69,441.74,No
CUST-0010773,Female,0,Yes,No,10,Yes,No,Fiber optic,Yes,No,Yes,No,Yes,Yes,Month-to-month,Yes,Electronic check,68.52,660.88,Yes
CUST-0010774,Male,0,No,No,46,Yes,Yes,DSL,No,No,No,No,Yes,No,Two year,No,Bank transfer (automatic),96.99,4464.32,No
CUST-0010775,Female,0,No,No,9,Yes,No,Fiber optic,No,No,No,No,No,No,Two year,Yes,Bank transfer (automatic),75.4,680.04,No
CUST-0010776,Female,0,Yes,No,7,Yes,No,No,No internet service,No internet service,No internet service,No internet service,No internet service,No internet service,Month-to-month,No,Mailed check,107.6,753.12,No
CUST-0010777,Female,0,No,No,33,Yes,Yes,Fiber optic,Yes,No,Yes,No,No,Yes,Month-to-month,Yes,Credit card (automatic),71.24,2366.21,No
CUST-0010778,Female,0,No,Yes,22,Yes,No,Fiber optic,Yes,Yes,Yes,No,Yes,Yes,Month-to-month,Yes,Mailed check,75.11,1630.55,Yes
CUST-0010779,Male,0,Yes,Yes,4,Yes,Yes,DSL,No,No,No,Yes,No,No,Month-to-month,Yes,Credit card (automatic),50.35,231.42,Yes
CUST-0010780,Female,0,No,No,14,Yes,No,No,No internet service,No internet service,No internet service,No internet service,No internet service,No internet service,One year,No,Electronic check,98.19,1354.61,No
CUST-0010781,Male,1,No,No,18,No,No phone service,No,No internet service,No internet service,No internet service,No internet service,No internet service,No internet service,Two year,Yes,Mailed check,83.8,1526.68,No
CUST-0010782,Female,0,Yes,No,25,Yes,No,No,No internet service,No internet service,No internet service,No internet service,No internet service,No internet service,Month-to-month,Yes,Credit card (automatic),113.74,2857.61,No
CUST-0010783,Male,0,Yes,No,26,Yes,No,Fiber optic,No,Yes,Yes,No,Yes,Yes,Month-to-month,No,Electronic check,85.47,2240.21,No
CUST-0010784,Female,0,No,No,11,Yes,No,Fiber optic,No,No,Yes,No,Yes,Yes,Month-to-month,Yes,Credit card (automatic),92.08,1051.39,Yes
CUST-0010785,Female,0,Yes,Yes,14,Yes,Yes,Fiber optic,No,No,Yes,No,No,No,Two year,No,Mailed check,61.28,851.17,No
CUST-0010786,Male,0,Yes,Yes,32,Yes,Yes,No,No internet service,No internet service,No internet service,No internet service,No internet service,No internet service,Two year,Yes,Bank transfer (automatic),107.9,3469.25,No
CUST-0010787,Female,1,No,Yes,0,Yes,No,No,No internet service,No internet service,No internet service,No internet service,No internet service,No internet service,Month-to-month,No,Electronic check,58.12,,Yes
CUST-0010788,Female,1,Yes,Yes,3,Yes,Yes,DSL,Yes,Yes,No,Yes,Yes,No,Month-to-month,Yes,Electronic check,84.03,266.54,No
CUST-0010789,Female,0,No,No,1,Yes,Yes,Fiber optic,No,No,No,No,Yes,No,Month-to-month,No,Credit card (automatic),118.75,,Yes
CUST-0010790,Male,0,No,No,62,Yes,No,Fiber optic,No,No,Yes,No,No,No,Month-to-month,Yes,Credit card (automatic),104.32,6440.49,Yes
CUST-0010791,Male,0,No,No,3,Yes,Yes,No,No internet service,No internet service,No internet service,No internet service,No internet service,No internet service,Month-to-month,No,Electronic check,86.83,229.16,No
CUST-0010792,Female,1,No,No,72,Yes,No,Fiber optic,Yes,No,Yes,No,No,Yes,Month-to-month,Yes,Bank transfer (automatic),73.5,5317.77,Yes
CUST-0010793,Male,0,Yes,No,5,Yes,No,Fiber optic,No,Yes,Yes,Yes,Yes,No,Month-to-month,Yes,Electronic check,118.75,616.28,No
CUST-0010794,Female,0,Yes,No,22,Yes,Yes,Fiber optic,No,Yes,No,Yes,Yes,No,Two year,Yes,Mailed check,81.39,1821.86,Yes
CUST-0010795,Female,0,No,No,34,Yes,No,Fiber optic,No,No,No,No,No,Yes,One year,Yes,Bank transfer (automatic),118.75,4025.45,Yes
CUST-0010796,Male,0,Yes,No,2,Yes,No,Fiber optic,No,No,No,Yes,Yes,No,Month-to-month,No,Mailed check,87.58,205.58,No
CUST-0010797,Male,0,Yes,No,72,Yes,No,Fiber optic,No,Yes,No,No,Yes,No,Month-to-month,Yes,Electronic check,103.66,,Yes
CUST-0010798,Male,0,Yes,No,18,No,No phone service,DSL,No,No,No,No,No,Yes,Month-to-month,No,Mailed check,102.8,1840.45,No
CUST-0010799,Female,0,No,No,22,Yes,Yes,Fiber optic,No,No,No,No,No,No,Month-to-month,Yes,Bank transfer (automatic),49.19,1087.53,Yes
CUST-0010800,Male,0,Yes,Yes,23,Yes,No,DSL,No,No,Yes,No,Yes,No,Month-to-month,No,Bank transfer (automatic),109.3,2471.27,No
CUST-0010801,Female,0,Yes,Yes,0,Yes,No,No,No internet service,No internet service,No internet service,No internet service,No internet service,No internet service,Month-to-month,Yes,Credit card (automatic),118.75,,Yes
CUST-0010802,Male,0,No,No,13,Yes,Yes,Fiber optic,No,No,No,No,No,No,Month-to-month,Yes,Credit card (automatic),118.75,1519.12,Yes
CUST-0010803,Female,0,Yes,Yes,57,Yes,No,No,No internet service,No internet service,No internet service,No internet service,No internet service,No internet service,Month-to-month,Yes,Electronic check,53.82,3054.42,No
CUST-0010804,Female,0,Yes,No,5,No,No phone service,No,No internet service,No internet service,No internet service,No internet service,No internet service,No internet service,One year,Yes,Electronic check,101.63,474.57,Yes
CUST-0010805,Female,0,Yes,No,52,Yes,Yes,DSL,No,No,No,No,Yes,Yes,Month-to-month,No,Electronic check,113.49,5900.82,No
CUST-0010806,Female,1,Yes,No,30,No,No phone service,DSL,Yes,No,Yes,No,Yes,No,Month-to-month,No,Electronic check,68.24,2028.48,No
CUST-0010807,Male,1,No,No,36,Yes,No,Fiber optic,No,Yes,No,No,No,No,Two year,Yes,Credit card (automatic),75.23,2720.79,No
CUST-0010808,Female,0,Yes,No,34,Yes,No,DSL,No,No,Yes,No,No,No,Month-to-month,Yes,Bank transfer (automatic),73.09,2457.43,Yes
CUST-0010809,Male,0,No,No,19,Yes,Yes,No,No internet service,No internet service,No internet service,No internet service,No internet service,No internet service,Month-to-month,Yes,Electronic check,90.83,1756.64,No
CUST-0010810,Female,0,No,No,24,Yes,No,DSL,No,No,No,Yes,Yes,No,Month-to-month,No,Mailed check,115.45,2764.4,Yes
CUST-0010811,Male,1,Yes,No,44,Yes,No,No,No internet service,No internet service,No internet service,No internet service,No internet service,No internet service,Month-to-month,Yes,Electronic check,90.1,3975.68,Yes
CUST-0010812,Male,0,Yes,Yes,20,Yes,No,Fiber optic,No,No,No,No,Yes,No,Month-to-month,Yes,Credit card (automatic),106.08,2084.6,No
CUST-0010813,Male,0,Yes,Yes,1,Yes,No,Fiber optic,No,Yes,No,No,No,Yes,Month-to-month,No,Bank transfer (automatic),79.29,59.73,No
CUST-0010814,Female,0,No,Yes,16,Yes,No,Fiber optic,No,No,No,No,No,No,Month-to-month,Yes,Electronic check,69.91,1142.06,Yes
CUST-0010815,Male,0,Yes,No,39,Yes,Yes,No,No internet service,No internet service,No internet service,No internet service,No internet service,No internet service,Month-to-month,No,Electronic check,106.25,4146.51,No
CUST-0010816,Female,0,No,No,32,Yes,No,DSL,No,No,Yes,No,No,No,One year,No,Electronic check,105.59,3382.54,No
CUST-0010817,Male,1,No,No,25,Yes,Yes,DSL,No,No,No,Yes,Yes,No,Month-to-month,Yes,Electronic check,105.03,2631.18,No
CUST-0010818,Female,0,Yes,No,7,Yes,Yes,DSL,No,No,No,No,No,No,Month-to-month,Yes,Electronic check,81.88,546.16,No
CUST-0010819,Male,1,No,Yes,0,Yes,Yes,DSL,Yes,No,No,No,No,No,One year,Yes,Bank transfer (automatic),77.44,,Yes
CUST-0010820,Male,0,No,No,39,Yes,No,Fiber optic,No,Yes,No,No,No,Yes,Month-to-month,No,Mailed check,72.23,2794.83,Yes
CUST-0010821,Female,0,Yes,Yes,12,Yes,No,Fiber optic,No,No,No,No,No,Yes,One year,Yes,Mailed check,116.64,1371.14,Yes
CUST-0010822,Male,1,No,No,10,Yes,Yes,No,No internet service,No internet service,No internet service,No internet service,No internet service,No internet service,Month-to-month,Yes,Mailed check,118.75,1201.01,No
CUST-0010823,Female,0,No,No,72,Yes,Yes,DSL,No,Yes,No,No,Yes,No,Month-to-month,Yes,Bank transfer (automatic),52.25,3785.45,No
CUST-0010824,Female,1,Yes,No,12,Yes,No,DSL,No,Yes,No,No,No,No,Month-to-month,No,Bank transfer (automatic),115.92,1404.63,No
CUST-0010825,Female,0,Yes,No,13,Yes,Yes,Fiber optic,Yes,Yes,No,No,Yes,No,Month-to-month,Yes,Mailed check,94.85,1238.08,No
CUST-0010826,Female,0,Yes,Yes,52,No,No phone service,Fiber optic,No,No,Yes,No,No,No,Month-to-month,Yes,Electronic check,96.59,5044.41,No
CUST-0010827,Male,1,No,No,3,Yes,No,DSL,Yes,Yes,No,No,No,No,Two year,Yes,Bank transfer (automatic),84.27,247.22,Yes
CUST-0010828,Female,0,No,Yes,72,Yes,Yes,Fiber optic,No,No,No,No,No,No,One year,Yes,Bank transfer (automatic),107.78,7792.8,No
CUST-0010829,Female,0,Yes,Yes,41,Yes,No,DSL,No,No,No,No,Yes,No,Month-to-month,No,Mailed check,85.14,3482.2,No
CUST-0010830,Male,0,No,No,27,Yes,Yes,DSL,Yes,No,Yes,Yes,No,Yes,Month-to-month,Yes,Mailed check,86.86,2343.61,No
CUST-0010831,Male,0,Yes,No,35,Yes,No,DSL,No,No,No,No,No,No,One year,Yes,Mailed check,93.96,3262.37,No
CUST-0010832,Male,0,Yes,No,35,Yes,Yes,DSL,Yes,Yes,Yes,No,Yes,Yes,One year,Yes,Electronic check,109.99,3858.25,No
CUST-0010833,Female,1,Yes,No,29,Yes,No,Fiber optic,Yes,No,No,No,No,No,Month-to-month,No,Electronic check,106.07,3068.76,Yes
CUST-0010834,Female,0,No,No,22,Yes,Yes,DSL,No,No,Yes,No,Yes,Yes,Month-to-month,Yes,Electronic check,102.89,2256.79,No
CUST-0010835,Male,0,Yes,Yes,72,Yes,Yes,Fiber optic,No,No,Yes,No,No,Yes,Two year,Yes,Bank transfer (automatic),71.6,5149.2,No
CUST-0010836,Female,0,Yes,No,72,Yes,Yes,No,No internet service,No internet service,No internet service,No internet service,No internet service,No internet service,Month-to-month,Yes,Electronic check,90.67,6541.19,No
CUST-0010837,Male,0,Yes,No,0,Yes,No,Fiber optic,Yes,No,No,No,No,Yes,Month-to-month,No,Mailed check,60.63,,Yes
CUST-0010838,Male,0,Yes,Yes,1,Yes,No,DSL,No,Yes,No,No,No,No,One year,No,Credit card (automatic),92.88,75.02,Yes
CUST-0010839,Male,0,No,No,19,Yes,Yes,No,No internet service,No internet service,No internet service,No internet service,No internet service,No internet service,Month-to-month,Yes,Credit card (automatic),118.75,2273.35,No
CUST-0010840,Female,0,No,No,23,Yes,No,No,No internet service,No internet service,No internet service,No internet service,No internet service,No internet service,Month-to-month,No,Bank transfer (automatic),69.14,1579.07,No
CUST-0010841,Male,0,No,No,72,No,No phone service,Fiber optic,No,No,Yes,Yes,No,Yes,Month-to-month,Yes,Mailed check,98.53,7091.45,Yes
CUST-0010842,Female,0,Yes,No,36,Yes,No,Fiber optic,No,No,Yes,No,No,No,Month-to-month,No,Electronic check,112.34,4044.44,No
CUST-0010843,Female,0,Yes,No,66,Yes,No,Fiber optic,No,No,No,No,No,Yes,Month-to-month,No,Mailed check,118.75,7864.04,No
CUST-0010844,Male,0,No,No,45,Yes,Yes,DSL,No,No,No,No,No,No,One year,No,Electronic check,95.0,4287.17,No
CUST-0010845,Male,0,No,Yes,1,Yes,Yes,DSL,No,Yes,Yes,No,No,No,Month-to-month,Yes,Electronic check,50.43,60.97,Yes
CUST-0010846,Female,0,No,No,72,Yes,Yes,Fiber optic,No,Yes,No,Yes,No,Yes,One year,No,Credit card (automatic),81.76,5852.36,No
CUST-0010847,Male,1,Yes,No,65,Yes,Yes,Fiber optic,No,No,Yes,No,Yes,Yes,Two year,Yes,Credit card (automatic),100.1,6492.83,Yes
CUST-0010848,Male,0,No,No,16,Yes,Yes,No,No internet service,No internet service,No internet service,No internet service,No internet service,No internet service,One year,Yes,Bank transfer (automatic),89.5,1434.77,Yes
CUST-0010849,Male,0,Yes,No,14,Yes,Yes,DSL,Yes,No,No,No,Yes,Yes,Month-to-month,No,Mailed check,72.09,1048.39,No
CUST-0010850,Female,0,Yes,Yes,40,Yes,No,Fiber optic,No,No,Yes,No,No,Yes,Month-to-month,Yes,Electronic check,74.99,2974.64,Yes
CUST-0010851,Male,0,Yes,No,66,Yes,Yes,Fiber optic,No,No,Yes,No,No,No,Month-to-month,Yes,Electronic check,88.37,5788.47,No
CUST-0010852,Female,0,No,No,12,Yes,No,Fiber optic,Yes,Yes,No,Yes,No,No,Month-to-month,No,Electronic check,82.88,982.99,No
CUST-0010853,Female,0,Yes,No,8,Yes,Yes,Fiber optic,No,No,No,No,No,No,One year,Yes,Mailed check,93.75,724.93,No
CUST-0010854,Male,0,No,No,10,Yes,No,Fiber optic,No,Yes,Yes,Yes,No,No,Month-to-month,Yes,Bank transfer (automatic),64.08,632.86,No
CUST-0010855,Male,1,No,No,1,Yes,Yes,DSL,No,No,No,No,No,No,Month-to-month,Yes,Electronic check,69.94,105.89,Yes
CUST-0010856,Female,0,Yes,Yes,7,Yes,Yes,Fiber optic,No,Yes,No,No,Yes,No,Two year,Yes,Credit card (automatic),78.83,547.0,Yes
CUST-0010857,Female,0,Yes,Yes,12,Yes,Yes,DSL,No,No,Yes,No,No,No,Month-to-month,Yes,Credit card (automatic),77.39,924.68,No
CUST-0010858,Female,0,Yes,No,40,Yes,No,Fiber optic,No,Yes,No,Yes,Yes,Yes,Month-to-month,No,Electronic check,97.66,3882.49,No
CUST-0010859,Female,1,No,No,23,Yes,No,DSL,No,No,Yes,Yes,Yes,No,Month-to-month,Yes,Credit card (automatic),85.45,1975.98,No
CUST-0010860,Female,0,No,No,2,Yes,Yes,Fiber optic,No,No,Yes,No,Yes,Yes,Month-to-month,No,Credit card (automatic),117.49,190.6,Yes
CUST-0010861,Male,0,No,No,72,Yes,Yes,Fiber optic,No,Yes,No,No,No,No,One year,Yes,Electronic check,104.53,7574.28,No
CUST-0010862,Male,1,Yes,No,9,Yes,No,Fiber optic,Yes,No,Yes,Yes,Yes,No,Month-to-month,No,Electronic check,55.39,528.53,No
CUST-0010863,Male,0,No,Yes,4,Yes,No,Fiber optic,No,Yes,Yes,Yes,Yes,No,Two year,Yes,Electronic check,61.88,240.03,Yes
CUST-0010864,Male,1,No,No,14,Yes,Yes,Fiber optic,Yes,Yes,No,No,No,No,Month-to-month,Yes,Electronic check,113.93,1640.81,Yes
CUST-0010865,Female,0,Yes,Yes,11,Yes,No,DSL,Yes,No,No,Yes,Yes,No,Month-to-month,Yes,Mailed check,74.93,861.37,No
CUST-0010866,Female,0,No,No,72,Yes,Yes,DSL,No,No,No,No,Yes,No,Month-to-month,Yes,Mailed check,59.02,4267.99,No
CUST-0010867,Female,0,No,Yes,5,Yes,No,Fiber optic,No,Yes,No,Yes,No,Yes,Month-to-month,Yes,Mailed check,75.9,390.48,No
CUST-0010868,Female,0,Yes,No,43,Yes,No,No,No internet service,No internet service,No internet service,No internet service,No internet service,No internet service,One year,No,Electronic check,80.33,3495.82,No
CUST-0010869,Female,0,No,No,42,Yes,No,DSL,No,No,Yes,No,Yes,No,Month-to-month,Yes,Mailed check,118.75,4972.42,Yes
CUST-0010870,Female,0,Yes,No,44,Yes,No,Fiber optic,Yes,No,No,Yes,No,No,Month-to-month,Yes,Credit card (automatic),108.49,4763.66,Yes
CUST-0010871,Male,0,No,Yes,40,Yes,No,DSL,No,Yes,No,No,No,No,Month-to-month,Yes,Credit card (automatic),95.19,3850.58,No
CUST-0010872,Female,0,No,No,40,No,No phone service,No,No internet service,No internet service,No internet service,No internet service,No internet service,No internet service,Two year,Yes,Electronic check,64.96,2584.4,No
CUST-0010873,Male,0,No,No,34,Yes,No,DSL,No,No,No,Yes,No,Yes,Month-to-month,Yes,Electronic check,66.21,2253.76,No
CUST-0010874,Male,0,No,Yes,41,Yes,No,Fiber optic,No,No,No,No,Yes,Yes,Month-to-month,Yes,Electronic check,95.72,3914.4,No
CUST-0010875,Female,0,No,No,52,Yes,No,Fiber optic,Yes,No,Yes,Yes,Yes,No,Two year,Yes,Electronic check,75.86,3981.49,Yes
CUST-0010876,Male,0,No,No,72,Yes,No,Fiber optic,No,Yes,No,Yes,No,No,Two year,No,Mailed check,88.69,6349.27,Yes
CUST-0010877,Female,0,No,No,62,Yes,No,DSL,Yes,No,No,No,No,No,Month-to-month,Yes,Mailed check,97.33,6010.41,No
CUST-0010878,Male,0,No,No,0,Yes,Yes,No,No internet service,No internet service,No internet service,No internet service,No internet service,No internet service,Month-to-month,No,Electronic check,94.06,,No
CUST-0010879,Male,0,Yes,No,4,Yes,No,DSL,No,No,No,No,No,No,Month-to-month,Yes,Credit card (automatic),113.01,486.05,No
CUST-0010880,Female,0,No,No,5,Yes,No,DSL,No,Yes,No,No,No,Yes,Month-to-month,Yes,Mailed check,101.19,477.87,Yes
CUST-0010881,Female,0,No,No,72,Yes,No,DSL,Yes,Yes,No,No,No,No,Month-to-month,Yes,Mailed check,95.55,6897.22,No
CUST-0010882,Male,0,Yes,No,6,Yes,Yes,Fiber optic,Yes,No,No,No,Yes,Yes,Month-to-month,No,Bank transfer (automatic),105.47,691.0,No
CUST-0010883,Female,0,Yes,No,45,Yes,Yes,DSL,No,Yes,No,Yes,No,No,Month-to-month,Yes,Mailed check,111.63,4999.69,Yes
CUST-0010884,Male,0,Yes,Yes,1,Yes,Yes,DSL,No,Yes,No,No,No,Yes,Month-to-month,Yes,Electronic check,77.07,24.18,No
CUST-0010885,Male,0,Yes,Yes,10,No,No phone service,Fiber optic,Yes,Yes,Yes,Yes,Yes,Yes,Month-to-month,Yes,Credit card (automatic),104.69,1063.5,Yes
CUST-0010886,Female,0,No,No,0,Yes,No,DSL,No,No,No,Yes,Yes,No,Month-to-month,No,Mailed check,70.37,,No
CUST-0010887,Male,0,No,No,25,Yes,Yes,DSL,No,No,No,No,No,Yes,Month-to-month,Yes,Bank transfer (automatic),67.78,1700.93,No
CUST-0010888,Male,0,Yes,No,29,Yes,No,Fiber optic,Yes,No,Yes,No,No,Yes,Month-to-month,Yes,Bank transfer (automatic),116.97,3448.83,Yes
CUST-0010889,Female,0,No,No,4,Yes,No,No,No internet service,No internet service,No internet service,No internet service,No internet service,No internet service,Month-to-month,No,Bank transfer (automatic),105.09,354.33,No
CUST-0010890,Female,0,No,No,15,Yes,Yes,DSL,Yes,Yes,No,Yes,No,Yes,Month-to-month,Yes,Credit card (automatic),61.92,893.15,No
CUST-0010891,Female,0,No,Yes,47,Yes,No,Fiber optic,Yes,No,Yes,No,No,No,One year,No,Electronic check,108.42,5142.26,No
CUST-0010892,Female,0,No,Yes,6,Yes,Yes,Fiber optic,No,Yes,No,No,Yes,Yes,Month-to-month,Yes,Credit card (automatic),101.25,606.36,No
CUST-0010893,Female,0,No,Yes,8,Yes,No,DSL,Yes,No,Yes,No,No,No,Month-to-month,Yes,Credit card (automatic),100.24,829.03,No
CUST-0010894,Female,0,Yes,Yes,19,Yes,No,Fiber optic,No,No,No,No,No,No,One year,Yes,Electronic check,114.83,2140.09,No
CUST-0010895,Male,1,No,No,46,Yes,No,Fiber optic,No,No,Yes,No,Yes,Yes,One year,No,Credit card (automatic),102.33,4726.32,Yes
CUST-0010896,Female,1,Yes,No,2,Yes,No,No,No internet service,No internet service,No internet service,No internet service,No internet service,No internet service,Month-to-month,Yes,Electronic check,94.36,210.53,No
CUST-0010897,Female,0,No,No,52,Yes,No,Fiber optic,Yes,Yes,Yes,No,Yes,No,One year,Yes,Credit card (automatic),49.04,2519.03,No
CUST-0010898,Female,0,Yes,Yes,61,Yes,No,DSL,No,Yes,No,No,No,No,Month-to-month,No,Bank transfer (automatic),103.77,6313.49,Yes
CUST-0010899,Male,1,No,No,14,Yes,Yes,Fiber optic,No,No,No,No,No,No,Month-to-month,Yes,Credit card (automatic),87.76,1212.53,No
CUST-0010900,Male,0,Yes,No,4,Yes,Yes,Fiber optic,No,Yes,Yes,No,No,No,One year,Yes,Electronic check,85.7,376.75,Yes
CUST-0010901,Male,0,No,No,36,Yes,No,DSL,Yes,No,Yes,No,No,No,Month-to-month,No,Mailed check,65.3,2302.21,Yes
CUST-0010902,Female,0,Yes,No,8,No,No phone service,DSL,Yes,No,No,No,No,Yes,Month-to-month,Yes,Credit card (automatic),77.81,588.05,No
CUST-0010903,Female,0,No,No,72,Yes,Yes,DSL,Yes,No,Yes,Yes,No,Yes,Month-to-month,Yes,Bank transfer (automatic),91.03,6526.04,No
CUST-0010904,Female,0,Yes,No,4,Yes,No,DSL,No,Yes,No,No,No,No,Month-to-month,Yes,Bank transfer (automatic),56.19,216.86,No
CUST-0010905,Male,0,Yes,Yes,4,Yes,Yes,Fiber optic,Yes,No,Yes,Yes,No,No,One year,Yes,Electronic check,89.91,361.37,No
CUST-0010906,Female,0,No,No,3,Yes,Yes,No,No internet service,No internet service,No internet service,No internet service,No internet service,No internet service,Month-to-month,Yes,Electronic check,97.71,310.03,No
CUST-0010907,Female,0,Yes,No,35,No,No phone service,No,No internet service,No internet service,No internet service,No internet service,No internet service,No internet service,One year,No,Mailed check,87.55,3065.27,No
CUST-0010908,Female,1,Yes,Yes,46,Yes,No,Fiber optic,No,No,No,Yes,No,Yes,Month-to-month,No,Mailed check,63.39,2930.12,Yes
CUST-0010909,Male,0,No,No,39,Yes,No,Fiber optic,No,Yes,Yes,Yes,No,No,Month-to-month,Yes,Credit card (automatic),80.78,,Yes
CUST-0010910,Male,0,Yes,No,3,Yes,Yes,DSL,No,No,No,No,No,No,Month-to-month,No,Credit card (automatic),118.75,335.79,No
CUST-0010911,Female,0,No,No,37,Yes,No,DSL,No,No,Yes,No,Yes,Yes,Month-to-month,Yes,Electronic check,68.0,2561.73,Yes
CUST-0010912,Female,0,Yes,No,16,Yes,No,DSL,Yes,Yes,No,No,Yes,No,Month-to-month,No,Electronic check,114.94,1826.59,No
CUST-0010913,Male,0,Yes,No,4,Yes,No,Fiber optic,No,No,Yes,No,No,No,Month-to-month,No,Mailed check,102.37,410.96,No
CUST-0010914,Male,0,Yes,No,72,Yes,No,DSL,No,No,No,No,No,Yes,Month-to-month,No,Bank transfer (automatic),60.02,4300.64,Yes
CUST-0010915,Male,0,Yes,No,27,Yes,No,DSL,No,Yes,Yes,No,No,No,Month-to-month,No,Bank transfer (automatic),74.12,2017.71,No
CUST-0010916,Female,0,Yes,Yes,47,Yes,Yes,Fiber optic,No,No,Yes,Yes,No,Yes,Two year,Yes,Mailed check,82.29,3835.08,No
CUST-0010917,Female,0,No,Yes,11,Yes,No,Fiber optic,Yes,No,No,No,Yes,Yes,Month-to-month,Yes,Electronic check,106.45,1179.64,No
CUST-0010918,Male,0,Yes,No,9,Yes,No,DSL,No,No,No,No,Yes,Yes,One year,Yes,Mailed check,62.98,,No
CUST-0010919,Male,0,No,No,27,Yes,No,DSL,No,Yes,No,No,No,No,Two year,Yes,Bank transfer (automatic),111.93,3003.16,No
CUST-0010920,Male,0,Yes,No,12,Yes,Yes,Fiber optic,No,No,Yes,No,Yes,Yes,One year,Yes,Credit card (automatic),94.01,1137.09,Yes
CUST-0010921,Female,0,Yes,Yes,46,Yes,No,Fiber optic,No,No,No,Yes,Yes,No,Month-to-month,Yes,Electronic check,84.95,3904.57,No
CUST-0010922,Female,0,Yes,No,5,Yes,No,DSL,No,No,Yes,Yes,No,No,Month-to-month,Yes,Mailed check,101.23,479.88,No
CUST-0010923,Male,0,No,Yes,4,Yes,Yes,Fiber optic,Yes,Yes,Yes,No,No,Yes,Month-to-month,Yes,Mailed check,118.75,476.74,No
CUST-0010924,Male,0,No,No,9,No,No phone service,Fiber optic,No,Yes,Yes,No,No,No,Month-to-month,Yes,Credit card (automatic),101.93,949.02,Yes
CUST-0010925,Female,0,No,No,3,Yes,Yes,Fiber optic,No,No,No,No,No,No,Month-to-month,Yes,Mailed check,60.62,167.14,No
CUST-0010926,Male,0,No,Yes,53,Yes,No,DSL,No,No,No,No,No,Yes,Month-to-month,No,Credit card (automatic),91.7,4873.91,Yes
CUST-0010927,Male,0,No,Yes,4,Yes,No,Fiber optic,Yes,No,Yes,Yes,No,No,One year,Yes,Bank transfer (automatic),92.1,390.71,Yes
CUST-0010928,Male,0,No,No,3,Yes,Yes,Fiber optic,No,No,No,No,Yes,No,One year,Yes,Mailed check,70.41,219.05,No
CUST-0010929,Male,0,Yes,No,7,Yes,No,No,No internet service,No internet service,No internet service,No internet service,No internet service,No internet service,Month-to-month,No,Mailed check,118.75,823.72,No
CUST-0010930,Female,0,Yes,No,1,Yes,No,No,No internet service,No internet service,No internet service,No internet service,No internet service,No internet service,Two year,Yes,Electronic check,112.36,67.03,Yes
CUST-0010931,Male,0,No,Yes,46,No,No phone service,No,No internet service,No internet service,No internet service,No internet service,No internet service,No internet service,Month-to-month,No,Electronic check,62.51,2881.37,No
CUST-0010932,Female,0,No,No,2,Yes,No,Fiber optic,Yes,Yes,Yes,Yes,No,No,Month-to-month,Yes,Credit card (automatic),92.17,252.67,No
CUST-0010933,Female,0,Yes,Yes,39,Yes,No,No,No internet service,No internet service,No internet service,No internet service,No internet service,No internet service,Two year,Yes,Credit card (automatic),105.52,4141.17,Yes
CUST-0010934,Female,0,No,No,13,Yes,Yes,Fiber optic,No,Yes,Yes,No,No,No,One year,Yes,Electronic check,105.44,1353.92,Yes
CUST-0010935,Female,0,Yes,Yes,23,Yes,No,No,No internet service,No internet service,No internet service,No internet service,No internet service,No internet service,Month-to-month,Yes,Bank transfer (automatic),77.62,1837.24,No
CUST-0010936,Female,0,Yes,No,13,Yes,Yes,DSL,No,Yes,No,No,No,No,Month-to-month,Yes,Electronic check,117.05,1511.74,No
CUST-0010937,Male,1,Yes,No,72,Yes,No,No,No internet service,No internet service,No internet service,No internet service,No internet service,No internet service,Two year,Yes,Bank transfer (automatic),103.86,7487.68,Yes
CUST-0010938,Male,0,Yes,No,10,Yes,Yes,DSL,No,No,No,Yes,No,No,Month-to-month,Yes,Electronic check,87.46,866.38,No
CUST-0010939,Male,1,No,No,15,Yes,No,Fiber optic,No,Yes,No,No,Yes,No,Month-to-month,No,Electronic check,72.17,1112.29,No
CUST-0010940,Female,0,Yes,Yes,61,Yes,Yes,Fiber optic,No,No,Yes,Yes,No,No,Month-to-month,Yes,Electronic check,93.9,5694.23,No
CUST-0010941,Female,1,Yes,Yes,72,Yes,No,DSL,No,No,No,No,No,Yes,Month-to-month,Yes,Credit card (automatic),112.53,8152.19,No
CUST-0010942,Female,0,No,Yes,6,No,No phone service,Fiber optic,Yes,No,No,No,No,No,Two year,Yes,Credit card (automatic),54.17,313.05,No
CUST-0010943,Female,0,No,No,25,Yes,No,Fiber optic,No,No,No,Yes,No,No,Month-to-month,Yes,Mailed check,88.98,2225.06,No
CUST-0010944,Male,0,No,Yes,6,Yes,Yes,No,No internet service,No internet service,No internet service,No internet service,No internet service,No internet service,Two year,Yes,Bank transfer (automatic),109.74,622.08,No
CUST-0010945,Female,1,No,No,3,Yes,No,DSL,No,No,No,No,Yes,No,Month-to-month,No,Mailed check,82.42,250.34,No
CUST-0010946,Female,0,Yes,No,2,Yes,Yes,No,No internet service,No internet service,No internet service,No internet service,No internet service,No internet service,One year,Yes,Bank transfer (automatic),118.75,224.85,No
CUST-0010947,Male,0,Yes,No,0,Yes,No,No,No internet service,No internet service,No internet service,No internet service,No internet service,No internet service,One year,Yes,Electronic check,83.57,,Yes
CUST-0010948,Female,0,No,No,0,Yes,No,DSL,Yes,Yes,Yes,Yes,No,No,Month-to-month,No,Credit card (automatic),102.46,,No
CUST-0010949,Male,0,No,No,32,Yes,No,Fiber optic,Yes,Yes,Yes,Yes,No,No,Month-to-month,Yes,Credit card (automatic),110.15,3518.16,No
CUST-0010950,Female,0,No,No,44,Yes,No,DSL,No,Yes,No,Yes,No,No,Month-to-month,No,Bank transfer (automatic),49.27,2166.21,Yes
CUST-0010951,Female,0,No,No,2,Yes,Yes,No,No internet service,No internet service,No internet service,No internet service,No internet service,No internet service,One year,Yes,Electronic check,90.7,161.54,No
CUST-0010952,Male,0,Yes,No,19,Yes,No,DSL,No,Yes,No,No,No,Yes,Month-to-month,Yes,Credit card (automatic),116.77,2241.66,No
CUST-0010953,Female,0,Yes,No,13,Yes,No,Fiber optic,No,No,No,No,No,Yes,Month-to-month,Yes,Credit card (automatic),118.75,1581.3,No
CUST-0010954,Male,0,Yes,No,7,Yes,No,Fiber optic,Yes,Yes,No,Yes,No,No,One year,Yes,Credit card (automatic),113.5,815.87,No
CUST-0010955,Male,0,No,No,35,Yes,No,DSL,No,Yes,No,No,No,No,One year,Yes,Credit card (automatic),50.3,1783.15,No
CUST-0010956,Female,0,Yes,Yes,50,Yes,Yes,No,No internet service,No internet service,No internet service,No internet service,No internet service,No internet service,Month-to-month,Yes,Mailed check,71.48,3547.03,No
CUST-0010957,Male,0,Yes,No,22,Yes,No,No,No internet service,No internet service,No internet service,No internet service,No internet service,No internet service,Month-to-month,No,Electronic check,100.04,,No
CUST-0010958,Male,0,No,No,6,Yes,Yes,Fiber optic,Yes,No,Yes,No,Yes,Yes,Month-to-month,Yes,Bank transfer (automatic),102.24,638.06,Yes
CUST-0010959,Female,0,Yes,No,46,Yes,No,No,No internet service,No internet service,No internet service,No internet service,No internet service,No internet service,Month-to-month,Yes,Credit card (automatic),52.4,2388.53,No
CUST-0010960,Male,0,No,No,30,Yes,No,No,No internet service,No internet service,No internet service,No internet service,No internet service,No internet service,Month-to-month,No,Electronic check,105.29,3158.06,Yes
CUST-0010961,Female,0,Yes,No,24,Yes,No,DSL,Yes,Yes,Yes,Yes,No,No,Month-to-month,Yes,Bank transfer (automatic),97.88,2394.01,No
CUST-0010962,Female,0,Yes,No,3,Yes,No,DSL,Yes,No,Yes,Yes,Yes,No,Two year,No,Bank transfer (automatic),118.75,377.26,Yes
CUST-0010963,Female,0,Yes,Yes,23,Yes,No,DSL,No,No,Yes,No,No,Yes,Two year,No,Electronic check,79.37,1830.45,No
CUST-0010964,Male,0,No,Yes,14,Yes,Yes,Fiber optic,No,Yes,No,No,No,No,Month-to-month,Yes,Electronic check,81.55,1153.68,No
CUST-0010965,Male,1,No,No,1,Yes,No,No,No internet service,No internet service,No internet service,No internet service,No internet service,No internet service,Month-to-month,Yes,Bank transfer (automatic),108.5,115.32,No
CUST-0010966,Male,0,No,No,21,Yes,No,DSL,No,Yes,No,Yes,No,Yes,Month-to-month,Yes,Bank transfer (automatic),115.01,2376.7,No
CUST-0010967,Female,0,Yes,No,72,Yes,Yes,DSL,Yes,No,No,No,No,Yes,Month-to-month,Yes,Electronic check,93.68,6751.49,No
CUST-0010968,Male,0,No,No,29,Yes,Yes,Fiber optic,No,Yes,Yes,No,No,Yes,Month-to-month,Yes,Electronic check,91.62,2687.27,No
CUST-0010969,Male,1,No,No,2,Yes,Yes,No,No internet service,No internet service,No internet service,No internet service,No internet service,No internet service,Month-to-month,Yes,Mailed check,64.63,131.86,No
CUST-0010970,Male,0,Yes,Yes,3,Yes,No,Fiber optic,No,No,No,No,No,Yes,Two year,No,Electronic check,113.08,,No
CUST-0010971,Female,1,No,No,11,No,No phone service,No,No internet service,No internet service,No internet service,No internet service,No internet service,No internet service,Month-to-month,Yes,Bank transfer (automatic),100.31,1072.48,No
CUST-0010972,Female,0,Yes,No,27,Yes,No,Fiber optic,No,No,No,No,Yes,Yes,One year,Yes,Mailed check,97.21,2594.86,No
CUST-0010973,Female,0,Yes,No,9,Yes,No,DSL,Yes,No,No,Yes,Yes,Yes,Month-to-month,Yes,Electronic check,86.01,777.99,No
CUST-0010974,Female,0,Yes,Yes,8,Yes,No,DSL,Yes,Yes,Yes,No,Yes,Yes,Month-to-month,Yes,Electronic check,97.37,780.8,No
CUST-0010975,Female,1,No,Yes,6,Yes,Yes,Fiber optic,No,No,No,Yes,Yes,Yes,Month-to-month,No,Credit card (automatic),105.43,612.33,Yes
CUST-0010976,Female,0,No,Yes,13,No,No phone service,DSL,No,Yes,Yes,No,Yes,No,Month-to-month,Yes,Electronic check,108.86,1408.89,No
CUST-0010977,Male,0,Yes,No,3,Yes,No,No,No internet service,No internet service,No internet service,No internet service,No internet service,No internet service,One year,Yes,Electronic check,59.89,246.75,No
CUST-0010978,Male,0,Yes,No,3,Yes,Yes,DSL,Yes,Yes,No,Yes,No,Yes,One year,No,Electronic check,75.63,212.98,Yes
CUST-0010979,Female,1,No,No,22,No,No phone service,Fiber optic,No,No,No,No,No,No,Month-to-month,Yes,Electronic check,62.01,1391.14,No
CUST-0010980,Female,0,Yes,Yes,48,Yes,No,No,No internet service,No internet service,No internet service,No internet service,No internet service,No internet service,Month-to-month,Yes,Electronic check,32.22,1548.33,Yes
CUST-0010981,Male,1,No,Yes,4,Yes,Yes,DSL,No,No,No,No,No,Yes,Month-to-month,Yes,Electronic check,60.71,219.69,No
CUST-0010982,Male,0,No,Yes,72,Yes,No,No,No internet service,No internet service,No internet service,No internet service,No internet service,No internet service,Two year,Yes,Electronic check,96.17,6923.77,No
CUST-0010983,Female,0,Yes,No,40,Yes,Yes,Fiber optic,No,Yes,No,No,No,No,One year,Yes,Credit card (automatic),98.09,3911.82,No
CUST-0010984,Male,0,Yes,No,32,No,No phone service,No,No internet service,No internet service,No internet service,No internet service,No internet service,No internet service,Month-to-month,No,Bank transfer (automatic),104.12,3354.05,No
CUST-0010985,Male,0,Yes,No,56,Yes,No,Fiber optic,Yes,No,No,Yes,Yes,Yes,Two year,Yes,Mailed check,104.15,5789.47,Yes
CUST-0010986,Male,0,Yes,No,38,Yes,Yes,Fiber optic,No,No,Yes,No,No,No,Month-to-month,No,Bank transfer (automatic),107.89,4115.89,Yes
CUST-0010987,Male,0,No,Yes,0,Yes,Yes,No,No internet service,No internet service,No internet service,No internet service,No internet service,No internet service,One year,Yes,Electronic check,89.93,,No
CUST-0010988,Female,0,Yes,No,50,Yes,No,DSL,Yes,Yes,No,No,No,No,Month-to-month,Yes,Bank transfer (automatic),75.33,3776.94,No
CUST-0010989,Male,0,Yes,No,2,Yes,Yes,Fiber optic,No,No,No,No,No,Yes,One year,Yes,Credit card (automatic),56.58,103.52,No
CUST-0010990,Male,1,Yes,No,9,Yes,No,Fiber optic,No,No,Yes,Yes,Yes,No,Month-to-month,No,Electronic check,82.02,715.35,Yes
CUST-0010991,Male,0,Yes,No,56,Yes,Yes,No,No internet service,No internet service,No internet service,No internet service,No internet service,No internet service,Month-to-month,Yes,Bank transfer (automatic),93.68,5219.78,Yes
CUST-0010992,Female,0,No,No,17,Yes,Yes,No,No internet service,No internet service,No internet service,No internet service,No internet service,No internet service,Month-to-month,No,Mailed check,118.75,2023.44,No
CUST-0010993,Male,0,Yes,No,11,Yes,No,Fiber optic,No,No,Yes,Yes,Yes,No,Month-to-month,No,Mailed check,103.66,1122.9,No
CUST-0010994,Female,0,No,No,53,Yes,No,No,No internet service,No internet service,No internet service,No internet service,No internet service,No internet service,Two year,Yes,Mailed check,94.69,5014.04,No
CUST-0010995,Female,0,Yes,Yes,72,Yes,Yes,Fiber optic,No,No,Yes,No,Yes,Yes,Month-to-month,No,Credit card (automatic),118.56,8490.39,No
CUST-0010996,Female,0,Yes,Yes,1,Yes,No,Fiber optic,No,No,Yes,No,No,Yes,Month-to-month,Yes,Electronic check,107.59,88.45,No
CUST-0010997,Female,1,Yes,Yes,56,Yes,No,Fiber optic,Yes,No,No,No,Yes,No,Two year,No,Bank transfer (automatic),87.88,4905.27,No
CUST-0010998,Female,0,Yes,No,56,Yes,No,Fiber optic,Yes,No,No,No,Yes,No,One year,Yes,Electronic check,82.27,4647.87,Yes
CUST-0010999,Female,0,No,No,8,Yes,Yes,Fiber optic,Yes,No,No,No,Yes,No,Two year,Yes,Credit card (automatic),92.02,735.82,No
CUST-0011000,Female,0,No,Yes,2,Yes,No,DSL,Yes,Yes,No,No,No,Yes,Two year,Yes,Credit card (automatic),118.75,229.31,No
CUST-0011001,Male,1,No,No,14,Yes,Yes,DSL,No,No,No,Yes,No,No,Month-to-month,Yes,Credit card (automatic),105.37,,No
CUST-0011002,Male,0,Yes,No,30,Yes,Yes,DSL,No,No,Yes,Yes,No,Yes,Month-to-month,No,Mailed check,47.39,1413.65,Yes
CUST-0011003,Male,0,No,No,14,Yes,No,Fiber optic,No,No,Yes,Yes,Yes,No,Month-to-month,No,Mailed check,72.88,1035.49,No
CUST-0011004,Male,0,Yes,No,3,Yes,Yes,Fiber optic,No,No,Yes,No,No,No,Two year,Yes,Electronic check,99.65,319.92,Yes
CUST-0011005,Female,0,No,No,55,Yes,Yes,Fiber optic,No,No,No,No,No,Yes,Month-to-month,Yes,Electronic check,70.71,3834.62,Yes
CUST-0011006,Male,0,No,No,13,Yes,No,Fiber optic,No,No,No,No,No,No,Month-to-month,Yes,Bank transfer (automatic),89.73,1146.46,No
CUST-0011007,Male,1,No,No,3,Yes,No,Fiber optic,Yes,No,Yes,Yes,No,Yes,Month-to-month,Yes,Bank transfer (automatic),68.23,175.59,Yes
CUST-0011008,Male,1,No,Yes,13,Yes,Yes,DSL,No,No,No,No,Yes,No,Month-to-month,Yes,Credit card (automatic),100.29,1308.62,No
CUST-0011009,Female,0,No,No,10,Yes,No,No,No internet service,No internet service,No internet service,No internet service,No internet service,No internet service,Two year,Yes,Mailed check,82.75,878.46,No
CUST-0011010,Male,0,No,No,32,Yes,No,No,No internet service,No internet service,No internet service,No internet service,No internet service,No internet service,Month-to-month,Yes,Bank transfer (automatic),89.34,2846.67,No
CUST-0011011,Female,0,No,No,29,Yes,Yes,Fiber optic,No,No,No,No,No,No,Month-to-month,No,Credit card (automatic),104.91,3017.98,No
CUST-0011012,Female,0,Yes,No,22,Yes,Yes,DSL,Yes,Yes,Yes,Yes,Yes,No,Month-to-month,Yes,Mailed check,118.75,2580.93,No
CUST-0011013,Female,0,Yes,No,61,Yes,No,No,No internet service,No internet service,No internet service,No internet service,No internet service,No internet service,Month-to-month,Yes,Credit card (automatic),118.75,7250.84,No
CUST-0011014,Male,0,Yes,Yes,16,Yes,Yes,Fiber optic,No,No,No,Yes,Yes,Yes,One year,Yes,Mailed check,93.77,1450.85,No
CUST-0011015,Female,0,No,No,28,No,No phone service,Fiber optic,No,No,No,No,No,Yes,Month-to-month,Yes,Electronic check,98.86,2753.27,Yes
CUST-0011016,Male,1,No,Yes,3,Yes,Yes,Fiber optic,Yes,Yes,Yes,No,Yes,No,Month-to-month,Yes,Bank transfer (automatic),73.34,218.81,No
CUST-0011017,Female,0,Yes,No,16,Yes,Yes,DSL,Yes,No,No,No,Yes,No,Two year,Yes,Mailed check,85.09,1357.83,No
CUST-0011018,Male,0,No,No,72,Yes,Yes,Fiber optic,No,No,Yes,No,No,Yes,Two year,Yes,Bank transfer (automatic),84.4,,Yes
CUST-0011019,Male,0,No,No,52,Yes,Yes,DSL,No,Yes,No,No,No,Yes,One year,Yes,Mailed check,118.75,6200.28,Yes
CUST-0011020,Male,0,No,No,29,Yes,Yes,Fiber optic,Yes,Yes,Yes,No,Yes,Yes,Month-to-month,Yes,Electronic check,67.59,,No
CUST-0011021,Male,1,No,No,54,Yes,No,No,No internet service,No internet service,No internet service,No internet service,No internet service,No internet service,Two year,Yes,Bank transfer (automatic),63.75,3398.8,No
CUST-0011022,Female,0,No,No,36,Yes,No,DSL,No,No,Yes,No,Yes,No,Month-to-month,No,Electronic check,107.16,3866.12,No
CUST-0011023,Female,1,Yes,Yes,4,Yes,No,No,No internet service,No internet service,No internet service,No internet service,No internet service,No internet service,Month-to-month,No,Mailed check,94.93,379.96,No
CUST-0011024,Male,0,Yes,Yes,3,Yes,Yes,DSL,No,No,Yes,No,Yes,No,Two year,Yes,Bank transfer (automatic),95.73,267.63,No
CUST-0011025,Female,0,No,No,7,Yes,No,DSL,No,No,No,No,No,Yes,Month-to-month,Yes,Credit card (automatic),41.63,244.42,Yes
CUST-0011026,Female,0,Yes,Yes,7,Yes,No,Fiber optic,No,No,No,No,Yes,No,One year,Yes,Electronic check,94.27,633.71,No
CUST-0011027,Male,0,Yes,Yes,72,Yes,No,Fiber optic,No,No,No,No,Yes,No,Month-to-month,Yes,Bank transfer (automatic),86.59,6256.35,No
CUST-0011028,Male,0,Yes,No,0,Yes,Yes,No,No internet service,No internet service,No internet service,No internet service,No internet service,No internet service,Month-to-month,Yes,Electronic check,106.72,,No
CUST-0011029,Male,1,No,No,31,Yes,No,Fiber optic,No,Yes,No,Yes,No,No,Month-to-month,No,Electronic check,86.75,2700.16,No
CUST-0011030,Female,1,No,No,53,No,No phone service,No,No internet service,No internet service,No internet service,No internet service,No internet service,No internet service,Month-to-month,Yes,Electronic check,87.25,4587.16,No
CUST-0011031,Female,0,Yes,Yes,7,Yes,Yes,DSL,No,No,No,No,No,No,Two year,Yes,Credit card (automatic),76.65,598.07,No
CUST-0011032,Female,0,No,No,22,Yes,No,No,No internet service,No internet service,No internet service,No internet service,No internet service,No internet service,Month-to-month,Yes,Bank transfer (automatic),118.75,2594.19,Yes
CUST-0011033,Male,0,Yes,No,20,Yes,No,Fiber optic,No,Yes,No,No,No,No,Month-to-month,Yes,Electronic check,108.19,2176.49,Yes
CUST-0011034,Female,0,No,No,11,Yes,Yes,Fiber optic,No,No,No,No,Yes,No,Month-to-month,No,Bank transfer (automatic),83.84,,Yes
CUST-0011035,Female,0,Yes,No,72,Yes,Yes,Fiber optic,Yes,Yes,No,No,No,Yes,One year,Yes,Credit card (automatic),32.45,2301.74,No
CUST-0011036,Male,0,No,Yes,31,Yes,No,Fiber optic,No,No,No,No,Yes,Yes,Month-to-month,Yes,Bank transfer (automatic),74.22,2311.59,Yes
CUST-0011037,Female,0,Yes,No,66,Yes,No,No,No internet service,No internet service,No internet service,No internet service,No internet service,No internet service,Month-to-month,Yes,Electronic check,112.04,7368.37,Yes
CUST-0011038,Female,1,Yes,No,60,No,No phone service,Fiber optic,Yes,Yes,Yes,No,No,No,Month-to-month,No,Credit card (automatic),117.09,7051.45,Yes
CUST-0011039,Female,0,No,No,3,Yes,Yes,Fiber optic,No,No,No,No,No,Yes,Month-to-month,No,Mailed check,112.64,382.63,Yes
CUST-0011040,Male,0,No,No,58,Yes,No,DSL,No,Yes,Yes,No,No,Yes,Month-to-month,Yes,Electronic check,75.7,4430.1,No
CUST-0011041,Female,0,No,No,38,Yes,No,Fiber optic,Yes,No,No,Yes,No,No,Month-to-month,Yes,Bank transfer (automatic),72.79,2811.41,Yes
CUST-0011042,Male,0,Yes,No,3,Yes,Yes,DSL,No,Yes,Yes,No,Yes,No,Month-to-month,No,Electronic check,77.96,220.12,No
CUST-0011043,Female,0,Yes,Yes,28,Yes,Yes,Fiber optic,No,No,No,No,No,Yes,Month-to-month,Yes,Electronic check,96.86,2698.52,Yes
CUST-0011044,Male,0,No,No,31,Yes,Yes,No,No internet service,No internet service,No internet service,No internet service,No internet service,No internet service,One year,Yes,Credit card (automatic),115.75,3572.37,No
CUST-0011045,Male,0,Yes,No,2,Yes,No,No,No internet service,No internet service,No internet service,No internet service,No internet service,No internet service,Month-to-month,No,Bank transfer (automatic),72.44,159.97,Yes
CUST-0011046,Male,1,No,No,68,Yes,No,Fiber optic,Yes,No,No,No,Yes,Yes,Month-to-month,Yes,Credit card (automatic),118.75,8073.58,Yes
CUST-0011047,Male,0,No,No,13,Yes,No,Fiber optic,Yes,Yes,Yes,No,No,Yes,Month-to-month,Yes,Credit card (automatic),84.37,,No
CUST-0011048,Male,0,No,No,24,Yes,Yes,No,No internet service,No internet service,No internet service,No internet service,No internet service,No internet service,Two year,Yes,Electronic check,118.75,2835.31,Yes
CUST-0011049,Female,0,Yes,Yes,8,No,No phone service,DSL,No,Yes,Yes,No,No,No,Month-to-month,Yes,Electronic check,63.72,525.63,No
CUST-0011050,Female,1,Yes,No,23,Yes,Yes,DSL,No,No,No,Yes,No,No,One year,Yes,Bank transfer (automatic),77.63,1813.9,Yes
CUST-0011051,Male,0,No,Yes,17,Yes,No,DSL,Yes,Yes,No,No,No,No,Month-to-month,Yes,Mailed check,76.63,1300.46,No
CUST-0011052,Female,0,No,No,8,Yes,No,Fiber optic,No,Yes,No,No,No,No,Month-to-month,No,Credit card (automatic),103.06,873.05,Yes
CUST-0011053,Male,1,No,No,37,Yes,Yes,DSL,No,Yes,Yes,Yes,Yes,No,Two year,No,Bank transfer (automatic),68.21,2557.54,Yes
CUST-0011054,Male,0,No,No,5,Yes,No,Fiber optic,No,No,No,No,No,No,Month-to-month,No,Electronic check,89.17,437.69,Yes
CUST-0011055,Female,1,Yes,Yes,1,Yes,No,DSL,No,Yes,No,No,No,No,Month-to-month,Yes,Electronic check,91.51,100.91,Yes
CUST-0011056,Female,0,Yes,No,16,Yes,Yes,No,No internet service,No internet service,No internet service,No internet service,No internet service,No internet service,Month-to-month,No,Mailed check,85.39,1419.28,No
CUST-0011057,Female,0,Yes,No,22,Yes,No,Fiber optic,Yes,No,Yes,Yes,No,No,Month-to-month,No,Credit card (automatic),55.13,1225.06,No
CUST-0011058,Male,1,Yes,No,28,Yes,Yes,DSL,Yes,No,No,No,No,Yes,Month-to-month,No,Mailed check,94.77,,No
CUST-0011059,Male,0,Yes,No,60,Yes,Yes,Fiber optic,No,No,No,No,No,No,Month-to-month,Yes,Electronic check,111.91,6720.88,Yes
CUST-0011060,Male,0,No,No,19,Yes,No,Fiber optic,No,No,No,Yes,No,Yes,Month-to-month,No,Bank transfer (automatic),87.4,1649.85,Yes
CUST-0011061,Male,0,Yes,No,55,Yes,Yes,Fiber optic,No,No,Yes,No,Yes,Yes,Month-to-month,Yes,Bank transfer (automatic),110.34,6098.98,Yes
CUST-0011062,Female,1,No,No,21,Yes,No,Fiber optic,No,Yes,Yes,No,No,No,Month-to-month,Yes,Electronic check,95.41,,No
CUST-0011063,Male,1,No,No,46,Yes,No,Fiber optic,Yes,Yes,No,Yes,No,Yes,Month-to-month,No,Electronic check,75.91,3465.65,No
CUST-0011064,Female,1,Yes,No,12,Yes,No,Fiber optic,No,No,No,Yes,Yes,No,Two year,No,Mailed check,72.27,890.9,Yes
CUST-0011065,Female,0,No,No,28,No,No phone service,Fiber optic,No,No,No,Yes,Yes,No,Two year,No,Bank transfer (automatic),88.97,2486.1,No
CUST-0011066,Female,1,Yes,Yes,35,Yes,No,Fiber optic,Yes,No,No,Yes,No,Yes,Month-to-month,Yes,Electronic check,83.8,2940.28,Yes
CUST-0011067,Female,1,Yes,Yes,22,Yes,No,Fiber optic,No,No,Yes,No,Yes,Yes,Two year,No,Bank transfer (automatic),59.25,1309.55,No
CUST-0011068,Male,0,Yes,Yes,72,Yes,No,Fiber optic,No,No,No,No,No,No,Month-to-month,Yes,Electronic check,60.28,4339.55,No
CUST-0011069,Male,0,Yes,Yes,8,Yes,No,DSL,No,No,No,No,No,No,Month-to-month,Yes,Electronic check,82.6,641.94,Yes
CUST-0011070,Female,0,No,No,17,Yes,Yes,Fiber optic,Yes,Yes,Yes,No,No,Yes,Month-to-month,Yes,Credit card (automatic),118.75,2009.12,No
CUST-0011071,Female,1,Yes,No,72,Yes,Yes,Fiber optic,Yes,Yes,No,No,No,No,One year,Yes,Mailed check,92.92,6653.15,No
CUST-0011072,Female,0,No,No,4,Yes,Yes,No,No internet service,No internet service,No internet service,No internet service,No internet service,No internet service,Month-to-month,Yes,Mailed check,98.69,389.57,No
CUST-0011073,Male,1,No,No,5,Yes,No,Fiber optic,Yes,Yes,Yes,No,No,Yes,One year,Yes,Electronic check,69.79,342.75,No
CUST-0011074,Female,0,Yes,No,68,No,No phone service,DSL,No,No,No,No,No,No,Month-to-month,Yes,Credit card (automatic),59.85,4075.56,No
CUST-0011075,Male,1,No,No,3,Yes,Yes,Fiber optic,No,No,No,No,No,Yes,Two year,No,Electronic check,103.07,282.93,No
CUST-0011076,Male,0,Yes,No,35,No,No phone service,DSL,Yes,No,Yes,No,Yes,Yes,Month-to-month,Yes,Bank transfer (automatic),87.53,3062.92,Yes
CUST-0011077,Male,0,Yes,Yes,53,Yes,No,Fiber optic,No,No,Yes,No,Yes,Yes,One year,No,Mailed check,41.92,2254.29,No
CUST-0011078,Male,1,Yes,No,30,Yes,Yes,Fiber optic,No,Yes,Yes,Yes,No,Yes,One year,Yes,Bank transfer (automatic),116.8,,No
CUST-0011079,Female,0,No,No,12,Yes,No,No,No internet service,No internet service,No internet service,No internet service,No internet service,No internet service,Two year,Yes,Electronic check,118.75,1453.89,No
CUST-0011080,Female,0,No,No,15,Yes,No,Fiber optic,Yes,No,No,No,No,Yes,One year,Yes,Electronic check,75.75,1152.14,No
CUST-0011081,Female,0,No,No,57,Yes,Yes,Fiber optic,No,No,Yes,No,Yes,No,Month-to-month,No,Electronic check,60.96,3456.41,Yes
CUST-0011082,Male,0,Yes,Yes,1,Yes,Yes,Fiber optic,Yes,No,Yes,Yes,No,No,Two year,Yes,Electronic check,117.11,116.28,No
CUST-0011083,Female,0,Yes,No,40,Yes,Yes,DSL,No,No,Yes,No,Yes,No,Month-to-month,No,Electronic check,118.75,4740.02,Yes
CUST-0011084,Female,0,No,No,2,Yes,No,Fiber optic,Yes,No,No,No,No,No,Month-to-month,Yes,Electronic check,78.48,202.06,No
CUST-0011085,Female,0,No,No,9,Yes,Yes,DSL,No,No,No,No,No,No,Month-to-month,Yes,Electronic check,51.33,438.48,No
CUST-0011086,Female,0,Yes,No,72,No,No phone service,Fiber optic,Yes,Yes,Yes,No,Yes,No,Month-to-month,Yes,Electronic check,86.01,6188.03,Yes
CUST-0011087,Female,0,Yes,No,1,Yes,Yes,No,No internet service,No internet service,No internet service,No internet service,No internet service,No internet service,Month-to-month,Yes,Credit card (automatic),82.46,78.59,No
CUST-0011088,Female,0,Yes,Yes,2,Yes,No,DSL,No,No,Yes,Yes,No,Yes,Month-to-month,Yes,Credit card (automatic),88.52,175.3,No
CUST-0011089,Female,0,No,No,12,Yes,Yes,No,No internet service,No internet service,No internet service,No internet service,No internet service,No internet service,Month-to-month,No,Mailed check,78.92,964.91,Yes
CUST-0011090,Male,1,No,No,11,Yes,Yes,DSL,Yes,No,No,Yes,No,No,Month-to-month,No,Electronic check,118.75,1310.45,No
CUST-0011091,Female,0,No,No,15,Yes,Yes,Fiber optic,No,No,No,Yes,No,No,Month-to-month,Yes,Bank transfer (automatic),46.79,703.33,No
CUST-0011092,Female,1,Yes,No,2,Yes,Yes,DSL,Yes,Yes,Yes,No,Yes,Yes,Month-to-month,No,Electronic check,22.0,2.89,No
CUST-0011093,Male,1,Yes,No,15,Yes,No,DSL,Yes,No,No,No,No,Yes,Month-to-month,No,Electronic check,100.3,1508.91,No
CUST-0011094,Male,0,Yes,No,6,Yes,No,Fiber optic,No,Yes,No,Yes,Yes,No,Month-to-month,No,Mailed check,58.55,367.01,Yes
CUST-0011095,Female,0,No,No,72,No,No phone service,No,No internet service,No internet service,No internet service,No internet service,No internet service,No internet service,Month-to-month,Yes,Bank transfer (automatic),77.1,5573.72,Yes
CUST-0011096,Female,0,Yes,No,0,Yes,No,No,No internet service,No internet service,No internet service,No internet service,No internet service,No internet service,Month-to-month,Yes,Electronic check,83.29,,Yes
CUST-0011097,Female,1,Yes,No,21,Yes,No,DSL,No,No,Yes,Yes,No,No,Month-to-month,Yes,Bank transfer (automatic),118.75,2474.33,Yes
CUST-0011098,Female,0,No,Yes,23,Yes,No,DSL,No,Yes,Yes,No,Yes,Yes,Two year,Yes,Electronic check,73.55,1682.35,No
CUST-0011099,Male,0,Yes,No,31,Yes,Yes,DSL,Yes,No,Yes,No,Yes,Yes,Month-to-month,Yes,Electronic check,69.79,2197.13,Yes
CUST-0011100,Male,0,Yes,No,6,Yes,No,Fiber optic,No,No,No,No,Yes,Yes,Month-to-month,No,Mailed check,64.67,397.04,No
CUST-0011101,Male,1,No,No,4,Yes,No,Fiber optic,Yes,No,No,No,Yes,Yes,Month-to-month,Yes,Electronic check,75.28,275.35,No
CUST-0011102,Female,0,No,No,26,Yes,Yes,No,No internet service,No internet service,No internet service,No internet service,No internet service,No internet service,Month-to-month,Yes,Electronic check,90.46,2357.55,No
CUST-0011103,Male,1,Yes,No,7,No,No phone service,DSL,Yes,Yes,No,No,No,Yes,One year,Yes,Bank transfer (automatic),102.96,700.89,No
CUST-0011104,Male,1,Yes,No,15,Yes,Yes,Fiber optic,Yes,No,No,Yes,Yes,No,Month-to-month,Yes,Bank transfer (automatic),64.42,965.57,Yes
CUST-0011105,Female,0,Yes,No,70,Yes,No,Fiber optic,Yes,No,Yes,No,No,No,Month-to-month,Yes,Bank transfer (automatic),87.52,6114.52,No
CUST-0011106,Female,0,No,No,11,No,No phone service,DSL,No,Yes,No,No,Yes,Yes,Month-to-month,Yes,Electronic check,70.07,764.0,No
CUST-0011107,Male,0,Yes,Yes,0,Yes,No,DSL,Yes,No,Yes,Yes,Yes,No,Month-to-month,No,Electronic check,103.85,,Yes
CUST-0011108,Male,0,No,No,10,Yes,Yes,No,No internet service,No internet service,No internet service,No internet service,No internet service,No internet service,Month-to-month,No,Electronic check,36.53,375.29,Yes
CUST-0011109,Male,0,No,No,1,Yes,Yes,DSL,Yes,Yes,No,Yes,Yes,Yes,Month-to-month,Yes,Credit card (automatic),85.58,69.72,No
CUST-0011110,Male,1,Yes,No,72,No,No phone service,DSL,No,No,Yes,No,Yes,No,One year,Yes,Mailed check,71.0,5132.32,No
CUST-0011111,Male,0,No,Yes,8,Yes,Yes,No,No internet service,No internet service,No internet service,No internet service,No internet service,No internet service,Month-to-month,Yes,Electronic check,110.44,928.89,No
CUST-0011112,Female,0,Yes,No,69,Yes,No,DSL,No,Yes,No,No,No,No,Month-to-month,Yes,Credit card (automatic),68.43,4748.65,Yes
CUST-0011113,Female,1,Yes,No,16,Yes,No,Fiber optic,No,No,Yes,No,No,No,Month-to-month,No,Credit card (automatic),67.76,1101.31,Yes
CUST-0011114,Male,1,No,No,3,Yes,Yes,Fiber optic,No,No,No,Yes,Yes,No,One year,No,Credit card (automatic),93.21,256.09,Yes
CUST-0011115,Male,0,No,No,6,Yes,No,Fiber optic,No,No,Yes,No,Yes,Yes,One year,Yes,Electronic check,82.63,497.63,Yes
CUST-0011116,Female,0,No,No,5,Yes,Yes,Fiber optic,Yes,Yes,Yes,No,No,No,Month-to-month,Yes,Credit card (automatic),107.41,547.23,No
CUST-0011117,Female,0,Yes,Yes,22,Yes,Yes,Fiber optic,No,Yes,No,Yes,No,No,Month-to-month,Yes,Credit card (automatic),114.08,2503.63,No
CUST-0011118,Male,0,No,No,39,Yes,No,Fiber optic,No,Yes,No,Yes,Yes,Yes,Month-to-month,Yes,Bank transfer (automatic),45.45,1808.79,No
CUST-0011119,Male,1,Yes,No,10,Yes,Yes,Fiber optic,No,Yes,No,No,Yes,Yes,Month-to-month,Yes,Electronic check,55.19,546.66,Yes
CUST-0011120,Female,0,No,No,28,Yes,Yes,Fiber optic,Yes,No,No,No,No,No,Month-to-month,No,Bank transfer (automatic),76.84,2189.61,No
CUST-0011121,Female,0,No,No,9,Yes,Yes,No,No internet service,No internet service,No internet service,No internet service,No internet service,No internet service,Month-to-month,Yes,Mailed check,81.25,,No
CUST-0011122,Male,0,Yes,No,24,Yes,No,Fiber optic,No,Yes,Yes,Yes,No,No,One year,No,Mailed check,99.57,2335.14,No
CUST-0011123,Female,0,No,No,0,Yes,Yes,Fiber optic,No,Yes,No,Yes,No,No,Month-to-month,Yes,Credit card (automatic),91.66,,Yes
CUST-0011124,Male,0,No,No,2,Yes,No,DSL,Yes,No,No,No,Yes,Yes,Month-to-month,Yes,Electronic check,118.61,223.97,No
CUST-0011125,Female,0,No,No,30,Yes,No,Fiber optic,No,Yes,Yes,No,No,No,Month-to-month,Yes,Mailed check,102.01,3110.57,Yes
CUST-0011126,Female,0,Yes,Yes,51,Yes,No,Fiber optic,No,No,No,No,No,No,One year,No,Bank transfer (automatic),118.75,6034.79,No
CUST-0011127,Male,0,Yes,Yes,4,Yes,No,Fiber optic,No,Yes,No,Yes,No,Yes,One year,Yes,Electronic check,51.57,207.44,Yes
CUST-0011128,Female,0,Yes,No,23,Yes,No,DSL,No,Yes,No,No,No,Yes,Month-to-month,No,Bank transfer (automatic),62.39,1422.14,No
CUST-0011129,Male,0,No,No,19,No,No phone service,Fiber optic,No,Yes,No,No,Yes,No,Month-to-month,Yes,Bank transfer (automatic),91.55,1723.91,Yes
CUST-0011130,Female,0,No,No,12,Yes,Yes,Fiber optic,No,No,No,Yes,No,No,Month-to-month,Yes,Bank transfer (automatic),89.34,1099.09,Yes
CUST-0011131,Female,1,No,Yes,3,Yes,Yes,Fiber optic,No,Yes,No,Yes,Yes,No,Month-to-month,Yes,Credit card (automatic),118.75,354.37,No
CUST-0011132,Female,1,Yes,No,31,Yes,No,Fiber optic,No,No,No,No,Yes,No,Two year,No,Credit card (automatic),59.03,1861.95,No
CUST-0011133,Female,0,Yes,No,6,Yes,No,Fiber optic,Yes,No,Yes,No,No,Yes,Month-to-month,Yes,Credit card (automatic),75.34,477.33,No
CUST-0011134,Female,0,Yes,No,22,Yes,Yes,No,No internet service,No internet service,No internet service,No internet service,No internet service,No internet service,Month-to-month,Yes,Mailed check,89.02,1936.72,No
CUST-0011135,Male,0,No,No,51,Yes,Yes,No,No internet service,No internet service,No internet service,No internet service,No internet service,No internet service,Month-to-month,No,Electronic check,118.75,6077.9,No
CUST-0011136,Male,0,No,No,48,Yes,Yes,Fiber optic,Yes,No,Yes,No,No,No,Month-to-month,Yes,Mailed check,79.43,3803.21,No
CUST-0011137,Male,1,No,No,24,Yes,No,DSL,Yes,No,No,Yes,No,Yes,Month-to-month,Yes,Bank transfer (automatic),81.13,1936.92,No
CUST-0011138,Male,1,Yes,No,11,Yes,No,Fiber optic,Yes,No,No,No,No,No,Two year,Yes,Bank transfer (automatic),76.26,882.74,No
CUST-0011139,Female,0,No,Yes,14,Yes,Yes,Fiber optic,Yes,No,No,No,Yes,No,Two year,Yes,Mailed check,118.75,1676.01,No
CUST-0011140,Male,0,No,Yes,6,No,No phone service,Fiber optic,No,No,No,Yes,No,No,Two year,No,Electronic check,84.42,487.62,No
CUST-0011141,Male,0,Yes,Yes,41,Yes,No,DSL,No,No,Yes,Yes,No,No,Month-to-month,No,Mailed check,67.83,2721.53,No
CUST-0011142,Female,0,Yes,Yes,9,Yes,Yes,Fiber optic,No,No,No,No,Yes,No,Month-to-month,Yes,Credit card (automatic),52.56,463.3,No
CUST-0011143,Female,0,No,Yes,14,Yes,Yes,DSL,No,No,No,No,Yes,Yes,Two year,No,Mailed check,118.75,1662.01,No
CUST-0011144,Male,0,Yes,No,15,Yes,No,Fiber optic,No,No,No,No,No,No,Month-to-month,No,Mailed check,46.39,673.61,No
CUST-0011145,Female,0,No,Yes,5,Yes,Yes,Fiber optic,No,No,No,No,No,No,Month-to-month,Yes,Electronic check,49.43,265.27,No
CUST-0011146,Female,0,Yes,No,2,Yes,No,Fiber optic,Yes,No,Yes,Yes,No,Yes,Month-to-month,Yes,Electronic check,70.69,165.03,No
CUST-0011147,Female,0,Yes,No,7,Yes,Yes,Fiber optic,No,Yes,No,Yes,Yes,Yes,Month-to-month,No,Credit card (automatic),118.75,834.59,Yes
CUST-0011148,Female,0,No,No,52,Yes,No,Fiber optic,No,Yes,No,Yes,Yes,Yes,Month-to-month,Yes,Electronic check,74.8,3901.57,No
CUST-0011149,Male,0,No,No,38,Yes,Yes,DSL,Yes,No,Yes,No,Yes,Yes,Two year,Yes,Electronic check,98.13,3737.24,No
CUST-0011150,Female,0,No,Yes,8,Yes,No,DSL,Yes,No,No,No,No,No,Month-to-month,Yes,Mailed check,96.57,788.65,No
CUST-0011151,Female,0,Yes,No,48,Yes,Yes,Fiber optic,No,Yes,Yes,No,No,No,Month-to-month,No,Bank transfer (automatic),108.02,5222.29,Yes
CUST-0011152,Female,1,No,Yes,72,No,No phone service,Fiber optic,Yes,No,No,Yes,No,Yes,Month-to-month,No,Credit card (automatic),86.65,6237.91,No
CUST-0011153,Male,1,Yes,No,1,Yes,Yes,Fiber optic,No,No,No,Yes,Yes,Yes,Month-to-month,No,Mailed check,76.22,57.24,Yes
CUST-0011154,Male,0,No,Yes,25,Yes,Yes,No,No internet service,No internet service,No internet service,No internet service,No internet service,No internet service,One year,No,Electronic check,62.64,1595.04,No
CUST-0011155,Female,0,Yes,Yes,22,Yes,Yes,DSL,Yes,No,Yes,No,Yes,Yes,Month-to-month,Yes,Mailed check,81.77,1832.41,Yes
CUST-0011156,Male,0,Yes,No,12,Yes,Yes,No,No internet service,No internet service,No internet service,No internet service,No internet service,No internet service,One year,No,Electronic check,56.94,695.59,No
CUST-0011157,Male,1,No,Yes,21,Yes,No,No,No internet service,No internet service,No internet service,No internet service,No internet service,No internet service,Month-to-month,No,Bank transfer (automatic),66.51,1394.96,No
CUST-0011158,Male,0,Yes,No,24,Yes,Yes,DSL,Yes,No,No,No,No,Yes,Two year,No,Credit card (automatic),111.16,2678.75,No
CUST-0011159,Male,1,No,Yes,9,Yes,No,No,No internet service,No internet service,No internet service,No internet service,No internet service,No internet service,Month-to-month,No,Bank transfer (automatic),118.75,1049.99,Yes
CUST-0011160,Male,1,Yes,No,45,Yes,Yes,DSL,No,Yes,No,No,Yes,Yes,One year,Yes,Mailed check,90.19,4030.71,No
CUST-0011161,Female,0,No,Yes,5,Yes,Yes,DSL,No,No,No,Yes,No,No,Two year,Yes,Electronic check,113.71,585.06,No
CUST-0011162,Male,0,Yes,No,34,Yes,No,DSL,No,No,No,Yes,Yes,No,Month-to-month,No,Bank transfer (automatic),89.49,3038.15,No
CUST-0011163,Male,0,Yes,No,8,Yes,Yes,Fiber optic,Yes,No,No,Yes,No,Yes,Month-to-month,Yes,Electronic check,112.34,902.47,No
CUST-0011164,Female,0,No,No,12,Yes,No,DSL,Yes,No,No,No,Yes,No,Month-to-month,Yes,Bank transfer (automatic),76.06,897.77,No
CUST-0011165,Male,0,No,No,11,Yes,Yes,Fiber optic,Yes,Yes,No,Yes,No,No,One year,No,Mailed check,101.31,1144.78,Yes
CUST-0011166,Male,1,No,No,13,Yes,Yes,Fiber optic,No,Yes,Yes,No,Yes,Yes,Month-to-month,Yes,Credit card (automatic),114.02,1530.81,No
CUST-0011167,Male,0,No,Yes,11,Yes,No,DSL,No,Yes,No,No,No,No,One year,Yes,Mailed check,109.53,1216.92,Yes
CUST-0011168,Male,0,Yes,No,41,Yes,No,DSL,Yes,No,Yes,No,No,Yes,Month-to-month,Yes,Electronic check,118.75,4857.23,No
CUST-0011169,Female,0,Yes,Yes,12,Yes,No,Fiber optic,No,No,No,Yes,No,No,Month-to-month,Yes,Electronic check,94.36,1187.05,Yes
CUST-0011170,Female,0,Yes,No,1,Yes,Yes,Fiber optic,No,No,No,No,No,No,Month-to-month,No,Electronic check,105.26,119.9,No
CUST-0011171,Male,0,Yes,No,7,Yes,No,DSL,No,No,Yes,No,Yes,No,Month-to-month,No,Credit card (automatic),95.24,683.73,No
CUST-0011172,Female,0,No,No,72,Yes,No,Fiber optic,Yes,Yes,No,No,No,Yes,Month-to-month,No,Bank transfer (automatic),97.95,7084.08,No
CUST-0011173,Female,0,No,No,26,Yes,Yes,DSL,No,No,No,Yes,No,No,Month-to-month,No,Mailed check,44.01,1088.84,Yes
CUST-0011174,Female,0,Yes,Yes,68,Yes,Yes,DSL,No,No,No,No,No,Yes,Month-to-month,Yes,Mailed check,92.14,6277.53,Yes
CUST-0011175,Female,1,Yes,No,10,Yes,Yes,Fiber optic,No,No,No,No,Yes,No,Month-to-month,Yes,Credit card (automatic),78.43,792.16,No
CUST-0011176,Male,1,Yes,Yes,72,Yes,No,Fiber optic,Yes,No,No,No,Yes,No,Two year,Yes,Bank transfer (automatic),52.12,,No
CUST-0011177,Female,0,No,No,37,Yes,No,DSL,Yes,No,No,No,No,No,Month-to-month,Yes,Bank transfer (automatic),65.98,2448.87,Yes
CUST-0011178,Male,0,No,No,53,Yes,No,DSL,No,Yes,No,Yes,Yes,No,Month-to-month,Yes,Electronic check,75.13,3981.38,Yes
CUST-0011179,Male,0,No,No,38,Yes,Yes,Fiber optic,No,No,No,No,No,No,One year,Yes,Mailed check,111.9,4269.18,Yes
CUST-0011180,Female,0,No,No,4,Yes,No,No,No internet service,No internet service,No internet service,No internet service,No internet service,No internet service,Month-to-month,Yes,Electronic check,118.75,432.96,No
CUST-0011181,Male,1,No,No,13,Yes,Yes,Fiber optic,No,No,No,No,No,Yes,Month-to-month,No,Electronic check,118.75,,No
CUST-0011182,Female,0,No,No,72,Yes,Yes,Fiber optic,No,Yes,Yes,No,No,Yes,Two year,Yes,Bank transfer (automatic),80.01,5761.17,No
CUST-0011183,Male,0,Yes,No,57,Yes,Yes,No,No internet service,No internet service,No internet service,No internet service,No internet service,No internet service,Two year,Yes,Mailed check,52.93,3008.67,No
CUST-0011184,Male,0,No,No,2,Yes,No,No,No internet service,No internet service,No internet service,No internet service,No internet service,No internet service,Month-to-month,Yes,Electronic check,62.68,140.06,No
CUST-0011185,Female,0,No,Yes,43,Yes,No,No,No internet service,No internet service,No internet service,No internet service,No internet service,No internet service,Month-to-month,No,Mailed check,100.29,4309.87,Yes
CUST-0011186,Female,0,No,No,11,Yes,No,Fiber optic,No,No,Yes,Yes,No,No,Month-to-month,Yes,Electronic check,107.36,1167.5,Yes
CUST-0011187,Female,0,Yes,No,0,Yes,No,DSL,No,No,No,No,No,No,One year,Yes,Bank transfer (automatic),61.72,,Yes
CUST-0011188,Female,1,Yes,No,17,Yes,No,Fiber optic,No,No,No,No,No,Yes,Month-to-month,Yes,Bank transfer (automatic),102.13,1765.31,No
CUST-0011189,Male,0,Yes,No,8,Yes,Yes,DSL,No,No,No,No,Yes,No,One year,Yes,Electronic check,109.96,881.09,Yes
CUST-0011190,Male,0,No,No,2,Yes,Yes,No,No internet service,No internet service,No internet service,No internet service,No internet service,No internet service,One year,No,Mailed check,74.47,148.9,No
CUST-0011191,Female,0,Yes,No,7,Yes,Yes,Fiber optic,No,Yes,No,No,Yes,Yes,Month-to-month,Yes,Electronic check,74.31,542.69,Yes
CUST-0011192,Male,0,Yes,Yes,29,Yes,Yes,Fiber optic,Yes,No,No,No,Yes,No,Month-to-month,No,Bank transfer (automatic),67.9,1971.14,No
CUST-0011193,Female,0,No,Yes,19,Yes,Yes,Fiber optic,No,No,No,No,No,Yes,Month-to-month,No,Electronic check,111.31,2097.71,No
CUST-0011194,Female,0,No,No,32,Yes,No,DSL,No,No,No,No,Yes,Yes,Month-to-month,No,Bank transfer (automatic),85.97,2758.01,Yes
CUST-0011195,Female,0,No,Yes,24,Yes,No,Fiber optic,Yes,No,Yes,No,No,Yes,One year,No,Electronic check,99.72,2438.89,Yes
CUST-0011196,Female,0,No,No,0,Yes,Yes,DSL,No,No,No,No,Yes,No,Month-to-month,Yes,Electronic check,106.63,,Yes
CUST-0011197,Male,0,Yes,No,72,Yes,No,Fiber optic,No,Yes,Yes,No,Yes,Yes,Month-to-month,Yes,Credit card (automatic),118.75,8527.32,Yes
CUST-0011198,Female,0,No,Yes,45,Yes,Yes,DSL,No,No,Yes,Yes,No,No,Month-to-month,Yes,Bank transfer (automatic),118.75,5392.77,Yes
CUST-0011199,Male,1,Yes,No,7,Yes,Yes,DSL,No,Yes,Yes,No,Yes,No,Month-to-month,Yes,Electronic check,87.18,629.86,Yes
CUST-0011200,Female,0,Yes,No,8,Yes,No,DSL,No,Yes,No,No,Yes,No,Month-to-month,Yes,Credit card (automatic),108.88,857.3,No
CUST-0011201,Male,0,Yes,No,11,Yes,Yes,DSL,No,Yes,No,Yes,No,No,One year,Yes,Mailed check,72.81,760.77,No
CUST-0011202,Female,0,No,Yes,7,Yes,No,DSL,No,Yes,Yes,No,No,Yes,Month-to-month,No,Electronic check,113.63,826.34,No
CUST-0011203,Female,0,Yes,No,34,Yes,Yes,Fiber optic,Yes,No,Yes,No,No,Yes,Two year,Yes,Bank transfer (automatic),64.53,2187.73,No
CUST-0011204,Female,0,No,No,9,Yes,Yes,Fiber optic,No,No,No,Yes,No,No,Month-to-month,Yes,Bank transfer (automatic),90.8,825.04,No
CUST-0011205,Female,0,Yes,No,3,Yes,Yes,Fiber optic,No,No,Yes,No,No,No,Month-to-month,No,Mailed check,48.54,127.27,Yes
CUST-0011206,Female,0,No,Yes,71,Yes,No,DSL,No,No,No,Yes,Yes,Yes,Month-to-month,No,Credit card (automatic),105.22,7458.75,Yes
CUST-0011207,Female,0,Yes,No,72,Yes,Yes,Fiber optic,No,No,Yes,Yes,No,No,Month-to-month,Yes,Electronic check,27.84,1969.22,Yes
CUST-0011208,Male,1,Yes,No,72,Yes,No,Fiber optic,Yes,No,Yes,No,Yes,No,Two year,No,Electronic check,93.26,6685.88,No
CUST-0011209,Male,0,No,No,17,Yes,No,No,No internet service,No internet service,No internet service,No internet service,No internet service,No internet service,Month-to-month,Yes,Bank transfer (automatic),68.88,1147.63,Yes
CUST-0011210,Female,0,No,No,8,Yes,No,DSL,No,Yes,No,Yes,No,Yes,Month-to-month,No,Bank transfer (automatic),93.8,716.05,Yes
CUST-0011211,Male,0,No,Yes,26,Yes,No,DSL,No,No,Yes,No,No,No,Month-to-month,Yes,Electronic check,83.54,2163.6,No
CUST-0011212,Male,0,No,No,71,No,No phone service,DSL,No,No,No,No,No,No,Month-to-month,No,Credit card (automatic),82.35,5850.14,No
CUST-0011213,Female,0,Yes,No,9,Yes,Yes,Fiber optic,No,No,No,No,Yes,No,Month-to-month,Yes,Bank transfer (automatic),96.56,893.47,Yes
CUST-0011214,Female,0,Yes,Yes,1,No,No phone service,DSL,Yes,No,No,No,No,No,Two year,No,Electronic check,93.75,74.6,No
CUST-0011215,Female,0,No,Yes,30,Yes,Yes,Fiber optic,No,Yes,No,No,Yes,Yes,Month-to-month,No,Credit card (automatic),67.62,2020.39,No
CUST-0011216,Female,0,Yes,Yes,34,Yes,Yes,Fiber optic,Yes,No,Yes,Yes,No,No,Month-to-month,Yes,Mailed check,52.87,1812.0,No
CUST-0011217,Male,0,No,Yes,25,Yes,Yes,DSL,No,Yes,No,No,No,Yes,Month-to-month,Yes,Credit card (automatic),90.55,2292.46,No
CUST-0011218,Female,0,No,No,18,Yes,Yes,Fiber optic,No,Yes,No,Yes,Yes,Yes,Month-to-month,Yes,Electronic check,75.75,1369.69,No
CUST-0011219,Male,0,No,Yes,56,No,No phone service,Fiber optic,No,No,Yes,Yes,No,Yes,Two year,Yes,Electronic check,118.75,6650.41,No
CUST-0011220,Female,0,Yes,No,13,No,No phone service,No,No internet service,No internet service,No internet service,No internet service,No internet service,No internet service,Month-to-month,Yes,Bank transfer (automatic),115.9,1530.51,Yes
CUST-0011221,Female,0,Yes,No,40,Yes,Yes,No,No internet service,No internet service,No internet service,No internet service,No internet service,No internet service,Month-to-month,No,Mailed check,74.85,2952.77,Yes
CUST-0011222,Female,0,Yes,Yes,26,Yes,No,No,No internet service,No internet service,No internet service,No internet service,No internet service,No internet service,Month-to-month,Yes,Mailed check,90.39,2389.6,No
CUST-0011223,Female,0,No,Yes,21,Yes,No,DSL,No,No,No,No,Yes,No,Month-to-month,No,Credit card (automatic),95.69,2059.62,No
CUST-0011224,Male,1,Yes,No,56,Yes,Yes,Fiber optic,Yes,No,Yes,Yes,No,No,Month-to-month,Yes,Electronic check,94.34,5318.37,Yes
CUST-0011225,Male,0,No,No,72,Yes,No,DSL,Yes,No,No,Yes,No,Yes,Month-to-month,No,Credit card (automatic),76.07,5467.54,No
CUST-0011226,Female,0,Yes,No,72,Yes,Yes,DSL,No,Yes,Yes,No,No,Yes,Month-to-month,No,Bank transfer (automatic),89.38,6439.16,Yes
CUST-0011227,Male,0,No,Yes,52,Yes,No,No,No internet service,No internet service,No internet service,No internet service,No internet service,No internet service,Month-to-month,Yes,Credit card (automatic),77.45,4022.24,No
CUST-0011228,Male,0,No,No,52,Yes,No,DSL,No,No,Yes,No,Yes,No,Month-to-month,No,Mailed check,91.55,4756.76,No
CUST-0011229,Female,1,Yes,Yes,2,Yes,Yes,No,No internet service,No internet service,No internet service,No internet service,No internet service,No internet service,Two year,Yes,Bank transfer (automatic),81.98,167.26,Yes
CUST-0011230,Female,0,Yes,No,11,Yes,No,Fiber optic,No,No,No,No,No,Yes,Month-to-month,No,Electronic check,60.0,658.41,No
CUST-0011231,Male,1,No,No,5,Yes,Yes,DSL,No,Yes,No,Yes,No,Yes,One year,No,Credit card (automatic),58.23,308.61,No
CUST-0011232,Male,0,Yes,No,32,Yes,No,Fiber optic,No,No,Yes,Yes,Yes,No,Month-to-month,Yes,Bank transfer (automatic),86.17,2797.37,No
CUST-0011233,Male,1,Yes,Yes,32,Yes,No,DSL,Yes,No,Yes,No,No,Yes,Month-to-month,No,Electronic check,97.63,3095.48,No
CUST-0011234,Male,0,No,Yes,9,Yes,No,DSL,No,No,No,Yes,No,No,Month-to-month,No,Electronic check,111.11,1016.86,No
CUST-0011235,Male,0,Yes,No,29,Yes,Yes,No,No internet service,No internet service,No internet service,No internet service,No internet service,No internet service,Month-to-month,Yes,Electronic check,82.18,2361.62,No
CUST-0011236,Female,1,Yes,Yes,41,Yes,No,Fiber optic,Yes,No,No,No,Yes,Yes,Month-to-month,No,Electronic check,103.02,4221.13,Yes
CUST-0011237,Male,1,Yes,Yes,15,Yes,Yes,Fiber optic,No,No,No,Yes,Yes,No,One year,Yes,Bank transfer (automatic),103.87,1533.47,No
CUST-0011238,Female,1,No,No,72,Yes,No,DSL,Yes,No,No,Yes,No,No,One year,Yes,Electronic check,107.17,7727.54,No
CUST-0011239,Female,1,Yes,Yes,29,Yes,No,Fiber optic,No,No,No,Yes,No,No,Two year,No,Mailed check,111.78,3233.37,No
CUST-0011240,Female,0,No,No,2,Yes,Yes,Fiber optic,No,No,No,No,No,Yes,Month-to-month,No,Bank transfer (automatic),118.75,267.68,No
CUST-0011241,Female,0,Yes,No,25,Yes,Yes,Fiber optic,No,No,Yes,No,No,No,Two year,No,Electronic check,98.45,2447.45,No
CUST-0011242,Male,0,No,Yes,21,Yes,No,DSL,No,No,Yes,No,No,No,Month-to-month,No,Electronic check,115.21,2391.96,Yes
CUST-0011243,Male,0,No,Yes,52,Yes,No,No,No internet service,No internet service,No internet service,No internet service,No internet service,No internet service,One year,No,Bank transfer (automatic),76.57,3968.77,No
CUST-0011244,Male,1,No,No,28,Yes,Yes,Fiber optic,Yes,Yes,Yes,Yes,Yes,Yes,One year,Yes,Credit card (automatic),80.04,2253.68,Yes
CUST-0011245,Female,0,Yes,No,24,Yes,Yes,DSL,No,Yes,Yes,No,No,Yes,One year,Yes,Mailed check,69.15,1685.95,No
CUST-0011246,Male,0,No,No,9,Yes,No,No,No internet service,No internet service,No internet service,No internet service,No internet service,No internet service,Month-to-month,Yes,Electronic check,79.05,727.98,No
CUST-0011247,Female,0,Yes,No,16,No,No phone service,Fiber optic,No,No,No,No,Yes,No,Month-to-month,Yes,Bank transfer (automatic),103.48,1697.62,No
CUST-0011248,Male,0,No,No,7,Yes,No,DSL,Yes,No,No,No,No,No,Month-to-month,No,Bank transfer (automatic),86.76,601.86,No
CUST-0011249,Male,1,No,No,24,Yes,No,DSL,No,Yes,No,No,Yes,No,Month-to-month,Yes,Credit card (automatic),99.74,2374.0,No
CUST-0011250,Female,0,No,Yes,1,Yes,No,Fiber optic,No,No,No,No,Yes,Yes,Two year,Yes,Electronic check,104.71,89.25,No
CUST-0011251,Male,0,No,No,23,Yes,No,Fiber optic,No,No,No,No,No,Yes,One year,Yes,Bank transfer (automatic),111.03,2545.93,No
CUST-0011252,Female,1,No,No,27,Yes,No,Fiber optic,Yes,No,No,No,No,Yes,Month-to-month,No,Mailed check,87.11,2336.18,No
CUST-0011253,Male,0,No,No,13,Yes,No,Fiber optic,No,Yes,No,No,No,No,One year,No,Mailed check,118.75,1513.86,No
CUST-0011254,Female,0,No,No,2,Yes,Yes,No,No internet service,No internet service,No internet service,No internet service,No internet service,No internet service,Two year,Yes,Credit card (automatic),92.11,167.07,Yes
CUST-0011255,Female,0,Yes,No,0,Yes,No,No,No internet service,No internet service,No internet service,No internet service,No internet service,No internet service,Month-to-month,Yes,Electronic check,118.75,,No
CUST-0011256,Female,0,No,No,1,Yes,No,Fiber optic,No,No,Yes,No,No,No,Month-to-month,Yes,Electronic check,69.45,96.2,Yes
CUST-0011257,Male,0,Yes,No,41,Yes,No,DSL,No,No,No,No,No,No,One year,Yes,Electronic check,37.2,1526.52,Yes
CUST-0011258,Male,0,No,Yes,58,Yes,Yes,DSL,No,No,No,No,No,Yes,Month-to-month,Yes,Electronic check,75.38,4364.95,No
CUST-0011259,Male,0,No,Yes,72,Yes,Yes,Fiber optic,No,No,No,No,No,No,Two year,No,Bank transfer (automatic),94.74,6823.05,No
CUST-0011260,Male,0,No,Yes,12,Yes,No,Fiber optic,No,Yes,No,No,No,Yes,Month-to-month,No,Mailed check,90.91,1080.3,No
CUST-0011261,Male,1,No,No,8,Yes,Yes,Fiber optic,No,No,No,No,Yes,Yes,One year,Yes,Mailed check,63.83,466.96,No
CUST-0011262,Female,0,Yes,No,14,Yes,Yes,Fiber optic,No,No,No,No,Yes,Yes,One year,Yes,Bank transfer (automatic),76.5,1014.53,No
CUST-0011263,Female,0,Yes,No,8,Yes,No,DSL,No,No,No,No,Yes,Yes,Two year,Yes,Credit card (automatic),95.95,737.85,No
CUST-0011264,Female,0,No,Yes,8,Yes,No,Fiber optic,No,No,No,No,Yes,Yes,Month-to-month,Yes,Credit card (automatic),78.0,640.27,No
CUST-0011265,Female,0,Yes,No,1,Yes,Yes,DSL,No,No,No,No,Yes,No,Two year,No,Electronic check,116.18,91.37,No
CUST-0011266,Male,0,Yes,Yes,38,No,No phone service,Fiber optic,Yes,No,No,No,Yes,Yes,One year,No,Mailed check,99.46,3725.41,No
CUST-0011267,Male,0,Yes,No,19,Yes,No,No,No internet service,No internet service,No internet service,No internet service,No internet service,No internet service,One year,No,Electronic check,58.33,1097.42,No
CUST-0011268,Female,0,Yes,No,65,Yes,Yes,Fiber optic,No,No,Yes,No,No,Yes,Month-to-month,No,Credit card (automatic),49.35,3203.15,Yes
CUST-0011269,Female,1,Yes,Yes,24,Yes,No,Fiber optic,No,No,No,No,Yes,No,Month-to-month,Yes,Credit card (automatic),114.68,2758.22,No
CUST-0011270,Male,0,Yes,No,68,Yes,Yes,No,No internet service,No internet service,No internet service,No internet service,No internet service,No internet service,One year,No,Credit card (automatic),96.39,6521.38,No
CUST-0011271,Male,0,Yes,No,5,Yes,Yes,DSL,Yes,No,No,No,No,No,Month-to-month,Yes,Credit card (automatic),94.69,479.76,Yes
CUST-0011272,Female,0,Yes,No,28,Yes,No,Fiber optic,No,No,No,No,No,Yes,Month-to-month,Yes,Electronic check,67.28,1880.59,No
CUST-0011273,Male,0,No,No,27,Yes,No,Fiber optic,No,No,No,No,No,Yes,Month-to-month,Yes,Electronic check,115.47,3110.31,No
CUST-0011274,Male,0,Yes,No,1,Yes,Yes,No,No internet service,No internet service,No internet service,No internet service,No internet service,No internet service,One year,Yes,Electronic check,77.96,89.71,Yes
CUST-0011275,Male,1,Yes,No,23,Yes,No,No,No internet service,No internet service,No internet service,No internet service,No internet service,No internet service,One year,Yes,Credit card (automatic),109.57,2578.71,Yes
CUST-0011276,Female,0,Yes,No,24,Yes,Yes,No,No internet service,No internet service,No internet service,No internet service,No internet service,No internet service,Month-to-month,Yes,Electronic check,93.85,2265.33,Yes
CUST-0011277,Female,1,No,No,0,Yes,Yes,Fiber optic,Yes,No,Yes,Yes,No,Yes,Two year,No,Electronic check,72.59,,No
CUST-0011278,Female,0,Yes,Yes,1,Yes,Yes,Fiber optic,Yes,No,No,No,Yes,No,Month-to-month,No,Electronic check,113.14,114.79,No
CUST-0011279,Female,0,Yes,Yes,25,Yes,No,Fiber optic,Yes,No,Yes,Yes,No,No,Month-to-month,No,Credit card (automatic),89.36,2251.56,No
CUST-0011280,Male,1,No,No,21,Yes,Yes,No,No internet service,No internet service,No internet service,No internet service,No internet service,No internet service,Month-to-month,No,Electronic check,90.01,1882.69,No
CUST-0011281,Female,1,Yes,No,71,Yes,No,Fiber optic,No,No,Yes,Yes,No,Yes,Month-to-month,No,Credit card (automatic),85.99,6103.37,No
CUST-0011282,Male,0,Yes,Yes,15,Yes,Yes,Fiber optic,No,No,No,No,Yes,No,Month-to-month,Yes,Electronic check,94.16,1387.7,Yes
CUST-0011283,Female,0,No,No,0,Yes,No,DSL,No,No,Yes,No,Yes,Yes,Month-to-month,Yes,Electronic check,94.96,,No
CUST-0011284,Female,0,No,Yes,13,Yes,Yes,Fiber optic,No,No,Yes,No,No,No,One year,No,Bank transfer (automatic),83.36,1062.69,No
CUST-0011285,Male,1,No,Yes,9,Yes,No,Fiber optic,No,No,No,No,No,No,One year,Yes,Mailed check,114.5,1073.24,No
CUST-0011286,Male,0,Yes,No,0,Yes,No,No,No internet service,No internet service,No internet service,No internet service,No internet service,No internet service,One year,No,Electronic check,118.75,,No
CUST-0011287,Female,0,No,No,12,Yes,No,DSL,No,No,No,Yes,Yes,Yes,Month-to-month,Yes,Mailed check,105.14,1274.04,No
CUST-0011288,Male,1,No,Yes,0,No,No phone service,Fiber optic,Yes,No,Yes,No,Yes,Yes,Month-to-month,Yes,Bank transfer (automatic),43.06,,No
CUST-0011289,Female,0,No,No,11,Yes,No,Fiber optic,No,No,No,Yes,No,Yes,Month-to-month,No,Electronic check,71.89,756.93,Yes
CUST-0011290,Female,0,Yes,No,72,No,No phone service,DSL,No,No,No,Yes,Yes,No,Two year,Yes,Credit card (automatic),60.43,4300.87,No
CUST-0011291,Female,0,No,Yes,10,Yes,No,DSL,No,No,No,Yes,No,No,Month-to-month,No,Electronic check,99.14,,Yes
CUST-0011292,Female,1,Yes,Yes,5,Yes,No,No,No internet service,No internet service,No internet service,No internet service,No internet service,No internet service,Month-to-month,Yes,Electronic check,61.54,319.39,No
CUST-0011293,Male,0,Yes,No,22,Yes,Yes,Fiber optic,No,No,Yes,Yes,No,No,Month-to-month,No,Electronic check,96.92,2153.98,No
CUST-0011294,Female,0,Yes,No,24,Yes,No,DSL,No,No,No,Yes,No,No,Two year,Yes,Electronic check,94.68,2265.97,Yes
CUST-0011295,Male,0,No,No,5,Yes,Yes,Fiber optic,No,No,No,Yes,No,Yes,Month-to-month,Yes,Mailed check,90.61,478.4,Yes
CUST-0011296,Male,0,No,No,14,Yes,No,Fiber optic,Yes,No,No,No,No,Yes,Month-to-month,Yes,Electronic check,118.75,1701.71,No
CUST-0011297,Male,1,Yes,No,23,Yes,Yes,Fiber optic,Yes,Yes,Yes,No,No,No,Two year,Yes,Electronic check,113.89,2633.16,No
CUST-0011298,Female,0,Yes,Yes,1,Yes,No,Fiber optic,Yes,No,No,Yes,Yes,No,Month-to-month,No,Bank transfer (automatic),91.77,76.21,No
CUST-0011299,Female,0,Yes,No,31,Yes,No,DSL,No,No,No,Yes,No,No,Month-to-month,Yes,Electronic check,114.2,3551.14,No
CUST-0011300,Male,0,Yes,No,59,Yes,No,DSL,No,No,No,No,No,No,Month-to-month,Yes,Credit card (automatic),101.32,5952.44,No
CUST-0011301,Male,0,Yes,No,7,Yes,Yes,Fiber optic,No,No,No,No,No,Yes,Month-to-month,Yes,Electronic check,75.56,529.54,No
CUST-0011302,Female,0,No,No,4,Yes,Yes,DSL,No,No,Yes,No,Yes,No,One year,Yes,Bank transfer (automatic),65.64,246.94,No
CUST-0011303,Male,0,Yes,No,58,Yes,No,Fiber optic,Yes,No,No,Yes,No,Yes,One year,No,Electronic check,114.77,6668.98,No
CUST-0011304,Female,0,Yes,Yes,21,No,No phone service,Fiber optic,Yes,No,No,No,Yes,No,Two year,Yes,Electronic check,57.89,1205.62,No
CUST-0011305,Female,0,No,No,13,Yes,Yes,No,No internet service,No internet service,No internet service,No internet service,No internet service,No internet service,Month-to-month,No,Bank transfer (automatic),65.24,865.61,No
CUST-0011306,Male,0,Yes,Yes,18,Yes,No,No,No internet service,No internet service,No internet service,No internet service,No internet service,No internet service,Month-to-month,No,Electronic check,117.14,2111.06,Yes
CUST-0011307,Male,0,No,No,72,Yes,No,Fiber optic,Yes,No,No,No,Yes,Yes,Two year,No,Electronic check,80.33,5777.2,Yes
CUST-0011308,Male,1,No,No,7,Yes,Yes,Fiber optic,No,Yes,Yes,No,Yes,Yes,Month-to-month,No,Mailed check,104.82,739.54,Yes
CUST-0011309,Female,1,No,No,12,Yes,No,No,No internet service,No internet service,No internet service,No internet service,No internet service,No internet service,One year,Yes,Mailed check,96.1,1118.38,No
CUST-0011310,Female,1,Yes,No,14,Yes,Yes,Fiber optic,Yes,No,No,No,No,Yes,Month-to-month,Yes,Credit card (automatic),69.92,994.02,Yes
CUST-0011311,Female,0,Yes,No,72,Yes,Yes,Fiber optic,No,No,No,Yes,No,Yes,Month-to-month,Yes,Electronic check,47.29,3410.48,No
CUST-0011312,Male,0,No,No,32,No,No phone service,Fiber optic,No,Yes,No,No,No,No,Two year,Yes,Mailed check,98.14,3122.78,Yes
CUST-0011313,Male,0,Yes,Yes,1,Yes,No,No,No internet service,No internet service,No internet service,No internet service,No internet service,No internet service,Month-to-month,No,Electronic check,99.84,110.33,No
CUST-0011314,Male,0,Yes,No,12,Yes,No,Fiber optic,Yes,Yes,Yes,No,No,No,Month-to-month,No,Electronic check,94.79,1120.34,No
CUST-0011315,Female,0,Yes,Yes,6,Yes,No,Fiber optic,No,No,No,No,Yes,Yes,One year,Yes,Credit card (automatic),96.37,605.32,Yes
CUST-0011316,Female,0,No,No,14,Yes,Yes,No,No internet service,No internet service,No internet service,No internet service,No internet service,No internet service,Month-to-month,Yes,Electronic check,87.92,1238.09,Yes
CUST-0011317,Female,0,Yes,No,25,Yes,No,DSL,Yes,No,No,No,No,No,Month-to-month,Yes,Mailed check,83.77,2104.9,No
CUST-0011318,Female,0,Yes,No,14,Yes,Yes,Fiber optic,No,No,No,No,Yes,Yes,Month-to-month,Yes,Electronic check,104.72,1491.61,No
CUST-0011319,Female,0,No,No,1,Yes,No,DSL,No,No,No,No,No,No,Month-to-month,No,Electronic check,56.89,64.9,Yes
CUST-0011320,Male,0,No,No,17,Yes,No,Fiber optic,No,No,No,Yes,Yes,No,Month-to-month,Yes,Mailed check,118.75,2008.96,No
CUST-0011321,Male,0,Yes,Yes,14,Yes,Yes,DSL,Yes,No,Yes,No,No,No,One year,Yes,Credit card (automatic),68.26,,No
CUST-0011322,Male,0,Yes,Yes,0,Yes,No,Fiber optic,Yes,No,No,No,Yes,Yes,Two year,No,Mailed check,118.75,,No
CUST-0011323,Female,0,No,No,22,Yes,Yes,Fiber optic,Yes,Yes,Yes,Yes,No,No,Month-to-month,No,Electronic check,97.77,2177.51,No
CUST-0011324,Female,0,No,No,0,Yes,No,Fiber optic,No,No,No,No,No,No,Month-to-month,Yes,Electronic check,73.83,,No
CUST-0011325,Male,1,Yes,Yes,23,No,No phone service,DSL,Yes,No,No,No,Yes,Yes,Two year,Yes,Credit card (automatic),112.03,2593.26,Yes
CUST-0011326,Male,0,Yes,No,72,No,No phone service,Fiber optic,No,Yes,No,Yes,No,Yes,Month-to-month,No,Credit card (automatic),118.75,8548.44,No
CUST-0011327,Male,0,No,No,41,Yes,No,No,No internet service,No internet service,No internet service,No internet service,No internet service,No internet service,Month-to-month,Yes,Bank transfer (automatic),56.18,2313.88,No
CUST-0011328,Male,0,No,Yes,16,Yes,Yes,Fiber optic,No,No,No,Yes,Yes,Yes,Month-to-month,Yes,Electronic check,74.18,1214.85,Yes
CUST-0011329,Male,0,Yes,No,5,Yes,No,DSL,Yes,Yes,Yes,No,No,No,One year,Yes,Electronic check,118.75,572.14,No
CUST-0011330,Male,1,Yes,No,7,No,No phone service,Fiber optic,No,Yes,Yes,Yes,No,Yes,Two year,Yes,Electronic check,110.51,790.5,Yes
CUST-0011331,Male,0,No,No,15,Yes,No,Fiber optic,No,Yes,No,No,Yes,No,Month-to-month,Yes,Mailed check,92.52,,Yes
CUST-0011332,Female,0,No,No,6,Yes,No,Fiber optic,No,No,Yes,Yes,No,No,Month-to-month,Yes,Mailed check,95.42,571.12,Yes
CUST-0011333,Female,1,Yes,No,71,Yes,No,DSL,No,No,Yes,Yes,No,No,Two year,No,Mailed check,88.29,6285.87,No
CUST-0011334,Female,0,Yes,No,11,Yes,Yes,DSL,Yes,No,Yes,No,No,Yes,Month-to-month,Yes,Mailed check,97.79,1089.81,No
CUST-0011335,Male,0,No,Yes,60,Yes,No,DSL,No,No,No,No,Yes,Yes,One year,Yes,Bank transfer (automatic),64.36,3866.21,No
CUST-0011336,Male,0,No,No,30,Yes,No,No,No internet service,No internet service,No internet service,No internet service,No internet service,No internet service,Month-to-month,No,Mailed check,52.69,1528.05,Yes
CUST-0011337,Male,0,No,Yes,62,Yes,Yes,Fiber optic,No,No,No,No,No,No,Two year,Yes,Credit card (automatic),109.55,6769.95,Yes
CUST-0011338,Male,0,Yes,No,72,Yes,Yes,Fiber optic,Yes,Yes,Yes,Yes,No,Yes,Two year,No,Mailed check,80.85,5812.66,No
CUST-0011339,Male,0,No,No,0,Yes,No,DSL,No,No,No,No,No,No,Two year,Yes,Bank transfer (automatic),113.08,,No
CUST-0011340,Female,0,No,Yes,72,Yes,Yes,Fiber optic,No,No,No,No,Yes,No,Month-to-month,Yes,Electronic check,60.86,4377.47,Yes
CUST-0011341,Male,1,No,No,37,No,No phone service,Fiber optic,No,No,No,No,Yes,Yes,Two year,Yes,Credit card (automatic),90.67,3301.95,No
CUST-0011342,Female,0,Yes,No,38,Yes,No,DSL,Yes,No,No,No,No,Yes,Two year,Yes,Credit card (automatic),51.44,,No
CUST-0011343,Female,0,No,No,21,No,No phone service,DSL,No,No,Yes,No,No,Yes,Month-to-month,No,Bank transfer (automatic),75.19,1591.79,Yes
CUST-0011344,Male,1,Yes,No,7,Yes,No,Fiber optic,Yes,Yes,No,No,Yes,No,Two year,Yes,Electronic check,118.75,856.35,Yes
CUST-0011345,Male,1,Yes,No,15,Yes,No,DSL,Yes,No,No,Yes,No,No,Two year,No,Electronic check,96.85,1445.1,No
CUST-0011346,Male,0,Yes,Yes,62,Yes,No,DSL,No,Yes,No,No,No,No,Month-to-month,Yes,Mailed check,44.83,2758.4,Yes
CUST-0011347,Male,0,Yes,No,43,Yes,Yes,Fiber optic,Yes,Yes,No,No,No,No,Month-to-month,No,Electronic check,115.91,4965.16,No
CUST-0011348,Female,0,Yes,No,43,Yes,No,No,No internet service,No internet service,No internet service,No internet service,No internet service,No internet service,Month-to-month,Yes,Electronic check,100.84,4322.46,No
CUST-0011349,Female,0,Yes,Yes,61,No,No phone service,Fiber optic,No,No,Yes,No,No,No,Month-to-month,Yes,Mailed check,72.33,4386.68,No
CUST-0011350,Male,0,No,No,50,Yes,No,DSL,No,No,Yes,No,Yes,No,Month-to-month,Yes,Mailed check,69.29,,No
CUST-0011351,Female,0,No,Yes,72,Yes,No,DSL,No,Yes,No,Yes,No,Yes,Two year,Yes,Electronic check,94.16,6778.68,No
CUST-0011352,Female,0,No,No,9,Yes,No,DSL,No,No,No,No,Yes,No,One year,Yes,Mailed check,84.59,762.49,No
CUST-0011353,Male,0,Yes,No,18,Yes,No,Fiber optic,No,Yes,Yes,Yes,No,Yes,Month-to-month,No,Mailed check,114.69,2083.67,No
CUST-0011354,Female,0,No,No,2,Yes,No,Fiber optic,Yes,No,No,No,No,No,Month-to-month,Yes,Mailed check,118.75,233.4,No
CUST-0011355,Female,1,Yes,Yes,28,Yes,No,Fiber optic,Yes,Yes,No,No,No,No,Two year,Yes,Credit card (automatic),100.8,2810.0,No
CUST-0011356,Male,0,Yes,No,16,Yes,No,Fiber optic,No,No,No,No,No,No,One year,No,Mailed check,90.72,1489.12,No
CUST-0011357,Female,1,Yes,Yes,19,Yes,No,No,No internet service,No internet service,No internet service,No internet service,No internet service,No internet service,Two year,No,Bank transfer (automatic),79.86,1510.37,No
CUST-0011358,Female,0,No,No,0,Yes,No,DSL,Yes,No,Yes,No,No,No,Month-to-month,No,Bank transfer (automatic),76.36,,No
CUST-0011359,Male,0,Yes,Yes,4,Yes,Yes,Fiber optic,No,No,Yes,No,No,No,Two year,Yes,Credit card (automatic),118.75,483.8,No
CUST-0011360,Male,0,No,No,8,Yes,No,Fiber optic,No,Yes,No,No,Yes,Yes,Month-to-month,No,Credit card (automatic),89.0,682.1,Yes
CUST-0011361,Male,0,No,No,39,Yes,Yes,Fiber optic,No,No,No,No,Yes,Yes,Month-to-month,Yes,Bank transfer (automatic),118.75,4661.93,No
CUST-0011362,Female,0,Yes,No,36,Yes,No,DSL,No,Yes,Yes,No,Yes,No,Month-to-month,Yes,Mailed check,104.3,3729.75,No
CUST-0011363,Female,0,No,Yes,17,Yes,No,DSL,No,No,Yes,No,Yes,No,Month-to-month,Yes,Electronic check,95.3,1614.35,No
CUST-0011364,Male,0,Yes,No,22,Yes,Yes,DSL,Yes,No,Yes,No,Yes,No,Two year,No,Mailed check,108.25,2392.05,Yes
CUST-0011365,Male,0,No,No,8,Yes,Yes,DSL,No,No,No,No,No,Yes,Month-to-month,Yes,Credit card (automatic),118.75,922.72,No
CUST-0011366,Male,0,No,No,1,Yes,No,Fiber optic,No,No,No,Yes,No,No,Month-to-month,Yes,Mailed check,91.72,56.65,No
CUST-0011367,Female,0,No,Yes,7,Yes,No,No,No internet service,No internet service,No internet service,No internet service,No internet service,No internet service,Month-to-month,No,Credit card (automatic),92.34,699.88,No
CUST-0011368,Female,0,No,Yes,2,Yes,No,Fiber optic,No,No,No,No,Yes,No,Month-to-month,No,Electronic check,104.64,151.73,No
CUST-0011369,Female,0,Yes,No,8,Yes,No,DSL,Yes,No,No,Yes,No,No,Month-to-month,Yes,Electronic check,107.78,885.09,No
CUST-0011370,Male,1,Yes,Yes,13,Yes,No,Fiber optic,No,No,No,Yes,No,Yes,Month-to-month,Yes,Mailed check,103.0,1337.08,Yes
CUST-0011371,Male,0,Yes,No,2,Yes,No,DSL,Yes,Yes,No,Yes,No,No,Month-to-month,Yes,Credit card (automatic),98.48,,No
CUST-0011372,Female,0,Yes,No,1,Yes,No,Fiber optic,No,Yes,No,Yes,No,Yes,Month-to-month,No,Credit card (automatic),68.44,99.35,No
CUST-0011373,Male,0,No,No,28,Yes,No,Fiber optic,Yes,Yes,Yes,No,No,No,One year,No,Credit card (automatic),115.1,3213.77,No
CUST-0011374,Female,1,Yes,No,24,Yes,No,Fiber optic,No,No,No,No,No,No,Month-to-month,No,Mailed check,70.47,1707.64,No
CUST-0011375,Male,0,Yes,No,29,Yes,No,Fiber optic,Yes,No,No,No,Yes,Yes,Month-to-month,Yes,Electronic check,83.7,,No
CUST-0011376,Female,1,No,Yes,6,Yes,No,Fiber optic,No,No,No,Yes,No,Yes,Month-to-month,No,Credit card (automatic),78.11,452.44,No
CUST-0011377,Female,1,No,No,47,Yes,No,DSL,No,No,No,No,No,Yes,Month-to-month,Yes,Mailed check,104.69,4890.75,No
CUST-0011378,Male,1,Yes,No,4,Yes,Yes,DSL,Yes,No,No,No,No,No,Month-to-month,Yes,Mailed check,107.15,409.0,No
CUST-0011379,Male,0,Yes,No,8,Yes,Yes,Fiber optic,No,No,No,No,No,Yes,Month-to-month,No,Credit card (automatic),89.28,708.73,No
CUST-0011380,Female,0,No,No,26,No,No phone service,DSL,No,No,No,No,Yes,Yes,Month-to-month,Yes,Credit card (automatic),96.08,2514.51,No
CUST-0011381,Female,1,No,No,51,Yes,No,DSL,No,No,Yes,No,Yes,Yes,One year,No,Credit card (automatic),112.47,5700.88,No
CUST-0011382,Female,0,No,No,68,Yes,No,Fiber optic,No,Yes,Yes,Yes,No,No,Month-to-month,Yes,Bank transfer (automatic),118.75,8080.16,No
CUST-0011383,Male,1,No,Yes,28,Yes,Yes,DSL,No,No,Yes,No,Yes,No,Two year,Yes,Mailed check,101.13,2773.37,No
CUST-0011384,Male,1,No,No,49,Yes,No,Fiber optic,No,No,Yes,No,Yes,No,Month-to-month,No,Bank transfer (automatic),91.97,4503.76,No
CUST-0011385,Female,0,No,No,72,Yes,No,Fiber optic,No,No,Yes,No,Yes,No,One year,Yes,Mailed check,81.91,5920.84,No
CUST-0011386,Female,1,No,No,49,Yes,No,Fiber optic,No,No,Yes,No,No,Yes,Month-to-month,Yes,Mailed check,89.04,4318.42,No
CUST-0011387,Male,0,No,No,3,Yes,No,DSL,No,No,Yes,Yes,Yes,No,Month-to-month,Yes,Credit card (automatic),58.49,179.07,Yes
CUST-0011388,Female,0,Yes,No,3,Yes,No,Fiber optic,No,Yes,No,No,No,No,Month-to-month,Yes,Mailed check,100.45,278.67,No
CUST-0011389,Male,1,No,No,15,Yes,Yes,Fiber optic,No,No,No,No,No,No,Two year,No,Mailed check,94.83,1429.22,Yes
CUST-0011390,Female,0,Yes,No,17,Yes,Yes,Fiber optic,No,No,Yes,No,Yes,No,Month-to-month,Yes,Electronic check,87.17,1462.58,No
CUST-0011391,Female,1,No,No,15,Yes,No,DSL,Yes,No,No,No,No,Yes,One year,Yes,Bank transfer (automatic),118.75,1758.51,Yes
CUST-0011392,Male,0,Yes,No,16,Yes,Yes,Fiber optic,No,No,No,No,No,Yes,Two year,No,Mailed check,38.18,584.52,No
CUST-0011393,Male,1,Yes,No,53,Yes,No,Fiber optic,No,No,No,No,No,No,One year,No,Electronic check,83.19,4460.45,No
CUST-0011394,Male,1,Yes,Yes,4,Yes,No,Fiber optic,Yes,No,No,No,No,No,Two year,Yes,Credit card (automatic),86.75,344.45,Yes
CUST-0011395,Male,0,No,No,12,Yes,No,No,No internet service,No internet service,No internet service,No internet service,No internet service,No internet service,Month-to-month,No,Mailed check,106.36,1301.01,Yes
CUST-0011396,Female,0,No,No,72,Yes,No,No,No internet service,No internet service,No internet service,No internet service,No internet service,No internet service,One year,No,Mailed check,86.18,6168.42,No
CUST-0011397,Male,0,No,No,52,Yes,Yes,Fiber optic,Yes,Yes,No,Yes,No,Yes,Month-to-month,No,Credit card (automatic),87.52,4544.84,Yes
CUST-0011398,Male,0,No,Yes,26,Yes,Yes,Fiber optic,Yes,No,No,Yes,No,No,Month-to-month,Yes,Electronic check,118.75,3064.16,Yes
CUST-0011399,Male,0,No,No,9,Yes,No,Fiber optic,Yes,No,No,No,No,No,Month-to-month,Yes,Credit card (automatic),91.8,867.3,No
CUST-0011400,Male,0,Yes,No,48,Yes,Yes,No,No internet service,No internet service,No internet service,No internet service,No internet service,No internet service,Month-to-month,Yes,Electronic check,91.59,4376.58,No
CUST-0011401,Male,0,Yes,No,71,Yes,Yes,No,No internet service,No internet service,No internet service,No internet service,No internet service,No internet service,One year,Yes,Electronic check,91.66,6479.82,No
CUST-0011402,Female,1,Yes,No,48,Yes,No,DSL,No,Yes,Yes,Yes,No,No,Month-to-month,Yes,Mailed check,117.33,5601.09,No
CUST-0011403,Female,0,No,No,52,Yes,Yes,Fiber optic,Yes,No,No,No,Yes,Yes,One year,Yes,Bank transfer (automatic),118.75,6172.87,No
CUST-0011404,Female,0,No,Yes,15,Yes,Yes,Fiber optic,No,No,No,No,No,No,Month-to-month,No,Electronic check,102.54,1544.52,No
CUST-0011405,Male,0,No,Yes,72,Yes,No,Fiber optic,No,No,Yes,Yes,Yes,Yes,One year,Yes,Electronic check,116.76,8409.68,No
CUST-0011406,Male,0,Yes,No,8,Yes,Yes,DSL,No,No,No,No,No,No,Month-to-month,Yes,Electronic check,73.12,617.19,No
CUST-0011407,Female,0,Yes,No,9,No,No phone service,DSL,No,No,Yes,No,No,Yes,One year,Yes,Bank transfer (automatic),87.4,813.89,No
CUST-0011408,Male,0,No,Yes,3,Yes,No,Fiber optic,No,No,Yes,Yes,No,Yes,Month-to-month,No,Credit card (automatic),112.06,305.0,No
CUST-0011409,Male,0,No,Yes,10,Yes,No,Fiber optic,No,Yes,No,No,No,Yes,Month-to-month,No,Credit card (automatic),53.0,539.51,No
CUST-0011410,Male,1,No,Yes,43,Yes,Yes,Fiber optic,No,No,No,Yes,No,No,Month-to-month,No,Mailed check,118.75,5136.55,No
CUST-0011411,Male,0,No,Yes,26,Yes,Yes,Fiber optic,No,No,No,No,Yes,No,Month-to-month,No,Bank transfer (automatic),93.04,2416.08,No
CUST-0011412,Male,0,No,No,66,Yes,Yes,DSL,No,No,No,Yes,Yes,Yes,Month-to-month,No,Electronic check,58.15,3851.44,No
CUST-0011413,Female,0,Yes,Yes,4,Yes,Yes,Fiber optic,No,Yes,No,No,Yes,No,Month-to-month,Yes,Electronic check,85.51,325.16,Yes
CUST-0011414,Male,0,Yes,No,9,Yes,Yes,Fiber optic,Yes,Yes,Yes,Yes,No,Yes,One year,No,Mailed check,95.13,842.24,No
CUST-0011415,Female,0,Yes,No,11,No,No phone service,Fiber optic,No,Yes,Yes,Yes,No,No,Month-to-month,Yes,Credit card (automatic),109.36,1208.15,No
CUST-0011416,Male,0,No,Yes,5,Yes,Yes,DSL,No,No,No,No,No,Yes,Month-to-month,Yes,Credit card (automatic),118.75,523.41,No
CUST-0011417,Male,1,No,No,15,Yes,No,DSL,No,Yes,No,Yes,No,No,Month-to-month,Yes,Electronic check,87.86,1323.47,No
CUST-0011418,Male,0,Yes,Yes,30,Yes,No,Fiber optic,No,No,No,No,Yes,No,Month-to-month,Yes,Mailed check,113.49,3427.4,No
CUST-0011419,Female,0,No,Yes,29,Yes,Yes,Fiber optic,Yes,No,Yes,No,No,Yes,Month-to-month,No,Mailed check,117.49,3393.97,No
CUST-0011420,Female,0,Yes,Yes,9,Yes,No,Fiber optic,No,No,Yes,No,Yes,Yes,Two year,Yes,Electronic check,103.0,925.32,No
CUST-0011421,Male,0,No,No,52,Yes,No,No,No internet service,No internet service,No internet service,No internet service,No internet service,No internet service,Month-to-month,No,Mailed check,56.02,2888.69,No
CUST-0011422,Female,0,No,Yes,17,Yes,No,DSL,No,No,Yes,No,Yes,No,Month-to-month,No,Credit card (automatic),99.26,1675.52,Yes
CUST-0011423,Male,0,Yes,No,16,Yes,No,Fiber optic,No,Yes,Yes,No,Yes,Yes,One year,No,Electronic check,71.82,1131.79,No
CUST-0011424,Female,0,No,No,14,Yes,Yes,DSL,No,No,No,Yes,No,Yes,Month-to-month,Yes,Credit card (automatic),57.66,814.14,No
CUST-0011425,Female,0,No,Yes,39,Yes,Yes,DSL,No,No,No,No,No,Yes,Month-to-month,Yes,Mailed check,35.52,1458.73,No
CUST-0011426,Male,1,Yes,No,21,Yes,No,Fiber optic,No,No,No,No,Yes,No,Two year,Yes,Credit card (automatic),71.46,,No
CUST-0011427,Female,0,Yes,No,1,Yes,No,Fiber optic,Yes,Yes,No,Yes,No,No,Month-to-month,No,Bank transfer (automatic),98.11,,Yes
CUST-0011428,Female,0,No,Yes,13,Yes,No,Fiber optic,No,No,No,Yes,No,Yes,Two year,Yes,Bank transfer (automatic),118.75,1552.68,No
CUST-0011429,Male,0,Yes,Yes,37,Yes,No,Fiber optic,Yes,No,Yes,No,No,Yes,Two year,Yes,Credit card (automatic),90.05,3365.96,No
CUST-0011430,Male,1,No,No,9,Yes,No,DSL,No,No,No,Yes,No,Yes,Month-to-month,No,Bank transfer (automatic),64.19,598.39,No
CUST-0011431,Female,0,No,No,20,Yes,No,Fiber optic,Yes,No,No,No,Yes,No,Month-to-month,Yes,Bank transfer (automatic),55.71,,No
CUST-0011432,Male,0,No,No,10,Yes,Yes,Fiber optic,Yes,No,No,No,No,No,One year,Yes,Electronic check,101.28,1036.51,Yes
CUST-0011433,Male,1,Yes,No,7,No,No phone service,Fiber optic,Yes,Yes,No,Yes,Yes,No,Two year,No,Electronic check,109.87,779.76,No
CUST-0011434,Male,0,Yes,No,51,Yes,Yes,No,No internet service,No internet service,No internet service,No internet service,No internet service,No internet service,Month-to-month,No,Electronic check,77.28,3990.38,No
CUST-0011435,Female,0,Yes,No,43,No,No phone service,DSL,No,Yes,No,No,Yes,No,Two year,No,Credit card (automatic),118.75,5035.48,No
CUST-0011436,Female,1,No,No,72,Yes,Yes,Fiber optic,No,No,No,No,Yes,Yes,Month-to-month,No,Electronic check,82.5,5944.63,No
CUST-0011437,Male,0,Yes,No,7,Yes,Yes,Fiber optic,Yes,No,Yes,No,No,Yes,Month-to-month,No,Electronic check,92.01,657.67,Yes
CUST-0011438,Male,0,Yes,No,6,Yes,Yes,Fiber optic,No,No,No,No,No,No,Two year,No,Bank transfer (automatic),117.31,683.69,Yes
CUST-0011439,Female,0,Yes,No,1,No,No phone service,Fiber optic,No,Yes,No,No,No,Yes,Month-to-month,No,Bank transfer (automatic),87.8,,No
CUST-0011440,Female,0,No,No,3,Yes,Yes,Fiber optic,No,No,No,No,No,Yes,Month-to-month,Yes,Bank transfer (automatic),118.75,368.06,No
CUST-0011441,Male,0,Yes,No,39,Yes,Yes,Fiber optic,No,No,Yes,No,No,No,Month-to-month,Yes,Bank transfer (automatic),118.75,4589.41,No
CUST-0011442,Male,0,No,Yes,0,Yes,No,Fiber optic,No,Yes,No,No,Yes,Yes,Month-to-month,No,Electronic check,77.74,,Yes
CUST-0011443,Female,0,Yes,Yes,4,Yes,Yes,No,No internet service,No internet service,No internet service,No internet service,No internet service,No internet service,Two year,Yes,Electronic check,48.67,206.83,Yes
CUST-0011444,Male,0,Yes,Yes,8,Yes,No,Fiber optic,No,No,Yes,No,No,No,Month-to-month,Yes,Electronic check,89.93,656.05,Yes
CUST-0011445,Female,0,No,No,5,Yes,No,Fiber optic,No,Yes,No,No,No,No,Month-to-month,No,Bank transfer (automatic),78.48,412.6,No
CUST-0011446,Female,0,Yes,Yes,12,Yes,No,Fiber optic,No,Yes,No,No,No,No,Month-to-month,Yes,Electronic check,100.46,1247.67,Yes
CUST-0011447,Female,0,Yes,No,25,Yes,Yes,DSL,Yes,No,No,No,Yes,Yes,Month-to-month,Yes,Mailed check,65.04,1639.18,No
CUST-0011448,Female,0,No,No,35,Yes,No,Fiber optic,No,No,No,No,Yes,No,Month-to-month,Yes,Credit card (automatic),97.5,3408.71,No
CUST-0011449,Female,0,Yes,No,5,Yes,Yes,DSL,No,No,Yes,No,No,No,Two year,Yes,Electronic check,87.06,404.02,No
CUST-0011450,Male,0,Yes,Yes,33,Yes,No,Fiber optic,Yes,Yes,No,No,Yes,No,Two year,Yes,Electronic check,69.44,2224.91,No
CUST-0011451,Male,0,Yes,Yes,61,Yes,Yes,DSL,No,No,No,No,No,No,Month-to-month,Yes,Electronic check,80.29,4919.32,No
CUST-0011452,Male,0,No,No,63,Yes,Yes,Fiber optic,No,Yes,No,No,No,Yes,One year,Yes,Mailed check,40.34,2553.69,No
CUST-0011453,Male,1,Yes,Yes,5,Yes,No,DSL,No,No,No,No,Yes,No,Month-to-month,No,Credit card (automatic),109.7,574.24,No
CUST-0011454,Female,1,Yes,No,17,Yes,No,Fiber optic,No,Yes,Yes,No,Yes,No,One year,Yes,Bank transfer (automatic),48.5,825.18,No
CUST-0011455,Female,0,No,No,60,Yes,No,Fiber optic,Yes,No,No,No,Yes,No,Two year,No,Credit card (automatic),88.0,5311.0,No
CUST-0011456,Female,0,Yes,No,20,Yes,Yes,Fiber optic,Yes,Yes,Yes,No,No,Yes,Month-to-month,Yes,Bank transfer (automatic),118.75,2392.43,No
CUST-0011457,Female,0,No,No,0,Yes,Yes,Fiber optic,No,No,No,Yes,Yes,Yes,One year,No,Bank transfer (automatic),118.75,,No
CUST-0011458,Female,1,No,No,25,Yes,Yes,DSL,Yes,Yes,Yes,No,No,No,Month-to-month,Yes,Electronic check,99.22,2494.3,Yes
CUST-0011459,Female,1,Yes,No,18,Yes,Yes,DSL,No,No,Yes,Yes,No,No,Month-to-month,Yes,Mailed check,59.26,1103.56,No
CUST-0011460,Female,0,No,No,25,Yes,No,DSL,Yes,No,No,No,No,No,Month-to-month,Yes,Credit card (automatic),80.72,2044.68,No
CUST-0011461,Male,0,Yes,No,25,Yes,No,No,No internet service,No internet service,No internet service,No internet service,No internet service,No internet service,Month-to-month,Yes,Bank transfer (automatic),118.75,2982.14,Yes
CUST-0011462,Male,0,Yes,No,23,Yes,No,No,No internet service,No internet service,No internet service,No internet service,No internet service,No internet service,Month-to-month,No,Electronic check,75.42,1758.65,No
CUST-0011463,Male,0,Yes,No,39,Yes,No,Fiber optic,Yes,Yes,Yes,Yes,Yes,No,Month-to-month,Yes,Mailed check,93.08,3625.47,No
CUST-0011464,Female,0,No,No,10,Yes,No,Fiber optic,No,No,No,No,No,No,One year,Yes,Mailed check,41.62,417.81,Yes
CUST-0011465,Male,0,Yes,No,37,Yes,Yes,Fiber optic,Yes,No,No,No,No,No,One year,Yes,Credit card (automatic),93.62,3472.66,No
CUST-0011466,Female,0,Yes,No,12,Yes,No,Fiber optic,No,No,No,No,No,No,One year,No,Electronic check,107.78,1285.11,Yes
CUST-0011467,Male,0,Yes,No,6,Yes,No,Fiber optic,No,No,No,No,Yes,Yes,Month-to-month,No,Mailed check,105.68,604.07,Yes
CUST-0011468,Male,0,Yes,No,33,Yes,No,Fiber optic,Yes,No,No,Yes,No,Yes,One year,No,Electronic check,91.35,3046.36,No
CUST-0011469,Female,0,No,No,40,Yes,Yes,No,No internet service,No internet service,No internet service,No internet service,No internet service,No internet service,Two year,Yes,Credit card (automatic),112.89,4493.83,No
CUST-0011470,Female,0,Yes,No,63,Yes,No,Fiber optic,No,Yes,Yes,No,Yes,Yes,Month-to-month,No,Credit card (automatic),118.75,7509.8,No
CUST-0011471,Male,0,Yes,No,16,Yes,No,Fiber optic,No,Yes,No,Yes,No,Yes,Month-to-month,No,Electronic check,78.54,1289.67,No
CUST-0011472,Male,0,No,Yes,70,Yes,Yes,DSL,Yes,No,No,Yes,No,No,Month-to-month,Yes,Credit card (automatic),86.57,6023.97,Yes
CUST-0011473,Female,0,No,No,72,No,No phone service,DSL,No,No,No,No,Yes,Yes,Two year,No,Electronic check,53.53,3880.01,No
CUST-0011474,Female,0,Yes,No,72,Yes,No,DSL,No,No,Yes,No,No,No,One year,No,Credit card (automatic),118.75,8523.37,No
CUST-0011475,Female,1,Yes,No,7,Yes,No,Fiber optic,Yes,No,Yes,No,No,No,One year,Yes,Credit card (automatic),109.58,784.81,Yes
CUST-0011476,Female,0,No,No,30,No,No phone service,Fiber optic,Yes,No,No,No,No,No,Month-to-month,No,Credit card (automatic),59.12,1781.41,Yes
CUST-0011477,Female,1,No,No,40,Yes,No,DSL,No,No,No,No,No,No,One year,Yes,Credit card (automatic),84.59,3347.27,No
CUST-0011478,Male,0,Yes,No,59,No,No phone service,DSL,No,No,No,No,No,No,Month-to-month,Yes,Credit card (automatic),110.35,6513.36,No
CUST-0011479,Female,1,No,Yes,33,Yes,No,DSL,Yes,Yes,No,Yes,No,Yes,Month-to-month,No,Bank transfer (automatic),100.57,3366.85,No
CUST-0011480,Female,0,No,No,6,Yes,No,Fiber optic,Yes,Yes,Yes,No,No,No,Two year,No,Mailed check,97.63,588.83,No
CUST-0011481,Male,0,No,No,6,Yes,No,Fiber optic,No,Yes,Yes,Yes,Yes,No,Month-to-month,Yes,Bank transfer (automatic),92.88,579.68,No
CUST-0011482,Female,0,No,No,1,Yes,Yes,Fiber optic,Yes,No,Yes,No,Yes,No,Month-to-month,No,Credit card (automatic),59.41,53.12,No
CUST-0011483,Female,0,Yes,Yes,38,Yes,Yes,Fiber optic,Yes,No,No,Yes,No,Yes,One year,No,Mailed check,67.44,2544.8,No
CUST-0011484,Female,1,No,No,13,Yes,No,No,No internet service,No internet service,No internet service,No internet service,No internet service,No internet service,Month-to-month,Yes,Electronic check,118.75,1547.9,No
CUST-0011485,Male,0,Yes,No,11,Yes,No,DSL,No,No,No,Yes,No,Yes,Month-to-month,Yes,Mailed check,104.35,1115.55,No
CUST-0011486,Male,0,No,No,0,Yes,No,DSL,No,No,Yes,No,Yes,No,Month-to-month,No,Electronic check,114.19,,No
CUST-0011487,Female,0,Yes,No,24,Yes,No,DSL,Yes,Yes,Yes,Yes,No,Yes,One year,Yes,Mailed check,95.21,,No
CUST-0011488,Male,0,No,No,30,Yes,Yes,No,No internet service,No internet service,No internet service,No internet service,No internet service,No internet service,Two year,Yes,Credit card (automatic),50.55,1535.85,No
CUST-0011489,Male,0,No,No,33,Yes,No,Fiber optic,No,No,No,Yes,No,No,Month-to-month,Yes,Electronic check,92.63,3072.65,No
CUST-0011490,Male,0,No,Yes,35,Yes,No,No,No internet service,No internet service,No internet service,No internet service,No internet service,No internet service,Month-to-month,Yes,Bank transfer (automatic),82.49,2960.39,No
CUST-0011491,Female,0,No,No,7,Yes,Yes,No,No internet service,No internet service,No internet service,No internet service,No internet service,No internet service,One year,Yes,Bank transfer (automatic),109.83,763.57,No
CUST-0011492,Female,0,No,Yes,18,Yes,No,DSL,Yes,No,Yes,No,No,Yes,Month-to-month,Yes,Electronic check,87.91,1604.82,Yes
CUST-0011493,Male,0,Yes,No,14,Yes,No,No,No internet service,No internet service,No internet service,No internet service,No internet service,No internet service,Month-to-month,Yes,Electronic check,80.02,1178.3,Yes
CUST-0011494,Male,1,Yes,No,44,Yes,Yes,Fiber optic,Yes,No,No,Yes,No,No,Month-to-month,Yes,Credit card (automatic),113.43,4975.41,No
CUST-0011495,Female,0,No,No,0,Yes,Yes,No,No internet service,No internet service,No internet service,No internet service,No internet service,No internet service,Month-to-month,Yes,Electronic check,118.75,,No
CUST-0011496,Male,0,Yes,Yes,23,Yes,Yes,Fiber optic,No,No,No,Yes,No,No,Month-to-month,No,Electronic check,99.26,2288.85,No
CUST-0011497,Male,0,No,No,8,Yes,Yes,Fiber optic,No,No,Yes,No,Yes,Yes,Month-to-month,No,Electronic check,81.39,626.48,No
CUST-0011498,Male,0,Yes,No,28,Yes,No,Fiber optic,No,Yes,Yes,Yes,Yes,No,Month-to-month,Yes,Mailed check,103.47,,No
CUST-0011499,Male,0,No,No,72,Yes,Yes,Fiber optic,No,No,No,No,Yes,No,Month-to-month,Yes,Electronic check,71.4,5115.06,Yes
CUST-0011500,Male,1,No,No,10,Yes,No,Fiber optic,No,No,Yes,No,No,Yes,Month-to-month,Yes,Electronic check,79.98,824.73,No
CUST-0011501,Male,0,No,No,72,Yes,No,No,No internet service,No internet service,No internet service,No internet service,No internet service,No internet service,Month-to-month,No,Credit card (automatic),97.04,7006.95,No
CUST-0011502,Male,1,No,No,11,Yes,Yes,Fiber optic,No,No,No,Yes,No,Yes,Two year,Yes,Bank transfer (automatic),118.75,1310.59,Yes
CUST-0011503,Female,0,Yes,Yes,29,Yes,No,DSL,No,No,No,No,No,No,Month-to-month,Yes,Electronic check,96.93,2808.75,No
CUST-0011504,Female,0,No,No,17,Yes,Yes,Fiber optic,No,No,Yes,No,Yes,No,One year,No,Electronic check,106.32,1805.56,Yes
CUST-0011505,Male,0,Yes,Yes,42,Yes,No,Fiber optic,No,Yes,No,No,No,Yes,One year,Yes,Electronic check,108.07,4542.15,No
CUST-0011506,Male,1,Yes,No,17,Yes,Yes,Fiber optic,No,No,Yes,No,No,Yes,One year,No,Mailed check,118.75,2042.02,No
CUST-0011507,Male,0,No,No,40,Yes,No,Fiber optic,Yes,No,No,No,No,No,One year,Yes,Electronic check,87.36,3459.83,No
CUST-0011508,Male,0,No,Yes,17,Yes,No,Fiber optic,Yes,No,No,No,No,No,Month-to-month,No,Electronic check,101.76,1711.61,No
CUST-0011509,Female,1,No,No,70,Yes,No,DSL,No,No,No,No,Yes,Yes,Month-to-month,Yes,Mailed check,118.75,8304.82,No
CUST-0011510,Female,0,No,No,9,Yes,Yes,DSL,No,No,No,No,Yes,No,One year,Yes,Mailed check,99.38,932.67,No
CUST-0011511,Male,0,Yes,No,44,Yes,No,DSL,No,No,No,No,No,Yes,Month-to-month,Yes,Electronic check,73.28,3224.09,No
CUST-0011512,Male,0,No,No,2,Yes,No,Fiber optic,No,No,Yes,Yes,No,No,Month-to-month,Yes,Electronic check,96.19,198.14,No
CUST-0011513,Male,1,Yes,No,9,Yes,No,DSL,No,No,Yes,No,No,No,Two year,Yes,Electronic check,90.87,810.95,No
CUST-0011514,Female,0,Yes,No,41,No,No phone service,No,No internet service,No internet service,No internet service,No internet service,No internet service,No internet service,One year,No,Electronic check,96.82,3950.82,Yes
CUST-0011515,Male,0,No,No,42,Yes,Yes,DSL,No,No,No,No,Yes,No,Month-to-month,No,Credit card (automatic),95.77,4015.57,No
CUST-0011516,Male,1,No,Yes,59,Yes,Yes,DSL,No,No,No,Yes,No,Yes,Month-to-month,Yes,Credit card (automatic),101.89,5982.62,No
CUST-0011517,Female,0,Yes,No,2,Yes,Yes,No,No internet service,No internet service,No internet service,No internet service,No internet service,No internet service,One year,Yes,Electronic check,92.27,200.13,No
CUST-0011518,Male,0,Yes,Yes,9,Yes,Yes,Fiber optic,No,Yes,No,No,No,No,Month-to-month,Yes,Mailed check,41.03,371.31,No
CUST-0011519,Male,1,No,No,6,Yes,No,DSL,No,No,No,No,Yes,No,Two year,No,Mailed check,55.76,331.72,No
CUST-0011520,Female,0,No,Yes,22,Yes,No,Fiber optic,Yes,No,Yes,No,Yes,No,Month-to-month,No,Bank transfer (automatic),88.01,1914.04,No
CUST-0011521,Male,0,No,No,66,Yes,No,No,No internet service,No internet service,No internet service,No internet service,No internet service,No internet service,Two year,No,Mailed check,89.88,5962.65,No
CUST-0011522,Male,0,Yes,No,70,Yes,No,Fiber optic,No,No,Yes,No,Yes,No,Month-to-month,No,Credit card (automatic),76.27,5354.05,No
CUST-0011523,Female,0,No,No,24,Yes,No,DSL,No,No,Yes,No,No,No,Month-to-month,Yes,Electronic check,101.96,2448.74,Yes
CUST-0011524,Male,0,Yes,Yes,2,Yes,Yes,Fiber optic,No,Yes,No,No,No,Yes,Month-to-month,Yes,Electronic check,113.42,198.34,No
CUST-0011525,Female,0,No,No,49,Yes,Yes,Fiber optic,No,No,No,Yes,Yes,Yes,One year,No,Electronic check,69.16,3412.63,Yes
CUST-0011526,Female,0,Yes,Yes,29,Yes,No,DSL,Yes,Yes,No,Yes,No,No,Two year,Yes,Bank transfer (automatic),105.23,3068.62,No
CUST-0011527,Female,0,No,No,21,Yes,Yes,No,No internet service,No internet service,No internet service,No internet service,No internet service,No internet service,Month-to-month,Yes,Bank transfer (automatic),102.19,2157.79,No
CUST-0011528,Female,0,Yes,Yes,13,Yes,No,No,No internet service,No internet service,No internet service,No internet service,No internet service,No internet service,One year,No,Bank transfer (automatic),109.19,,No
CUST-0011529,Female,0,No,No,13,Yes,No,Fiber optic,No,No,No,No,No,No,Month-to-month,No,Electronic check,118.75,1532.23,Yes
CUST-0011530,Female,0,Yes,No,72,Yes,Yes,No,No internet service,No internet service,No internet service,No internet service,No internet service,No internet service,One year,Yes,Electronic check,86.8,6287.32,Yes
CUST-0011531,Male,0,No,Yes,6,No,No phone service,No,No internet service,No internet service,No internet service,No internet service,No internet service,No internet service,One year,Yes,Bank transfer (automatic),61.42,386.32,No
CUST-0011532,Female,0,No,Yes,10,No,No phone service,No,No internet service,No internet service,No internet service,No internet service,No internet service,No internet service,Month-to-month,Yes,Mailed check,102.23,999.5,Yes
CUST-0011533,Female,0,Yes,No,18,Yes,No,Fiber optic,Yes,No,No,No,Yes,No,Month-to-month,No,Electronic check,81.89,1509.74,No
CUST-0011534,Male,0,No,No,9,Yes,No,DSL,No,No,No,No,No,Yes,Two year,No,Electronic check,118.02,1048.39,No
CUST-0011535,Female,0,No,Yes,5,Yes,No,Fiber optic,No,Yes,Yes,No,No,Yes,Month-to-month,No,Bank transfer (automatic),49.55,238.12,Yes
CUST-0011536,Male,0,Yes,Yes,26,Yes,No,DSL,Yes,No,No,Yes,Yes,Yes,Month-to-month,Yes,Bank transfer (automatic),92.97,2436.25,No
CUST-0011537,Male,1,No,No,26,Yes,No,Fiber optic,No,No,Yes,Yes,No,No,Month-to-month,Yes,Mailed check,94.48,2470.82,No
CUST-0011538,Male,0,No,No,72,Yes,Yes,Fiber optic,No,No,No,No,Yes,Yes,Month-to-month,Yes,Credit card (automatic),80.08,5754.75,No
CUST-0011539,Male,0,Yes,No,27,Yes,No,DSL,No,No,No,No,No,No,Month-to-month,Yes,Credit card (automatic),79.67,2138.61,No
CUST-0011540,Female,0,Yes,No,3,Yes,No,Fiber optic,No,Yes,No,No,Yes,Yes,One year,Yes,Mailed check,65.15,232.55,No
CUST-0011541,Male,1,Yes,No,0,Yes,Yes,Fiber optic,No,No,No,No,Yes,Yes,Month-to-month,Yes,Electronic check,44.85,,No
CUST-0011542,Female,0,Yes,No,49,Yes,Yes,Fiber optic,No,No,Yes,No,No,No,Month-to-month,No,Bank transfer (automatic),100.12,4930.69,No
CUST-0011543,Male,0,No,No,55,Yes,Yes,No,No internet service,No internet service,No internet service,No internet service,No internet service,No internet service,Month-to-month,Yes,Bank transfer (automatic),85.26,4678.87,Yes
CUST-0011544,Male,0,No,No,5,Yes,No,DSL,No,No,No,No,Yes,Yes,One year,Yes,Electronic check,104.8,507.68,Yes
CUST-0011545,Female,0,Yes,No,54,Yes,No,Fiber optic,No,No,No,Yes,No,No,Month-to-month,Yes,Electronic check,100.14,5415.65,No
CUST-0011546,Male,0,No,Yes,1,Yes,No,DSL,No,No,Yes,Yes,No,No,One year,Yes,Credit card (automatic),75.2,72.37,No
CUST-0011547,Female,0,No,Yes,14,Yes,Yes,DSL,No,Yes,No,No,Yes,No,Month-to-month,Yes,Credit card (automatic),90.76,1281.26,No
CUST-0011548,Male,0,No,No,47,Yes,No,Fiber optic,No,Yes,No,No,No,No,Month-to-month,Yes,Electronic check,106.52,5065.83,No
CUST-0011549,Female,0,Yes,Yes,72,No,No phone service,Fiber optic,Yes,No,Yes,Yes,No,Yes,Month-to-month,No,Electronic check,69.55,4987.87,Yes
CUST-0011550,Female,0,No,No,72,No,No phone service,DSL,No,No,No,Yes,No,Yes,Month-to-month,Yes,Bank transfer (automatic),95.02,6842.18,No
CUST-0011551,Female,0,No,No,1,Yes,Yes,DSL,No,No,No,Yes,No,Yes,One year,No,Mailed check,95.79,83.44,No
CUST-0011552,Male,0,Yes,No,1,Yes,No,Fiber optic,No,Yes,Yes,No,No,Yes,Two year,Yes,Bank transfer (automatic),94.96,80.81,No
CUST-0011553,Female,0,No,No,21,Yes,No,DSL,No,No,Yes,No,Yes,No,Month-to-month,No,Mailed check,118.75,2430.62,Yes
CUST-0011554,Male,0,Yes,Yes,6,Yes,No,Fiber optic,Yes,No,No,No,No,Yes,Month-to-month,No,Mailed check,66.97,414.85,Yes
CUST-0011555,Male,0,Yes,Yes,13,Yes,No,DSL,Yes,No,No,No,No,No,Two year,Yes,Mailed check,65.94,865.34,Yes
CUST-0011556,Male,0,No,No,24,Yes,No,Fiber optic,Yes,No,No,No,No,No,Month-to-month,Yes,Mailed check,82.44,1953.33,No
CUST-0011557,Female,1,No,No,7,Yes,No,DSL,No,Yes,Yes,No,No,No,Month-to-month,No,Bank transfer (automatic),85.09,613.49,No
CUST-0011558,Female,0,Yes,Yes,16,No,No phone service,Fiber optic,No,Yes,No,No,No,Yes,One year,No,Credit card (automatic),117.58,1877.52,Yes
CUST-0011559,Male,0,Yes,No,16,Yes,No,Fiber optic,Yes,No,No,No,No,Yes,Month-to-month,Yes,Electronic check,62.61,976.58,Yes
CUST-0011560,Female,0,Yes,Yes,13,Yes,No,DSL,No,No,Yes,Yes,Yes,Yes,One year,Yes,Electronic check,87.13,1172.12,Yes
CUST-0011561,Male,0,No,No,2,Yes,Yes,Fiber optic,No,No,No,No,No,No,Month-to-month,Yes,Electronic check,66.38,113.96,Yes
CUST-0011562,Male,0,No,No,9,Yes,No,DSL,No,Yes,Yes,Yes,No,No,Month-to-month,Yes,Mailed check,118.75,1064.28,No
CUST-0011563,Female,0,No,No,0,Yes,Yes,Fiber optic,Yes,Yes,Yes,No,No,No,Two year,No,Electronic check,113.82,,No
CUST-0011564,Male,0,No,No,72,Yes,Yes,No,No internet service,No internet service,No internet service,No internet service,No internet service,No internet service,Month-to-month,No,Bank transfer (automatic),98.01,7041.12,No
CUST-0011565,Female,0,No,Yes,18,Yes,Yes,No,No internet service,No internet service,No internet service,No internet service,No internet service,No internet service,Month-to-month,No,Electronic check,71.67,1284.87,Yes
CUST-0011566,Female,0,Yes,Yes,52,No,No phone service,Fiber optic,Yes,No,No,Yes,Yes,No,Two year,Yes,Electronic check,75.13,3905.53,No
CUST-0011567,Male,0,No,No,12,Yes,Yes,Fiber optic,Yes,No,No,Yes,No,Yes,Month-to-month,Yes,Bank transfer (automatic),79.53,938.61,No
CUST-0011568,Female,0,No,No,57,Yes,Yes,Fiber optic,Yes,No,No,No,Yes,No,Month-to-month,No,Electronic check,35.91,2095.01,No
CUST-0011569,Female,0,No,No,29,Yes,No,Fiber optic,No,No,No,No,No,No,Month-to-month,No,Credit card (automatic),55.41,1597.75,Yes
CUST-0011570,Female,0,Yes,No,6,Yes,No,Fiber optic,No,Yes,No,No,No,No,Month-to-month,Yes,Electronic check,95.66,541.97,No
CUST-0011571,Female,0,No,No,34,Yes,Yes,Fiber optic,No,No,No,Yes,No,Yes,Month-to-month,No,Electronic check,118.75,4017.43,Yes
CUST-0011572,Male,0,No,No,40,Yes,No,No,No internet service,No internet service,No internet service,No internet service,No internet service,No internet service,Month-to-month,Yes,Electronic check,79.2,3233.17,No
CUST-0011573,Female,0,Yes,No,8,Yes,Yes,Fiber optic,No,No,Yes,Yes,No,Yes,Month-to-month,Yes,Mailed check,118.75,971.18,No
CUST-0011574,Female,0,No,No,3,Yes,No,Fiber optic,No,Yes,No,No,Yes,No,Month-to-month,Yes,Electronic check,115.11,351.11,No
CUST-0011575,Male,1,No,No,51,Yes,No,No,No internet service,No internet service,No internet service,No internet service,No internet service,No internet service,One year,Yes,Credit card (automatic),86.54,4441.56,No
CUST-0011576,Female,0,No,No,6,Yes,Yes,DSL,No,No,Yes,No,No,No,One year,No,Mailed check,118.75,742.44,Yes
CUST-0011577,Male,0,Yes,Yes,15,Yes,No,Fiber optic,No,No,No,No,No,No,One year,Yes,Electronic check,92.05,1358.92,No
CUST-0011578,Male,0,Yes,Yes,51,Yes,No,Fiber optic,No,No,No,Yes,No,No,Month-to-month,No,Mailed check,99.37,5065.77,Yes
CUST-0011579,Male,0,Yes,No,31,Yes,Yes,Fiber optic,No,No,Yes,Yes,Yes,No,One year,Yes,Electronic check,100.82,3113.59,Yes
CUST-0011580,Male,0,No,No,15,Yes,Yes,Fiber optic,No,No,Yes,No,No,Yes,Month-to-month,No,Credit card (automatic),115.99,1749.6,No
CUST-0011581,Female,0,Yes,No,11,Yes,No,DSL,No,No,Yes,No,No,No,Month-to-month,Yes,Bank transfer (automatic),106.82,1164.62,Yes
CUST-0011582,Male,0,No,No,26,Yes,Yes,DSL,Yes,Yes,No,Yes,No,No,Month-to-month,No,Credit card (automatic),104.18,2716.71,No
CUST-0011583,Male,0,Yes,No,6,Yes,Yes,DSL,No,No,No,No,No,Yes,Month-to-month,Yes,Bank transfer (automatic),93.0,531.22,Yes
CUST-0011584,Female,1,Yes,Yes,10,Yes,No,Fiber optic,No,Yes,No,No,No,No,Two year,No,Bank transfer (automatic),48.07,468.16,Yes
CUST-0011585,Female,1,No,No,12,Yes,No,DSL,No,No,No,No,Yes,Yes,One year,Yes,Credit card (automatic),71.13,856.64,Yes
CUST-0011586,Female,0,Yes,Yes,0,Yes,No,Fiber optic,Yes,No,No,No,Yes,No,Month-to-month,Yes,Electronic check,106.97,,Yes
CUST-0011587,Male,0,No,No,23,Yes,No,DSL,No,Yes,Yes,Yes,No,No,Month-to-month,Yes,Credit card (automatic),118.75,2796.23,No
CUST-0011588,Male,0,Yes,Yes,2,Yes,Yes,No,No internet service,No internet service,No internet service,No internet service,No internet service,No internet service,One year,Yes,Credit card (automatic),86.73,159.53,No
CUST-0011589,Female,0,Yes,No,22,Yes,No,No,No internet service,No internet service,No internet service,No internet service,No internet service,No internet service,Month-to-month,Yes,Credit card (automatic),81.84,1797.12,No
CUST-0011590,Male,0,Yes,Yes,37,Yes,Yes,Fiber optic,No,No,Yes,No,No,Yes,Two year,No,Electronic check,42.23,1585.25,No
CUST-0011591,Male,1,Yes,Yes,40,Yes,No,Fiber optic,No,No,No,No,No,Yes,Month-to-month,Yes,Electronic check,76.33,3079.31,No
CUST-0011592,Female,0,No,Yes,15,Yes,Yes,No,No internet service,No internet service,No internet service,No internet service,No internet service,No internet service,Month-to-month,No,Electronic check,118.75,1759.53,Yes
CUST-0011593,Female,0,Yes,No,72,Yes,Yes,DSL,No,No,No,No,Yes,Yes,Month-to-month,Yes,Electronic check,96.29,6915.39,No
CUST-0011594,Male,0,No,No,13,Yes,Yes,DSL,No,No,Yes,No,Yes,No,One year,Yes,Electronic check,108.45,1415.93,Yes
CUST-0011595,Female,0,No,Yes,72,No,No phone service,No,No internet service,No internet service,No internet service,No internet service,No internet service,No internet service,Month-to-month,No,Electronic check,104.72,7540.54,No
CUST-0011596,Female,0,Yes,No,12,Yes,No,DSL,No,No,No,No,No,No,One year,Yes,Mailed check,101.55,1220.21,No
CUST-0011597,Male,0,Yes,No,27,Yes,No,No,No internet service,No internet service,No internet service,No internet service,No internet service,No internet service,Month-to-month,No,Credit card (automatic),80.26,2168.44,Yes
CUST-0011598,Female,0,No,No,47,Yes,No,No,No internet service,No internet service,No internet service,No internet service,No internet service,No internet service,Month-to-month,Yes,Mailed check,71.98,,No
CUST-0011599,Female,0,No,No,0,Yes,Yes,No,No internet service,No internet service,No internet service,No internet service,No internet service,No internet service,Month-to-month,No,Electronic check,100.69,,No
CUST-0011600,Male,1,No,No,25,Yes,Yes,Fiber optic,Yes,No,No,Yes,Yes,Yes,Month-to-month,Yes,Bank transfer (automatic),94.3,2328.65,No
CUST-0011601,Female,0,No,No,1,Yes,Yes,No,No internet service,No internet service,No internet service,No internet service,No internet service,No internet service,Month-to-month,No,Mailed check,107.41,74.0,Yes
CUST-0011602,Female,1,Yes,No,3,Yes,No,Fiber optic,Yes,No,Yes,Yes,Yes,Yes,Month-to-month,Yes,Credit card (automatic),92.13,291.01,Yes
CUST-0011603,Female,0,No,Yes,0,Yes,No,No,No internet service,No internet service,No internet service,No internet service,No internet service,No internet service,One year,No,Mailed check,59.95,,No
CUST-0011604,Male,1,No,No,43,Yes,Yes,Fiber optic,No,No,No,No,Yes,No,Month-to-month,Yes,Credit card (automatic),71.94,3098.88,No
CUST-0011605,Female,0,Yes,No,26,Yes,No,No,No internet service,No internet service,No internet service,No internet service,No internet service,No internet service,One year,Yes,Credit card (automatic),72.0,1865.87,No
CUST-0011606,Female,0,No,Yes,17,Yes,No,DSL,Yes,Yes,No,No,Yes,No,Month-to-month,Yes,Electronic check,109.26,1862.02,No
CUST-0011607,Female,0,No,No,21,Yes,Yes,Fiber optic,No,No,No,No,No,Yes,Month-to-month,Yes,Electronic check,99.89,2095.0,No
CUST-0011608,Female,0,No,No,72,Yes,Yes,Fiber optic,No,Yes,No,No,Yes,Yes,Month-to-month,Yes,Credit card (automatic),81.25,5831.63,No
CUST-0011609,Female,0,Yes,No,25,Yes,No,No,No internet service,No internet service,No internet service,No internet service,No internet service,No internet service,Two year,No,Bank transfer (automatic),70.07,,No
CUST-0011610,Female,0,No,Yes,59,Yes,No,DSL,No,No,Yes,No,No,No,Month-to-month,No,Electronic check,88.39,5226.55,No
CUST-0011611,Female,0,No,Yes,18,Yes,Yes,Fiber optic,No,No,No,Yes,No,Yes,Month-to-month,Yes,Mailed check,118.75,2129.41,No
CUST-0011612,Male,0,No,No,36,Yes,No,No,No internet service,No internet service,No internet service,No internet service,No internet service,No internet service,Month-to-month,Yes,Mailed check,87.91,3189.15,No
CUST-0011613,Male,0,No,No,1,Yes,No,Fiber optic,No,Yes,Yes,Yes,No,No,Month-to-month,No,Bank transfer (automatic),101.48,66.03,Yes
CUST-0011614,Female,0,Yes,No,25,Yes,No,DSL,No,Yes,No,No,Yes,Yes,Month-to-month,Yes,Electronic check,65.39,1638.0,No
CUST-0011615,Female,0,Yes,No,50,Yes,No,Fiber optic,Yes,No,No,No,Yes,No,Month-to-month,Yes,Electronic check,94.13,4666.02,No
CUST-0011616,Female,0,Yes,No,24,Yes,No,DSL,Yes,No,No,No,No,No,Two year,No,Electronic check,72.71,1766.38,No
CUST-0011617,Female,0,No,Yes,72,Yes,Yes,DSL,No,Yes,Yes,No,No,Yes,Month-to-month,Yes,Bank transfer (automatic),94.22,6799.17,No
CUST-0011618,Female,0,No,No,6,Yes,No,Fiber optic,No,No,No,No,No,Yes,Month-to-month,No,Mailed check,89.88,563.23,Yes
CUST-0011619,Male,0,No,Yes,9,Yes,No,Fiber optic,Yes,No,Yes,No,Yes,Yes,One year,Yes,Bank transfer (automatic),68.08,597.48,Yes
CUST-0011620,Male,0,Yes,No,24,No,No phone service,Fiber optic,No,No,Yes,No,Yes,No,Month-to-month,Yes,Electronic check,60.08,1462.59,No
CUST-0011621,Male,0,Yes,No,1,Yes,Yes,Fiber optic,No,No,No,Yes,Yes,Yes,One year,Yes,Bank transfer (automatic),81.05,94.07,Yes
CUST-0011622,Female,0,Yes,No,7,Yes,No,No,No internet service,No internet service,No internet service,No internet service,No internet service,No internet service,Month-to-month,No,Credit card (automatic),98.13,664.62,No
CUST-0011623,Male,0,Yes,No,24,Yes,No,Fiber optic,No,Yes,No,Yes,No,No,Month-to-month,Yes,Mailed check,118.42,2846.26,No
CUST-0011624,Female,0,No,No,20,Yes,No,Fiber optic,Yes,No,No,No,Yes,No,Month-to-month,No,Bank transfer (automatic),92.02,1810.06,Yes
CUST-0011625,Male,0,Yes,No,5,Yes,Yes,Fiber optic,No,No,Yes,Yes,No,No,One year,Yes,Electronic check,72.19,357.65,No
CUST-0011626,Male,0,No,No,22,Yes,Yes,Fiber optic,No,No,No,No,No,Yes,Month-to-month,Yes,Mailed check,118.75,2596.94,No
CUST-0011627,Male,0,Yes,No,1,Yes,No,Fiber optic,No,No,Yes,No,No,Yes,Month-to-month,No,Electronic check,69.99,74.98,No
CUST-0011628,Female,0,No,No,8,No,No phone service,Fiber optic,Yes,No,No,Yes,Yes,Yes,Month-to-month,No,Credit card (automatic),104.5,876.72,No
CUST-0011629,Male,0,No,No,0,Yes,No,DSL,Yes,Yes,No,No,No,No,Two year,Yes,Electronic check,103.62,,No
CUST-0011630,Female,0,No,Yes,46,Yes,No,Fiber optic,No,Yes,No,No,Yes,Yes,Month-to-month,Yes,Electronic check,67.64,3110.72,No
CUST-0011631,Female,0,No,No,42,Yes,No,DSL,No,No,No,Yes,No,No,One year,Yes,Electronic check,118.75,5006.33,Yes
CUST-0011632,Male,0,No,No,1,Yes,Yes,Fiber optic,No,No,No,No,No,Yes,Month-to-month,Yes,Bank transfer (automatic),95.75,129.87,No
CUST-0011633,Male,1,Yes,No,72,Yes,Yes,DSL,No,No,No,No,Yes,No,Month-to-month,No,Bank transfer (automatic),97.77,7069.58,Yes
CUST-0011634,Female,0,No,No,2,Yes,No,DSL,No,Yes,Yes,No,No,No,One year,No,Bank transfer (automatic),118.75,262.99,No
CUST-0011635,Male,0,Yes,Yes,64,Yes,Yes,No,No internet service,No internet service,No internet service,No internet service,No internet service,No internet service,Month-to-month,Yes,Electronic check,105.74,6753.29,Yes
CUST-0011636,Male,0,No,Yes,11,Yes,No,DSL,Yes,Yes,No,No,Yes,Yes,Two year,Yes,Credit card (automatic),98.43,1046.15,No
CUST-0011637,Female,0,Yes,No,0,Yes,No,DSL,Yes,Yes,No,No,No,Yes,Month-to-month,No,Electronic check,72.92,,Yes
CUST-0011638,Male,0,Yes,No,35,Yes,Yes,Fiber optic,No,No,Yes,No,No,No,Two year,Yes,Credit card (automatic),83.61,2914.02,No
CUST-0011639,Male,1,Yes,Yes,39,Yes,Yes,DSL,Yes,Yes,Yes,No,No,No,Month-to-month,Yes,Electronic check,117.25,4557.18,No
CUST-0011640,Female,0,No,Yes,49,Yes,Yes,Fiber optic,No,Yes,No,No,Yes,Yes,One year,No,Credit card (automatic),114.47,5624.08,No
CUST-0011641,Male,0,Yes,No,37,Yes,Yes,Fiber optic,Yes,Yes,Yes,No,Yes,No,Month-to-month,Yes,Credit card (automatic),87.28,3214.53,No
CUST-0011642,Female,0,Yes,No,34,Yes,No,DSL,No,Yes,Yes,Yes,No,Yes,Two year,Yes,Bank transfer (automatic),85.91,2900.39,No
CUST-0011643,Male,0,Yes,No,66,Yes,Yes,Fiber optic,No,Yes,No,Yes,No,No,Month-to-month,Yes,Electronic check,98.75,6515.42,Yes
CUST-0011644,Female,0,No,No,12,Yes,No,No,No internet service,No internet service,No internet service,No internet service,No internet service,No internet service,Month-to-month,Yes,Mailed check,78.87,917.95,Yes
CUST-0011645,Male,0,No,Yes,19,Yes,Yes,No,No internet service,No internet service,No internet service,No internet service,No internet service,No internet service,Month-to-month,No,Electronic check,89.86,1705.86,No
CUST-0011646,Female,0,Yes,Yes,62,No,No phone service,No,No internet service,No internet service,No internet service,No internet service,No internet service,No internet service,Two year,No,Electronic check,96.45,5976.41,No
CUST-0011647,Female,0,Yes,No,24,Yes,No,No,No internet service,No internet service,No internet service,No internet service,No internet service,No internet service,Month-to-month,No,Electronic check,114.11,2770.71,No
CUST-0011648,Male,0,No,No,1,No,No phone service,Fiber optic,No,No,No,No,No,Yes,Month-to-month,No,Electronic check,115.61,88.0,Yes
CUST-0011649,Female,0,No,Yes,5,No,No phone service,Fiber optic,Yes,Yes,Yes,No,No,No,Two year,Yes,Electronic check,71.81,320.38,Yes
CUST-0011650,Female,0,No,No,4,Yes,No,Fiber optic,No,No,No,No,No,No,Month-to-month,Yes,Electronic check,118.75,446.97,No
CUST-0011651,Male,0,No,No,72,Yes,Yes,Fiber optic,Yes,Yes,Yes,No,No,No,One year,Yes,Electronic check,118.75,8521.42,No
CUST-0011652,Female,0,Yes,Yes,72,Yes,Yes,No,No internet service,No internet service,No internet service,No internet service,No internet service,No internet service,Month-to-month,Yes,Mailed check,118.75,8591.78,Yes
CUST-0011653,Female,0,No,No,24,Yes,No,Fiber optic,No,No,Yes,Yes,No,Yes,Month-to-month,Yes,Credit card (automatic),101.1,2437.78,No
CUST-0011654,Female,0,Yes,No,3,Yes,Yes,Fiber optic,No,Yes,Yes,No,No,Yes,Month-to-month,No,Bank transfer (automatic),85.36,306.35,Yes
CUST-0011655,Male,0,No,No,10,Yes,No,Fiber optic,No,No,No,No,Yes,No,Two year,No,Bank transfer (automatic),107.39,1087.81,No
CUST-0011656,Male,0,Yes,Yes,12,Yes,Yes,No,No internet service,No internet service,No internet service,No internet service,No internet service,No internet service,Month-to-month,Yes,Credit card (automatic),118.75,1437.51,No
CUST-0011657,Female,1,No,No,17,Yes,No,No,No internet service,No internet service,No internet service,No internet service,No internet service,No internet service,One year,Yes,Electronic check,95.36,1628.22,No
CUST-0011658,Female,0,No,No,25,Yes,Yes,DSL,No,No,Yes,No,No,No,Month-to-month,No,Electronic check,90.41,2267.41,Yes
CUST-0011659,Female,0,No,No,5,Yes,Yes,Fiber optic,No,Yes,No,No,No,No,One year,Yes,Electronic check,118.75,548.18,No
CUST-0011660,Male,0,No,No,4,No,No phone service,Fiber optic,No,Yes,No,Yes,No,No,Month-to-month,Yes,Electronic check,61.74,,Yes
CUST-0011661,Female,0,Yes,No,6,Yes,No,DSL,No,No,Yes,No,Yes,Yes,Two year,Yes,Mailed check,111.32,644.64,No
CUST-0011662,Female,1,No,No,32,Yes,Yes,DSL,Yes,No,No,No,Yes,No,Month-to-month,Yes,Mailed check,55.01,1731.75,No
CUST-0011663,Female,0,No,No,27,Yes,No,Fiber optic,No,No,No,No,No,No,Two year,Yes,Credit card (automatic),64.45,1728.44,No
CUST-0011664,Male,0,Yes,Yes,34,Yes,No,Fiber optic,No,No,No,No,No,No,Two year,Yes,Credit card (automatic),118.75,4064.53,Yes
CUST-0011665,Male,0,Yes,No,4,Yes,No,Fiber optic,No,Yes,Yes,No,No,No,Two year,Yes,Bank transfer (automatic),85.92,,No
CUST-0011666,Female,0,No,No,6,Yes,Yes,No,No internet service,No internet service,No internet service,No internet service,No internet service,No internet service,Month-to-month,Yes,Electronic check,106.61,643.46,No
CUST-0011667,Male,0,No,No,7,Yes,No,Fiber optic,No,No,No,No,Yes,Yes,Month-to-month,Yes,Electronic check,53.15,359.85,No
CUST-0011668,Male,0,No,No,18,Yes,Yes,Fiber optic,No,No,No,No,Yes,Yes,Month-to-month,Yes,Mailed check,106.42,1906.93,Yes
CUST-0011669,Female,0,Yes,No,72,Yes,No,Fiber optic,No,No,No,No,No,Yes,Month-to-month,No,Bank transfer (automatic),55.32,3978.0,No
CUST-0011670,Female,0,Yes,No,52,Yes,Yes,No,No internet service,No internet service,No internet service,No internet service,No internet service,No internet service,Month-to-month,No,Electronic check,70.28,3635.66,No
CUST-0011671,Female,0,Yes,No,54,Yes,No,Fiber optic,No,No,No,Yes,No,Yes,Month-to-month,Yes,Electronic check,96.13,5154.8,Yes
CUST-0011672,Male,0,Yes,No,32,No,No phone service,No,No internet service,No internet service,No internet service,No internet service,No internet service,No internet service,Month-to-month,Yes,Electronic check,70.27,2225.66,No
CUST-0011673,Female,0,Yes,Yes,20,Yes,Yes,Fiber optic,No,No,Yes,No,No,No,Month-to-month,Yes,Bank transfer (automatic),73.94,1512.75,No
CUST-0011674,Male,0,No,No,17,Yes,No,Fiber optic,No,Yes,No,No,Yes,Yes,Month-to-month,No,Bank transfer (automatic),100.59,1708.78,Yes
CUST-0011675,Female,1,No,Yes,8,Yes,No,Fiber optic,No,Yes,No,No,No,No,Month-to-month,No,Electronic check,97.6,741.18,No
CUST-0011676,Male,0,Yes,No,28,Yes,No,DSL,No,Yes,No,No,Yes,No,One year,Yes,Credit card (automatic),37.02,1036.43,Yes
CUST-0011677,Male,0,Yes,No,17,Yes,Yes,DSL,No,No,No,Yes,Yes,No,Two year,No,Electronic check,102.81,1785.33,Yes
CUST-0011678,Female,0,Yes,Yes,35,No,No phone service,Fiber optic,No,No,Yes,No,No,No,Month-to-month,No,Electronic check,118.75,4164.71,No
CUST-0011679,Female,0,No,No,6,No,No phone service,Fiber optic,No,No,No,No,Yes,Yes,One year,No,Electronic check,87.58,,Yes
CUST-0011680,Female,0,No,Yes,4,Yes,No,Fiber optic,No,Yes,Yes,Yes,No,No,Two year,No,Credit card (automatic),101.16,367.32,No
CUST-0011681,Female,0,Yes,No,26,Yes,No,DSL,No,No,No,Yes,No,Yes,Month-to-month,Yes,Credit card (automatic),112.22,2904.97,No
CUST-0011682,Male,0,Yes,No,21,Yes,Yes,DSL,No,No,Yes,No,No,No,Month-to-month,Yes,Bank transfer (automatic),80.28,1677.75,Yes
CUST-0011683,Female,0,Yes,Yes,5,Yes,No,Fiber optic,Yes,Yes,Yes,Yes,Yes,No,Month-to-month,Yes,Electronic check,78.36,391.97,No
CUST-0011684,Female,0,Yes,Yes,1,Yes,No,DSL,No,No,No,No,Yes,Yes,One year,No,Mailed check,118.75,102.73,No
CUST-0011685,Female,0,No,No,56,Yes,No,DSL,No,Yes,No,No,No,No,Month-to-month,No,Electronic check,100.58,5661.73,No
CUST-0011686,Male,1,Yes,No,10,Yes,No,Fiber optic,No,No,No,No,No,Yes,Month-to-month,Yes,Credit card (automatic),51.64,544.39,No
CUST-0011687,Female,0,No,No,11,Yes,No,DSL,No,Yes,No,Yes,Yes,Yes,Two year,No,Electronic check,99.9,1115.53,No
CUST-0011688,Male,0,No,No,11,Yes,No,Fiber optic,No,No,No,No,No,Yes,One year,Yes,Credit card (automatic),79.98,886.27,No
CUST-0011689,Female,0,No,No,29,Yes,Yes,Fiber optic,Yes,No,No,No,Yes,No,Month-to-month,No,Electronic check,90.39,2614.26,Yes
CUST-0011690,Female,0,Yes,Yes,12,Yes,No,No,No internet service,No internet service,No internet service,No internet service,No internet service,No internet service,Month-to-month,No,Mailed check,82.89,981.22,No
CUST-0011691,Female,0,Yes,No,37,Yes,No,No,No internet service,No internet service,No internet service,No internet service,No internet service,No internet service,Month-to-month,Yes,Electronic check,83.25,3046.28,Yes
CUST-0011692,Female,0,Yes,No,3,Yes,No,DSL,No,Yes,Yes,Yes,Yes,No,Month-to-month,Yes,Mailed check,55.02,189.95,Yes
CUST-0011693,Male,0,Yes,No,11,Yes,No,No,No internet service,No internet service,No internet service,No internet service,No internet service,No internet service,Month-to-month,Yes,Electronic check,74.68,822.91,No
CUST-0011694,Female,0,No,No,20,Yes,Yes,No,No internet service,No internet service,No internet service,No internet service,No internet service,No internet service,Two year,Yes,Bank transfer (automatic),105.15,2129.1,No
CUST-0011695,Female,0,No,Yes,7,Yes,Yes,Fiber optic,No,No,No,No,Yes,No,Month-to-month,Yes,Mailed check,95.67,659.18,No
CUST-0011696,Male,0,No,Yes,25,Yes,No,Fiber optic,No,No,Yes,No,Yes,No,Month-to-month,No,Electronic check,97.0,2424.55,Yes
CUST-0011697,Male,0,No,No,3,Yes,Yes,Fiber optic,Yes,Yes,No,No,Yes,Yes,Month-to-month,Yes,Electronic check,117.76,335.65,No
CUST-0011698,Female,0,Yes,No,13,Yes,Yes,Fiber optic,Yes,Yes,No,Yes,Yes,Yes,Month-to-month,Yes,Mailed check,81.9,1071.38,No
CUST-0011699,Female,0,Yes,Yes,32,Yes,Yes,DSL,No,Yes,No,Yes,No,No,Month-to-month,Yes,Electronic check,82.81,2646.01,Yes
CUST-0011700,Male,0,Yes,Yes,25,Yes,Yes,DSL,No,Yes,No,No,No,Yes,Month-to-month,No,Mailed check,96.34,2365.22,No
CUST-0011701,Male,0,No,Yes,4,Yes,Yes,Fiber optic,No,No,Yes,No,No,Yes,Month-to-month,Yes,Mailed check,101.26,409.31,Yes
CUST-0011702,Female,0,Yes,No,46,Yes,Yes,No,No internet service,No internet service,No internet service,No internet service,No internet service,No internet service,Month-to-month,Yes,Credit card (automatic),69.43,3210.7,No
CUST-0011703,Female,1,No,No,0,No,No phone service,DSL,No,Yes,No,Yes,Yes,Yes,Month-to-month,No,Electronic check,83.91,,No
CUST-0011704,Male,1,Yes,No,25,Yes,Yes,No,No internet service,No internet service,No internet service,No internet service,No internet service,No internet service,Month-to-month,No,Credit card (automatic),97.82,,No
CUST-0011705,Male,0,Yes,No,33,Yes,No,Fiber optic,No,No,Yes,No,No,Yes,Two year,Yes,Bank transfer (automatic),53.82,1787.22,No
CUST-0011706,Male,0,Yes,No,42,Yes,No,Fiber optic,No,No,Yes,Yes,Yes,Yes,One year,Yes,Bank transfer (automatic),91.51,3868.42,No
CUST-0011707,Female,1,Yes,Yes,47,No,No phone service,Fiber optic,Yes,No,No,Yes,No,No,Month-to-month,Yes,Bank transfer (automatic),109.88,5151.54,No
CUST-0011708,Female,0,No,No,27,Yes,No,DSL,Yes,No,Yes,No,No,No,Month-to-month,No,Bank transfer (automatic),99.54,2674.36,No
CUST-0011709,Male,0,No,No,57,Yes,No,Fiber optic,Yes,Yes,No,Yes,No,No,Two year,Yes,Credit card (automatic),118.1,6756.82,No
CUST-0011710,Male,0,Yes,No,21,Yes,No,Fiber optic,No,No,Yes,No,No,No,Month-to-month,Yes,Mailed check,66.51,1365.27,Yes
CUST-0011711,Male,0,No,No,36,Yes,No,Fiber optic,No,No,No,No,No,Yes,Month-to-month,No,Electronic check,92.91,3318.25,No
CUST-0011712,Male,0,No,No,8,Yes,Yes,Fiber optic,No,No,No,No,No,No,Two year,Yes,Mailed check,82.88,674.05,No
CUST-0011713,Male,0,No,Yes,45,Yes,Yes,No,No internet service,No internet service,No internet service,No internet service,No internet service,No internet service,Month-to-month,No,Bank transfer (automatic),91.64,4144.54,No
CUST-0011714,Female,0,Yes,No,10,Yes,Yes,Fiber optic,No,No,No,No,Yes,Yes,One year,Yes,Mailed check,79.58,766.38,No
CUST-0011715,Male,0,Yes,No,60,Yes,No,DSL,Yes,Yes,No,No,No,Yes,Two year,No,Electronic check,77.08,4602.08,No
CUST-0011716,Male,0,No,No,70,Yes,No,Fiber optic,No,No,Yes,No,Yes,Yes,Month-to-month,Yes,Mailed check,102.25,7171.32,Yes
CUST-0011717,Female,0,Yes,No,1,Yes,No,DSL,No,Yes,Yes,No,No,No,Month-to-month,Yes,Electronic check,42.64,60.75,Yes
CUST-0011718,Female,0,No,Yes,34,Yes,Yes,No,No internet service,No internet service,No internet service,No internet service,No internet service,No internet service,Month-to-month,No,Electronic check,60.27,2087.31,No
CUST-0011719,Male,0,No,Yes,21,Yes,No,DSL,Yes,No,No,Yes,No,Yes,One year,Yes,Electronic check,66.15,1355.0,Yes
CUST-0011720,Male,0,Yes,Yes,5,No,No phone service,Fiber optic,Yes,No,Yes,Yes,No,No,Month-to-month,Yes,Credit card (automatic),70.0,345.2,Yes
CUST-0011721,Female,0,Yes,No,14,Yes,Yes,DSL,No,No,No,Yes,No,No,Month-to-month,Yes,Electronic check,72.8,,No
CUST-0011722,Female,0,Yes,No,8,Yes,No,Fiber optic,Yes,No,No,No,No,Yes,Month-to-month,No,Electronic check,100.15,809.41,Yes
CUST-0011723,Female,0,Yes,Yes,24,Yes,No,DSL,No,Yes,No,No,No,Yes,Month-to-month,No,Mailed check,99.85,2390.93,Yes
CUST-0011724,Male,0,No,No,0,Yes,Yes,Fiber optic,No,No,No,No,No,No,Month-to-month,Yes,Mailed check,54.12,,No
CUST-0011725,Female,1,No,No,72,Yes,No,Fiber optic,No,No,Yes,No,Yes,Yes,Two year,Yes,Bank transfer (automatic),76.14,5496.67,No
CUST-0011726,Female,0,Yes,Yes,41,Yes,No,DSL,No,Yes,No,No,Yes,No,One year,No,Credit card (automatic),69.9,2838.2,Yes
CUST-0011727,Male,0,Yes,No,5,No,No phone service,Fiber optic,No,Yes,Yes,No,No,No,One year,No,Credit card (automatic),99.53,437.07,No
CUST-0011728,Female,0,Yes,No,28,Yes,No,Fiber optic,Yes,No,No,No,No,Yes,Two year,No,Electronic check,118.75,3321.09,No
CUST-0011729,Male,1,No,No,55,Yes,Yes,No,No internet service,No internet service,No internet service,No internet service,No internet service,No internet service,Month-to-month,Yes,Electronic check,104.42,5749.81,No
CUST-0011730,Male,1,No,No,34,Yes,No,DSL,No,No,Yes,No,Yes,Yes,Month-to-month,No,Bank transfer (automatic),118.75,4004.2,No
CUST-0011731,Male,1,No,No,0,Yes,No,Fiber optic,No,No,Yes,No,Yes,No,Month-to-month,Yes,Credit card (automatic),117.45,,Yes
CUST-0011732,Female,0,No,Yes,34,Yes,No,No,No internet service,No internet service,No internet service,No internet service,No internet service,No internet service,Month-to-month,Yes,Mailed check,118.75,4014.99,Yes
CUST-0011733,Male,0,Yes,No,43,Yes,No,Fiber optic,Yes,No,No,No,No,Yes,Month-to-month,Yes,Mailed check,100.38,4343.52,No
CUST-0011734,Male,0,Yes,No,1,Yes,No,Fiber optic,No,No,Yes,Yes,Yes,No,Month-to-month,Yes,Credit card (automatic),98.82,77.75,Yes
CUST-0011735,Male,0,No,No,44,Yes,No,Fiber optic,Yes,Yes,Yes,Yes,No,No,Month-to-month,Yes,Electronic check,106.1,4683.98,No
CUST-0011736,Female,0,Yes,Yes,14,Yes,No,Fiber optic,No,No,No,Yes,No,Yes,One year,No,Bank transfer (automatic),71.35,1010.86,No
CUST-0011737,Male,1,Yes,No,3,Yes,No,Fiber optic,No,No,No,No,No,Yes,Month-to-month,No,Electronic check,94.81,291.92,No
CUST-0011738,Female,0,No,Yes,48,Yes,No,Fiber optic,No,No,No,No,No,No,Month-to-month,Yes,Electronic check,54.41,2642.01,Yes
CUST-0011739,Female,0,No,No,3,Yes,Yes,Fiber optic,No,No,Yes,Yes,No,No,Month-to-month,Yes,Electronic check,102.75,314.93,No
CUST-0011740,Female,1,No,No,21,Yes,Yes,Fiber optic,No,Yes,No,No,No,No,Two year,No,Bank transfer (automatic),98.45,2047.43,No
CUST-0011741,Male,1,Yes,Yes,9,Yes,No,Fiber optic,No,No,No,Yes,No,Yes,One year,Yes,Credit card (automatic),93.9,840.68,Yes
CUST-0011742,Male,1,No,Yes,2,Yes,Yes,Fiber optic,Yes,Yes,Yes,No,No,Yes,Month-to-month,Yes,Mailed check,77.34,206.84,No
CUST-0011743,Female,0,Yes,No,42,Yes,No,DSL,No,No,Yes,No,Yes,No,Month-to-month,Yes,Electronic check,118.75,4969.96,No
CUST-0011744,Female,0,No,No,7,Yes,No,Fiber optic,No,No,Yes,No,Yes,No,Month-to-month,No,Electronic check,102.43,710.63,No
CUST-0011745,Male,0,Yes,No,58,Yes,No,DSL,No,Yes,Yes,No,No,Yes,Month-to-month,Yes,Credit card (automatic),89.99,5204.49,No
CUST-0011746,Male,0,No,No,24,Yes,No,DSL,No,No,No,Yes,No,Yes,Month-to-month,No,Electronic check,43.91,1054.94,No
CUST-0011747,Male,0,No,No,72,Yes,No,DSL,No,No,Yes,No,Yes,Yes,One year,Yes,Electronic check,92.64,6666.34,No
CUST-0011748,Female,0,No,Yes,8,Yes,Yes,DSL,No,No,No,No,Yes,No,Month-to-month,Yes,Electronic check,108.93,865.24,Yes
CUST-0011749,Female,1,Yes,No,6,Yes,No,No,No internet service,No internet service,No internet service,No internet service,No internet service,No internet service,Month-to-month,No,Bank transfer (automatic),67.48,,No
CUST-0011750,Male,0,No,No,6,Yes,No,Fiber optic,No,No,Yes,No,No,Yes,Month-to-month,No,Electronic check,62.49,373.34,No
CUST-0011751,Female,0,No,Yes,29,Yes,No,DSL,No,Yes,Yes,Yes,No,No,One year,No,Bank transfer (automatic),87.59,2545.51,No
CUST-0011752,Male,0,Yes,Yes,25,Yes,No,Fiber optic,Yes,No,No,No,No,Yes,Month-to-month,Yes,Credit card (automatic),76.05,1911.35,No
CUST-0011753,Female,0,Yes,No,22,Yes,No,Fiber optic,No,No,No,No,No,No,One year,Yes,Credit card (automatic),82.96,1830.77,No
CUST-0011754,Female,0,No,No,1,Yes,No,DSL,No,No,Yes,No,No,No,Month-to-month,Yes,Mailed check,118.75,139.39,No
CUST-0011755,Male,0,Yes,Yes,5,Yes,No,Fiber optic,Yes,Yes,Yes,Yes,No,No,Month-to-month,No,Electronic check,118.75,609.61,No
CUST-0011756,Female,0,No,No,48,Yes,No,Fiber optic,No,No,No,No,Yes,Yes,One year,Yes,Bank transfer (automatic),103.97,5022.79,No
CUST-0011757,Female,0,No,Yes,0,Yes,No,Fiber optic,Yes,No,Yes,Yes,Yes,No,Month-to-month,No,Mailed check,65.95,,Yes
CUST-0011758,Female,0,Yes,Yes,18,Yes,No,DSL,No,Yes,Yes,No,No,No,Two year,No,Bank transfer (automatic),78.88,1419.86,No
CUST-0011759,Female,0,No,No,61,Yes,No,Fiber optic,No,No,No,No,No,Yes,Month-to-month,No,Electronic check,61.84,3802.71,Yes
CUST-0011760,Female,0,Yes,No,1,Yes,Yes,Fiber optic,No,Yes,No,No,No,No,Month-to-month,No,Electronic check,118.75,153.43,Yes
CUST-0011761,Male,0,Yes,Yes,10,Yes,Yes,DSL,No,No,No,No,No,No,One year,No,Electronic check,111.49,1138.25,Yes
CUST-0011762,Male,0,No,No,47,No,No phone service,DSL,No,No,No,No,No,Yes,One year,Yes,Credit card (automatic),79.24,3739.71,No
CUST-0011763,Female,0,Yes,No,12,Yes,Yes,No,No internet service,No internet service,No internet service,No internet service,No internet service,No internet service,Month-to-month,Yes,Electronic check,77.57,903.31,No
CUST-0011764,Male,0,Yes,Yes,20,Yes,Yes,No,No internet service,No internet service,No internet service,No internet service,No internet service,No internet service,Two year,Yes,Bank transfer (automatic),68.62,1330.94,No
CUST-0011765,Male,0,No,Yes,19,Yes,No,DSL,No,Yes,Yes,No,No,No,One year,No,Electronic check,86.55,1650.19,Yes
CUST-0011766,Male,0,Yes,No,5,Yes,No,No,No internet service,No internet service,No internet service,No internet service,No internet service,No internet service,Month-to-month,Yes,Electronic check,99.09,517.58,Yes
CUST-0011767,Male,0,Yes,No,13,Yes,No,Fiber optic,No,Yes,No,No,No,Yes,One year,Yes,Mailed check,66.72,857.6,Yes
CUST-0011768,Female,0,No,No,26,No,No phone service,Fiber optic,No,No,No,No,No,Yes,Month-to-month,Yes,Bank transfer (automatic),118.75,3171.63,No
CUST-0011769,Male,0,No,No,12,Yes,Yes,No,No internet service,No internet service,No internet service,No internet service,No internet service,No internet service,One year,Yes,Credit card (automatic),95.59,1165.2,No
CUST-0011770,Male,0,No,Yes,17,Yes,Yes,Fiber optic,Yes,Yes,Yes,No,No,No,Month-to-month,Yes,Mailed check,81.78,1382.05,No
CUST-0011771,Male,1,Yes,Yes,30,Yes,No,Fiber optic,Yes,Yes,Yes,No,No,Yes,Month-to-month,Yes,Credit card (automatic),98.15,2955.66,No
CUST-0011772,Male,0,No,No,0,Yes,Yes,No,No internet service,No internet service,No internet service,No internet service,No internet service,No internet service,Month-to-month,No,Mailed check,118.75,,No
CUST-0011773,Female,1,No,No,1,Yes,Yes,Fiber optic,No,No,No,No,No,No,Two year,Yes,Mailed check,90.43,65.71,Yes
CUST-0011774,Male,0,No,Yes,18,Yes,Yes,DSL,No,No,Yes,Yes,No,Yes,Month-to-month,Yes,Electronic check,70.12,1264.65,No
CUST-0011775,Male,0,No,No,49,Yes,Yes,No,No internet service,No internet service,No internet service,No internet service,No internet service,No internet service,Month-to-month,No,Bank transfer (automatic),86.93,4267.5,No
CUST-0011776,Female,0,No,No,13,Yes,Yes,DSL,No,No,Yes,No,Yes,Yes,Month-to-month,No,Mailed check,90.76,1167.84,Yes
CUST-0011777,Female,0,Yes,No,3,Yes,No,DSL,No,No,Yes,Yes,Yes,No,Month-to-month,Yes,Bank transfer (automatic),94.76,275.81,No
CUST-0011778,Male,0,No,Yes,16,Yes,No,Fiber optic,No,Yes,No,No,No,No,Month-to-month,Yes,Electronic check,118.75,1893.71,No
CUST-0011779,Male,1,No,Yes,7,Yes,No,Fiber optic,Yes,No,No,No,No,No,Month-to-month,No,Bank transfer (automatic),104.79,681.05,No
CUST-0011780,Male,0,No,No,5,Yes,No,DSL,No,No,Yes,Yes,No,No,Month-to-month,Yes,Electronic check,77.52,380.22,No
CUST-0011781,Male,0,No,Yes,36,Yes,No,DSL,No,Yes,Yes,No,Yes,No,Month-to-month,No,Bank transfer (automatic),118.75,4258.23,No
CUST-0011782,Male,0,No,Yes,57,Yes,No,Fiber optic,No,Yes,Yes,Yes,No,No,Month-to-month,No,Electronic check,101.1,5752.83,No
CUST-0011783,Male,1,Yes,No,72,Yes,No,No,No internet service,No internet service,No internet service,No internet service,No internet service,No internet service,Month-to-month,Yes,Electronic check,118.75,8571.12,Yes
CUST-0011784,Female,1,No,Yes,32,Yes,No,No,No internet service,No internet service,No internet service,No internet service,No internet service,No internet service,Month-to-month,No,Mailed check,78.04,2495.44,Yes
CUST-0011785,Male,0,Yes,Yes,20,Yes,No,DSL,No,No,No,Yes,Yes,No,Month-to-month,Yes,Bank transfer (automatic),102.42,2035.73,Yes
CUST-0011786,Female,1,Yes,No,41,Yes,Yes,DSL,No,No,Yes,Yes,No,No,One year,Yes,Credit card (automatic),38.53,1591.88,No
CUST-0011787,Female,0,Yes,No,3,Yes,Yes,Fiber optic,Yes,No,Yes,No,No,Yes,Month-to-month,No,Electronic check,84.85,198.99,No
CUST-0011788,Female,0,Yes,No,10,Yes,No,Fiber optic,No,No,No,Yes,Yes,No,Month-to-month,Yes,Electronic check,54.89,537.76,Yes
CUST-0011789,Male,0,Yes,No,6,Yes,Yes,DSL,No,No,No,No,Yes,No,Month-to-month,No,Electronic check,85.58,458.77,No
CUST-0011790,Male,0,Yes,No,19,Yes,No,No,No internet service,No internet service,No internet service,No internet service,No internet service,No internet service,Month-to-month,No,Credit card (automatic),92.45,1775.51,No
CUST-0011791,Male,0,Yes,No,0,Yes,Yes,Fiber optic,No,No,No,No,Yes,No,One year,No,Mailed check,66.63,,No
CUST-0011792,Female,1,Yes,No,64,Yes,No,DSL,No,Yes,Yes,No,No,Yes,Month-to-month,Yes,Electronic check,104.06,6637.54,Yes
CUST-0011793,Female,0,Yes,Yes,37,Yes,Yes,DSL,Yes,Yes,No,No,Yes,Yes,Month-to-month,Yes,Mailed check,95.37,3519.94,Yes
CUST-0011794,Male,0,No,No,68,Yes,No,No,No internet service,No internet service,No internet service,No internet service,No internet service,No internet service,One year,No,Electronic check,66.91,4581.66,No
CUST-0011795,Female,0,Yes,No,27,Yes,Yes,No,No internet service,No internet service,No internet service,No internet service,No internet service,No internet service,One year,Yes,Electronic check,95.7,2549.66,No
CUST-0011796,Female,0,No,No,5,Yes,No,Fiber optic,Yes,No,Yes,No,Yes,Yes,Month-to-month,Yes,Bank transfer (automatic),95.15,493.63,Yes
CUST-0011797,Male,0,No,No,1,Yes,No,DSL,No,No,No,No,No,No,Month-to-month,Yes,Electronic check,107.4,154.64,No
CUST-0011798,Female,1,No,No,23,Yes,Yes,DSL,No,No,No,No,No,No,Two year,No,Bank transfer (automatic),113.0,2574.0,No
CUST-0011799,Female,0,Yes,Yes,72,Yes,No,Fiber optic,No,No,Yes,No,Yes,Yes,Month-to-month,Yes,Electronic check,67.0,4789.36,No
CUST-0011800,Male,0,No,No,33,No,No phone service,No,No internet service,No internet service,No internet service,No internet service,No internet service,No internet service,Month-to-month,Yes,Mailed check,97.21,3253.12,No
CUST-0011801,Female,0,Yes,No,4,Yes,Yes,Fiber optic,Yes,No,No,No,Yes,Yes,Month-to-month,No,Credit card (automatic),101.16,425.97,Yes
CUST-0011802,Female,1,No,Yes,8,Yes,Yes,Fiber optic,No,Yes,No,Yes,No,Yes,One year,Yes,Mailed check,69.84,595.48,No
CUST-0011803,Female,0,Yes,No,9,Yes,Yes,DSL,No,Yes,No,Yes,No,Yes,One year,Yes,Credit card (automatic),113.84,1034.19,Yes
CUST-0011804,Female,0,Yes,No,47,Yes,No,No,No internet service,No internet service,No internet service,No internet service,No internet service,No internet service,Month-to-month,Yes,Electronic check,94.9,4474.92,No
CUST-0011805,Male,0,Yes,Yes,12,Yes,No,Fiber optic,No,No,No,No,No,No,Month-to-month,Yes,Mailed check,78.12,,Yes
CUST-0011806,Female,0,No,No,3,Yes,Yes,Fiber optic,Yes,Yes,No,No,No,No,Two year,No,Electronic check,118.75,341.5,No
CUST-0011807,Female,0,Yes,No,25,Yes,Yes,DSL,No,No,Yes,No,Yes,Yes,Two year,No,Credit card (automatic),66.65,1669.84,Yes
CUST-0011808,Female,0,No,No,42,Yes,Yes,Fiber optic,No,No,No,No,No,Yes,One year,No,Electronic check,118.75,5003.91,No
CUST-0011809,Male,0,Yes,No,37,Yes,No,DSL,No,Yes,Yes,Yes,No,No,Month-to-month,No,Credit card (automatic),108.7,3994.7,No
CUST-0011810,Female,0,Yes,Yes,3,Yes,Yes,No,No internet service,No internet service,No internet service,No internet service,No internet service,No internet service,Month-to-month,Yes,Bank transfer (automatic),88.1,261.56,No
CUST-0011811,Male,1,Yes,Yes,4,No,No phone service,No,No internet service,No internet service,No internet service,No internet service,No internet service,No internet service,Two year,Yes,Mailed check,96.37,352.75,No
CUST-0011812,Male,0,Yes,Yes,0,Yes,No,Fiber optic,No,No,No,No,No,Yes,Month-to-month,Yes,Electronic check,118.75,,Yes
CUST-0011813,Female,0,No,No,5,Yes,No,DSL,Yes,No,No,No,Yes,No,Month-to-month,Yes,Electronic check,82.9,352.58,No
CUST-0011814,Female,0,Yes,No,1,Yes,No,Fiber optic,No,No,No,Yes,Yes,No,Month-to-month,No,Credit card (automatic),118.75,147.33,No
CUST-0011815,Female,0,Yes,No,27,Yes,Yes,DSL,No,Yes,No,Yes,No,No,Month-to-month,Yes,Bank transfer (automatic),101.28,2775.3,Yes
CUST-0011816,Male,1,No,No,9,Yes,No,Fiber optic,No,No,Yes,No,Yes,Yes,Month-to-month,Yes,Mailed check,54.32,468.02,No
CUST-0011817,Female,0,No,No,33,Yes,No,No,No internet service,No internet service,No internet service,No internet service,No internet service,No internet service,Month-to-month,Yes,Electronic check,91.33,3023.46,Yes
CUST-0011818,Female,0,Yes,Yes,1,Yes,No,Fiber optic,No,Yes,No,No,Yes,Yes,Month-to-month,No,Mailed check,118.75,130.12,No
CUST-0011819,Male,0,No,No,20,Yes,Yes,No,No internet service,No internet service,No internet service,No internet service,No internet service,No internet service,Month-to-month,Yes,Credit card (automatic),118.75,2299.14,No
CUST-0011820,Female,0,Yes,No,72,Yes,Yes,Fiber optic,Yes,No,No,No,No,Yes,Month-to-month,No,Electronic check,89.95,6462.16,Yes
CUST-0011821,Male,0,No,No,20,Yes,Yes,DSL,No,Yes,No,No,No,Yes,Month-to-month,Yes,Credit card (automatic),86.32,1798.15,Yes
CUST-0011822,Female,0,No,No,8,No,No phone service,DSL,Yes,No,Yes,No,No,No,Month-to-month,Yes,Electronic check,93.25,750.94,No
CUST-0011823,Male,0,No,No,16,Yes,Yes,Fiber optic,No,Yes,Yes,Yes,No,No,Two year,Yes,Electronic check,118.75,1891.07,No
CUST-0011824,Male,0,Yes,No,6,Yes,No,Fiber optic,No,No,Yes,No,No,Yes,Month-to-month,Yes,Bank transfer (automatic),86.92,528.96,Yes
CUST-0011825,Female,0,No,No,72,Yes,Yes,DSL,No,No,No,No,No,Yes,Month-to-month,No,Bank transfer (automatic),118.75,8601.4,Yes
CUST-0011826,Male,0,No,Yes,8,Yes,Yes,Fiber optic,No,No,Yes,No,No,No,Month-to-month,Yes,Electronic check,83.29,622.84,Yes
CUST-0011827,Male,0,Yes,Yes,13,Yes,No,Fiber optic,No,Yes,No,No,No,Yes,Month-to-month,Yes,Bank transfer (automatic),61.07,793.12,No
CUST-0011828,Female,0,Yes,No,12,Yes,No,Fiber optic,Yes,Yes,Yes,No,No,No,Month-to-month,Yes,Bank transfer (automatic),114.76,1353.45,Yes
CUST-0011829,Male,0,No,Yes,46,Yes,No,No,No internet service,No internet service,No internet service,No internet service,No internet service,No internet service,Month-to-month,Yes,Electronic check,72.06,,Yes
CUST-0011830,Female,0,No,No,9,Yes,Yes,Fiber optic,No,No,Yes,No,Yes,Yes,Two year,Yes,Bank transfer (automatic),100.4,885.18,Yes
CUST-0011831,Female,1,Yes,Yes,72,Yes,Yes,Fiber optic,No,No,Yes,No,No,Yes,Month-to-month,Yes,Credit card (automatic),118.75,8520.88,Yes
CUST-0011832,Female,0,Yes,No,47,Yes,Yes,Fiber optic,No,No,No,No,No,Yes,Month-to-month,Yes,Credit card (automatic),88.81,4196.13,No
CUST-0011833,Female,0,No,No,72,Yes,Yes,Fiber optic,Yes,Yes,No,No,No,No,Month-to-month,No,Bank transfer (automatic),71.88,5161.1,No
CUST-0011834,Male,0,Yes,Yes,19,Yes,Yes,No,No internet service,No internet service,No internet service,No internet service,No internet service,No internet service,Month-to-month,Yes,Electronic check,62.83,1186.91,No
CUST-0011835,Female,0,No,Yes,72,Yes,Yes,Fiber optic,No,No,Yes,Yes,No,Yes,Month-to-month,No,Bank transfer (automatic),98.97,7150.4,Yes
CUST-0011836,Male,0,No,No,72,Yes,No,Fiber optic,Yes,No,No,No,No,Yes,One year,Yes,Mailed check,66.4,4739.67,Yes
CUST-0011837,Female,0,No,Yes,0,Yes,Yes,Fiber optic,No,Yes,No,No,Yes,No,Month-to-month,No,Bank transfer (automatic),52.28,,No
CUST-0011838,Female,0,Yes,No,34,Yes,No,DSL,Yes,No,No,No,No,No,Month-to-month,No,Electronic check,79.85,2699.67,No
CUST-0011839,Female,1,Yes,No,33,Yes,Yes,DSL,Yes,No,No,No,No,No,Month-to-month,Yes,Bank transfer (automatic),78.0,2567.07,No
CUST-0011840,Female,0,Yes,Yes,20,No,No phone service,Fiber optic,No,No,No,No,Yes,No,Month-to-month,Yes,Electronic check,94.12,1861.74,No
CUST-0011841,Male,0,Yes,Yes,3,Yes,Yes,Fiber optic,Yes,No,Yes,No,No,No,Month-to-month,Yes,Mailed check,118.75,374.21,Yes
CUST-0011842,Male,0,No,No,1,No,No phone service,Fiber optic,No,No,No,Yes,No,Yes,One year,Yes,Mailed check,118.75,87.86,Yes
CUST-0011843,Male,0,Yes,No,24,Yes,Yes,DSL,No,Yes,No,No,No,No,Two year,No,Credit card (automatic),67.4,1635.2,No
CUST-0011844,Male,0,No,Yes,34,Yes,No,DSL,No,No,Yes,No,No,Yes,Month-to-month,Yes,Electronic check,78.56,2672.86,No
CUST-0011845,Female,0,Yes,Yes,14,Yes,No,Fiber optic,No,No,No,No,No,No,Month-to-month,Yes,Bank transfer (automatic),112.62,1546.18,No
CUST-0011846,Male,0,No,No,72,Yes,No,Fiber optic,No,No,Yes,No,Yes,No,Two year,No,Electronic check,101.09,7298.17,No
CUST-0011847,Female,0,No,No,60,Yes,No,DSL,No,No,No,No,No,Yes,Month-to-month,No,Credit card (automatic),97.06,5774.43,Yes
CUST-0011848,Male,0,Yes,No,6,Yes,Yes,DSL,No,Yes,No,No,No,Yes,Month-to-month,Yes,Bank transfer (automatic),65.79,450.01,Yes
CUST-0011849,Male,0,Yes,Yes,41,No,No phone service,No,No internet service,No internet service,No internet service,No internet service,No internet service,No internet service,Month-to-month,No,Electronic check,77.92,,Yes
CUST-0011850,Male,0,No,No,37,Yes,Yes,No,No internet service,No internet service,No internet service,No internet service,No internet service,No internet service,One year,No,Bank transfer (automatic),83.96,3089.85,No
CUST-0011851,Male,0,Yes,No,12,Yes,Yes,No,No internet service,No internet service,No internet service,No internet service,No internet service,No internet service,One year,Yes,Credit card (automatic),60.15,722.0,No
CUST-0011852,Female,0,No,No,21,Yes,No,No,No internet service,No internet service,No internet service,No internet service,No internet service,No internet service,Month-to-month,Yes,Bank transfer (automatic),43.68,907.72,No
CUST-0011853,Female,0,Yes,No,59,Yes,No,DSL,Yes,No,Yes,No,Yes,Yes,Two year,Yes,Electronic check,99.52,5915.52,No
CUST-0011854,Male,0,No,No,51,Yes,Yes,DSL,Yes,No,No,No,Yes,No,Month-to-month,Yes,Mailed check,98.34,4993.46,Yes
CUST-0011855,Male,0,No,Yes,45,Yes,Yes,Fiber optic,No,Yes,No,Yes,Yes,No,Month-to-month,Yes,Credit card (automatic),89.97,4027.48,No
CUST-0011856,Female,1,No,No,46,Yes,No,Fiber optic,No,Yes,No,No,No,Yes,One year,Yes,Electronic check,91.94,4229.05,No
CUST-0011857,Male,0,No,Yes,36,Yes,No,Fiber optic,No,No,No,No,No,No,Month-to-month,Yes,Mailed check,109.39,3905.97,No
CUST-0011858,Male,0,Yes,Yes,3,Yes,Yes,Fiber optic,No,Yes,Yes,No,No,Yes,One year,No,Mailed check,88.15,311.11,Yes
CUST-0011859,Female,0,Yes,Yes,24,Yes,No,Fiber optic,No,No,Yes,No,Yes,Yes,Month-to-month,No,Electronic check,68.61,1631.76,No
CUST-0011860,Male,0,No,Yes,25,Yes,Yes,No,No internet service,No internet service,No internet service,No internet service,No internet service,No internet service,Month-to-month,Yes,Mailed check,109.0,2769.94,No
CUST-0011861,Male,0,Yes,No,4,Yes,No,Fiber optic,No,Yes,Yes,No,No,Yes,Month-to-month,Yes,Mailed check,69.25,343.82,No
CUST-0011862,Female,1,No,Yes,5,Yes,Yes,Fiber optic,No,No,No,No,No,No,Month-to-month,Yes,Credit card (automatic),111.49,562.03,No
CUST-0011863,Female,0,Yes,No,3,Yes,Yes,DSL,No,Yes,No,Yes,No,No,Month-to-month,Yes,Electronic check,113.17,380.08,No
CUST-0011864,Female,1,Yes,No,9,Yes,Yes,No,No internet service,No internet service,No internet service,No internet service,No internet service,No internet service,Month-to-month,No,Electronic check,43.1,381.07,No
CUST-0011865,Female,0,Yes,Yes,6,Yes,Yes,Fiber optic,Yes,No,Yes,Yes,Yes,Yes,Month-to-month,Yes,Electronic check,69.97,421.83,No
CUST-0011866,Female,0,Yes,No,9,Yes,No,Fiber optic,No,Yes,Yes,Yes,No,No,Month-to-month,No,Electronic check,81.9,774.33,No
CUST-0011867,Male,0,No,Yes,28,No,No phone service,Fiber optic,No,No,Yes,No,No,No,Month-to-month,Yes,Electronic check,118.75,3339.47,Yes
CUST-0011868,Male,0,Yes,No,7,Yes,Yes,Fiber optic,No,No,Yes,No,No,Yes,One year,No,Electronic check,56.13,401.32,No
CUST-0011869,Female,0,No,Yes,9,Yes,No,Fiber optic,No,No,Yes,No,No,No,Month-to-month,No,Mailed check,63.68,577.62,No
CUST-0011870,Female,0,No,No,3,Yes,No,Fiber optic,No,No,No,Yes,Yes,No,One year,Yes,Electronic check,65.69,178.2,Yes
CUST-0011871,Female,0,No,No,7,Yes,No,No,No internet service,No internet service,No internet service,No internet service,No internet service,No internet service,Month-to-month,Yes,Credit card (automatic),118.75,825.86,No
CUST-0011872,Female,0,No,Yes,27,Yes,Yes,Fiber optic,No,No,No,Yes,No,Yes,Two year,Yes,Credit card (automatic),118.75,3202.57,No
CUST-0011873,Female,0,Yes,No,22,Yes,No,Fiber optic,No,No,No,No,No,No,Month-to-month,Yes,Electronic check,102.43,2248.59,No
CUST-0011874,Male,0,No,No,1,Yes,No,Fiber optic,No,No,No,No,No,Yes,One year,Yes,Bank transfer (automatic),105.26,126.1,No
CUST-0011875,Female,0,No,Yes,11,No,No phone service,DSL,Yes,No,No,No,Yes,No,Month-to-month,Yes,Electronic check,103.59,1148.42,Yes
CUST-0011876,Male,0,No,Yes,57,No,No phone service,Fiber optic,No,Yes,Yes,No,No,No,Two year,No,Mailed check,118.75,6785.31,No
CUST-0011877,Female,0,No,No,28,Yes,No,Fiber optic,No,Yes,No,No,No,No,Month-to-month,Yes,Bank transfer (automatic),118.75,3335.26,No
CUST-0011878,Female,1,No,Yes,0,Yes,No,Fiber optic,No,No,Yes,No,Yes,No,Month-to-month,Yes,Mailed check,97.58,,Yes
CUST-0011879,Male,0,No,Yes,40,Yes,Yes,DSL,Yes,Yes,No,No,Yes,No,Month-to-month,Yes,Electronic check,113.39,4549.62,No
CUST-0011880,Female,1,Yes,No,15,Yes,Yes,Fiber optic,No,No,Yes,No,No,No,Month-to-month,Yes,Credit card (automatic),108.4,1594.25,No
CUST-0011881,Male,0,No,Yes,20,Yes,Yes,DSL,No,No,Yes,No,No,Yes,One year,Yes,Mailed check,100.26,2008.31,No
CUST-0011882,Male,0,Yes,No,4,Yes,No,No,No internet service,No internet service,No internet service,No internet service,No internet service,No internet service,One year,Yes,Bank transfer (automatic),91.22,394.37,No
CUST-0011883,Male,0,No,No,72,Yes,No,Fiber optic,Yes,Yes,No,No,No,No,Two year,Yes,Mailed check,59.69,4270.1,Yes
CUST-0011884,Male,0,Yes,No,11,Yes,No,DSL,Yes,No,No,No,No,Yes,Month-to-month,No,Credit card (automatic),61.54,627.38,No
CUST-0011885,Male,0,Yes,No,62,Yes,No,DSL,Yes,Yes,No,No,Yes,No,Month-to-month,No,Bank transfer (automatic),73.67,4551.13,No
CUST-0011886,Female,0,No,No,1,Yes,Yes,Fiber optic,No,No,No,No,Yes,No,Month-to-month,No,Bank transfer (automatic),88.81,86.7,No
CUST-0011887,Male,0,No,Yes,22,Yes,Yes,DSL,Yes,No,Yes,No,Yes,No,Month-to-month,No,Electronic check,101.03,2218.14,No
CUST-0011888,Male,0,Yes,No,50,Yes,No,DSL,Yes,Yes,No,No,No,No,Month-to-month,No,Mailed check,84.3,4267.0,No
CUST-0011889,Male,1,No,No,72,Yes,Yes,DSL,No,No,Yes,No,Yes,No,Month-to-month,Yes,Bank transfer (automatic),71.66,5127.16,No
CUST-0011890,Male,1,No,Yes,57,Yes,Yes,No,No internet service,No internet service,No internet service,No internet service,No internet service,No internet service,Month-to-month,No,Electronic check,75.23,4320.0,No
CUST-0011891,Female,0,Yes,No,27,Yes,No,Fiber optic,No,No,No,No,No,Yes,Month-to-month,Yes,Credit card (automatic),95.97,2586.19,Yes
CUST-0011892,Female,0,Yes,No,48,Yes,Yes,Fiber optic,No,No,No,No,Yes,No,Two year,No,Electronic check,111.67,5367.59,No
CUST-0011893,Male,0,Yes,No,27,Yes,No,No,No internet service,No internet service,No internet service,No internet service,No internet service,No internet service,Month-to-month,Yes,Mailed check,79.1,2152.31,No
CUST-0011894,Male,1,No,Yes,36,Yes,Yes,Fiber optic,No,Yes,No,No,Yes,No,One year,Yes,Electronic check,86.87,3088.56,Yes
CUST-0011895,Male,0,Yes,No,25,Yes,No,No,No internet service,No internet service,No internet service,No internet service,No internet service,No internet service,Month-to-month,No,Electronic check,102.15,2554.6,Yes
CUST-0011896,Male,0,Yes,Yes,8,Yes,Yes,No,No internet service,No internet service,No internet service,No internet service,No internet service,No internet service,Month-to-month,No,Mailed check,118.75,932.25,No
CUST-0011897,Male,0,No,No,23,Yes,No,Fiber optic,No,Yes,No,No,No,Yes,Month-to-month,No,Bank transfer (automatic),76.07,1747.35,Yes
CUST-0011898,Female,1,No,No,0,Yes,Yes,No,No internet service,No internet service,No internet service,No internet service,No internet service,No internet service,Month-to-month,No,Credit card (automatic),72.57,,No
CUST-0011899,Male,0,No,No,41,Yes,No,Fiber optic,Yes,Yes,No,No,No,No,One year,Yes,Electronic check,42.1,1713.28,No
CUST-0011900,Female,1,No,No,14,Yes,No,No,No internet service,No internet service,No internet service,No internet service,No internet service,No internet service,Month-to-month,Yes,Bank transfer (automatic),89.51,1250.35,No
CUST-0011901,Female,0,Yes,Yes,36,Yes,No,No,No internet service,No internet service,No internet service,No internet service,No internet service,No internet service,Month-to-month,Yes,Credit card (automatic),61.44,2191.7,Yes
CUST-0011902,Male,0,No,Yes,9,Yes,No,Fiber optic,No,Yes,No,No,No,No,Month-to-month,No,Electronic check,84.39,782.09,Yes
CUST-0011903,Male,0,No,No,10,Yes,No,Fiber optic,No,No,No,Yes,No,No,Month-to-month,No,Electronic check,73.83,751.28,No
CUST-0011904,Female,0,No,Yes,16,Yes,Yes,Fiber optic,No,Yes,Yes,No,No,No,Month-to-month,No,Credit card (automatic),118.75,1916.55,Yes
CUST-0011905,Male,0,No,No,33,Yes,No,Fiber optic,No,No,No,No,Yes,No,Month-to-month,Yes,Credit card (automatic),104.96,,No
CUST-0011906,Male,0,Yes,Yes,31,Yes,Yes,DSL,No,No,No,No,No,No,Two year,Yes,Mailed check,80.61,2488.31,No
CUST-0011907,Female,0,No,No,50,Yes,No,Fiber optic,Yes,No,Yes,No,No,No,Two year,No,Mailed check,76.79,,No
CUST-0011908,Male,0,Yes,No,51,Yes,Yes,DSL,Yes,No,No,No,Yes,No,Month-to-month,Yes,Electronic check,94.3,4799.34,No
CUST-0011909,Female,0,Yes,Yes,8,Yes,Yes,DSL,No,No,No,No,Yes,No,One year,Yes,Electronic check,96.42,778.86,No
CUST-0011910,Male,0,Yes,No,39,Yes,Yes,No,No internet service,No internet service,No internet service,No internet service,No internet service,No internet service,One year,Yes,Bank transfer (automatic),83.68,3263.53,No
CUST-0011911,Male,1,No,No,30,Yes,Yes,Fiber optic,No,No,Yes,Yes,Yes,No,Two year,No,Mailed check,118.75,3529.52,No
CUST-0011912,Male,0,Yes,No,72,Yes,Yes,Fiber optic,No,No,No,No,No,Yes,Month-to-month,Yes,Electronic check,64.5,4661.81,No
CUST-0011913,Male,0,No,No,28,Yes,Yes,Fiber optic,Yes,No,No,No,Yes,Yes,Month-to-month,Yes,Credit card (automatic),118.75,3356.11,No
CUST-0011914,Male,0,No,No,12,Yes,No,Fiber optic,No,No,No,No,No,No,Month-to-month,Yes,Credit card (automatic),99.68,1225.33,No
CUST-0011915,Female,0,No,Yes,6,Yes,No,DSL,Yes,No,No,No,Yes,No,Two year,Yes,Mailed check,96.37,601.17,No
CUST-0011916,Female,1,No,Yes,15,Yes,Yes,No,No internet service,No internet service,No internet service,No internet service,No internet service,No internet service,Two year,Yes,Bank transfer (automatic),44.96,629.15,No
CUST-0011917,Male,0,No,No,7,Yes,Yes,DSL,No,No,No,No,No,Yes,Month-to-month,No,Bank transfer (automatic),71.37,485.53,No
CUST-0011918,Male,0,No,No,29,Yes,Yes,Fiber optic,No,No,Yes,No,No,Yes,Month-to-month,No,Electronic check,76.17,2201.82,No
CUST-0011919,Female,0,Yes,No,56,Yes,Yes,Fiber optic,No,Yes,Yes,No,No,Yes,Month-to-month,Yes,Credit card (automatic),69.04,3885.81,Yes
CUST-0011920,Female,0,No,Yes,10,Yes,No,Fiber optic,No,No,No,No,Yes,Yes,Month-to-month,Yes,Bank transfer (automatic),95.65,930.11,No
CUST-0011921,Male,1,Yes,No,9,Yes,No,Fiber optic,Yes,No,Yes,No,Yes,Yes,Two year,Yes,Bank transfer (automatic),70.04,574.67,No
CUST-0011922,Female,0,Yes,No,21,Yes,No,DSL,No,No,Yes,Yes,Yes,Yes,Month-to-month,No,Mailed check,116.35,2473.12,No
CUST-0011923,Female,0,Yes,Yes,22,Yes,Yes,DSL,No,No,Yes,No,No,No,Month-to-month,No,Bank transfer (automatic),78.44,1715.98,Yes
CUST-0011924,Male,1,No,No,0,Yes,Yes,Fiber optic,Yes,No,Yes,No,Yes,No,Month-to-month,Yes,Bank transfer (automatic),80.92,,No
CUST-0011925,Female,0,Yes,No,28,Yes,No,Fiber optic,Yes,No,No,No,No,Yes,Month-to-month,No,Electronic check,58.62,1619.23,No
CUST-0011926,Male,0,No,No,44,Yes,No,DSL,No,No,Yes,Yes,No,Yes,Two year,Yes,Bank transfer (automatic),95.23,4181.59,No
CUST-0011927,Male,0,No,Yes,37,Yes,No,Fiber optic,No,Yes,Yes,Yes,No,Yes,Month-to-month,No,Credit card (automatic),105.63,3935.07,Yes
CUST-0011928,Female,0,Yes,No,23,Yes,No,DSL,No,Yes,Yes,No,Yes,No,Month-to-month,Yes,Electronic check,86.88,2032.59,No
CUST-0011929,Female,0,No,No,31,Yes,Yes,Fiber optic,No,No,No,No,No,No,One year,No,Mailed check,90.35,2827.1,No
CUST-0011930,Male,0,No,No,11,Yes,No,Fiber optic,Yes,No,No,Yes,No,No,Month-to-month,Yes,Electronic check,98.24,1052.29,Yes
CUST-0011931,Male,0,Yes,No,2,Yes,No,Fiber optic,No,Yes,No,No,No,No,Month-to-month,Yes,Electronic check,88.68,215.32,No
CUST-0011932,Male,0,Yes,No,55,Yes,No,DSL,No,No,No,Yes,Yes,Yes,Two year,No,Mailed check,110.13,6050.72,No
CUST-0011933,Male,0,Yes,No,9,Yes,No,Fiber optic,No,Yes,No,No,Yes,No,Month-to-month,Yes,Electronic check,94.83,837.57,Yes
CUST-0011934,Female,0,No,No,9,Yes,Yes,Fiber optic,Yes,No,No,Yes,No,Yes,Month-to-month,Yes,Electronic check,93.78,858.66,No
CUST-0011935,Male,0,Yes,Yes,13,Yes,No,Fiber optic,No,Yes,No,No,No,Yes,One year,No,Bank transfer (automatic),88.2,1111.15,Yes
CUST-0011936,Female,0,Yes,Yes,17,Yes,Yes,Fiber optic,No,No,Yes,No,No,Yes,Month-to-month,Yes,Bank transfer (automatic),81.29,1401.44,No
CUST-0011937,Male,0,Yes,No,47,Yes,No,DSL,No,Yes,No,Yes,Yes,Yes,Month-to-month,Yes,Credit card (automatic),52.66,2486.59,Yes
CUST-0011938,Female,0,No,No,1,Yes,No,No,No internet service,No internet service,No internet service,No internet service,No internet service,No internet service,Month-to-month,No,Electronic check,82.75,109.64,No
CUST-0011939,Male,0,Yes,No,5,Yes,Yes,DSL,Yes,No,Yes,No,Yes,Yes,Month-to-month,Yes,Electronic check,96.41,477.22,No
CUST-0011940,Male,0,No,No,25,Yes,Yes,No,No internet service,No internet service,No internet service,No internet service,No internet service,No internet service,One year,Yes,Credit card (automatic),118.75,3004.09,No
CUST-0011941,Female,1,Yes,No,0,Yes,No,Fiber optic,No,No,Yes,No,Yes,Yes,One year,Yes,Bank transfer (automatic),95.62,,Yes
CUST-0011942,Male,0,Yes,Yes,0,Yes,Yes,Fiber optic,No,Yes,Yes,No,Yes,No,Month-to-month,Yes,Mailed check,118.75,,No
CUST-0011943,Male,0,Yes,No,14,Yes,No,DSL,No,No,No,No,No,No,Two year,Yes,Mailed check,93.21,1324.46,No
CUST-0011944,Male,0,Yes,No,63,Yes,No,Fiber optic,No,No,Yes,No,Yes,No,One year,Yes,Bank transfer (automatic),87.45,5490.04,No
CUST-0011945,Female,0,Yes,No,10,Yes,Yes,Fiber optic,No,No,No,Yes,No,Yes,Month-to-month,Yes,Credit card (automatic),56.49,615.6,No
CUST-0011946,Male,0,Yes,Yes,7,Yes,Yes,Fiber optic,Yes,No,No,No,No,No,One year,No,Electronic check,64.57,419.9,No
CUST-0011947,Male,0,Yes,Yes,20,Yes,No,Fiber optic,No,No,Yes,No,No,No,Month-to-month,Yes,Electronic check,82.36,1655.6,No
CUST-0011948,Female,0,No,No,5,Yes,No,Fiber optic,Yes,No,No,No,No,Yes,Month-to-month,Yes,Electronic check,77.05,367.47,No
CUST-0011949,Male,1,No,Yes,23,Yes,No,No,No internet service,No internet service,No internet service,No internet service,No internet service,No internet service,Month-to-month,Yes,Credit card (automatic),118.75,2757.46,Yes
CUST-0011950,Male,1,No,No,1,Yes,No,Fiber optic,Yes,No,No,No,No,No,Month-to-month,Yes,Electronic check,70.62,,No
CUST-0011951,Female,0,Yes,Yes,7,Yes,Yes,Fiber optic,Yes,No,No,Yes,No,Yes,Month-to-month,Yes,Bank transfer (automatic),72.8,508.82,No
CUST-0011952,Male,0,No,No,20,Yes,No,DSL,No,No,No,No,Yes,Yes,Month-to-month,Yes,Bank transfer (automatic),118.75,2382.92,Yes
CUST-0011953,Female,0,Yes,No,9,Yes,No,DSL,No,No,No,No,Yes,Yes,Month-to-month,Yes,Electronic check,90.53,821.61,No
CUST-0011954,Male,1,Yes,No,5,Yes,Yes,No,No internet service,No internet service,No internet service,No internet service,No internet service,No internet service,One year,Yes,Mailed check,113.27,,No
CUST-0011955,Male,0,No,Yes,51,Yes,No,DSL,No,No,No,No,No,Yes,Month-to-month,Yes,Bank transfer (automatic),79.97,4071.0,Yes
CUST-0011956,Female,0,Yes,No,0,Yes,No,Fiber optic,Yes,Yes,No,No,No,Yes,Month-to-month,No,Credit card (automatic),107.29,,No
CUST-0011957,Male,0,No,Yes,2,Yes,No,Fiber optic,No,No,Yes,No,No,Yes,Month-to-month,Yes,Bank transfer (automatic),103.87,242.05,No
CUST-0011958,Female,0,Yes,No,1,Yes,No,DSL,No,No,No,Yes,No,No,One year,Yes,Mailed check,73.98,,Yes
CUST-0011959,Female,0,No,Yes,14,Yes,No,Fiber optic,No,Yes,No,Yes,Yes,No,Month-to-month,Yes,Electronic check,45.81,648.42,No
CUST-0011960,Male,0,Yes,Yes,3,Yes,No,Fiber optic,Yes,No,No,No,No,Yes,Two year,Yes,Mailed check,56.35,151.37,No
CUST-0011961,Female,1,No,No,23,Yes,No,Fiber optic,No,Yes,No,Yes,No,No,Month-to-month,No,Bank transfer (automatic),84.51,1905.03,No
CUST-0011962,Female,0,No,No,71,Yes,No,DSL,No,No,No,Yes,No,No,Month-to-month,Yes,Mailed check,89.72,6391.99,Yes
CUST-0011963,Female,0,No,Yes,12,Yes,Yes,DSL,Yes,Yes,No,No,Yes,Yes,Month-to-month,Yes,Mailed check,108.7,,Yes
CUST-0011964,Female,0,No,Yes,7,Yes,No,Fiber optic,No,No,No,Yes,No,No,Month-to-month,Yes,Electronic check,103.91,719.17,Yes
CUST-0011965,Female,0,Yes,Yes,35,No,No phone service,Fiber optic,No,Yes,No,No,No,No,Month-to-month,Yes,Electronic check,98.22,3448.6,No
CUST-0011966,Male,0,No,No,1,Yes,Yes,Fiber optic,Yes,No,Yes,Yes,Yes,Yes,Month-to-month,Yes,Bank transfer (automatic),85.42,53.3,No
CUST-0011967,Male,1,Yes,Yes,21,Yes,No,Fiber optic,No,Yes,Yes,No,No,No,Month-to-month,No,Electronic check,78.35,1671.81,No
CUST-0011968,Male,0,Yes,No,60,Yes,Yes,Fiber optic,No,No,No,No,No,Yes,Two year,Yes,Bank transfer (automatic),76.66,4569.86,No
CUST-0011969,Male,0,Yes,No,33,No,No phone service,Fiber optic,No,No,No,No,No,Yes,Two year,No,Electronic check,118.75,3932.89,Yes
CUST-0011970,Female,0,Yes,No,8,Yes,Yes,Fiber optic,No,Yes,Yes,Yes,No,Yes,Month-to-month,Yes,Electronic check,88.78,706.83,No
CUST-0011971,Female,0,Yes,No,17,Yes,No,No,No internet service,No internet service,No internet service,No internet service,No internet service,No internet service,One year,Yes,Bank transfer (automatic),98.41,1681.29,No
CUST-0011972,Male,0,No,No,12,Yes,No,Fiber optic,No,Yes,No,No,No,Yes,Month-to-month,Yes,Electronic check,69.56,848.13,No
CUST-0011973,Female,1,No,Yes,47,Yes,No,Fiber optic,Yes,No,No,No,No,No,Month-to-month,No,Electronic check,70.9,3322.51,No
CUST-0011974,Female,0,No,No,2,Yes,No,Fiber optic,No,No,Yes,No,No,Yes,Month-to-month,No,Electronic check,85.84,228.37,No
CUST-0011975,Male,0,Yes,No,33,Yes,Yes,Fiber optic,No,Yes,No,No,No,Yes,Month-to-month,No,Electronic check,118.75,3919.24,No
CUST-0011976,Male,0,Yes,No,43,Yes,No,Fiber optic,No,No,No,No,Yes,Yes,Month-to-month,No,Mailed check,86.13,3678.41,No
CUST-0011977,Male,0,No,No,23,Yes,No,No,No internet service,No internet service,No internet service,No internet service,No internet service,No internet service,Month-to-month,No,Credit card (automatic),63.14,1484.93,Yes
CUST-0011978,Female,0,Yes,No,23,Yes,No,No,No internet service,No internet service,No internet service,No internet service,No internet service,No internet service,One year,Yes,Electronic check,87.24,2006.97,No
CUST-0011979,Female,0,No,No,63,Yes,Yes,No,No internet service,No internet service,No internet service,No internet service,No internet service,No internet service,Month-to-month,Yes,Electronic check,63.51,4019.68,No
CUST-0011980,Male,0,Yes,No,10,Yes,Yes,No,No internet service,No internet service,No internet service,No internet service,No internet service,No internet service,Month-to-month,Yes,Bank transfer (automatic),115.89,1120.97,No
CUST-0011981,Female,0,Yes,No,24,Yes,No,No,No internet service,No internet service,No internet service,No internet service,No internet service,No internet service,Month-to-month,Yes,Electronic check,108.18,2591.23,No
CUST-0011982,Male,0,No,No,2,Yes,No,DSL,No,No,Yes,No,No,Yes,One year,Yes,Bank transfer (automatic),118.75,186.32,Yes
CUST-0011983,Male,0,Yes,Yes,3,Yes,No,Fiber optic,Yes,No,No,No,Yes,No,Month-to-month,Yes,Credit card (automatic),97.17,296.87,Yes
CUST-0011984,Male,0,Yes,No,56,Yes,No,Fiber optic,No,No,Yes,No,No,Yes,Two year,No,Mailed check,76.72,4286.43,No
CUST-0011985,Female,0,Yes,Yes,6,Yes,No,Fiber optic,Yes,Yes,No,No,No,No,Month-to-month,Yes,Electronic check,90.28,,No
CUST-0011986,Male,0,No,No,3,Yes,No,DSL,No,Yes,No,No,No,Yes,Month-to-month,No,Mailed check,93.83,272.41,Yes
CUST-0011987,Female,0,No,Yes,2,Yes,Yes,DSL,No,No,Yes,No,Yes,Yes,Month-to-month,No,Bank transfer (automatic),97.08,176.68,No
CUST-0011988,Male,1,No,No,1,Yes,No,No,No internet service,No internet service,No internet service,No internet service,No internet service,No internet service,Month-to-month,Yes,Mailed check,111.7,116.99,No
CUST-0011989,Male,0,No,Yes,39,Yes,Yes,No,No internet service,No internet service,No internet service,No internet service,No internet service,No internet service,One year,Yes,Electronic check,97.34,3833.16,No
CUST-0011990,Female,0,Yes,No,44,Yes,No,Fiber optic,No,Yes,No,No,No,Yes,One year,No,Electronic check,108.93,4750.77,No
CUST-0011991,Female,1,No,No,4,Yes,No,No,No internet service,No internet service,No internet service,No internet service,No internet service,No internet service,Month-to-month,No,Electronic check,54.94,168.52,No
CUST-0011992,Male,0,No,No,23,Yes,No,DSL,No,No,Yes,No,No,No,Month-to-month,Yes,Bank transfer (automatic),90.93,2081.22,No
CUST-0011993,Female,0,No,No,67,Yes,Yes,DSL,No,No,Yes,No,Yes,No,One year,No,Mailed check,110.14,7389.78,No
CUST-0011994,Male,0,Yes,No,34,Yes,No,Fiber optic,No,No,No,No,No,Yes,Month-to-month,Yes,Bank transfer (automatic),83.4,2838.71,No
CUST-0011995,Female,0,Yes,No,71,Yes,Yes,No,No internet service,No internet service,No internet service,No internet service,No internet service,No internet service,Month-to-month,Yes,Electronic check,118.75,8436.16,No
CUST-0011996,Male,0,No,No,72,Yes,No,No,No internet service,No internet service,No internet service,No internet service,No internet service,No internet service,Month-to-month,Yes,Electronic check,97.15,7000.14,Yes
CUST-0011997,Female,0,Yes,No,12,Yes,No,DSL,Yes,No,No,No,Yes,No,Two year,Yes,Credit card (automatic),76.49,944.72,Yes
CUST-0011998,Male,0,No,Yes,11,Yes,No,Fiber optic,No,Yes,Yes,No,No,Yes,One year,Yes,Credit card (automatic),118.75,1360.95,No
CUST-0011999,Male,0,Yes,No,45,Yes,No,No,No internet service,No internet service,No internet service,No internet service,No internet service,No internet service,Month-to-month,Yes,Bank transfer (automatic),73.82,3325.55,No
CUST-0012000,Male,0,Yes,Yes,25,Yes,No,Fiber optic,No,Yes,No,No,No,Yes,Month-to-month,Yes,Bank transfer (automatic),77.71,1922.69,No
CUST-0012001,Female,1,No,No,12,Yes,Yes,DSL,No,No,No,No,No,No,Month-to-month,Yes,Electronic check,98.02,1139.44,No
CUST-0012002,Female,1,No,No,5,Yes,Yes,No,No internet service,No internet service,No internet service,No internet service,No internet service,No internet service,Month-to-month,Yes,Electronic check,118.75,596.1,No
CUST-0012003,Female,0,No,No,7,Yes,No,DSL,Yes,No,No,Yes,No,Yes,Month-to-month,Yes,Credit card (automatic),98.6,692.61,No
CUST-0012004,Male,1,No,No,0,Yes,Yes,Fiber optic,No,Yes,No,No,No,No,Month-to-month,No,Credit card (automatic),104.03,,No
CUST-0012005,Female,0,Yes,No,27,Yes,No,DSL,Yes,No,No,Yes,Yes,No,One year,Yes,Electronic check,94.6,2523.59,Yes
CUST-0012006,Male,1,No,No,10,No,No phone service,No,No internet service,No internet service,No internet service,No internet service,No internet service,No internet service,Month-to-month,Yes,Credit card (automatic),99.12,1002.4,No
CUST-0012007,Female,0,No,Yes,2,No,No phone service,Fiber optic,Yes,No,Yes,No,No,No,Month-to-month,Yes,Credit card (automatic),93.54,188.65,Yes
CUST-0012008,Female,0,Yes,No,29,Yes,No,DSL,No,No,No,No,No,No,Two year,Yes,Mailed check,98.91,2867.35,No
CUST-0012009,Male,0,No,No,49,Yes,Yes,No,No internet service,No internet service,No internet service,No internet service,No internet service,No internet service,Month-to-month,No,Credit card (automatic),118.75,5818.41,No
CUST-0012010,Male,0,Yes,No,47,Yes,No,Fiber optic,No,No,No,Yes,Yes,Yes,Month-to-month,No,Electronic check,81.22,3786.77,No
CUST-0012011,Male,0,No,Yes,26,Yes,No,DSL,No,Yes,No,No,No,No,Month-to-month,No,Credit card (automatic),66.32,1700.01,Yes
CUST-0012012,Female,0,No,Yes,14,No,No phone service,Fiber optic,No,No,Yes,No,No,No,Month-to-month,No,Electronic check,92.69,1298.83,No
CUST-0012013,Female,0,No,No,72,Yes,Yes,No,No internet service,No internet service,No internet service,No internet service,No internet service,No internet service,Two year,Yes,Mailed check,118.75,8560.29,No
CUST-0012014,Female,1,Yes,No,17,No,No phone service,No,No internet service,No internet service,No internet service,No internet service,No internet service,No internet service,Two year,Yes,Bank transfer (automatic),99.96,1692.18,No
CUST-0012015,Female,0,No,Yes,19,Yes,No,No,No internet service,No internet service,No internet service,No internet service,No internet service,No internet service,Month-to-month,No,Electronic check,57.54,1054.13,No
CUST-0012016,Female,0,No,No,37,Yes,No,No,No internet service,No internet service,No internet service,No internet service,No internet service,No internet service,One year,Yes,Mailed check,97.0,3623.63,No
CUST-0012017,Female,0,No,Yes,51,Yes,Yes,Fiber optic,No,No,No,No,No,No,Month-to-month,Yes,Electronic check,93.1,4752.68,Yes
CUST-0012018,Female,0,No,No,18,Yes,No,Fiber optic,No,Yes,Yes,No,No,No,One year,Yes,Electronic check,78.87,1441.45,No
CUST-0012019,Male,0,Yes,No,5,Yes,No,Fiber optic,No,No,No,Yes,No,Yes,One year,Yes,Credit card (automatic),83.85,490.45,No
CUST-0012020,Female,0,Yes,No,72,Yes,No,No,No internet service,No internet service,No internet service,No internet service,No internet service,No internet service,Month-to-month,Yes,Credit card (automatic),88.19,6367.13,Yes
CUST-0012021,Female,0,Yes,No,0,Yes,No,Fiber optic,No,Yes,Yes,No,No,Yes,Month-to-month,No,Mailed check,106.24,,Yes
CUST-0012022,Male,0,Yes,No,60,Yes,Yes,Fiber optic,No,No,No,No,No,No,One year,Yes,Electronic check,118.75,7154.7,No
CUST-0012023,Male,0,Yes,No,5,Yes,Yes,Fiber optic,No,No,No,No,Yes,No,Month-to-month,No,Electronic check,66.3,359.12,No
CUST-0012024,Female,0,No,No,17,Yes,No,Fiber optic,Yes,No,Yes,No,No,No,One year,No,Electronic check,90.41,1509.52,No
CUST-0012025,Female,0,Yes,No,9,Yes,No,Fiber optic,Yes,No,Yes,No,No,Yes,Month-to-month,Yes,Credit card (automatic),61.47,562.6,No
CUST-0012026,Female,0,No,No,32,Yes,No,Fiber optic,No,Yes,Yes,Yes,No,No,Month-to-month,Yes,Bank transfer (automatic),118.75,3776.11,No
CUST-0012027,Male,0,No,No,23,Yes,Yes,No,No internet service,No internet service,No internet service,No internet service,No internet service,No internet service,Two year,Yes,Electronic check,84.95,1988.44,No
CUST-0012028,Female,0,No,No,4,Yes,Yes,DSL,Yes,No,No,No,No,Yes,Month-to-month,Yes,Electronic check,77.8,288.61,No
CUST-0012029,Female,0,No,No,12,Yes,Yes,DSL,Yes,No,No,No,Yes,No,Month-to-month,Yes,Electronic check,118.75,1399.0,No
CUST-0012030,Female,0,No,No,8,Yes,No,Fiber optic,No,No,Yes,No,No,Yes,Month-to-month,Yes,Electronic check,118.75,920.45,Yes
CUST-0012031,Female,0,No,No,31,No,No phone service,Fiber optic,Yes,Yes,No,No,Yes,Yes,One year,Yes,Mailed check,116.33,3624.6,No
CUST-0012032,Male,0,Yes,No,1,Yes,Yes,DSL,Yes,No,No,Yes,Yes,Yes,Month-to-month,Yes,Electronic check,70.86,63.65,Yes
CUST-0012033,Female,0,Yes,Yes,72,Yes,No,Fiber optic,No,No,No,No,Yes,No,Two year,Yes,Credit card (automatic),82.51,5940.29,No
CUST-0012034,Male,0,Yes,No,13,Yes,No,Fiber optic,No,Yes,No,No,Yes,No,Month-to-month,Yes,Electronic check,118.14,1513.74,Yes
CUST-0012035,Female,0,No,No,1,Yes,No,Fiber optic,No,No,Yes,No,No,No,Month-to-month,Yes,Electronic check,106.51,116.75,No
CUST-0012036,Female,0,Yes,No,3,Yes,No,No,No internet service,No internet service,No internet service,No internet service,No internet service,No internet service,One year,No,Electronic check,112.27,366.37,No
CUST-0012037,Female,1,No,No,44,Yes,Yes,Fiber optic,No,No,No,No,No,No,Month-to-month,Yes,Electronic check,93.6,4119.73,Yes
CUST-0012038,Male,0,Yes,Yes,2,Yes,No,Fiber optic,Yes,Yes,Yes,No,No,Yes,Two year,Yes,Credit card (automatic),71.49,143.25,No
CUST-0012039,Female,0,Yes,No,12,Yes,No,DSL,No,No,No,No,Yes,No,Month-to-month,No,Electronic check,105.96,1293.84,No
CUST-0012040,Female,0,No,No,11,Yes,Yes,Fiber optic,No,No,No,No,Yes,No,Month-to-month,Yes,Electronic check,79.76,877.46,Yes
CUST-0012041,Female,0,Yes,Yes,72,Yes,No,DSL,Yes,Yes,Yes,No,No,No,Two year,Yes,Mailed check,77.67,5601.71,No
CUST-0012042,Female,0,No,No,6,Yes,Yes,Fiber optic,No,No,No,Yes,No,Yes,Month-to-month,Yes,Mailed check,110.82,672.18,No
CUST-0012043,Male,0,Yes,No,5,Yes,No,DSL,No,No,No,No,No,Yes,Month-to-month,No,Credit card (automatic),101.33,478.43,No
CUST-0012044,Male,0,No,No,45,Yes,No,DSL,No,No,No,Yes,No,Yes,Two year,Yes,Electronic check,89.97,4048.49,Yes
CUST-0012045,Male,1,Yes,Yes,19,Yes,Yes,Fiber optic,Yes,Yes,No,No,No,No,One year,Yes,Credit card (automatic),111.9,2120.01,No
CUST-0012046,Female,1,No,No,48,Yes,No,DSL,No,Yes,Yes,No,Yes,No,Month-to-month,No,Bank transfer (automatic),79.42,3811.23,No
CUST-0012047,Male,0,No,No,58,Yes,No,No,No internet service,No internet service,No internet service,No internet service,No internet service,No internet service,Month-to-month,Yes,Credit card (automatic),117.04,6789.94,No
CUST-0012048,Male,0,No,No,48,Yes,Yes,No,No internet service,No internet service,No internet service,No internet service,No internet service,No internet service,Two year,Yes,Mailed check,118.75,5631.76,No
CUST-0012049,Male,0,Yes,Yes,6,Yes,Yes,Fiber optic,No,No,No,Yes,No,Yes,Month-to-month,No,Bank transfer (automatic),100.65,637.18,No
CUST-0012050,Male,1,Yes,No,37,No,No phone service,DSL,No,Yes,No,Yes,Yes,Yes,One year,Yes,Credit card (automatic),80.4,2987.02,No
CUST-0012051,Female,0,No,No,4,Yes,No,DSL,Yes,No,Yes,No,No,No,One year,Yes,Bank transfer (automatic),48.42,181.71,Yes
CUST-0012052,Female,0,Yes,No,38,Yes,Yes,DSL,Yes,Yes,No,No,No,No,Two year,Yes,Electronic check,78.56,2982.66,No
CUST-0012053,Female,0,Yes,Yes,12,Yes,No,No,No internet service,No internet service,No internet service,No internet service,No internet service,No internet service,One year,No,Electronic check,80.72,952.87,No
CUST-0012054,Male,0,Yes,No,9,Yes,Yes,DSL,No,No,Yes,No,No,Yes,Month-to-month,Yes,Electronic check,89.05,763.6,No
CUST-0012055,Female,0,No,No,7,No,No phone service,DSL,No,No,Yes,Yes,No,No,Two year,No,Electronic check,64.78,470.88,No
CUST-0012056,Female,0,No,No,41,Yes,No,No,No internet service,No internet service,No internet service,No internet service,No internet service,No internet service,Two year,Yes,Credit card (automatic),103.23,4246.06,Yes
CUST-0012057,Male,0,No,No,23,Yes,Yes,DSL,No,Yes,No,Yes,No,No,Month-to-month,No,Bank transfer (automatic),118.75,2723.34,No
CUST-0012058,Male,0,No,No,13,Yes,No,Fiber optic,No,No,No,No,No,No,Month-to-month,Yes,Bank transfer (automatic),110.85,1443.27,No
CUST-0012059,Male,0,No,No,11,Yes,Yes,DSL,Yes,No,No,No,No,No,Month-to-month,Yes,Electronic check,108.44,1190.25,No
CUST-0012060,Female,0,No,Yes,69,Yes,No,No,No internet service,No internet service,No internet service,No internet service,No internet service,No internet service,Month-to-month,Yes,Mailed check,102.51,7114.95,No
CUST-0012061,Male,0,Yes,Yes,72,Yes,No,Fiber optic,No,No,No,No,Yes,No,One year,Yes,Credit card (automatic),109.68,7923.56,No
CUST-0012062,Female,0,Yes,No,18,No,No phone service,DSL,No,Yes,No,No,No,No,Month-to-month,No,Credit card (automatic),78.01,1399.56,No
CUST-0012063,Male,0,No,No,72,Yes,Yes,No,No internet service,No internet service,No internet service,No internet service,No internet service,No internet service,One year,No,Mailed check,94.54,6839.78,Yes
CUST-0012064,Male,1,No,Yes,59,Yes,No,Fiber optic,Yes,No,No,No,No,No,One year,Yes,Electronic check,81.43,4812.17,No
CUST-0012065,Male,0,No,Yes,4,Yes,Yes,Fiber optic,Yes,Yes,No,No,Yes,Yes,Month-to-month,No,Electronic check,95.36,391.19,Yes
CUST-0012066,Male,0,No,No,23,No,No phone service,Fiber optic,No,No,Yes,Yes,No,Yes,Month-to-month,No,Credit card (automatic),104.88,2439.35,No
CUST-0012067,Female,0,Yes,Yes,31,Yes,Yes,No,No internet service,No internet service,No internet service,No internet service,No internet service,No internet service,Two year,No,Electronic check,103.18,3239.58,No
CUST-0012068,Female,1,No,No,24,Yes,No,DSL,No,No,Yes,No,No,No,Month-to-month,Yes,Bank transfer (automatic),104.78,2455.95,No
CUST-0012069,Female,1,No,No,24,Yes,No,Fiber optic,No,Yes,Yes,Yes,No,No,Month-to-month,Yes,Electronic check,93.99,2231.45,Yes
CUST-0012070,Female,0,No,No,25,Yes,No,Fiber optic,No,No,No,No,Yes,No,Month-to-month,No,Bank transfer (automatic),76.54,1924.06,No
CUST-0012071,Male,1,Yes,Yes,0,Yes,No,No,No internet service,No internet service,No internet service,No internet service,No internet service,No internet service,Two year,No,Electronic check,106.54,,No
CUST-0012072,Male,0,Yes,No,5,Yes,Yes,DSL,Yes,No,No,No,Yes,Yes,Month-to-month,No,Electronic check,85.32,402.1,No
CUST-0012073,Female,1,Yes,Yes,2,Yes,No,No,No internet service,No internet service,No internet service,No internet service,No internet service,No internet service,One year,No,Electronic check,80.42,148.16,Yes
CUST-0012074,Female,0,No,No,72,Yes,No,Fiber optic,Yes,No,No,No,No,Yes,One year,Yes,Credit card (automatic),82.47,5979.0,No
CUST-0012075,Female,1,Yes,No,54,Yes,No,Fiber optic,No,No,No,Yes,Yes,No,Month-to-month,No,Electronic check,91.58,4928.84,No
CUST-0012076,Male,1,Yes,No,22,Yes,No,DSL,No,Yes,Yes,No,Yes,Yes,One year,Yes,Electronic check,118.75,2605.16,Yes
CUST-0012077,Male,0,No,Yes,12,Yes,No,Fiber optic,No,No,No,Yes,No,No,Month-to-month,Yes,Mailed check,85.72,1041.65,No
CUST-0012078,Female,0,No,No,12,No,No phone service,Fiber optic,No,Yes,Yes,Yes,No,No,Month-to-month,Yes,Bank transfer (automatic),65.52,796.46,No
CUST-0012079,Male,0,No,Yes,72,Yes,Yes,No,No internet service,No internet service,No internet service,No internet service,No internet service,No internet service,Two year,Yes,Electronic check,61.85,4426.73,No
CUST-0012080,Female,0,No,No,38,Yes,No,Fiber optic,Yes,No,Yes,No,Yes,No,Month-to-month,Yes,Bank transfer (automatic),59.61,2250.55,No
CUST-0012081,Male,0,Yes,No,50,No,No phone service,DSL,No,No,No,No,No,No,Month-to-month,Yes,Bank transfer (automatic),61.95,3066.45,No
CUST-0012082,Female,0,Yes,No,5,Yes,Yes,No,No internet service,No internet service,No internet service,No internet service,No internet service,No internet service,Month-to-month,No,Credit card (automatic),106.74,547.85,Yes
CUST-0012083,Female,0,Yes,No,59,Yes,No,No,No internet service,No internet service,No internet service,No internet service,No internet service,No internet service,One year,No,Electronic check,74.96,4428.9,Yes
CUST-0012084,Female,1,No,Yes,64,Yes,Yes,Fiber optic,Yes,No,No,No,No,Yes,Month-to-month,Yes,Electronic check,75.67,4853.06,Yes
CUST-0012085,Female,0,Yes,No,10,No,No phone service,Fiber optic,No,No,No,No,No,No,One year,Yes,Credit card (automatic),113.91,1089.86,Yes
CUST-0012086,Male,0,Yes,Yes,17,Yes,No,Fiber optic,No,No,Yes,No,No,No,Month-to-month,Yes,Credit card (automatic),92.0,1568.26,No
CUST-0012087,Female,1,Yes,No,0,No,No phone service,Fiber optic,Yes,No,No,No,No,No,Month-to-month,No,Electronic check,75.25,,No
CUST-0012088,Female,1,Yes,Yes,47,Yes,No,DSL,No,No,No,No,Yes,No,Month-to-month,No,Electronic check,117.27,5505.14,Yes
CUST-0012089,Female,0,Yes,No,28,Yes,No,Fiber optic,No,No,Yes,Yes,Yes,No,Month-to-month,No,Electronic check,118.75,3330.61,No
CUST-0012090,Male,0,Yes,Yes,11,Yes,No,No,No internet service,No internet service,No internet service,No internet service,No internet service,No internet service,Month-to-month,Yes,Bank transfer (automatic),88.99,1018.59,No
CUST-0012091,Female,0,No,No,37,Yes,No,DSL,No,No,Yes,No,No,Yes,Month-to-month,Yes,Mailed check,78.58,2883.54,Yes
CUST-0012092,Female,0,No,Yes,21,Yes,Yes,Fiber optic,Yes,No,Yes,No,No,No,One year,Yes,Electronic check,114.59,2394.89,No
CUST-0012093,Male,0,Yes,No,16,No,No phone service,Fiber optic,No,Yes,No,No,Yes,Yes,Two year,Yes,Mailed check,118.75,1930.62,No
CUST-0012094,Female,0,No,No,36,No,No phone service,Fiber optic,No,No,Yes,No,No,No,Month-to-month,Yes,Credit card (automatic),99.66,3579.31,No
CUST-0012095,Male,0,No,Yes,71,Yes,Yes,No,No internet service,No internet service,No internet service,No internet service,No internet service,No internet service,Month-to-month,Yes,Electronic check,111.49,7914.92,No
CUST-0012096,Male,0,No,No,10,No,No phone service,Fiber optic,Yes,No,Yes,Yes,No,Yes,One year,Yes,Credit card (automatic),88.62,892.27,No
CUST-0012097,Female,0,No,No,20,Yes,No,No,No internet service,No internet service,No internet service,No internet service,No internet service,No internet service,Month-to-month,Yes,Electronic check,104.93,2089.82,Yes
CUST-0012098,Male,1,Yes,Yes,47,Yes,No,DSL,Yes,No,Yes,No,Yes,No,Two year,Yes,Mailed check,61.06,,Yes
CUST-0012099,Male,0,No,No,8,Yes,No,Fiber optic,No,Yes,No,No,No,Yes,Month-to-month,Yes,Electronic check,72.81,577.74,No
CUST-0012100,Male,0,No,Yes,3,Yes,Yes,No,No internet service,No internet service,No internet service,No internet service,No internet service,No internet service,Month-to-month,Yes,Electronic check,105.38,321.84,No
CUST-0012101,Female,0,Yes,No,53,Yes,No,Fiber optic,No,Yes,No,No,Yes,No,Month-to-month,Yes,Electronic check,100.19,5336.31,Yes
CUST-0012102,Female,0,No,No,20,Yes,No,Fiber optic,No,No,No,No,No,Yes,One year,Yes,Credit card (automatic),50.42,967.58,Yes
CUST-0012103,Female,0,No,No,7,Yes,Yes,Fiber optic,No,No,Yes,Yes,Yes,No,Month-to-month,Yes,Bank transfer (automatic),118.75,837.08,No
CUST-0012104,Male,1,No,Yes,14,Yes,No,Fiber optic,Yes,No,No,Yes,No,Yes,Month-to-month,No,Electronic check,75.31,1067.28,No
CUST-0012105,Female,0,Yes,Yes,72,Yes,No,No,No internet service,No internet service,No internet service,No internet service,No internet service,No internet service,Two year,No,Bank transfer (automatic),84.78,6096.75,No
CUST-0012106,Female,0,Yes,No,35,Yes,Yes,DSL,Yes,No,No,No,No,Yes,Two year,Yes,Electronic check,118.51,4107.18,No
CUST-0012107,Male,0,No,No,33,Yes,No,Fiber optic,Yes,No,Yes,No,No,Yes,Month-to-month,Yes,Electronic check,39.24,1286.17,No
CUST-0012108,Male,1,Yes,Yes,72,Yes,No,Fiber optic,No,No,No,No,Yes,No,One year,Yes,Electronic check,117.96,8452.96,No
CUST-0012109,Female,0,No,No,3,Yes,No,No,No internet service,No internet service,No internet service,No internet service,No internet service,No internet service,Month-to-month,Yes,Credit card (automatic),67.7,206.05,No
CUST-0012110,Male,1,Yes,No,72,Yes,No,Fiber optic,No,No,No,Yes,Yes,No,Two year,No,Mailed check,87.93,6347.77,No
CUST-0012111,Female,0,No,No,41,Yes,No,Fiber optic,No,No,No,No,No,Yes,Month-to-month,No,Credit card (automatic),94.91,3842.74,No
CUST-0012112,Female,0,Yes,No,3,Yes,Yes,Fiber optic,Yes,Yes,No,No,Yes,No,Month-to-month,Yes,Electronic check,71.42,187.28,No
CUST-0012113,Female,1,Yes,No,9,Yes,Yes,Fiber optic,Yes,No,No,Yes,Yes,No,Month-to-month,Yes,Electronic check,112.51,1067.87,Yes
CUST-0012114,Male,0,No,No,20,Yes,No,No,No internet service,No internet service,No internet service,No internet service,No internet service,No internet service,Month-to-month,No,Electronic check,82.45,1662.39,No
CUST-0012115,Female,0,No,No,30,Yes,Yes,No,No internet service,No internet service,No internet service,No internet service,No internet service,No internet service,Month-to-month,Yes,Bank transfer (automatic),112.04,3337.82,No
CUST-0012116,Female,0,No,No,10,Yes,No,Fiber optic,No,No,Yes,No,No,No,Month-to-month,No,Electronic check,88.63,860.64,No
CUST-0012117,Male,0,Yes,No,1,Yes,Yes,DSL,Yes,Yes,Yes,Yes,Yes,No,Month-to-month,Yes,Mailed check,78.84,88.91,No
CUST-0012118,Female,0,Yes,No,55,Yes,No,No,No internet service,No internet service,No internet service,No internet service,No internet service,No internet service,One year,Yes,Electronic check,118.75,6593.11,Yes
CUST-0012119,Female,0,No,No,72,Yes,No,Fiber optic,Yes,Yes,No,No,No,Yes,Month-to-month,Yes,Mailed check,83.65,6031.41,No
CUST-0012120,Male,0,Yes,No,28,Yes,Yes,DSL,No,No,No,No,No,No,Month-to-month,No,Credit card (automatic),118.75,3293.74,Yes
CUST-0012121,Male,0,Yes,No,1,Yes,Yes,DSL,No,No,No,No,No,No,Month-to-month,Yes,Credit card (automatic),79.12,80.5,Yes
CUST-0012122,Female,0,Yes,No,51,No,No phone service,DSL,No,Yes,Yes,No,Yes,Yes,Month-to-month,No,Electronic check,118.75,6078.67,No
CUST-0012123,Male,0,No,No,61,Yes,No,Fiber optic,No,Yes,No,Yes,No,No,Month-to-month,Yes,Electronic check,108.89,6613.79,No
CUST-0012124,Male,0,Yes,No,47,Yes,Yes,Fiber optic,Yes,No,No,Yes,Yes,Yes,Month-to-month,Yes,Credit card (automatic),93.29,4365.86,Yes
CUST-0012125,Female,0,Yes,No,6,Yes,No,Fiber optic,Yes,No,No,Yes,No,Yes,Month-to-month,Yes,Bank transfer (automatic),73.29,429.67,Yes
CUST-0012126,Male,0,No,Yes,4,Yes,No,DSL,Yes,Yes,Yes,Yes,No,No,Two year,Yes,Bank transfer (automatic),88.36,363.07,No
CUST-0012127,Male,0,No,Yes,27,Yes,No,Fiber optic,No,Yes,Yes,No,Yes,Yes,Month-to-month,Yes,Credit card (automatic),91.58,2485.84,No
CUST-0012128,Female,0,Yes,No,8,Yes,No,DSL,Yes,No,No,Yes,Yes,No,Two year,No,Mailed check,118.75,944.19,No
CUST-0012129,Female,0,Yes,No,27,No,No phone service,DSL,Yes,Yes,No,No,No,Yes,Two year,No,Bank transfer (automatic),74.62,2044.37,No
CUST-0012130,Male,1,Yes,No,34,Yes,No,DSL,No,Yes,Yes,Yes,Yes,No,Month-to-month,No,Credit card (automatic),99.83,3411.09,No
CUST-0012131,Male,0,No,Yes,4,Yes,No,Fiber optic,No,No,No,Yes,No,No,Month-to-month,No,Credit card (automatic),74.89,289.36,No
CUST-0012132,Female,0,No,No,35,Yes,Yes,Fiber optic,Yes,Yes,No,No,No,No,Month-to-month,Yes,Electronic check,99.78,3451.87,Yes
CUST-0012133,Male,0,Yes,No,19,Yes,Yes,Fiber optic,No,No,No,No,Yes,No,Two year,No,Electronic check,71.9,1360.99,Yes
CUST-0012134,Female,0,Yes,Yes,3,Yes,Yes,Fiber optic,No,No,No,Yes,Yes,No,Month-to-month,Yes,Credit card (automatic),86.43,268.21,No
CUST-0012135,Female,0,No,No,44,Yes,No,Fiber optic,No,No,No,No,No,No,Month-to-month,Yes,Electronic check,86.86,,No
CUST-0012136,Male,0,Yes,Yes,53,Yes,Yes,DSL,No,Yes,Yes,No,No,No,Month-to-month,No,Credit card (automatic),83.96,4418.38,No
CUST-0012137,Male,0,No,No,12,Yes,No,DSL,No,No,Yes,No,Yes,Yes,Month-to-month,No,Electronic check,79.5,956.35,No
CUST-0012138,Male,0,No,No,31,Yes,No,Fiber optic,Yes,No,No,No,No,No,One year,Yes,Bank transfer (automatic),72.45,2238.54,No
CUST-0012139,Male,1,Yes,No,51,No,No phone service,DSL,Yes,No,Yes,No,No,No,Two year,Yes,Electronic check,115.2,5891.73,No
CUST-0012140,Male,0,Yes,Yes,15,Yes,No,Fiber optic,No,No,Yes,No,No,No,Month-to-month,No,Bank transfer (automatic),110.48,1653.01,Yes
CUST-0012141,Male,0,Yes,No,12,Yes,No,DSL,No,Yes,Yes,Yes,No,Yes,Month-to-month,Yes,Electronic check,109.23,1298.79,No
CUST-0012142,Male,1,No,No,2,Yes,No,Fiber optic,Yes,No,Yes,Yes,Yes,No,Month-to-month,Yes,Mailed check,60.05,135.99,No
CUST-0012143,Female,1,No,Yes,10,No,No phone service,DSL,Yes,No,Yes,Yes,No,Yes,Month-to-month,Yes,Electronic check,115.7,1145.97,Yes
CUST-0012144,Female,0,No,No,9,Yes,Yes,Fiber optic,No,Yes,Yes,No,Yes,Yes,One year,Yes,Mailed check,74.78,690.38,No
CUST-0012145,Female,0,No,Yes,13,No,No phone service,DSL,No,No,Yes,No,Yes,Yes,Month-to-month,Yes,Credit card (automatic),100.23,1241.25,No
CUST-0012146,Male,0,No,No,2,Yes,Yes,No,No internet service,No internet service,No internet service,No internet service,No internet service,No internet service,Month-to-month,Yes,Electronic check,62.91,141.35,Yes
CUST-0012147,Male,0,No,No,27,Yes,Yes,DSL,Yes,Yes,Yes,No,Yes,No,Month-to-month,Yes,Electronic check,41.54,1093.18,No
CUST-0012148,Female,0,No,No,4,Yes,Yes,Fiber optic,No,No,No,No,No,No,Month-to-month,No,Mailed check,118.75,442.51,No
CUST-0012149,Male,0,No,Yes,7,Yes,Yes,DSL,No,Yes,No,No,No,No,One year,No,Mailed check,86.89,657.1,Yes
CUST-0012150,Male,1,Yes,No,24,Yes,No,DSL,No,No,Yes,No,Yes,No,Month-to-month,No,Credit card (automatic),98.53,2355.19,No
CUST-0012151,Female,0,No,No,8,Yes,Yes,Fiber optic,No,No,No,No,Yes,Yes,Two year,Yes,Electronic check,95.02,775.42,No
CUST-0012152,Male,0,Yes,No,37,Yes,Yes,Fiber optic,Yes,No,No,No,Yes,No,Month-to-month,No,Bank transfer (automatic),61.54,2260.63,No
CUST-0012153,Female,1,Yes,No,12,Yes,No,Fiber optic,No,Yes,No,No,No,No,Month-to-month,No,Electronic check,117.38,1466.1,No
CUST-0012154,Female,1,No,No,35,No,No phone service,No,No internet service,No internet service,No internet service,No internet service,No internet service,No internet service,One year,No,Credit card (automatic),73.89,2598.28,No
CUST-0012155,Male,0,No,No,11,Yes,Yes,Fiber optic,Yes,No,No,Yes,No,Yes,One year,No,Electronic check,80.95,870.85,No
CUST-0012156,Female,0,Yes,Yes,27,Yes,Yes,DSL,Yes,No,No,Yes,Yes,No,Month-to-month,Yes,Credit card (automatic),110.39,2966.33,No
CUST-0012157,Female,0,No,No,20,Yes,Yes,No,No internet service,No internet service,No internet service,No internet service,No internet service,No internet service,Month-to-month,No,Electronic check,118.75,2342.67,No
CUST-0012158,Female,0,No,No,15,Yes,Yes,Fiber optic,No,No,Yes,Yes,No,Yes,Month-to-month,No,Bank transfer (automatic),115.35,1746.8,No
CUST-0012159,Male,0,Yes,No,1,Yes,Yes,DSL,No,Yes,Yes,No,Yes,No,Month-to-month,Yes,Credit card (automatic),116.54,,No
CUST-0012160,Male,1,Yes,Yes,10,Yes,Yes,DSL,No,No,No,No,No,Yes,One year,Yes,Credit card (automatic),118.75,1151.54,No
CUST-0012161,Female,0,Yes,Yes,26,Yes,Yes,Fiber optic,No,No,No,No,Yes,No,Month-to-month,Yes,Electronic check,116.94,3065.86,Yes
CUST-0012162,Female,0,No,No,5,Yes,No,Fiber optic,No,Yes,Yes,No,Yes,Yes,Month-to-month,Yes,Electronic check,51.06,262.74,No
CUST-0012163,Female,0,No,Yes,22,Yes,Yes,DSL,No,No,No,No,No,No,Month-to-month,Yes,Electronic check,118.75,2587.9,No
CUST-0012164,Male,0,No,No,18,Yes,No,DSL,Yes,No,No,No,No,No,One year,No,Mailed check,84.84,1514.6,Yes
CUST-0012165,Male,0,Yes,No,3,Yes,Yes,DSL,No,No,Yes,No,No,No,Month-to-month,Yes,Electronic check,76.21,229.99,No
CUST-0012166,Female,1,Yes,No,10,Yes,No,No,No internet service,No internet service,No internet service,No internet service,No internet service,No internet service,Month-to-month,Yes,Bank transfer (automatic),97.97,965.79,Yes
CUST-0012167,Female,1,No,Yes,3,Yes,Yes,DSL,No,Yes,No,No,No,No,Month-to-month,No,Electronic check,116.85,368.79,No
CUST-0012168,Female,0,Yes,No,20,No,No phone service,Fiber optic,No,No,No,Yes,No,No,Month-to-month,Yes,Electronic check,61.73,1246.57,Yes
CUST-0012169,Male,0,Yes,Yes,32,Yes,Yes,Fiber optic,No,Yes,Yes,No,Yes,Yes,Two year,Yes,Mailed check,59.84,1896.42,No
CUST-0012170,Female,0,No,Yes,15,Yes,Yes,DSL,No,No,Yes,Yes,Yes,No,Month-to-month,No,Electronic check,116.59,1768.65,Yes
CUST-0012171,Male,0,Yes,No,18,Yes,No,Fiber optic,No,Yes,No,Yes,No,Yes,Month-to-month,Yes,Electronic check,101.62,1812.2,No
CUST-0012172,Female,0,No,Yes,1,Yes,Yes,DSL,No,No,No,Yes,Yes,No,Month-to-month,Yes,Electronic check,81.91,106.29,Yes
CUST-0012173,Male,0,No,No,7,Yes,No,Fiber optic,No,Yes,No,No,Yes,No,Two year,No,Mailed check,118.75,812.86,No
CUST-0012174,Male,0,No,Yes,72,Yes,No,DSL,No,No,No,No,Yes,No,Month-to-month,Yes,Bank transfer (automatic),68.04,4914.65,Yes
CUST-0012175,Female,1,No,No,0,Yes,No,Fiber optic,No,No,No,No,Yes,No,Month-to-month,Yes,Electronic check,80.21,,No
CUST-0012176,Female,1,Yes,Yes,29,Yes,Yes,DSL,No,No,No,No,No,No,One year,No,Mailed check,62.69,1811.95,Yes
CUST-0012177,Male,0,No,No,57,Yes,No,Fiber optic,No,Yes,Yes,No,No,No,One year,Yes,Bank transfer (automatic),94.23,5365.18,No
CUST-0012178,Female,0,No,No,72,Yes,Yes,No,No internet service,No internet service,No internet service,No internet service,No internet service,No internet service,Month-to-month,Yes,Electronic check,90.92,6553.3,No
CUST-0012179,Male,1,Yes,Yes,70,Yes,No,Fiber optic,No,No,Yes,No,No,Yes,Month-to-month,Yes,Electronic check,84.76,5948.66,No
CUST-0012180,Female,0,Yes,Yes,39,Yes,No,DSL,Yes,No,Yes,No,Yes,No,Month-to-month,Yes,Mailed check,94.1,3667.6,Yes
CUST-0012181,Female,0,No,No,5,Yes,Yes,DSL,Yes,No,Yes,Yes,No,No,One year,No,Bank transfer (automatic),74.55,436.5,No
CUST-0012182,Female,1,No,No,53,Yes,Yes,Fiber optic,No,No,No,No,Yes,No,Two year,Yes,Credit card (automatic),103.42,,Yes
CUST-0012183,Male,0,Yes,No,31,Yes,No,Fiber optic,No,Yes,No,No,No,No,Month-to-month,Yes,Electronic check,118.75,3684.51,No
CUST-0012184,Female,0,No,Yes,35,Yes,Yes,Fiber optic,No,Yes,No,No,Yes,No,Month-to-month,No,Bank transfer (automatic),85.55,3004.19,Yes
CUST-0012185,Male,0,No,Yes,36,Yes,No,Fiber optic,No,Yes,No,No,Yes,No,Month-to-month,Yes,Mailed check,98.29,3503.52,No
CUST-0012186,Female,1,No,Yes,23,Yes,No,Fiber optic,No,No,No,Yes,No,No,Two year,Yes,Electronic check,65.28,1510.34,No
CUST-0012187,Male,0,No,Yes,59,Yes,No,Fiber optic,Yes,No,No,No,No,No,Month-to-month,Yes,Credit card (automatic),102.94,6067.94,No
CUST-0012188,Male,0,No,Yes,41,No,No phone service,Fiber optic,Yes,No,No,Yes,No,No,Month-to-month,No,Electronic check,69.62,2868.35,No
CUST-0012189,Male,0,No,No,27,Yes,Yes,Fiber optic,No,Yes,No,No,Yes,No,One year,Yes,Electronic check,118.75,3206.9,No
CUST-0012190,Female,0,Yes,Yes,13,Yes,No,DSL,Yes,No,Yes,No,No,No,Month-to-month,Yes,Mailed check,59.18,818.39,No
CUST-0012191,Female,0,Yes,Yes,23,Yes,Yes,Fiber optic,Yes,No,Yes,Yes,No,No,Month-to-month,No,Electronic check,59.24,1426.77,Yes
CUST-0012192,Male,0,Yes,No,39,Yes,Yes,Fiber optic,No,No,No,No,No,Yes,Month-to-month,No,Mailed check,118.75,4653.55,No
CUST-0012193,Female,0,No,No,8,Yes,Yes,DSL,Yes,No,Yes,No,No,No,Month-to-month,Yes,Electronic check,73.38,532.27,No
CUST-0012194,Female,0,No,Yes,16,No,No phone service,DSL,Yes,No,Yes,Yes,No,Yes,Month-to-month,No,Electronic check,105.78,1670.62,No
CUST-0012195,Male,0,Yes,Yes,72,Yes,Yes,No,No internet service,No internet service,No internet service,No internet service,No internet service,No internet service,Month-to-month,Yes,Credit card (automatic),76.69,5513.25,No
CUST-0012196,Female,0,Yes,Yes,25,Yes,No,Fiber optic,Yes,No,No,No,No,No,Month-to-month,Yes,Electronic check,97.33,2464.87,No
CUST-0012197,Male,0,No,No,34,Yes,No,Fiber optic,No,No,No,Yes,No,Yes,One year,No,Electronic check,98.61,3353.98,Yes
CUST-0012198,Female,0,Yes,Yes,72,No,No phone service,DSL,No,Yes,Yes,No,No,Yes,Month-to-month,Yes,Credit card (automatic),45.14,3206.89,No
CUST-0012199,Female,0,Yes,No,48,No,No phone service,No,No internet service,No internet service,No internet service,No internet service,No internet service,No internet service,Two year,Yes,Mailed check,93.45,4466.57,Yes
CUST-0012200,Male,0,Yes,No,27,Yes,No,No,No internet service,No internet service,No internet service,No internet service,No internet service,No internet service,One year,Yes,Bank transfer (automatic),81.57,2222.77,No
CUST-0012201,Male,1,No,Yes,4,Yes,Yes,Fiber optic,Yes,No,No,Yes,Yes,No,Month-to-month,No,Mailed check,118.75,469.26,No
CUST-0012202,Male,0,Yes,No,8,Yes,Yes,Fiber optic,No,No,Yes,No,No,Yes,Month-to-month,Yes,Bank transfer (automatic),109.31,864.42,No
CUST-0012203,Female,0,Yes,No,43,Yes,No,No,No internet service,No internet service,No internet service,No internet service,No internet service,No internet service,Two year,Yes,Credit card (automatic),107.97,4577.07,No
CUST-0012204,Female,1,No,Yes,72,Yes,No,Fiber optic,No,Yes,No,No,No,No,Month-to-month,No,Credit card (automatic),64.7,4704.81,No
CUST-0012205,Female,0,Yes,No,14,No,No phone service,DSL,Yes,No,No,No,No,No,Month-to-month,Yes,Electronic check,94.51,1257.71,Yes
CUST-0012206,Male,1,No,No,42,Yes,Yes,DSL,No,No,No,No,No,Yes,Month-to-month,Yes,Mailed check,71.79,3053.79,Yes
CUST-0012207,Female,0,Yes,Yes,7,Yes,Yes,No,No internet service,No internet service,No internet service,No internet service,No internet service,No internet service,Two year,Yes,Mailed check,64.79,442.39,No
CUST-0012208,Male,0,Yes,No,14,Yes,No,DSL,No,No,No,Yes,No,No,Month-to-month,No,Electronic check,90.36,,No
CUST-0012209,Female,0,No,No,72,Yes,No,DSL,Yes,Yes,No,Yes,Yes,Yes,Month-to-month,Yes,Electronic check,118.75,8563.13,Yes
CUST-0012210,Female,0,No,No,13,No,No phone service,Fiber optic,No,No,No,No,Yes,No,Month-to-month,Yes,Bank transfer (automatic),36.01,439.41,Yes
CUST-0012211,Male,0,No,No,12,Yes,Yes,Fiber optic,No,No,No,No,No,No,Month-to-month,Yes,Electronic check,117.28,1404.58,Yes
CUST-0012212,Female,0,No,No,31,Yes,Yes,Fiber optic,Yes,No,No,No,No,Yes,Two year,No,Electronic check,65.86,2024.19,No
CUST-0012213,Female,0,No,No,19,Yes,Yes,DSL,No,Yes,Yes,No,No,No,One year,Yes,Electronic check,70.73,1325.3,Yes
CUST-0012214,Female,0,Yes,No,14,Yes,Yes,DSL,Yes,Yes,No,No,Yes,No,Two year,Yes,Bank transfer (automatic),98.02,1367.93,No
CUST-0012215,Female,0,No,Yes,72,Yes,Yes,Fiber optic,No,No,No,Yes,Yes,No,Month-to-month,No,Electronic check,93.46,6646.59,No
CUST-0012216,Female,0,Yes,Yes,12,Yes,Yes,DSL,Yes,Yes,No,Yes,No,No,One year,Yes,Electronic check,102.92,1257.1,Yes
CUST-0012217,Female,0,No,No,7,Yes,No,No,No internet service,No internet service,No internet service,No internet service,No internet service,No internet service,Month-to-month,Yes,Electronic check,64.63,463.52,No
CUST-0012218,Male,0,No,No,12,Yes,No,DSL,No,Yes,Yes,No,Yes,Yes,One year,Yes,Mailed check,82.16,995.14,No
CUST-0012219,Male,0,No,No,6,Yes,No,Fiber optic,No,Yes,Yes,Yes,Yes,No,Month-to-month,No,Electronic check,102.72,636.51,No
CUST-0012220,Female,0,Yes,Yes,10,Yes,Yes,No,No internet service,No internet service,No internet service,No internet service,No internet service,No internet service,Two year,Yes,Mailed check,92.45,948.92,No
CUST-0012221,Male,0,No,No,20,Yes,No,No,No internet service,No internet service,No internet service,No internet service,No internet service,No internet service,One year,Yes,Electronic check,118.75,2322.54,No
CUST-0012222,Female,0,Yes,No,17,Yes,Yes,DSL,No,No,No,No,Yes,No,Month-to-month,Yes,Electronic check,61.07,1063.55,No
CUST-0012223,Male,0,No,No,12,Yes,Yes,DSL,No,Yes,No,No,No,No,Month-to-month,No,Credit card (automatic),85.63,1034.83,No
CUST-0012224,Male,1,Yes,Yes,72,Yes,No,DSL,No,No,Yes,No,No,No,Month-to-month,No,Electronic check,68.99,4954.98,No
CUST-0012225,Male,0,Yes,Yes,10,Yes,No,No,No internet service,No internet service,No internet service,No internet service,No internet service,No internet service,Month-to-month,Yes,Bank transfer (automatic),118.75,,Yes
CUST-0012226,Female,0,Yes,No,37,Yes,Yes,Fiber optic,No,No,Yes,Yes,No,No,Two year,No,Electronic check,118.75,4366.08,No
CUST-0012227,Female,0,Yes,No,36,Yes,Yes,Fiber optic,No,No,Yes,No,No,Yes,One year,Yes,Electronic check,89.48,3237.88,No
CUST-0012228,Female,0,Yes,Yes,60,Yes,No,DSL,No,No,No,No,Yes,No,Month-to-month,Yes,Electronic check,98.19,5849.25,No
CUST-0012229,Female,0,No,No,63,Yes,No,No,No internet service,No internet service,No internet service,No internet service,No internet service,No internet service,Month-to-month,Yes,Mailed check,69.08,4372.05,No
CUST-0012230,Male,0,No,Yes,4,Yes,No,No,No internet service,No internet service,No internet service,No internet service,No internet service,No internet service,Month-to-month,No,Bank transfer (automatic),117.39,486.9,No
CUST-0012231,Male,0,No,No,9,Yes,No,Fiber optic,No,No,Yes,No,No,No,Two year,Yes,Electronic check,63.42,546.34,Yes
CUST-0012232,Male,1,Yes,No,8,Yes,Yes,No,No internet service,No internet service,No internet service,No internet service,No internet service,No internet service,Month-to-month,Yes,Electronic check,80.55,656.52,Yes
CUST-0012233,Male,0,Yes,No,5,Yes,Yes,DSL,No,No,No,Yes,No,No,Month-to-month,No,Bank transfer (automatic),71.2,351.45,Yes
CUST-0012234,Female,0,No,No,35,Yes,No,Fiber optic,Yes,No,Yes,No,Yes,Yes,One year,No,Bank transfer (automatic),76.34,2665.03,Yes
CUST-0012235,Female,0,No,No,33,Yes,No,No,No internet service,No internet service,No internet service,No internet service,No internet service,No internet service,Month-to-month,Yes,Electronic check,111.77,3720.56,No
CUST-0012236,Male,0,No,No,13,Yes,No,DSL,No,Yes,No,No,No,No,Month-to-month,Yes,Credit card (automatic),60.84,755.72,No
CUST-0012237,Male,0,Yes,No,34,Yes,Yes,DSL,No,Yes,Yes,No,No,Yes,Two year,Yes,Bank transfer (automatic),84.94,,Yes
CUST-0012238,Male,1,No,No,20,Yes,No,Fiber optic,No,No,Yes,No,No,Yes,One year,Yes,Electronic check,43.61,864.59,No
CUST-0012239,Female,0,No,Yes,0,Yes,No,DSL,Yes,No,No,No,No,Yes,Month-to-month,No,Mailed check,118.75,,Yes
CUST-0012240,Male,0,Yes,No,55,Yes,Yes,Fiber optic,No,No,Yes,No,No,Yes,Month-to-month,No,Credit card (automatic),96.84,5303.12,No
CUST-0012241,Female,0,No,Yes,26,Yes,Yes,Fiber optic,No,Yes,Yes,No,Yes,No,Month-to-month,No,Bank transfer (automatic),77.62,1985.44,No
CUST-0012242,Male,0,No,Yes,0,Yes,Yes,No,No internet service,No internet service,No internet service,No internet service,No internet service,No internet service,Month-to-month,No,Credit card (automatic),84.39,,No
CUST-0012243,Female,0,Yes,No,7,Yes,No,DSL,No,No,No,No,No,Yes,Two year,Yes,Credit card (automatic),85.1,611.52,Yes
CUST-0012244,Female,0,No,No,31,Yes,No,Fiber optic,No,No,No,Yes,No,No,Month-to-month,No,Credit card (automatic),118.75,3636.67,Yes
CUST-0012245,Female,0,No,No,4,Yes,No,No,No internet service,No internet service,No internet service,No internet service,No internet service,No internet service,Month-to-month,Yes,Bank transfer (automatic),95.43,355.5,No
CUST-0012246,Male,0,No,Yes,6,No,No phone service,Fiber optic,No,No,No,No,Yes,No,Month-to-month,Yes,Credit card (automatic),78.98,455.74,Yes
CUST-0012247,Female,0,No,No,31,Yes,No,Fiber optic,No,No,No,No,Yes,No,Month-to-month,No,Mailed check,92.1,2865.46,No
CUST-0012248,Male,0,No,No,72,Yes,No,No,No internet service,No internet service,No internet service,No internet service,No internet service,No internet service,Month-to-month,Yes,Bank transfer (automatic),60.79,4368.98,Yes
CUST-0012249,Male,0,Yes,No,26,Yes,Yes,No,No internet service,No internet service,No internet service,No internet service,No internet service,No internet service,Month-to-month,Yes,Bank transfer (automatic),95.85,2479.75,No
CUST-0012250,Female,0,Yes,No,12,No,No phone service,No,No internet service,No internet service,No internet service,No internet service,No internet service,No internet service,Month-to-month,Yes,Electronic check,118.75,1433.7,No
CUST-0012251,Female,0,Yes,No,25,Yes,No,Fiber optic,No,Yes,No,Yes,No,No,One year,Yes,Electronic check,108.93,2702.64,No
CUST-0012252,Male,0,Yes,No,17,Yes,No,Fiber optic,No,Yes,Yes,No,Yes,No,Month-to-month,No,Electronic check,70.38,1191.54,Yes
CUST-0012253,Male,0,Yes,No,21,Yes,No,No,No internet service,No internet service,No internet service,No internet service,No internet service,No internet service,Two year,Yes,Electronic check,97.03,2053.85,No
CUST-0012254,Male,0,No,No,21,Yes,No,DSL,No,No,No,No,No,No,Month-to-month,No,Mailed check,97.26,2071.48,No
CUST-0012255,Female,0,Yes,Yes,14,Yes,Yes,Fiber optic,Yes,No,No,Yes,No,Yes,One year,Yes,Credit card (automatic),89.73,1260.67,No
CUST-0012256,Male,0,No,No,68,No,No phone service,Fiber optic,No,No,No,No,No,Yes,Month-to-month,Yes,Mailed check,98.66,6700.51,Yes
CUST-0012257,Female,0,No,No,2,Yes,Yes,Fiber optic,No,Yes,Yes,Yes,No,Yes,Two year,Yes,Bank transfer (automatic),86.22,157.19,No
CUST-0012258,Male,0,No,No,16,Yes,Yes,No,No internet service,No internet service,No internet service,No internet service,No internet service,No internet service,Month-to-month,No,Electronic check,81.09,,No
CUST-0012259,Male,0,Yes,No,12,Yes,Yes,DSL,No,No,Yes,No,Yes,No,Month-to-month,No,Electronic check,94.47,1112.06,No
CUST-0012260,Male,1,Yes,No,35,Yes,No,Fiber optic,Yes,Yes,No,No,Yes,Yes,Month-to-month,Yes,Credit card (automatic),118.24,,No
CUST-0012261,Male,0,Yes,No,46,Yes,No,DSL,No,No,No,No,No,No,One year,Yes,Electronic check,96.01,4432.89,No
CUST-0012262,Male,1,No,Yes,72,Yes,No,Fiber optic,Yes,No,Yes,No,Yes,No,Month-to-month,No,Electronic check,110.57,7974.5,No
CUST-0012263,Male,0,Yes,No,31,Yes,Yes,Fiber optic,No,No,Yes,No,Yes,No,One year,No,Mailed check,87.37,2686.55,No
CUST-0012264,Female,0,No,No,5,Yes,No,DSL,No,Yes,Yes,Yes,Yes,No,Month-to-month,No,Electronic check,118.75,590.98,No
CUST-0012265,Male,0,No,Yes,46,Yes,No,DSL,No,Yes,No,No,Yes,No,One year,No,Mailed check,95.61,4392.49,No
CUST-0012266,Female,0,Yes,Yes,17,Yes,Yes,No,No internet service,No internet service,No internet service,No internet service,No internet service,No internet service,Month-to-month,Yes,Credit card (automatic),112.43,1944.96,No
CUST-0012267,Female,1,Yes,Yes,4,Yes,Yes,Fiber optic,No,No,No,No,No,No,Month-to-month,Yes,Mailed check,70.54,257.46,No
CUST-0012268,Female,0,Yes,No,12,Yes,Yes,DSL,No,No,No,No,No,Yes,Two year,Yes,Credit card (automatic),96.36,1155.23,No
CUST-0012269,Male,1,Yes,No,65,Yes,Yes,Fiber optic,No,Yes,Yes,No,No,Yes,Two year,Yes,Electronic check,118.75,,No
CUST-0012270,Male,0,No,No,39,Yes,No,Fiber optic,No,No,No,No,Yes,No,One year,Yes,Electronic check,73.37,2877.16,No
CUST-0012271,Female,0,No,Yes,27,Yes,No,DSL,Yes,No,No,No,No,No,One year,Yes,Bank transfer (automatic),44.43,1239.62,Yes
CUST-0012272,Male,0,No,No,52,Yes,Yes,Fiber optic,No,Yes,Yes,No,Yes,No,One year,Yes,Electronic check,64.57,3386.37,No
CUST-0012273,Male,1,No,No,0,Yes,Yes,DSL,No,No,No,Yes,No,No,Month-to-month,Yes,Bank transfer (automatic),92.49,,No
CUST-0012274,Female,0,No,No,29,Yes,No,Fiber optic,No,Yes,Yes,No,No,Yes,One year,No,Credit card (automatic),93.86,2698.72,Yes
CUST-0012275,Female,0,No,No,19,Yes,Yes,Fiber optic,No,Yes,Yes,No,No,Yes,Month-to-month,Yes,Electronic check,44.23,834.33,No
CUST-0012276,Male,0,Yes,No,27,Yes,Yes,Fiber optic,No,No,Yes,Yes,No,No,Month-to-month,Yes,Electronic check,110.36,2959.58,No
CUST-0012277,Male,0,Yes,No,41,No,No phone service,Fiber optic,Yes,No,No,Yes,Yes,No,Month-to-month,Yes,Bank transfer (automatic),105.1,4262.69,No
CUST-0012278,Male,0,No,Yes,15,Yes,Yes,Fiber optic,No,No,No,Yes,Yes,Yes,Month-to-month,No,Electronic check,66.09,996.11,No
CUST-0012279,Male,0,No,Yes,15,Yes,Yes,No,No internet service,No internet service,No internet service,No internet service,No internet service,No internet service,Month-to-month,Yes,Electronic check,93.39,1412.3,No
CUST-0012280,Female,0,Yes,No,20,Yes,Yes,Fiber optic,No,No,No,Yes,No,Yes,Month-to-month,Yes,Electronic check,95.21,1914.0,Yes
CUST-0012281,Female,0,No,No,34,Yes,Yes,Fiber optic,No,Yes,Yes,No,No,No,Month-to-month,No,Electronic check,118.75,4036.94,Yes
CUST-0012282,Male,0,No,No,14,Yes,No,Fiber optic,No,Yes,Yes,Yes,No,No,Month-to-month,Yes,Mailed check,114.39,1569.6,No
CUST-0012283,Female,0,Yes,No,0,Yes,No,Fiber optic,No,No,Yes,No,Yes,No,Month-to-month,No,Credit card (automatic),62.07,,Yes
CUST-0012284,Female,0,No,No,14,Yes,Yes,DSL,Yes,Yes,Yes,No,No,Yes,Two year,Yes,Electronic check,84.3,1155.59,Yes
CUST-0012285,Female,1,No,Yes,12,Yes,No,Fiber optic,No,Yes,Yes,No,No,Yes,Month-to-month,Yes,Credit card (automatic),94.68,1118.79,No
CUST-0012286,Male,0,No,No,7,Yes,Yes,No,No internet service,No internet service,No internet service,No internet service,No internet service,No internet service,Two year,No,Credit card (automatic),118.75,805.36,No
CUST-0012287,Male,1,Yes,No,9,Yes,Yes,Fiber optic,No,No,No,No,No,No,One year,Yes,Bank transfer (automatic),56.56,512.23,No
CUST-0012288,Female,1,Yes,No,8,Yes,Yes,Fiber optic,No,Yes,No,No,Yes,No,Month-to-month,Yes,Electronic check,78.44,646.67,No
CUST-0012289,Female,0,No,No,12,Yes,Yes,Fiber optic,Yes,No,Yes,No,Yes,No,One year,Yes,Credit card (automatic),118.75,1427.03,No
CUST-0012290,Male,0,No,No,18,Yes,Yes,Fiber optic,Yes,Yes,Yes,No,No,No,Month-to-month,No,Bank transfer (automatic),52.26,910.2,Yes
CUST-0012291,Female,1,No,No,11,Yes,No,No,No internet service,No internet service,No internet service,No internet service,No internet service,No internet service,Month-to-month,Yes,Credit card (automatic),71.23,800.41,No
CUST-0012292,Male,0,Yes,Yes,72,Yes,Yes,Fiber optic,Yes,Yes,Yes,No,No,Yes,One year,Yes,Mailed check,45.27,3263.31,Yes
CUST-0012293,Male,0,Yes,No,1,Yes,Yes,DSL,Yes,No,No,No,Yes,Yes,Month-to-month,Yes,Mailed check,118.5,65.78,No
CUST-0012294,Male,0,No,Yes,2,Yes,No,Fiber optic,Yes,No,Yes,Yes,Yes,No,Month-to-month,Yes,Bank transfer (automatic),53.65,118.94,Yes
CUST-0012295,Male,1,No,No,33,Yes,Yes,No,No internet service,No internet service,No internet service,No internet service,No internet service,No internet service,Month-to-month,No,Mailed check,101.87,3358.49,Yes
CUST-0012296,Male,1,No,No,12,Yes,Yes,DSL,Yes,No,No,Yes,Yes,No,Month-to-month,Yes,Electronic check,51.15,592.34,No
CUST-0012297,Male,0,No,No,13,Yes,No,Fiber optic,No,Yes,Yes,No,Yes,Yes,Month-to-month,Yes,Electronic check,118.75,1500.76,No
CUST-0012298,Female,1,Yes,Yes,7,Yes,No,No,No internet service,No internet service,No internet service,No internet service,No internet service,No internet service,Month-to-month,No,Credit card (automatic),118.75,857.4,Yes
CUST-0012299,Female,0,No,Yes,29,Yes,No,Fiber optic,No,No,Yes,No,Yes,No,Month-to-month,Yes,Credit card (automatic),71.71,2078.36,No
CUST-0012300,Male,0,Yes,No,23,Yes,No,No,No internet service,No internet service,No internet service,No internet service,No internet service,No internet service,Month-to-month,No,Electronic check,65.53,1492.6,No
CUST-0012301,Male,1,Yes,No,0,Yes,No,Fiber optic,Yes,No,Yes,No,Yes,No,Month-to-month,Yes,Electronic check,90.06,,No
CUST-0012302,Male,0,No,No,33,No,No phone service,No,No internet service,No internet service,No internet service,No internet service,No internet service,No internet service,One year,Yes,Credit card (automatic),69.48,2269.14,Yes
CUST-0012303,Female,0,No,Yes,22,No,No phone service,Fiber optic,No,Yes,No,No,Yes,No,Two year,Yes,Mailed check,95.38,,No
CUST-0012304,Male,0,Yes,Yes,18,Yes,No,Fiber optic,No,No,Yes,Yes,Yes,Yes,Month-to-month,Yes,Credit card (automatic),84.97,1534.49,No
CUST-0012305,Female,1,Yes,Yes,5,Yes,No,Fiber optic,No,No,Yes,No,No,Yes,Month-to-month,Yes,Mailed check,51.89,240.74,No
CUST-0012306,Male,0,No,Yes,5,Yes,No,Fiber optic,No,Yes,No,No,No,Yes,Month-to-month,No,Bank transfer (automatic),76.36,377.96,No
CUST-0012307,Male,0,Yes,No,9,Yes,No,Fiber optic,No,No,Yes,No,No,No,Month-to-month,Yes,Bank transfer (automatic),48.41,385.75,No
CUST-0012308,Male,0,No,No,16,Yes,Yes,No,No internet service,No internet service,No internet service,No internet service,No internet service,No internet service,Month-to-month,Yes,Electronic check,118.75,1865.66,Yes
CUST-0012309,Male,0,Yes,No,46,Yes,Yes,Fiber optic,No,Yes,No,Yes,No,No,Two year,Yes,Electronic check,101.44,4619.99,Yes
CUST-0012310,Female,0,Yes,No,9,Yes,No,DSL,No,No,No,No,No,No,Two year,Yes,Mailed check,80.9,713.05,No
CUST-0012311,Female,0,Yes,No,60,Yes,No,Fiber optic,No,Yes,Yes,No,Yes,No,Month-to-month,Yes,Electronic check,31.78,1881.18,No
CUST-0012312,Male,0,No,Yes,4,Yes,No,Fiber optic,No,Yes,No,No,Yes,No,Month-to-month,Yes,Credit card (automatic),103.25,416.93,No
CUST-0012313,Male,0,Yes,Yes,12,Yes,Yes,No,No internet service,No internet service,No internet service,No internet service,No internet service,No internet service,Month-to-month,Yes,Electronic check,118.75,1422.78,Yes
CUST-0012314,Male,1,Yes,No,43,Yes,No,Fiber optic,Yes,No,Yes,No,Yes,Yes,Month-to-month,Yes,Electronic check,59.86,2592.33,Yes
CUST-0012315,Male,1,No,Yes,43,Yes,No,DSL,Yes,No,Yes,No,Yes,Yes,One year,Yes,Credit card (automatic),64.28,2762.95,No
CUST-0012316,Female,1,No,No,2,Yes,No,Fiber optic,No,No,Yes,No,No,Yes,One year,No,Electronic check,105.53,160.84,Yes
CUST-0012317,Female,0,No,No,72,Yes,Yes,Fiber optic,No,No,No,Yes,No,No,Month-to-month,Yes,Bank transfer (automatic),102.94,7399.06,No
CUST-0012318,Male,0,Yes,No,72,Yes,No,No,No internet service,No internet service,No internet service,No internet service,No internet service,No internet service,Month-to-month,Yes,Electronic check,107.69,7737.16,No
CUST-0012319,Female,0,No,Yes,15,Yes,No,No,No internet service,No internet service,No internet service,No internet service,No internet service,No internet service,Month-to-month,Yes,Credit card (automatic),101.66,,No
CUST-0012320,Female,0,Yes,No,56,Yes,No,Fiber optic,No,No,No,No,No,Yes,Two year,Yes,Electronic check,81.86,4545.95,No
CUST-0012321,Female,0,No,Yes,9,Yes,No,DSL,No,No,No,No,Yes,Yes,Month-to-month,No,Electronic check,69.63,595.06,No
CUST-0012322,Male,0,No,No,17,Yes,No,DSL,No,Yes,Yes,No,Yes,No,Month-to-month,Yes,Electronic check,114.02,1962.61,Yes
CUST-0012323,Male,0,Yes,Yes,12,Yes,No,Fiber optic,No,No,Yes,No,No,No,Month-to-month,Yes,Electronic check,86.98,1079.35,No
CUST-0012324,Female,0,Yes,Yes,13,Yes,No,DSL,Yes,No,No,Yes,No,No,Month-to-month,Yes,Bank transfer (automatic),118.75,1551.69,No
CUST-0012325,Male,0,Yes,No,7,Yes,No,Fiber optic,No,Yes,No,No,No,No,Month-to-month,No,Mailed check,96.72,664.92,No
CUST-0012326,Female,0,Yes,No,55,Yes,No,Fiber optic,No,Yes,No,Yes,Yes,No,Month-to-month,Yes,Electronic check,99.53,5446.04,No
CUST-0012327,Female,0,No,No,35,Yes,Yes,DSL,No,Yes,No,No,No,Yes,Month-to-month,No,Electronic check,70.84,2477.89,No
CUST-0012328,Male,1,Yes,Yes,10,Yes,No,Fiber optic,Yes,No,Yes,No,No,No,Month-to-month,Yes,Mailed check,77.73,715.21,No
CUST-0012329,Female,0,Yes,No,21,Yes,No,DSL,No,Yes,No,No,No,No,Two year,Yes,Mailed check,93.07,1939.29,No
CUST-0012330,Female,0,Yes,Yes,63,Yes,Yes,No,No internet service,No internet service,No internet service,No internet service,No internet service,No internet service,One year,No,Bank transfer (automatic),63.77,4056.62,No
CUST-0012331,Male,0,No,No,11,Yes,Yes,DSL,No,No,Yes,No,No,No,Month-to-month,No,Credit card (automatic),109.87,1207.39,Yes
CUST-0012332,Male,0,Yes,No,8,Yes,Yes,DSL,Yes,No,No,No,No,No,Month-to-month,No,Electronic check,109.19,883.22,Yes
CUST-0012333,Female,1,Yes,No,31,Yes,Yes,No,No internet service,No internet service,No internet service,No internet service,No internet service,No internet service,Month-to-month,No,Electronic check,97.81,3037.19,No
CUST-0012334,Male,1,Yes,No,43,Yes,No,Fiber optic,Yes,No,No,No,Yes,No,Month-to-month,No,Mailed check,55.61,2382.27,No
CUST-0012335,Male,0,No,Yes,10,Yes,No,Fiber optic,No,No,No,Yes,No,Yes,Month-to-month,Yes,Mailed check,95.0,977.23,No
CUST-0012336,Female,0,Yes,Yes,62,Yes,No,No,No internet service,No internet service,No internet service,No internet service,No internet service,No internet service,Month-to-month,No,Mailed check,115.27,7145.71,Yes
CUST-0012337,Male,0,No,Yes,48,Yes,No,Fiber optic,No,Yes,No,No,Yes,No,Two year,No,Bank transfer (automatic),118.75,5732.78,Yes
CUST-0012338,Female,0,Yes,No,68,Yes,No,Fiber optic,No,No,No,No,Yes,No,One year,Yes,Mailed check,109.18,7418.25,No
CUST-0012339,Male,0,No,No,15,Yes,No,DSL,Yes,Yes,No,No,No,Yes,One year,No,Bank transfer (automatic),77.88,1160.36,No
CUST-0012340,Female,0,No,Yes,22,Yes,Yes,DSL,No,No,No,No,Yes,No,One year,No,Electronic check,57.72,1274.91,No
CUST-0012341,Male,0,No,No,12,Yes,Yes,DSL,No,No,Yes,Yes,No,No,Month-to-month,Yes,Credit card (automatic),82.85,982.46,No
CUST-0012342,Male,0,No,No,8,Yes,No,DSL,No,No,No,Yes,No,Yes,Month-to-month,Yes,Mailed check,97.04,771.8,Yes
CUST-0012343,Male,0,Yes,No,9,Yes,Yes,Fiber optic,No,Yes,No,No,No,No,Month-to-month,Yes,Mailed check,66.83,587.3,No
CUST-0012344,Male,0,No,No,20,Yes,No,Fiber optic,No,No,No,No,No,No,Month-to-month,Yes,Bank transfer (automatic),82.39,1682.4,Yes
CUST-0012345,Male,0,No,No,49,Yes,Yes,No,No internet service,No internet service,No internet service,No internet service,No internet service,No internet service,Month-to-month,No,Bank transfer (automatic),85.16,4153.08,No
CUST-0012346,Male,0,No,No,16,Yes,No,Fiber optic,No,No,No,Yes,Yes,No,One year,Yes,Credit card (automatic),97.54,,No
CUST-0012347,Female,0,No,No,72,Yes,Yes,DSL,No,No,No,No,No,No,Month-to-month,No,Electronic check,118.75,8516.48,No
CUST-0012348,Male,0,No,Yes,12,Yes,Yes,Fiber optic,No,Yes,No,Yes,No,No,Month-to-month,No,Bank transfer (automatic),74.71,899.93,No
CUST-0012349,Male,1,No,Yes,48,Yes,Yes,Fiber optic,No,Yes,No,No,No,Yes,One year,No,Mailed check,99.69,4803.61,No
CUST-0012350,Male,0,Yes,No,10,Yes,No,Fiber optic,Yes,No,No,Yes,Yes,No,Month-to-month,No,Electronic check,77.51,742.4,No
CUST-0012351,Female,0,Yes,No,24,Yes,Yes,Fiber optic,Yes,No,No,Yes,Yes,No,Month-to-month,Yes,Credit card (automatic),116.54,2807.81,Yes
CUST-0012352,Male,0,No,No,14,No,No phone service,No,No internet service,No internet service,No internet service,No internet service,No internet service,No internet service,Month-to-month,No,Electronic check,62.84,844.64,No
CUST-0012353,Male,0,No,Yes,31,Yes,Yes,DSL,Yes,Yes,No,No,No,No,Month-to-month,Yes,Credit card (automatic),97.55,3050.36,Yes
CUST-0012354,Male,0,Yes,No,27,Yes,No,DSL,No,No,Yes,Yes,No,No,Month-to-month,Yes,Electronic check,108.01,2914.75,Yes
CUST-0012355,Female,1,No,No,69,Yes,Yes,No,No internet service,No internet service,No internet service,No internet service,No internet service,No internet service,Month-to-month,No,Electronic check,83.58,,No
CUST-0012356,Female,0,Yes,Yes,0,Yes,No,Fiber optic,Yes,No,Yes,No,Yes,No,Month-to-month,Yes,Credit card (automatic),75.57,,No
CUST-0012357,Female,0,No,Yes,39,Yes,Yes,Fiber optic,No,No,Yes,No,Yes,No,Month-to-month,Yes,Mailed check,61.82,2422.99,No
CUST-0012358,Female,0,No,No,10,No,No phone service,Fiber optic,No,Yes,No,No,No,Yes,One year,No,Mailed check,106.13,1083.53,No
CUST-0012359,Female,0,Yes,No,22,Yes,No,DSL,No,No,Yes,No,No,No,Month-to-month,No,Bank transfer (automatic),118.75,2592.5,No
CUST-0012360,Male,1,No,No,22,Yes,Yes,Fiber optic,No,No,No,No,No,No,Month-to-month,Yes,Mailed check,69.51,1550.29,No
CUST-0012361,Male,0,No,Yes,16,No,No phone service,Fiber optic,No,No,No,No,No,No,Two year,No,Mailed check,72.72,1133.28,No
CUST-0012362,Male,1,Yes,Yes,28,Yes,Yes,Fiber optic,No,Yes,Yes,Yes,Yes,No,Month-to-month,Yes,Electronic check,94.33,2636.84,No
CUST-0012363,Female,0,Yes,Yes,15,No,No phone service,Fiber optic,Yes,Yes,Yes,No,No,No,Month-to-month,No,Credit card (automatic),51.18,748.56,Yes
CUST-0012364,Male,0,No,No,25,Yes,Yes,No,No internet service,No internet service,No internet service,No internet service,No internet service,No internet service,One year,Yes,Bank transfer (automatic),75.62,1882.11,Yes
CUST-0012365,Female,0,No,No,37,Yes,No,Fiber optic,No,Yes,No,No,No,No,Month-to-month,Yes,Electronic check,93.58,3491.13,Yes
CUST-0012366,Male,0,No,No,3,Yes,No,DSL,Yes,No,Yes,No,No,No,Month-to-month,Yes,Mailed check,94.48,302.64,No
CUST-0012367,Male,1,No,No,15,Yes,No,No,No internet service,No internet service,No internet service,No internet service,No internet service,No internet service,Month-to-month,Yes,Bank transfer (automatic),99.64,1452.54,No
CUST-0012368,Male,0,Yes,No,30,Yes,No,DSL,No,No,No,Yes,Yes,No,Two year,No,Electronic check,94.67,2833.71,No
CUST-0012369,Female,1,No,Yes,65,Yes,Yes,Fiber optic,Yes,No,No,Yes,Yes,No,Month-to-month,No,Credit card (automatic),89.93,5855.4,Yes
CUST-0012370,Male,0,No,No,25,Yes,No,Fiber optic,Yes,No,No,No,No,Yes,Month-to-month,Yes,Bank transfer (automatic),49.96,1244.8,Yes
CUST-0012371,Male,0,No,No,24,Yes,No,Fiber optic,No,Yes,No,No,No,No,One year,Yes,Credit card (automatic),89.15,2186.62,No
CUST-0012372,Male,0,No,No,1,Yes,Yes,No,No internet service,No internet service,No internet service,No internet service,No internet service,No internet service,One year,No,Mailed check,91.84,118.21,No
CUST-0012373,Male,0,Yes,Yes,25,Yes,Yes,Fiber optic,Yes,Yes,Yes,Yes,Yes,No,Month-to-month,No,Bank transfer (automatic),65.65,1661.34,No
CUST-0012374,Female,1,No,No,16,Yes,No,DSL,No,No,Yes,No,Yes,Yes,Two year,No,Bank transfer (automatic),98.8,1601.6,No
CUST-0012375,Female,0,No,No,16,Yes,Yes,Fiber optic,No,No,No,No,Yes,Yes,One year,Yes,Bank transfer (automatic),50.98,796.28,No
CUST-0012376,Male,0,Yes,No,72,Yes,Yes,DSL,No,No,No,Yes,Yes,Yes,Month-to-month,Yes,Bank transfer (automatic),97.03,6981.51,No
CUST-0012377,Female,0,No,No,72,No,No phone service,Fiber optic,No,No,Yes,No,No,No,One year,No,Bank transfer (automatic),97.79,7056.67,Yes
CUST-0012378,Female,0,No,No,0,Yes,Yes,No,No internet service,No internet service,No internet service,No internet service,No internet service,No internet service,One year,No,Bank transfer (automatic),102.93,,No
CUST-0012379,Female,0,No,Yes,69,Yes,No,Fiber optic,No,No,No,No,No,Yes,Month-to-month,Yes,Credit card (automatic),63.32,4332.94,Yes
CUST-0012380,Male,0,No,No,3,Yes,No,DSL,Yes,No,Yes,Yes,No,No,Two year,No,Electronic check,61.26,235.35,Yes
CUST-0012381,Male,0,Yes,No,29,Yes,Yes,No,No internet service,No internet service,No internet service,No internet service,No internet service,No internet service,Month-to-month,No,Electronic check,99.56,2887.9,No
CUST-0012382,Male,0,Yes,No,37,Yes,No,Fiber optic,No,No,No,No,No,Yes,Two year,Yes,Electronic check,88.6,3274.78,No
CUST-0012383,Female,0,Yes,Yes,15,Yes,No,DSL,Yes,No,Yes,No,No,No,Month-to-month,No,Electronic check,98.08,1481.4,No
CUST-0012384,Male,0,Yes,Yes,3,Yes,Yes,No,No internet service,No internet service,No internet service,No internet service,No internet service,No internet service,One year,No,Credit card (automatic),92.05,303.48,No
CUST-0012385,Male,0,No,No,18,Yes,No,Fiber optic,Yes,No,Yes,No,Yes,Yes,Month-to-month,No,Electronic check,89.28,1598.9,Yes
CUST-0012386,Male,0,No,No,0,Yes,Yes,No,No internet service,No internet service,No internet service,No internet service,No internet service,No internet service,Month-to-month,Yes,Bank transfer (automatic),76.08,,Yes
CUST-0012387,Male,0,No,Yes,0,Yes,Yes,DSL,No,No,Yes,Yes,No,No,Two year,No,Electronic check,64.44,,No
CUST-0012388,Male,0,Yes,No,58,Yes,Yes,No,No internet service,No internet service,No internet service,No internet service,No internet service,No internet service,One year,Yes,Electronic check,89.11,5176.46,No
CUST-0012389,Female,1,No,No,23,Yes,Yes,No,No internet service,No internet service,No internet service,No internet service,No internet service,No internet service,Month-to-month,Yes,Electronic check,73.79,1697.4,Yes
CUST-0012390,Female,0,No,Yes,13,Yes,Yes,DSL,No,Yes,No,No,Yes,Yes,Month-to-month,Yes,Credit card (automatic),90.27,1202.78,No
CUST-0012391,Female,0,Yes,No,25,Yes,No,DSL,No,Yes,No,No,No,Yes,Month-to-month,No,Credit card (automatic),98.02,2459.81,No
CUST-0012392,Male,0,Yes,No,30,No,No phone service,DSL,No,Yes,No,No,No,Yes,Month-to-month,No,Credit card (automatic),105.21,3144.42,Yes
CUST-0012393,Female,0,No,No,21,Yes,No,DSL,No,No,No,No,No,No,Month-to-month,Yes,Electronic check,83.45,,Yes
CUST-0012394,Female,1,Yes,No,37,No,No phone service,DSL,No,No,Yes,No,No,No,Month-to-month,No,Mailed check,107.81,4001.21,No
CUST-0012395,Male,0,Yes,No,8,Yes,No,Fiber optic,Yes,No,No,Yes,Yes,No,Month-to-month,Yes,Credit card (automatic),71.58,571.41,Yes
CUST-0012396,Male,0,Yes,No,65,Yes,No,Fiber optic,No,No,No,No,Yes,No,One year,No,Electronic check,104.11,6770.65,No
CUST-0012397,Male,0,Yes,No,2,Yes,Yes,Fiber optic,No,Yes,Yes,No,No,No,Two year,No,Mailed check,82.16,160.52,No
CUST-0012398,Female,0,No,No,28,Yes,No,DSL,No,Yes,No,No,Yes,No,Two year,Yes,Mailed check,118.75,3301.42,No
CUST-0012399,Male,0,No,Yes,8,Yes,No,DSL,Yes,Yes,No,Yes,Yes,No,Month-to-month,No,Electronic check,93.22,744.94,No
CUST-0012400,Male,0,No,No,53,Yes,No,Fiber optic,No,No,No,No,No,No,One year,Yes,Credit card (automatic),118.75,6289.45,Yes
CUST-0012401,Male,0,Yes,No,12,Yes,Yes,No,No internet service,No internet service,No internet service,No internet service,No internet service,No internet service,Month-to-month,No,Electronic check,113.17,1332.56,No
CUST-0012402,Female,0,No,No,72,Yes,No,Fiber optic,No,No,Yes,No,No,Yes,Month-to-month,Yes,Electronic check,66.28,4753.47,No
CUST-0012403,Male,0,No,No,8,Yes,No,Fiber optic,Yes,Yes,No,Yes,No,No,Month-to-month,No,Mailed check,81.46,625.29,No
CUST-0012404,Female,0,Yes,No,31,Yes,No,Fiber optic,Yes,No,Yes,No,No,No,One year,No,Mailed check,103.86,3208.05,No
CUST-0012405,Female,1,No,No,8,Yes,No,Fiber optic,Yes,Yes,No,No,No,Yes,One year,No,Mailed check,95.7,776.3,No
CUST-0012406,Female,0,Yes,Yes,35,Yes,Yes,Fiber optic,No,Yes,No,No,No,Yes,Month-to-month,Yes,Bank transfer (automatic),48.17,1667.69,Yes
CUST-0012407,Male,0,No,No,29,No,No phone service,DSL,No,Yes,No,No,No,No,Month-to-month,Yes,Bank transfer (automatic),59.8,1733.44,No
CUST-0012408,Male,0,Yes,Yes,65,Yes,Yes,No,No internet service,No internet service,No internet service,No internet service,No internet service,No internet service,One year,Yes,Credit card (automatic),83.34,5402.33,No
CUST-0012409,Female,0,Yes,No,17,Yes,No,Fiber optic,No,No,No,No,No,No,Month-to-month,Yes,Mailed check,100.84,1700.46,No
CUST-0012410,Female,0,No,No,1,Yes,No,Fiber optic,No,No,No,No,Yes,No,One year,No,Bank transfer (automatic),117.13,100.84,Yes
CUST-0012411,Male,0,Yes,Yes,61,No,No phone service,Fiber optic,No,No,Yes,Yes,No,Yes,Month-to-month,Yes,Bank transfer (automatic),99.28,6031.82,No
CUST-0012412,Male,0,No,Yes,6,Yes,Yes,Fiber optic,Yes,No,No,No,No,Yes,Two year,Yes,Electronic check,118.75,700.79,No
CUST-0012413,Male,0,Yes,Yes,3,Yes,No,Fiber optic,No,No,Yes,No,No,No,Month-to-month,No,Mailed check,68.44,172.47,No
CUST-0012414,Male,0,Yes,Yes,15,Yes,No,Fiber optic,No,No,No,Yes,No,Yes,One year,Yes,Mailed check,76.18,1152.67,No
CUST-0012415,Male,0,No,No,0,Yes,Yes,Fiber optic,Yes,No,Yes,No,Yes,No,Month-to-month,Yes,Credit card (automatic),74.24,,Yes
CUST-0012416,Female,0,No,No,18,Yes,Yes,Fiber optic,No,No,No,No,No,No,Month-to-month,Yes,Bank transfer (automatic),76.83,1404.57,No
CUST-0012417,Female,0,Yes,No,60,Yes,Yes,No,No internet service,No internet service,No internet service,No internet service,No internet service,No internet service,Month-to-month,No,Bank transfer (automatic),94.92,5721.93,No
CUST-0012418,Female,1,No,No,2,Yes,Yes,Fiber optic,Yes,Yes,No,No,Yes,No,Month-to-month,Yes,Mailed check,84.75,177.12,No
CUST-0012419,Female,0,No,Yes,18,Yes,No,Fiber optic,No,No,No,No,No,No,Month-to-month,No,Credit card (automatic),118.75,2124.57,No
CUST-0012420,Male,0,No,No,72,Yes,No,Fiber optic,Yes,No,No,Yes,No,No,Month-to-month,Yes,Bank transfer (automatic),97.08,6950.39,No
CUST-0012421,Female,0,No,No,5,Yes,No,Fiber optic,No,No,No,Yes,No,No,Month-to-month,Yes,Electronic check,118.75,603.38,No
CUST-0012422,Female,0,Yes,No,1,Yes,No,DSL,No,Yes,No,No,Yes,No,One year,Yes,Mailed check,118.75,123.08,No
CUST-0012423,Female,0,Yes,No,72,Yes,Yes,No,No internet service,No internet service,No internet service,No internet service,No internet service,No internet service,Month-to-month,No,Bank transfer (automatic),113.46,8153.12,No
CUST-0012424,Male,0,No,Yes,39,Yes,Yes,Fiber optic,Yes,Yes,Yes,No,No,No,Month-to-month,Yes,Electronic check,102.62,3994.09,No
CUST-0012425,Male,0,Yes,No,16,No,No phone service,Fiber optic,Yes,Yes,No,No,No,No,Month-to-month,Yes,Mailed check,92.52,1492.85,No
CUST-0012426,Male,0,No,Yes,4,Yes,Yes,Fiber optic,No,Yes,No,Yes,No,Yes,Month-to-month,No,Electronic check,89.9,362.78,No
CUST-0012427,Female,0,No,No,2,Yes,Yes,DSL,No,No,Yes,No,Yes,Yes,Month-to-month,Yes,Electronic check,64.25,178.21,No
CUST-0012428,Female,0,No,Yes,61,No,No phone service,Fiber optic,No,Yes,No,No,No,Yes,Month-to-month,No,Bank transfer (automatic),74.91,4517.89,No
CUST-0012429,Male,0,Yes,No,18,Yes,No,Fiber optic,Yes,No,No,No,Yes,No,One year,No,Mailed check,116.29,2095.48,No
CUST-0012430,Female,0,No,No,15,No,No phone service,Fiber optic,No,No,No,No,Yes,Yes,Month-to-month,Yes,Mailed check,40.66,615.65,No
CUST-0012431,Male,0,No,Yes,16,Yes,No,Fiber optic,Yes,Yes,No,Yes,No,No,Month-to-month,No,Electronic check,102.11,1664.4,No
CUST-0012432,Female,0,Yes,No,15,Yes,No,DSL,No,Yes,No,No,No,No,Month-to-month,No,Electronic check,118.75,1715.54,No
CUST-0012433,Male,0,No,No,2,Yes,Yes,DSL,Yes,No,Yes,No,No,No,Month-to-month,No,Electronic check,54.37,125.87,No
CUST-0012434,Female,0,Yes,No,11,No,No phone service,No,No internet service,No internet service,No internet service,No internet service,No internet service,No internet service,Two year,Yes,Bank transfer (automatic),115.0,1259.64,No
CUST-0012435,Male,0,No,Yes,2,Yes,Yes,DSL,No,No,Yes,No,Yes,No,Month-to-month,Yes,Credit card (automatic),76.19,124.78,No
CUST-0012436,Female,0,Yes,No,19,Yes,No,Fiber optic,No,Yes,No,No,Yes,No,Month-to-month,No,Electronic check,103.5,1958.6,Yes
CUST-0012437,Female,1,No,Yes,18,Yes,Yes,Fiber optic,No,No,No,No,No,No,Two year,Yes,Electronic check,55.88,,No
CUST-0012438,Male,0,Yes,No,2,Yes,Yes,Fiber optic,No,Yes,No,No,Yes,Yes,Month-to-month,Yes,Mailed check,99.53,193.09,No
CUST-0012439,Female,0,No,No,37,Yes,No,DSL,No,No,No,No,No,No,One year,Yes,Bank transfer (automatic),114.19,4251.28,Yes
CUST-0012440,Male,1,Yes,Yes,42,Yes,Yes,No,No internet service,No internet service,No internet service,No internet service,No internet service,No internet service,Month-to-month,No,Credit card (automatic),116.46,4863.46,No
CUST-0012441,Female,0,Yes,No,43,Yes,No,Fiber optic,No,No,No,No,Yes,Yes,Two year,Yes,Electronic check,58.06,2480.77,Yes
CUST-0012442,Male,1,No,No,13,Yes,Yes,Fiber optic,Yes,No,No,No,No,No,One year,No,Credit card (automatic),82.23,1091.92,Yes
CUST-0012443,Female,1,No,No,25,Yes,Yes,DSL,No,No,No,No,Yes,No,Month-to-month,Yes,Credit card (automatic),103.54,2603.26,No
CUST-0012444,Male,0,Yes,Yes,72,Yes,No,Fiber optic,No,No,No,Yes,Yes,No,Month-to-month,No,Electronic check,80.25,5776.08,No
CUST-0012445,Female,0,Yes,Yes,18,Yes,Yes,Fiber optic,No,No,No,No,Yes,No,One year,No,Credit card (automatic),49.41,887.63,No
CUST-0012446,Female,1,No,Yes,7,Yes,Yes,Fiber optic,Yes,No,No,No,Yes,No,Month-to-month,Yes,Credit card (automatic),98.21,,Yes
CUST-0012447,Female,0,Yes,No,10,Yes,No,Fiber optic,No,Yes,Yes,No,No,Yes,Month-to-month,Yes,Credit card (automatic),92.36,937.76,No
CUST-0012448,Female,0,Yes,No,12,Yes,No,No,No internet service,No internet service,No internet service,No internet service,No internet service,No internet service,Month-to-month,Yes,Bank transfer (automatic),111.34,1356.08,No
CUST-0012449,Male,0,No,No,72,Yes,Yes,DSL,No,No,Yes,Yes,No,Yes,One year,Yes,Credit card (automatic),65.52,4652.36,No
CUST-0012450,Female,0,No,Yes,72,Yes,No,Fiber optic,Yes,Yes,Yes,Yes,Yes,No,Month-to-month,Yes,Bank transfer (automatic),85.1,6141.51,Yes
CUST-0012451,Male,0,Yes,No,5,Yes,Yes,DSL,No,No,No,No,Yes,No,Month-to-month,Yes,Electronic check,59.63,297.75,Yes
CUST-0012452,Male,0,Yes,No,3,Yes,No,Fiber optic,Yes,Yes,Yes,No,No,No,Month-to-month,No,Electronic check,94.6,263.96,No
CUST-0012453,Female,0,No,Yes,6,Yes,No,No,No internet service,No internet service,No internet service,No internet service,No internet service,No internet service,Two year,Yes,Bank transfer (automatic),88.62,526.0,Yes
CUST-0012454,Male,0,No,Yes,11,Yes,Yes,DSL,No,No,No,No,No,No,Month-to-month,No,Electronic check,93.99,1000.81,Yes
CUST-0012455,Male,0,Yes,No,1,Yes,No,Fiber optic,No,No,Yes,No,No,No,Month-to-month,No,Mailed check,54.82,41.4,No
CUST-0012456,Female,0,Yes,Yes,31,Yes,No,No,No internet service,No internet service,No internet service,No internet service,No internet service,No internet service,One year,No,Credit card (automatic),85.68,2700.58,No
CUST-0012457,Female,0,No,Yes,0,Yes,Yes,Fiber optic,Yes,No,No,No,No,No,Month-to-month,Yes,Mailed check,96.03,,Yes
CUST-0012458,Female,0,Yes,No,7,Yes,No,Fiber optic,No,No,No,No,Yes,No,Month-to-month,No,Bank transfer (automatic),113.2,765.07,No
CUST-0012459,Female,0,No,Yes,10,No,No phone service,DSL,No,No,No,No,Yes,Yes,Month-to-month,Yes,Bank transfer (automatic),74.63,745.38,No
CUST-0012460,Female,0,Yes,Yes,62,Yes,Yes,No,No internet service,No internet service,No internet service,No internet service,No internet service,No internet service,Month-to-month,Yes,Electronic check,99.4,6112.86,No
CUST-0012461,Male,0,No,No,61,Yes,No,Fiber optic,No,No,Yes,No,Yes,No,Two year,Yes,Electronic check,90.58,5541.39,No
CUST-0012462,Female,1,Yes,Yes,63,Yes,Yes,Fiber optic,Yes,No,No,No,Yes,No,Two year,Yes,Mailed check,47.42,3000.31,No
CUST-0012463,Female,1,Yes,Yes,52,Yes,Yes,DSL,No,No,Yes,No,Yes,No,Month-to-month,Yes,Credit card (automatic),80.12,4134.75,No
CUST-0012464,Female,0,No,No,26,Yes,No,DSL,No,Yes,No,No,No,Yes,Month-to-month,No,Bank transfer (automatic),115.45,2949.38,No
CUST-0012465,Female,0,Yes,No,1,Yes,No,No,No internet service,No internet service,No internet service,No internet service,No internet service,No internet service,Month-to-month,Yes,Electronic check,84.23,68.56,No
CUST-0012466,Female,0,Yes,Yes,22,Yes,Yes,DSL,No,No,No,Yes,No,Yes,Month-to-month,No,Bank transfer (automatic),75.16,1663.9,No
CUST-0012467,Female,1,No,No,72,Yes,No,DSL,No,No,Yes,No,No,No,Month-to-month,No,Bank transfer (automatic),106.06,7653.39,No
CUST-0012468,Male,0,Yes,No,32,Yes,No,Fiber optic,No,No,No,Yes,Yes,Yes,Month-to-month,No,Credit card (automatic),118.75,3772.14,Yes
CUST-0012469,Male,0,Yes,No,37,Yes,No,No,No internet service,No internet service,No internet service,No internet service,No internet service,No internet service,Two year,Yes,Electronic check,89.26,3280.75,Yes
CUST-0012470,Female,0,Yes,No,64,Yes,No,Fiber optic,No,No,No,No,No,No,Month-to-month,No,Electronic check,93.43,5990.75,No
CUST-0012471,Male,0,Yes,No,19,Yes,No,No,No internet service,No internet service,No internet service,No internet service,No internet service,No internet service,One year,Yes,Mailed check,104.08,1973.14,Yes
CUST-0012472,Female,1,No,Yes,9,Yes,Yes,Fiber optic,No,Yes,No,No,Yes,Yes,One year,Yes,Credit card (automatic),56.35,466.98,No
CUST-0012473,Female,0,Yes,No,8,Yes,No,Fiber optic,No,Yes,No,No,No,No,Month-to-month,Yes,Electronic check,85.77,662.18,Yes
CUST-0012474,Female,1,Yes,No,9,Yes,Yes,Fiber optic,Yes,Yes,No,No,No,Yes,Month-to-month,Yes,Credit card (automatic),100.65,901.67,No
CUST-0012475,Male,0,No,No,72,Yes,Yes,Fiber optic,No,No,No,No,Yes,Yes,Month-to-month,Yes,Bank transfer (automatic),68.36,4917.57,No
CUST-0012476,Female,0,Yes,Yes,7,Yes,No,DSL,Yes,Yes,Yes,No,No,No,Month-to-month,Yes,Mailed check,84.76,622.24,No
CUST-0012477,Male,0,No,No,45,Yes,No,Fiber optic,No,No,No,No,No,No,Month-to-month,No,Electronic check,78.11,3504.33,No
CUST-0012478,Male,0,No,Yes,13,Yes,Yes,Fiber optic,No,Yes,Yes,No,No,No,Month-to-month,Yes,Mailed check,90.76,1190.11,No
CUST-0012479,Female,0,Yes,Yes,9,Yes,Yes,Fiber optic,No,No,No,No,No,No,Two year,Yes,Credit card (automatic),71.43,684.27,No
CUST-0012480,Male,0,No,No,9,Yes,Yes,No,No internet service,No internet service,No internet service,No internet service,No internet service,No internet service,Month-to-month,No,Electronic check,44.13,417.74,No
CUST-0012481,Female,0,No,Yes,1,Yes,No,Fiber optic,No,No,No,No,No,No,One year,No,Bank transfer (automatic),62.98,64.75,No
CUST-0012482,Male,0,Yes,No,8,Yes,Yes,Fiber optic,Yes,Yes,Yes,Yes,Yes,No,Month-to-month,Yes,Electronic check,53.19,434.23,Yes
CUST-0012483,Male,1,Yes,No,30,No,No phone service,No,No internet service,No internet service,No internet service,No internet service,No internet service,No internet service,Month-to-month,Yes,Bank transfer (automatic),118.75,3581.28,Yes
CUST-0012484,Male,0,Yes,No,8,No,No phone service,Fiber optic,No,No,Yes,No,No,Yes,One year,Yes,Credit card (automatic),81.18,655.52,No
CUST-0012485,Female,0,Yes,Yes,11,Yes,Yes,DSL,No,No,No,No,No,No,Month-to-month,No,Credit card (automatic),118.75,,No
CUST-0012486,Male,0,No,Yes,26,Yes,No,Fiber optic,Yes,Yes,Yes,No,No,No,Month-to-month,Yes,Credit card (automatic),98.83,2551.26,No
CUST-0012487,Female,1,No,No,13,No,No phone service,Fiber optic,Yes,No,Yes,No,No,Yes,Month-to-month,Yes,Credit card (automatic),106.99,1407.25,No
CUST-0012488,Female,0,No,Yes,4,Yes,No,DSL,No,No,No,No,Yes,Yes,Month-to-month,Yes,Credit card (automatic),98.03,384.18,No
CUST-0012489,Male,0,No,Yes,5,Yes,No,DSL,Yes,No,Yes,No,No,No,Month-to-month,Yes,Bank transfer (automatic),76.73,385.22,Yes
CUST-0012490,Female,0,No,No,41,Yes,Yes,No,No internet service,No internet service,No internet service,No internet service,No internet service,No internet service,One year,Yes,Mailed check,102.5,4170.2,No
CUST-0012491,Female,0,No,No,7,Yes,No,DSL,No,Yes,No,Yes,No,No,Month-to-month,No,Mailed check,112.63,821.97,No
CUST-0012492,Male,0,Yes,No,33,No,No phone service,No,No internet service,No internet service,No internet service,No internet service,No internet service,No internet service,Month-to-month,No,Electronic check,87.13,2880.09,No
CUST-0012493,Female,0,No,No,51,Yes,Yes,Fiber optic,No,No,Yes,No,No,No,Month-to-month,Yes,Mailed check,117.64,,No
CUST-0012494,Female,0,No,Yes,16,Yes,No,Fiber optic,Yes,No,No,No,Yes,Yes,One year,Yes,Electronic check,114.16,1804.7,No
CUST-0012495,Female,0,Yes,No,2,Yes,No,Fiber optic,No,No,No,Yes,No,Yes,Two year,Yes,Mailed check,100.8,217.65,Yes
CUST-0012496,Male,0,No,No,3,Yes,Yes,DSL,No,No,No,No,No,No,Month-to-month,No,Electronic check,77.53,284.7,Yes
CUST-0012497,Male,0,No,No,1,Yes,Yes,Fiber optic,No,Yes,Yes,No,No,No,Month-to-month,Yes,Electronic check,93.26,134.99,No
CUST-0012498,Male,1,Yes,No,15,Yes,No,DSL,No,No,No,Yes,Yes,No,One year,Yes,Electronic check,65.54,988.92,Yes
CUST-0012499,Female,0,No,Yes,1,Yes,Yes,Fiber optic,No,No,No,No,No,No,Month-to-month,No,Electronic check,50.85,38.54,No
CUST-0012500,Female,0,No,Yes,49,Yes,No,Fiber optic,No,No,Yes,No,No,No,Month-to-month,No,Mailed check,86.09,4196.58,No
CUST-0012501,Female,1,Yes,No,8,Yes,Yes,Fiber optic,No,No,Yes,No,Yes,No,Month-to-month,No,Credit card (automatic),71.51,521.95,No
CUST-0012502,Male,0,Yes,No,3,Yes,No,Fiber optic,No,Yes,No,No,Yes,No,Month-to-month,Yes,Mailed check,83.73,249.48,No
CUST-0012503,Female,0,No,No,3,No,No phone service,DSL,No,Yes,Yes,No,No,No,Month-to-month,No,Mailed check,113.77,362.8,Yes
CUST-0012504,Female,0,No,No,51,Yes,No,DSL,No,Yes,No,No,No,Yes,Month-to-month,Yes,Electronic check,70.48,3577.84,No
CUST-0012505,Male,0,No,No,1,Yes,No,DSL,No,Yes,No,No,No,No,Month-to-month,Yes,Mailed check,85.56,77.08,No
CUST-0012506,Male,1,No,Yes,28,Yes,Yes,Fiber optic,Yes,Yes,No,Yes,Yes,No,Month-to-month,Yes,Bank transfer (automatic),44.64,1250.18,Yes
CUST-0012507,Female,0,No,No,29,Yes,No,DSL,Yes,No,No,No,No,Yes,One year,No,Bank transfer (automatic),78.73,2304.91,Yes
CUST-0012508,Female,0,No,Yes,20,Yes,Yes,Fiber optic,No,No,No,No,No,No,Month-to-month,Yes,Credit card (automatic),92.69,,No
CUST-0012509,Male,0,Yes,No,7,No,No phone service,No,No internet service,No internet service,No internet service,No internet service,No internet service,No internet service,One year,Yes,Mailed check,72.01,549.6,No
CUST-0012510,Female,0,Yes,Yes,23,Yes,No,DSL,No,No,No,Yes,Yes,Yes,One year,Yes,Electronic check,77.65,1771.27,No
CUST-0012511,Female,0,No,Yes,27,Yes,No,Fiber optic,No,No,No,No,No,Yes,Month-to-month,Yes,Credit card (automatic),84.61,2250.35,No
CUST-0012512,Male,0,No,Yes,11,No,No phone service,Fiber optic,No,No,Yes,No,Yes,Yes,Month-to-month,Yes,Credit card (automatic),97.09,1085.07,Yes
CUST-0012513,Male,0,Yes,No,2,Yes,No,Fiber optic,No,No,Yes,No,No,Yes,One year,No,Credit card (automatic),75.81,120.17,Yes
CUST-0012514,Female,0,No,Yes,72,Yes,Yes,Fiber optic,No,No,Yes,No,Yes,No,Month-to-month,Yes,Electronic check,93.6,6776.17,Yes
CUST-0012515,Male,0,No,No,44,Yes,No,Fiber optic,No,No,No,No,No,Yes,One year,No,Electronic check,106.5,4683.85,No
CUST-0012516,Male,0,Yes,No,22,Yes,No,Fiber optic,No,No,No,Yes,No,Yes,Month-to-month,Yes,Electronic check,72.21,1618.5,No
CUST-0012517,Male,1,Yes,No,11,Yes,Yes,Fiber optic,No,No,No,Yes,No,No,Month-to-month,No,Bank transfer (automatic),118.75,1327.66,No
CUST-0012518,Female,1,Yes,No,26,Yes,No,Fiber optic,Yes,No,No,Yes,No,Yes,Month-to-month,Yes,Mailed check,87.76,2308.6,No
CUST-0012519,Female,1,Yes,Yes,20,Yes,Yes,No,No internet service,No internet service,No internet service,No internet service,No internet service,No internet service,Month-to-month,No,Credit card (automatic),88.01,1734.68,No
CUST-0012520,Male,0,No,No,62,Yes,Yes,Fiber optic,No,No,Yes,No,Yes,Yes,One year,Yes,Credit card (automatic),52.42,3255.45,No
CUST-0012521,Male,1,Yes,No,15,Yes,No,Fiber optic,No,Yes,No,Yes,No,Yes,Two year,Yes,Electronic check,81.59,1230.72,No
CUST-0012522,Male,0,No,Yes,30,No,No phone service,Fiber optic,No,No,No,No,No,No,One year,No,Electronic check,50.66,1488.18,No
CUST-0012523,Female,0,Yes,No,8,Yes,Yes,DSL,No,No,Yes,No,Yes,No,Month-to-month,Yes,Bank transfer (automatic),107.05,849.43,Yes
CUST-0012524,Male,1,Yes,Yes,36,Yes,No,DSL,No,No,Yes,Yes,Yes,Yes,Month-to-month,No,Mailed check,96.08,3451.87,Yes
CUST-0012525,Female,1,Yes,No,29,Yes,Yes,No,No internet service,No internet service,No internet service,No internet service,No internet service,No internet service,Month-to-month,No,Electronic check,90.3,2653.9,No
CUST-0012526,Male,0,Yes,No,10,No,No phone service,Fiber optic,No,No,No,No,Yes,Yes,Two year,Yes,Mailed check,75.21,800.47,No
CUST-0012527,Female,1,No,No,0,Yes,No,Fiber optic,No,Yes,No,No,No,No,Month-to-month,Yes,Mailed check,84.73,,Yes
CUST-0012528,Male,0,No,No,17,Yes,No,Fiber optic,No,Yes,No,No,Yes,No,Two year,Yes,Bank transfer (automatic),93.14,,Yes
CUST-0012529,Female,0,Yes,No,72,Yes,Yes,Fiber optic,No,Yes,No,No,No,No,Two year,Yes,Bank transfer (automatic),91.19,6580.24,No
CUST-0012530,Female,0,No,Yes,6,Yes,Yes,Fiber optic,No,Yes,Yes,No,No,No,Month-to-month,Yes,Credit card (automatic),118.75,703.29,No
CUST-0012531,Male,0,Yes,No,44,Yes,No,Fiber optic,No,Yes,No,No,No,No,Month-to-month,Yes,Electronic check,116.01,5106.66,No
CUST-0012532,Female,0,Yes,No,8,Yes,No,DSL,No,No,No,No,Yes,No,Month-to-month,Yes,Mailed check,90.31,697.58,No
CUST-0012533,Male,0,No,No,0,Yes,No,DSL,No,No,Yes,No,Yes,No,Month-to-month,Yes,Credit card (automatic),118.75,,No
CUST-0012534,Female,0,Yes,No,1,Yes,No,DSL,Yes,Yes,Yes,No,No,No,Month-to-month,Yes,Credit card (automatic),90.07,96.1,No
CUST-0012535,Male,0,Yes,Yes,1,Yes,No,No,No internet service,No internet service,No internet service,No internet service,No internet service,No internet service,Two year,Yes,Bank transfer (automatic),69.5,74.29,No
CUST-0012536,Male,0,Yes,No,38,Yes,No,DSL,No,No,Yes,No,Yes,Yes,Month-to-month,No,Electronic check,80.43,3059.73,No
CUST-0012537,Female,1,Yes,No,72,Yes,No,Fiber optic,No,Yes,Yes,No,Yes,No,Month-to-month,No,Credit card (automatic),118.75,8543.74,No
CUST-0012538,Male,1,Yes,No,40,Yes,No,No,No internet service,No internet service,No internet service,No internet service,No internet service,No internet service,Month-to-month,No,Electronic check,85.46,3370.99,No
CUST-0012539,Male,0,No,No,6,Yes,No,Fiber optic,No,Yes,No,No,No,No,Month-to-month,No,Credit card (automatic),60.71,386.9,No
CUST-0012540,Male,1,No,No,22,Yes,No,Fiber optic,No,No,No,No,No,No,Month-to-month,No,Electronic check,68.78,,No
CUST-0012541,Female,0,No,Yes,6,Yes,No,DSL,No,Yes,No,Yes,No,Yes,Month-to-month,No,Electronic check,67.68,459.55,Yes
CUST-0012542,Female,1,Yes,No,1,Yes,Yes,Fiber optic,Yes,No,Yes,Yes,No,Yes,Month-to-month,Yes,Electronic check,99.77,92.8,Yes
CUST-0012543,Male,0,No,Yes,16,Yes,No,Fiber optic,Yes,No,No,No,No,Yes,Month-to-month,Yes,Bank transfer (automatic),77.72,1235.49,No
CUST-0012544,Male,0,No,Yes,20,Yes,No,Fiber optic,No,No,No,No,No,No,Month-to-month,Yes,Bank transfer (automatic),118.75,2408.36,No
CUST-0012545,Male,0,No,No,34,Yes,No,DSL,No,Yes,No,No,No,No,Month-to-month,Yes,Electronic check,54.56,1857.21,Yes
CUST-0012546,Male,0,No,No,38,Yes,No,Fiber optic,No,Yes,No,No,Yes,No,Month-to-month,Yes,Credit card (automatic),92.21,3507.16,Yes
CUST-0012547,Male,1,No,No,1,Yes,No,Fiber optic,No,No,Yes,No,Yes,No,One year,Yes,Bank transfer (automatic),109.94,103.7,No
CUST-0012548,Female,0,Yes,No,19,Yes,No,Fiber optic,No,No,No,Yes,Yes,No,Month-to-month,Yes,Electronic check,118.75,2255.67,Yes
CUST-0012549,Male,0,No,Yes,8,Yes,Yes,No,No internet service,No internet service,No internet service,No internet service,No internet service,No internet service,Month-to-month,Yes,Mailed check,66.64,552.3,No
CUST-0012550,Female,1,Yes,No,25,Yes,No,Fiber optic,Yes,Yes,No,No,No,Yes,Month-to-month,No,Electronic check,96.93,2428.77,No
CUST-0012551,Male,0,Yes,Yes,9,Yes,No,Fiber optic,No,Yes,No,No,No,Yes,Month-to-month,No,Credit card (automatic),101.84,898.71,Yes
CUST-0012552,Female,0,No,No,21,Yes,No,No,No internet service,No internet service,No internet service,No internet service,No internet service,No internet service,Two year,Yes,Bank transfer (automatic),114.53,2385.23,No
CUST-0012553,Male,0,No,Yes,7,Yes,Yes,DSL,No,No,No,No,No,No,One year,Yes,Electronic check,114.26,778.13,Yes
CUST-0012554,Male,0,No,No,48,Yes,Yes,Fiber optic,No,No,No,Yes,No,Yes,Two year,No,Mailed check,103.4,4983.42,No
CUST-0012555,Female,0,Yes,No,4,Yes,Yes,No,No internet service,No internet service,No internet service,No internet service,No internet service,No internet service,One year,Yes,Bank transfer (automatic),96.39,378.06,No
CUST-0012556,Male,0,Yes,No,36,Yes,No,Fiber optic,No,No,No,No,No,No,Month-to-month,No,Bank transfer (automatic),44.07,1603.24,No
CUST-0012557,Female,1,Yes,Yes,13,Yes,Yes,Fiber optic,No,Yes,No,No,Yes,No,Month-to-month,Yes,Bank transfer (automatic),83.47,1058.15,No
CUST-0012558,Female,0,Yes,Yes,11,Yes,No,Fiber optic,No,No,No,No,No,No,Month-to-month,Yes,Mailed check,83.95,935.9,No
CUST-0012559,Male,0,No,No,25,Yes,No,No,No internet service,No internet service,No internet service,No internet service,No internet service,No internet service,Month-to-month,Yes,Electronic check,86.43,2180.7,No
CUST-0012560,Male,0,No,Yes,72,Yes,Yes,DSL,No,No,No,No,No,No,Month-to-month,Yes,Bank transfer (automatic),62.31,4544.29,No
CUST-0012561,Male,1,No,No,2,Yes,Yes,Fiber optic,No,No,No,Yes,No,Yes,Month-to-month,Yes,Bank transfer (automatic),106.14,257.06,No
CUST-0012562,Female,0,Yes,No,38,Yes,No,Fiber optic,No,No,No,Yes,No,Yes,One year,No,Credit card (automatic),70.56,2685.17,Yes
CUST-0012563,Female,0,Yes,Yes,3,Yes,Yes,DSL,No,Yes,No,Yes,Yes,No,One year,Yes,Credit card (automatic),118.75,363.42,Yes
CUST-0012564,Male,0,Yes,No,38,No,No phone service,DSL,Yes,No,Yes,No,No,No,Month-to-month,Yes,Electronic check,111.19,4214.22,No
CUST-0012565,Female,0,Yes,No,51,Yes,No,DSL,Yes,No,Yes,Yes,No,No,Month-to-month,No,Mailed check,55.25,2830.59,Yes
CUST-0012566,Female,1,No,No,14,Yes,No,Fiber optic,No,No,No,Yes,No,Yes,Month-to-month,Yes,Credit card (automatic),90.1,1267.46,Yes
CUST-0012567,Female,0,No,No,25,Yes,No,Fiber optic,No,Yes,No,Yes,No,No,Month-to-month,Yes,Credit card (automatic),94.23,2308.38,No
CUST-0012568,Male,0,Yes,No,34,No,No phone service,Fiber optic,No,Yes,No,Yes,Yes,No,Month-to-month,No,Bank transfer (automatic),118.06,4052.92,No
CUST-0012569,Male,0,No,No,15,Yes,No,DSL,No,No,No,No,No,No,One year,No,Credit card (automatic),111.04,1660.53,Yes
CUST-0012570,Male,1,No,No,6,No,No phone service,No,No internet service,No internet service,No internet service,No internet service,No internet service,No internet service,Month-to-month,No,Credit card (automatic),102.22,605.21,Yes
CUST-0012571,Female,1,No,No,31,Yes,Yes,No,No internet service,No internet service,No internet service,No internet service,No internet service,No internet service,Month-to-month,Yes,Bank transfer (automatic),99.04,3074.59,No
CUST-0012572,Male,0,Yes,Yes,61,Yes,Yes,Fiber optic,No,Yes,No,No,No,No,Two year,Yes,Electronic check,85.16,5169.84,Yes
CUST-0012573,Male,0,Yes,No,50,Yes,Yes,Fiber optic,No,No,Yes,No,No,No,Month-to-month,Yes,Electronic check,103.53,5159.22,Yes
CUST-0012574,Female,1,Yes,No,2,Yes,Yes,Fiber optic,No,No,Yes,Yes,No,Yes,One year,Yes,Electronic check,24.48,73.72,No
CUST-0012575,Male,0,No,No,39,Yes,Yes,Fiber optic,No,No,No,No,No,No,One year,No,Mailed check,92.81,3613.64,No
CUST-0012576,Male,0,No,No,0,Yes,Yes,Fiber optic,No,No,Yes,No,No,No,Month-to-month,No,Mailed check,52.03,,No
CUST-0012577,Male,0,Yes,Yes,9,Yes,No,No,No internet service,No internet service,No internet service,No internet service,No internet service,No internet service,One year,Yes,Electronic check,118.75,1076.0,No
CUST-0012578,Female,0,No,No,24,Yes,No,DSL,No,No,Yes,Yes,No,No,Month-to-month,No,Credit card (automatic),72.36,1767.48,Yes
CUST-0012579,Male,0,Yes,Yes,8,No,No phone service,DSL,Yes,No,No,No,Yes,No,Two year,Yes,Electronic check,95.88,777.67,No
CUST-0012580,Male,0,Yes,Yes,46,Yes,No,Fiber optic,No,No,No,No,No,No,Two year,No,Credit card (automatic),72.26,3336.51,No
CUST-0012581,Female,0,Yes,No,19,Yes,No,Fiber optic,No,No,No,No,No,No,Month-to-month,Yes,Credit card (automatic),85.41,1644.05,Yes
CUST-0012582,Female,0,No,No,21,Yes,Yes,DSL,Yes,Yes,Yes,No,No,No,Month-to-month,No,Bank transfer (automatic),112.63,2342.7,No
CUST-0012583,Female,0,No,No,55,No,No phone service,Fiber optic,No,Yes,Yes,Yes,No,No,One year,No,Mailed check,114.19,6314.63,Yes
CUST-0012584,Male,1,No,No,24,Yes,Yes,Fiber optic,Yes,No,No,No,No,No,Month-to-month,No,Electronic check,55.19,,Yes
CUST-0012585,Male,0,Yes,No,28,Yes,Yes,DSL,Yes,No,No,No,Yes,No,Month-to-month,No,Mailed check,113.0,3183.65,Yes
CUST-0012586,Female,1,Yes,No,11,Yes,No,Fiber optic,No,No,No,No,No,No,One year,No,Electronic check,80.88,,Yes
CUST-0012587,Female,0,Yes,No,11,Yes,No,Fiber optic,No,No,No,Yes,No,No,Month-to-month,No,Electronic check,76.0,869.22,Yes
CUST-0012588,Male,0,No,No,56,Yes,Yes,Fiber optic,No,Yes,No,No,No,Yes,Two year,Yes,Credit card (automatic),67.6,3788.38,Yes
CUST-0012589,Female,0,Yes,No,36,Yes,No,Fiber optic,No,Yes,Yes,No,No,No,Month-to-month,Yes,Credit card (automatic),118.75,,No
CUST-0012590,Female,0,No,Yes,2,Yes,Yes,DSL,Yes,No,No,No,Yes,Yes,Month-to-month,No,Credit card (automatic),74.66,115.34,No
CUST-0012591,Male,0,Yes,No,0,Yes,Yes,No,No internet service,No internet service,No internet service,No internet service,No internet service,No internet service,Month-to-month,No,Electronic check,76.29,,Yes
CUST-0012592,Female,0,No,No,67,No,No phone service,DSL,No,No,No,No,No,No,Month-to-month,No,Electronic check,37.24,2479.01,No
CUST-0012593,Male,1,No,No,9,Yes,No,Fiber optic,Yes,No,Yes,No,Yes,Yes,One year,Yes,Credit card (automatic),83.43,780.26,No
CUST-0012594,Female,1,Yes,Yes,56,No,No phone service,Fiber optic,No,No,No,Yes,No,No,Two year,Yes,Electronic check,73.07,4090.6,Yes
CUST-0012595,Male,0,No,Yes,26,Yes,No,DSL,Yes,Yes,No,No,No,No,Two year,No,Electronic check,99.26,2591.54,No
CUST-0012596,Male,0,Yes,No,17,Yes,No,Fiber optic,No,No,Yes,No,No,No,Two year,Yes,Electronic check,118.75,1980.13,No
CUST-0012597,Female,0,No,No,18,Yes,No,No,No internet service,No internet service,No internet service,No internet service,No internet service,No internet service,Month-to-month,Yes,Electronic check,114.76,2045.66,No
CUST-0012598,Female,1,Yes,Yes,4,Yes,Yes,Fiber optic,No,Yes,Yes,No,No,Yes,Month-to-month,No,Credit card (automatic),69.66,272.73,No
CUST-0012599,Female,1,Yes,No,52,Yes,No,Fiber optic,Yes,No,No,No,No,No,Month-to-month,Yes,Mailed check,113.56,5924.59,No
CUST-0012600,Female,0,Yes,No,54,No,No phone service,DSL,No,No,No,No,Yes,Yes,Month-to-month,No,Electronic check,100.89,5465.28,No
CUST-0012601,Female,0,No,Yes,0,No,No phone service,Fiber optic,No,No,No,No,No,No,Month-to-month,Yes,Mailed check,51.67,,No
CUST-0012602,Male,0,No,Yes,6,Yes,No,DSL,No,No,No,Yes,No,No,One year,Yes,Electronic check,98.68,609.25,Yes
CUST-0012603,Male,0,No,No,58,Yes,Yes,Fiber optic,Yes,No,Yes,No,No,Yes,One year,Yes,Credit card (automatic),118.75,6874.51,No
CUST-0012604,Female,0,Yes,No,72,Yes,Yes,Fiber optic,No,No,Yes,No,Yes,Yes,Month-to-month,Yes,Electronic check,118.75,8575.72,No
CUST-0012605,Female,0,No,Yes,1,No,No phone service,DSL,No,Yes,No,No,No,Yes,Month-to-month,Yes,Credit card (automatic),90.35,,No
CUST-0012606,Male,0,Yes,Yes,3,Yes,No,DSL,No,No,No,No,Yes,Yes,Two year,Yes,Mailed check,59.99,185.29,No
CUST-0012607,Male,0,Yes,No,12,Yes,Yes,No,No internet service,No internet service,No internet service,No internet service,No internet service,No internet service,Month-to-month,Yes,Electronic check,118.75,1435.77,No
CUST-0012608,Female,0,Yes,No,10,Yes,No,Fiber optic,No,No,No,No,Yes,Yes,One year,Yes,Electronic check,118.75,1202.31,No
CUST-0012609,Male,0,Yes,No,59,Yes,No,No,No internet service,No internet service,No internet service,No internet service,No internet service,No internet service,Month-to-month,No,Electronic check,97.64,5712.26,Yes
CUST-0012610,Female,1,No,Yes,31,Yes,No,Fiber optic,No,No,No,Yes,No,Yes,Month-to-month,No,Credit card (automatic),51.3,1581.65,No
CUST-0012611,Female,0,Yes,No,23,Yes,Yes,DSL,No,Yes,Yes,No,Yes,Yes,Month-to-month,Yes,Credit card (automatic),73.82,1697.01,Yes
CUST-0012612,Female,0,Yes,No,20,Yes,Yes,DSL,No,No,Yes,No,No,No,Month-to-month,Yes,Credit card (automatic),73.94,1423.08,No
CUST-0012613,Male,0,No,Yes,1,No,No phone service,Fiber optic,Yes,No,Yes,Yes,No,No,Month-to-month,Yes,Bank transfer (automatic),79.96,53.32,No
CUST-0012614,Male,0,Yes,Yes,10,Yes,No,DSL,No,Yes,No,Yes,No,No,Month-to-month,No,Mailed check,79.79,768.39,No
CUST-0012615,Female,0,Yes,No,72,Yes,Yes,No,No internet service,No internet service,No internet service,No internet service,No internet service,No internet service,Month-to-month,No,Electronic check,113.71,8162.53,No
CUST-0012616,Male,0,Yes,No,64,Yes,Yes,Fiber optic,No,No,No,No,Yes,Yes,One year,No,Mailed check,100.33,6421.82,No
CUST-0012617,Male,0,No,No,23,Yes,Yes,Fiber optic,Yes,Yes,Yes,No,Yes,Yes,Month-to-month,Yes,Bank transfer (automatic),72.92,1691.63,No
CUST-0012618,Male,0,Yes,No,58,Yes,No,Fiber optic,No,Yes,Yes,No,Yes,No,One year,Yes,Electronic check,91.34,5271.97,Yes
CUST-0012619,Male,0,Yes,No,2,Yes,No,DSL,No,No,No,No,Yes,Yes,Two year,No,Electronic check,82.23,181.85,No
CUST-0012620,Male,0,No,Yes,72,Yes,Yes,No,No internet service,No internet service,No internet service,No internet service,No internet service,No internet service,Month-to-month,Yes,Credit card (automatic),59.2,4252.43,No
CUST-0012621,Female,0,Yes,Yes,14,Yes,No,DSL,No,Yes,No,Yes,No,No,Month-to-month,No,Credit card (automatic),117.04,1631.97,No
CUST-0012622,Male,0,No,No,34,Yes,No,No,No internet service,No internet service,No internet service,No internet service,No internet service,No internet service,Month-to-month,Yes,Mailed check,97.6,3337.97,No
CUST-0012623,Male,0,No,No,3,No,No phone service,DSL,No,No,No,Yes,No,Yes,One year,Yes,Electronic check,91.23,225.85,Yes
CUST-0012624,Male,0,Yes,Yes,14,Yes,Yes,DSL,No,No,No,No,No,No,Month-to-month,Yes,Bank transfer (automatic),96.17,,No
CUST-0012625,Male,0,Yes,Yes,46,Yes,Yes,Fiber optic,No,Yes,No,No,No,No,Month-to-month,Yes,Bank transfer (automatic),62.51,2903.65,No
CUST-0012626,Female,0,No,No,37,Yes,No,No,No internet service,No internet service,No internet service,No internet service,No internet service,No internet service,Month-to-month,No,Mailed check,63.33,2319.15,No
CUST-0012627,Female,0,Yes,No,12,Yes,Yes,Fiber optic,Yes,No,No,No,Yes,Yes,Month-to-month,Yes,Electronic check,100.89,1187.49,Yes
CUST-0012628,Male,0,No,No,19,Yes,Yes,No,No internet service,No internet service,No internet service,No internet service,No internet service,No internet service,Month-to-month,Yes,Bank transfer (automatic),55.25,1055.15,No
CUST-0012629,Male,0,Yes,Yes,72,Yes,Yes,Fiber optic,No,Yes,No,No,No,No,One year,Yes,Mailed check,75.51,5460.46,No
CUST-0012630,Female,0,Yes,No,14,Yes,Yes,DSL,No,No,No,Yes,Yes,Yes,Month-to-month,Yes,Electronic check,91.5,1288.05,No
CUST-0012631,Male,0,No,No,16,No,No phone service,DSL,No,No,No,Yes,No,Yes,One year,Yes,Electronic check,86.8,1401.17,Yes
CUST-0012632,Male,0,Yes,Yes,9,Yes,Yes,Fiber optic,No,No,Yes,No,No,No,Two year,Yes,Mailed check,76.38,670.85,No
CUST-0012633,Female,0,Yes,No,18,No,No phone service,Fiber optic,Yes,No,No,Yes,Yes,Yes,Month-to-month,No,Mailed check,118.75,2098.14,Yes
CUST-0012634,Female,0,Yes,Yes,12,Yes,No,No,No internet service,No internet service,No internet service,No internet service,No internet service,No internet service,Month-to-month,No,Electronic check,66.54,789.02,No
CUST-0012635,Male,0,No,Yes,32,Yes,No,Fiber optic,No,No,Yes,No,No,No,Month-to-month,No,Electronic check,110.38,3539.21,Yes
CUST-0012636,Female,0,Yes,No,4,Yes,Yes,Fiber optic,No,No,No,No,Yes,No,Month-to-month,Yes,Bank transfer (automatic),118.75,474.09,No
CUST-0012637,Male,0,Yes,No,61,Yes,No,Fiber optic,No,No,Yes,No,Yes,No,Month-to-month,No,Credit card (automatic),112.27,6881.61,No
CUST-0012638,Male,0,No,Yes,1,Yes,Yes,No,No internet service,No internet service,No internet service,No internet service,No internet service,No internet service,Month-to-month,No,Electronic check,58.22,74.76,No
CUST-0012639,Male,0,No,No,30,Yes,No,Fiber optic,Yes,No,No,No,Yes,Yes,Month-to-month,No,Electronic check,114.48,3423.61,No
CUST-0012640,Male,0,No,No,8,Yes,No,Fiber optic,Yes,No,No,No,No,No,Two year,No,Credit card (automatic),64.8,520.21,No
CUST-0012641,Male,0,Yes,Yes,14,Yes,No,Fiber optic,Yes,Yes,Yes,No,Yes,Yes,Two year,No,Credit card (automatic),71.7,1021.05,No
CUST-0012642,Male,0,No,No,10,Yes,Yes,DSL,No,No,No,No,No,Yes,Month-to-month,Yes,Credit card (automatic),97.38,966.66,Yes
CUST-0012643,Female,0,Yes,No,10,Yes,Yes,No,No internet service,No internet service,No internet service,No internet service,No internet service,No internet service,Month-to-month,No,Electronic check,64.04,639.2,No
CUST-0012644,Male,0,Yes,No,2,No,No phone service,Fiber optic,No,Yes,No,Yes,No,No,Month-to-month,Yes,Bank transfer (automatic),76.74,168.69,No
CUST-0012645,Female,0,No,No,12,No,No phone service,Fiber optic,Yes,Yes,Yes,Yes,No,No,One year,No,Electronic check,118.75,1426.48,No
CUST-0012646,Female,0,No,Yes,9,Yes,No,Fiber optic,Yes,No,No,No,No,Yes,One year,Yes,Credit card (automatic),65.37,602.34,Yes
CUST-0012647,Male,0,No,No,60,Yes,Yes,DSL,No,No,No,Yes,No,No,Month-to-month,Yes,Electronic check,103.58,6210.15,Yes
CUST-0012648,Female,0,Yes,Yes,49,Yes,Yes,Fiber optic,Yes,Yes,No,No,No,Yes,Month-to-month,No,Electronic check,76.7,3732.96,No
CUST-0012649,Female,1,No,Yes,18,Yes,Yes,Fiber optic,Yes,No,No,No,No,Yes,Month-to-month,Yes,Electronic check,118.75,2157.21,No
CUST-0012650,Female,0,Yes,No,26,Yes,No,DSL,No,No,No,Yes,No,No,Month-to-month,Yes,Mailed check,56.8,1471.54,Yes
CUST-0012651,Female,0,No,No,14,Yes,Yes,Fiber optic,No,No,No,No,Yes,Yes,One year,Yes,Electronic check,28.71,398.81,Yes
CUST-0012652,Female,0,No,No,3,Yes,Yes,No,No internet service,No internet service,No internet service,No internet service,No internet service,No internet service,Two year,No,Electronic check,93.91,260.9,No
CUST-0012653,Female,0,Yes,No,12,Yes,No,Fiber optic,No,No,No,No,No,No,Two year,Yes,Bank transfer (automatic),91.35,1067.36,No
CUST-0012654,Male,0,Yes,Yes,45,Yes,No,No,No internet service,No internet service,No internet service,No internet service,No internet service,No internet service,One year,No,Electronic check,117.34,5323.76,Yes
CUST-0012655,Female,1,Yes,No,47,Yes,No,DSL,Yes,No,No,Yes,No,Yes,Month-to-month,No,Credit card (automatic),116.32,5424.65,No
CUST-0012656,Male,1,Yes,No,27,Yes,Yes,Fiber optic,No,Yes,Yes,No,No,No,Month-to-month,Yes,Credit card (automatic),76.49,2073.79,Yes
CUST-0012657,Female,1,No,No,31,Yes,Yes,DSL,No,No,Yes,Yes,No,Yes,Month-to-month,No,Bank transfer (automatic),84.54,2647.53,Yes
CUST-0012658,Female,0,No,No,47,Yes,Yes,No,No internet service,No internet service,No internet service,No internet service,No internet service,No internet service,Month-to-month,No,Electronic check,118.75,5546.22,Yes
CUST-0012659,Male,0,Yes,Yes,30,No,No phone service,Fiber optic,No,No,No,Yes,No,No,Month-to-month,No,Mailed check,75.68,2232.34,Yes
CUST-0012660,Female,0,No,Yes,2,Yes,No,DSL,No,Yes,Yes,Yes,No,No,Month-to-month,Yes,Electronic check,61.3,121.94,No
CUST-0012661,Female,0,No,No,54,Yes,Yes,Fiber optic,No,No,No,Yes,Yes,No,One year,Yes,Mailed check,96.72,5230.81,Yes
CUST-0012662,Male,0,Yes,No,20,No,No phone service,DSL,No,No,Yes,Yes,Yes,No,Two year,Yes,Electronic check,114.25,2262.96,No
CUST-0012663,Male,0,Yes,Yes,12,Yes,Yes,No,No internet service,No internet service,No internet service,No internet service,No internet service,No internet service,Month-to-month,Yes,Credit card (automatic),118.75,1463.01,No
CUST-0012664,Female,0,Yes,No,18,Yes,Yes,DSL,No,No,No,Yes,Yes,Yes,Two year,Yes,Electronic check,66.62,1239.5,Yes
CUST-0012665,Female,0,No,No,26,Yes,No,Fiber optic,No,No,No,No,No,Yes,Month-to-month,No,Credit card (automatic),49.32,1283.12,No
CUST-0012666,Male,0,Yes,No,72,Yes,Yes,DSL,No,No,Yes,No,Yes,No,Month-to-month,No,Mailed check,71.18,5145.46,Yes
CUST-0012667,Male,0,No,Yes,0,Yes,Yes,Fiber optic,Yes,No,Yes,No,Yes,Yes,Month-to-month,Yes,Bank transfer (automatic),70.65,,Yes
CUST-0012668,Female,0,No,No,51,No,No phone service,No,No internet service,No internet service,No internet service,No internet service,No internet service,No internet service,Month-to-month,Yes,Bank transfer (automatic),43.46,2198.24,No
CUST-0012669,Male,0,Yes,No,20,Yes,Yes,DSL,No,Yes,Yes,No,No,No,Month-to-month,Yes,Mailed check,118.75,2361.22,No
CUST-0012670,Female,0,Yes,No,10,Yes,No,DSL,No,Yes,No,No,No,No,Month-to-month,Yes,Bank transfer (automatic),85.21,837.07,No
CUST-0012671,Male,0,Yes,No,46,Yes,Yes,DSL,No,No,Yes,No,Yes,Yes,Two year,Yes,Electronic check,87.12,4031.46,No
CUST-0012672,Male,0,No,Yes,11,Yes,No,Fiber optic,No,No,No,Yes,No,No,Month-to-month,No,Mailed check,116.31,1277.93,No
CUST-0012673,Female,0,Yes,No,5,No,No phone service,DSL,No,No,Yes,No,No,No,Month-to-month,Yes,Credit card (automatic),84.7,446.76,Yes
CUST-0012674,Male,0,No,Yes,2,Yes,No,DSL,No,No,Yes,No,No,No,One year,No,Electronic check,94.56,195.83,No
CUST-0012675,Female,0,No,Yes,72,Yes,Yes,DSL,No,No,No,No,Yes,No,Month-to-month,Yes,Electronic check,102.09,7315.0,No
CUST-0012676,Female,1,No,No,5,Yes,No,No,No internet service,No internet service,No internet service,No internet service,No internet service,No internet service,Month-to-month,No,Bank transfer (automatic),105.7,566.74,No
CUST-0012677,Female,0,Yes,No,57,Yes,No,Fiber optic,No,No,Yes,No,No,Yes,Month-to-month,No,Credit card (automatic),73.47,4202.95,No
CUST-0012678,Female,0,Yes,No,34,Yes,Yes,Fiber optic,No,Yes,No,No,No,No,Month-to-month,Yes,Bank transfer (automatic),92.99,3133.46,Yes
CUST-0012679,Female,0,Yes,No,3,Yes,Yes,DSL,No,No,No,Yes,No,No,Month-to-month,No,Credit card (automatic),51.07,191.08,No
CUST-0012680,Male,0,Yes,No,14,Yes,Yes,DSL,No,Yes,No,No,No,No,Month-to-month,Yes,Electronic check,58.78,800.6,Yes
CUST-0012681,Female,0,Yes,No,72,Yes,Yes,No,No internet service,No internet service,No internet service,No internet service,No internet service,No internet service,Month-to-month,No,Electronic check,95.41,6862.19,Yes
CUST-0012682,Male,0,Yes,No,8,No,No phone service,Fiber optic,Yes,Yes,No,No,No,No,Month-to-month,Yes,Bank transfer (automatic),77.75,620.44,Yes
CUST-0012683,Female,0,Yes,No,3,Yes,No,Fiber optic,Yes,No,No,Yes,Yes,Yes,Month-to-month,No,Mailed check,118.75,408.41,No
CUST-0012684,Female,1,No,No,14,Yes,Yes,Fiber optic,No,Yes,Yes,Yes,Yes,Yes,Month-to-month,Yes,Mailed check,73.04,,No
CUST-0012685,Male,0,No,No,23,Yes,Yes,DSL,No,No,Yes,No,Yes,No,One year,No,Electronic check,75.08,1717.53,No
CUST-0012686,Female,0,Yes,Yes,10,Yes,Yes,Fiber optic,Yes,Yes,No,No,No,Yes,Month-to-month,Yes,Electronic check,108.99,1106.83,No
CUST-0012687,Male,0,Yes,No,24,Yes,Yes,Fiber optic,No,No,No,No,No,Yes,Month-to-month,No,Credit card (automatic),101.86,2459.88,Yes
CUST-0012688,Male,0,Yes,Yes,13,Yes,No,DSL,No,Yes,No,No,No,Yes,One year,No,Credit card (automatic),93.82,1216.23,No
CUST-0012689,Female,0,Yes,No,11,Yes,No,Fiber optic,Yes,No,No,No,Yes,No,Month-to-month,Yes,Mailed check,73.59,846.73,No
CUST-0012690,Female,0,No,No,16,Yes,No,Fiber optic,Yes,No,No,No,No,Yes,Month-to-month,No,Mailed check,87.16,1377.6,Yes
CUST-0012691,Male,0,Yes,No,9,Yes,No,Fiber optic,No,No,No,No,No,Yes,Month-to-month,Yes,Bank transfer (automatic),98.47,897.89,Yes
CUST-0012692,Female,0,Yes,No,72,Yes,Yes,No,No internet service,No internet service,No internet service,No internet service,No internet service,No internet service,Two year,Yes,Mailed check,97.32,7028.06,Yes
CUST-0012693,Female,1,No,No,5,Yes,No,Fiber optic,No,No,No,No,No,No,Month-to-month,No,Credit card (automatic),78.86,400.42,No
CUST-0012694,Female,0,Yes,No,12,Yes,No,DSL,No,Yes,No,No,Yes,No,Month-to-month,Yes,Credit card (automatic),51.41,612.68,No
CUST-0012695,Female,0,No,No,22,Yes,No,No,No internet service,No internet service,No internet service,No internet service,No internet service,No internet service,Month-to-month,No,Bank transfer (automatic),106.06,2366.75,No
CUST-0012696,Male,0,Yes,Yes,15,Yes,Yes,DSL,No,No,No,No,Yes,No,Two year,Yes,Electronic check,89.91,1351.77,No
CUST-0012697,Female,0,Yes,Yes,17,Yes,Yes,DSL,No,No,No,No,Yes,No,One year,No,Electronic check,118.75,2032.57,Yes
CUST-0012698,Male,0,No,No,3,Yes,No,DSL,No,No,No,No,No,Yes,Month-to-month,Yes,Electronic check,72.8,206.89,Yes
CUST-0012699,Female,0,No,Yes,1,Yes,No,Fiber optic,Yes,Yes,No,No,Yes,Yes,Month-to-month,Yes,Electronic check,118.75,150.92,No
CUST-0012700,Female,0,No,Yes,8,Yes,Yes,Fiber optic,No,No,No,No,Yes,Yes,Month-to-month,Yes,Bank transfer (automatic),116.13,906.61,No
CUST-0012701,Female,0,No,Yes,10,Yes,Yes,Fiber optic,No,No,Yes,No,No,No,Two year,Yes,Electronic check,61.85,627.76,No
CUST-0012702,Male,0,No,Yes,0,Yes,Yes,No,No internet service,No internet service,No internet service,No internet service,No internet service,No internet service,One year,No,Bank transfer (automatic),101.32,,No
CUST-0012703,Male,0,No,No,17,Yes,Yes,Fiber optic,No,No,No,Yes,No,No,Month-to-month,Yes,Bank transfer (automatic),61.93,1060.55,Yes
CUST-0012704,Female,0,Yes,No,27,Yes,No,Fiber optic,No,Yes,No,No,Yes,Yes,Month-to-month,No,Credit card (automatic),65.77,1778.18,No
CUST-0012705,Male,0,Yes,No,45,Yes,No,Fiber optic,Yes,Yes,Yes,Yes,Yes,No,Month-to-month,No,Electronic check,118.75,5337.17,Yes
CUST-0012706,Male,0,No,No,72,Yes,Yes,Fiber optic,No,No,Yes,No,Yes,Yes,One year,No,Electronic check,113.81,8156.19,No
CUST-0012707,Female,0,Yes,No,42,Yes,Yes,DSL,No,No,Yes,No,No,No,Month-to-month,No,Credit card (automatic),85.89,3608.65,No
CUST-0012708,Female,0,Yes,Yes,1,Yes,Yes,DSL,No,Yes,No,Yes,No,No,Month-to-month,Yes,Electronic check,102.32,102.54,No
CUST-0012709,Female,0,No,No,23,Yes,Yes,DSL,Yes,Yes,No,No,Yes,No,Month-to-month,Yes,Credit card (automatic),60.98,1374.43,No
CUST-0012710,Female,0,Yes,No,0,Yes,Yes,Fiber optic,No,Yes,No,Yes,No,Yes,Month-to-month,No,Credit card (automatic),113.84,,No
CUST-0012711,Male,0,Yes,No,72,Yes,Yes,Fiber optic,Yes,No,Yes,Yes,No,No,Two year,Yes,Mailed check,78.75,5700.99,No
CUST-0012712,Male,0,Yes,No,19,Yes,Yes,No,No internet service,No internet service,No internet service,No internet service,No internet service,No internet service,Two year,No,Electronic check,93.64,1756.75,No
CUST-0012713,Female,0,Yes,No,19,Yes,No,No,No internet service,No internet service,No internet service,No internet service,No internet service,No internet service,Month-to-month,No,Electronic check,83.42,1573.18,No
CUST-0012714,Male,0,No,No,14,Yes,No,Fiber optic,Yes,No,No,No,No,Yes,Two year,Yes,Bank transfer (automatic),27.09,320.75,No
CUST-0012715,Male,0,Yes,Yes,3,Yes,No,Fiber optic,No,No,Yes,No,Yes,Yes,Month-to-month,Yes,Credit card (automatic),111.5,319.42,No
CUST-0012716,Female,0,No,No,30,Yes,Yes,Fiber optic,Yes,Yes,No,No,Yes,Yes,Month-to-month,No,Bank transfer (automatic),88.55,2676.49,Yes
CUST-0012717,Male,0,Yes,No,20,Yes,No,No,No internet service,No internet service,No internet service,No internet service,No internet service,No internet service,Month-to-month,Yes,Bank transfer (automatic),98.1,1964.09,Yes
CUST-0012718,Male,0,No,Yes,41,No,No phone service,DSL,No,Yes,No,No,No,Yes,Month-to-month,Yes,Electronic check,118.75,4890.94,No
CUST-0012719,Female,0,No,No,33,Yes,Yes,Fiber optic,Yes,Yes,No,Yes,Yes,Yes,Two year,Yes,Electronic check,87.77,2921.66,No
CUST-0012720,Male,1,No,Yes,32,Yes,Yes,No,No internet service,No internet service,No internet service,No internet service,No internet service,No internet service,Month-to-month,No,Electronic check,101.83,3239.21,No
CUST-0012721,Male,0,No,No,20,Yes,No,DSL,No,No,No,No,Yes,No,Month-to-month,No,Mailed check,74.18,1480.91,No
CUST-0012722,Male,0,No,No,4,Yes,Yes,Fiber optic,No,No,Yes,Yes,Yes,Yes,Month-to-month,Yes,Credit card (automatic),55.61,258.03,No
CUST-0012723,Female,0,No,No,32,Yes,Yes,Fiber optic,Yes,No,No,No,No,Yes,Two year,Yes,Electronic check,82.87,2676.91,Yes
CUST-0012724,Male,0,Yes,No,15,Yes,Yes,Fiber optic,No,No,No,Yes,No,No,Month-to-month,No,Mailed check,81.05,1224.47,No
CUST-0012725,Female,0,Yes,No,10,Yes,No,DSL,No,No,Yes,Yes,No,Yes,Month-to-month,Yes,Electronic check,57.94,642.6,No
CUST-0012726,Female,0,No,Yes,10,Yes,Yes,Fiber optic,Yes,No,No,No,Yes,No,One year,Yes,Electronic check,84.48,838.62,No
CUST-0012727,Male,0,Yes,No,72,Yes,No,Fiber optic,No,Yes,No,Yes,No,No,Month-to-month,Yes,Bank transfer (automatic),82.31,5891.04,Yes
CUST-0012728,Male,0,Yes,Yes,3,Yes,No,Fiber optic,No,No,No,No,No,No,Month-to-month,Yes,Mailed check,109.24,327.87,No
CUST-0012729,Male,0,Yes,Yes,41,Yes,Yes,DSL,Yes,No,No,Yes,Yes,Yes,One year,No,Mailed check,109.76,4517.09,Yes
CUST-0012730,Male,0,No,No,72,Yes,No,Fiber optic,No,Yes,Yes,No,Yes,No,One year,No,Electronic check,74.54,5313.81,No
CUST-0012731,Male,1,No,No,0,Yes,No,No,No internet service,No internet service,No internet service,No internet service,No internet service,No internet service,Month-to-month,No,Electronic check,71.27,,No
CUST-0012732,Female,0,Yes,No,44,Yes,Yes,Fiber optic,Yes,Yes,Yes,No,Yes,No,Month-to-month,Yes,Electronic check,70.99,3146.91,No
CUST-0012733,Male,0,Yes,No,49,Yes,Yes,Fiber optic,No,No,No,No,No,No,Month-to-month,No,Electronic check,55.69,,Yes
CUST-0012734,Female,0,No,No,0,Yes,Yes,No,No internet service,No internet service,No internet service,No internet service,No internet service,No internet service,Two year,Yes,Credit card (automatic),96.45,,Yes
CUST-0012735,Male,0,Yes,No,22,No,No phone service,No,No internet service,No internet service,No internet service,No internet service,No internet service,No internet service,One year,Yes,Bank transfer (automatic),84.77,1850.59,No
CUST-0012736,Female,0,No,Yes,21,Yes,Yes,DSL,No,Yes,Yes,No,No,No,Month-to-month,No,Mailed check,50.06,1080.31,No
CUST-0012737,Female,0,Yes,No,72,Yes,No,Fiber optic,Yes,No,Yes,Yes,No,No,Month-to-month,No,Credit card (automatic),103.8,7481.82,No
CUST-0012738,Male,0,Yes,Yes,10,Yes,Yes,DSL,No,No,No,No,No,No,Month-to-month,No,Mailed check,49.02,,No
CUST-0012739,Female,0,No,No,31,Yes,No,Fiber optic,No,No,No,No,Yes,No,Month-to-month,No,Bank transfer (automatic),58.03,1825.66,Yes
CUST-0012740,Male,0,No,No,28,Yes,No,No,No internet service,No internet service,No internet service,No internet service,No internet service,No internet service,Month-to-month,Yes,Electronic check,85.97,2410.65,No
CUST-0012741,Female,0,No,No,15,Yes,Yes,DSL,No,No,No,No,Yes,No,Month-to-month,Yes,Electronic check,64.76,934.47,No
CUST-0012742,Female,0,No,No,55,Yes,No,Fiber optic,Yes,No,No,No,No,No,Month-to-month,No,Bank transfer (automatic),92.82,5102.79,No
CUST-0012743,Male,1,No,No,41,Yes,No,Fiber optic,Yes,Yes,No,No,No,Yes,One year,Yes,Mailed check,73.98,3047.22,No
CUST-0012744,Female,0,No,No,15,Yes,Yes,Fiber optic,No,No,No,No,No,Yes,One year,No,Credit card (automatic),75.82,1110.01,No
CUST-0012745,Male,1,No,No,14,Yes,Yes,Fiber optic,Yes,No,Yes,No,No,Yes,Month-to-month,Yes,Mailed check,60.72,822.81,No
CUST-0012746,Male,0,No,No,2,Yes,No,Fiber optic,Yes,Yes,No,No,No,Yes,One year,Yes,Credit card (automatic),112.41,194.82,No
CUST-0012747,Male,0,Yes,No,40,Yes,Yes,Fiber optic,Yes,Yes,Yes,No,No,No,Month-to-month,No,Credit card (automatic),118.75,4746.28,No
CUST-0012748,Male,0,No,No,4,Yes,No,Fiber optic,No,No,Yes,No,Yes,No,Month-to-month,No,Mailed check,53.6,184.29,No
CUST-0012749,Male,1,Yes,Yes,19,Yes,Yes,No,No internet service,No internet service,No internet service,No internet service,No internet service,No internet service,Month-to-month,Yes,Mailed check,118.75,2321.9,No
CUST-0012750,Female,0,No,No,26,Yes,Yes,Fiber optic,No,No,No,No,Yes,No,Two year,Yes,Mailed check,100.71,2672.98,No
CUST-0012751,Male,1,Yes,No,1,Yes,No,Fiber optic,No,No,Yes,No,No,No,Month-to-month,Yes,Mailed check,101.01,95.96,No
CUST-0012752,Male,0,No,No,6,Yes,Yes,No,No internet service,No internet service,No internet service,No internet service,No internet service,No internet service,Month-to-month,Yes,Mailed check,106.58,641.23,No
CUST-0012753,Male,0,No,No,5,Yes,No,No,No internet service,No internet service,No internet service,No internet service,No internet service,No internet service,Month-to-month,Yes,Bank transfer (automatic),103.19,502.06,No
CUST-0012754,Male,1,No,No,16,Yes,No,No,No internet service,No internet service,No internet service,No internet service,No internet service,No internet service,Two year,Yes,Bank transfer (automatic),68.22,1090.26,No
CUST-0012755,Female,0,No,No,66,Yes,No,DSL,Yes,Yes,No,No,No,Yes,Month-to-month,No,Electronic check,112.71,7467.3,Yes
CUST-0012756,Female,0,No,Yes,72,Yes,Yes,No,No internet service,No internet service,No internet service,No internet service,No internet service,No internet service,Month-to-month,Yes,Electronic check,76.01,5478.73,Yes
CUST-0012757,Male,1,No,No,11,Yes,Yes,Fiber optic,Yes,Yes,Yes,Yes,No,Yes,Month-to-month,Yes,Electronic check,88.26,991.98,No
CUST-0012758,Male,0,No,No,47,Yes,No,No,No internet service,No internet service,No internet service,No internet service,No internet service,No internet service,Month-to-month,No,Bank transfer (automatic),96.12,4507.91,Yes
CUST-0012759,Female,0,Yes,Yes,10,Yes,Yes,Fiber optic,No,No,No,Yes,No,No,Two year,Yes,Mailed check,100.91,998.41,No
CUST-0012760,Female,1,No,No,29,Yes,No,Fiber optic,Yes,No,No,No,No,No,One year,No,Electronic check,54.96,1616.77,Yes
CUST-0012761,Female,0,No,No,29,Yes,Yes,No,No internet service,No internet service,No internet service,No internet service,No internet service,No internet service,Month-to-month,Yes,Electronic check,96.57,2804.74,No
CUST-0012762,Male,0,Yes,No,5,Yes,No,Fiber optic,No,No,No,Yes,Yes,Yes,Two year,No,Bank transfer (automatic),95.97,446.85,No
CUST-0012763,Male,0,No,No,0,Yes,Yes,DSL,No,Yes,Yes,No,No,No,Two year,No,Bank transfer (automatic),86.28,,No
CUST-0012764,Male,0,Yes,No,4,Yes,No,DSL,Yes,No,Yes,No,No,No,Month-to-month,Yes,Bank transfer (automatic),117.11,489.66,No
CUST-0012765,Female,0,No,No,25,Yes,No,Fiber optic,No,No,No,No,Yes,No,One year,Yes,Credit card (automatic),109.33,2719.12,Yes
CUST-0012766,Female,0,Yes,No,63,Yes,No,No,No internet service,No internet service,No internet service,No internet service,No internet service,No internet service,Month-to-month,No,Bank transfer (automatic),65.08,4114.5,No
CUST-0012767,Male,1,No,No,2,Yes,No,DSL,No,Yes,No,No,Yes,Yes,Month-to-month,Yes,Credit card (automatic),80.78,190.34,No
CUST-0012768,Male,0,Yes,No,3,Yes,No,DSL,No,Yes,No,No,Yes,No,Month-to-month,No,Electronic check,58.87,159.61,No
CUST-0012769,Male,0,No,No,40,Yes,No,DSL,No,No,No,No,Yes,No,Two year,No,Bank transfer (automatic),81.33,3266.82,No
CUST-0012770,Male,0,No,No,6,No,No phone service,DSL,Yes,Yes,No,No,No,No,One year,Yes,Bank transfer (automatic),73.56,419.81,Yes
CUST-0012771,Female,0,No,Yes,25,Yes,No,Fiber optic,No,No,No,Yes,No,No,Month-to-month,Yes,Electronic check,91.03,2263.99,No
CUST-0012772,Female,0,Yes,No,2,Yes,Yes,No,No internet service,No internet service,No internet service,No internet service,No internet service,No internet service,Two year,Yes,Electronic check,113.79,211.65,No
CUST-0012773,Female,0,No,Yes,15,Yes,No,Fiber optic,No,No,Yes,No,No,Yes,Month-to-month,No,Mailed check,93.06,1417.3,No
CUST-0012774,Female,0,No,Yes,47,Yes,No,Fiber optic,No,Yes,No,Yes,Yes,No,Month-to-month,Yes,Electronic check,88.82,4166.99,No
CUST-0012775,Female,0,Yes,No,72,Yes,No,Fiber optic,Yes,No,Yes,No,No,No,Month-to-month,Yes,Credit card (automatic),64.59,4665.03,Yes
CUST-0012776,Female,0,No,Yes,1,Yes,Yes,DSL,No,No,No,No,No,No,Month-to-month,No,Credit card (automatic),92.56,82.63,No
CUST-0012777,Female,0,No,No,13,Yes,No,Fiber optic,No,Yes,No,No,Yes,Yes,Month-to-month,Yes,Credit card (automatic),118.75,1551.71,No
CUST-0012778,Female,0,Yes,Yes,11,Yes,No,Fiber optic,No,No,No,Yes,Yes,No,Month-to-month,No,Electronic check,110.02,1210.66,Yes
CUST-0012779,Male,0,No,Yes,27,Yes,No,No,No internet service,No internet service,No internet service,No internet service,No internet service,No internet service,Month-to-month,No,Bank transfer (automatic),100.91,2698.37,Yes
CUST-0012780,Male,1,Yes,No,0,Yes,No,No,No internet service,No internet service,No internet service,No internet service,No internet service,No internet service,Month-to-month,Yes,Bank transfer (automatic),95.32,,Yes
CUST-0012781,Male,1,No,No,2,Yes,Yes,Fiber optic,Yes,Yes,Yes,Yes,Yes,Yes,Two year,No,Bank transfer (automatic),83.86,210.19,No
CUST-0012782,Female,0,No,No,60,Yes,Yes,Fiber optic,Yes,No,No,No,No,No,Two year,Yes,Bank transfer (automatic),75.14,4510.25,No
CUST-0012783,Female,0,No,No,4,Yes,Yes,DSL,No,Yes,Yes,No,No,No,Month-to-month,No,Mailed check,54.34,223.41,No
CUST-0012784,Male,1,Yes,Yes,18,Yes,Yes,Fiber optic,No,No,No,Yes,Yes,No,Month-to-month,Yes,Electronic check,73.22,1318.21,No
CUST-0012785,Male,0,Yes,No,10,Yes,Yes,Fiber optic,No,Yes,No,No,No,Yes,One year,Yes,Credit card (automatic),41.62,443.55,No
CUST-0012786,Male,0,Yes,No,8,Yes,No,Fiber optic,Yes,No,No,Yes,No,Yes,One year,Yes,Bank transfer (automatic),65.87,564.11,Yes
CUST-0012787,Male,0,No,Yes,33,Yes,No,Fiber optic,No,No,Yes,No,No,No,Month-to-month,Yes,Credit card (automatic),101.48,3317.35,Yes
CUST-0012788,Male,0,Yes,No,3,Yes,No,Fiber optic,No,No,Yes,No,Yes,No,Month-to-month,No,Mailed check,87.96,259.49,No
CUST-0012789,Female,1,No,No,47,Yes,No,No,No internet service,No internet service,No internet service,No internet service,No internet service,No internet service,Month-to-month,Yes,Bank transfer (automatic),87.19,4066.1,No
CUST-0012790,Male,0,Yes,No,29,No,No phone service,DSL,Yes,No,Yes,No,No,No,Month-to-month,Yes,Electronic check,105.99,3070.49,Yes
CUST-0012791,Male,1,No,No,21,Yes,No,Fiber optic,Yes,No,Yes,No,No,No,Month-to-month,Yes,Electronic check,76.92,1627.61,No
CUST-0012792,Female,0,Yes,No,4,Yes,Yes,Fiber optic,No,No,Yes,No,No,No,Month-to-month,Yes,Electronic check,89.96,340.4,No
CUST-0012793,Female,0,No,Yes,63,Yes,No,DSL,No,No,Yes,No,Yes,Yes,Month-to-month,Yes,Electronic check,81.54,5125.73,No
CUST-0012794,Male,0,Yes,No,3,Yes,No,Fiber optic,No,No,Yes,Yes,Yes,No,One year,No,Mailed check,110.26,326.75,No
CUST-0012795,Male,0,No,No,60,No,No phone service,Fiber optic,Yes,No,No,No,Yes,Yes,One year,Yes,Bank transfer (automatic),55.54,3330.49,No
CUST-0012796,Female,0,No,Yes,9,Yes,Yes,Fiber optic,No,No,Yes,No,Yes,No,Month-to-month,Yes,Mailed check,112.29,1016.97,No
CUST-0012797,Male,0,No,No,1,Yes,Yes,Fiber optic,No,Yes,No,No,Yes,No,Month-to-month,Yes,Electronic check,110.01,88.6,No
CUST-0012798,Female,0,Yes,Yes,12,Yes,Yes,Fiber optic,No,No,Yes,No,No,No,One year,No,Credit card (automatic),102.21,1270.9,No
CUST-0012799,Male,0,Yes,Yes,36,Yes,No,DSL,No,No,Yes,No,No,Yes,Month-to-month,Yes,Electronic check,95.54,3442.93,Yes
CUST-0012800,Female,0,No,No,1,No,No phone service,Fiber optic,No,No,No,No,No,Yes,Month-to-month,Yes,Bank transfer (automatic),63.87,85.82,No
CUST-0012801,Female,0,No,Yes,36,Yes,Yes,DSL,Yes,No,No,No,No,Yes,Month-to-month,Yes,Bank transfer (automatic),72.59,2630.86,No
CUST-0012802,Male,0,No,No,42,Yes,Yes,No,No internet service,No internet service,No internet service,No internet service,No internet service,No internet service,Month-to-month,No,Bank transfer (automatic),98.02,4141.14,Yes
CUST-0012803,Male,0,Yes,Yes,24,Yes,No,DSL,No,Yes,No,Yes,No,No,Month-to-month,Yes,Mailed check,81.94,1938.79,No
CUST-0012804,Male,0,Yes,No,0,Yes,No,No,No internet service,No internet service,No internet service,No internet service,No internet service,No internet service,Month-to-month,No,Bank transfer (automatic),51.37,,Yes
CUST-0012805,Male,0,No,Yes,6,Yes,No,Fiber optic,No,No,No,Yes,Yes,No,Two year,No,Bank transfer (automatic),94.05,520.84,No
CUST-0012806,Female,0,Yes,Yes,50,Yes,Yes,Fiber optic,Yes,Yes,No,No,No,No,Month-to-month,Yes,Bank transfer (automatic),112.56,5656.86,No
CUST-0012807,Female,1,No,No,66,Yes,Yes,DSL,Yes,No,Yes,Yes,No,No,Month-to-month,Yes,Credit card (automatic),106.69,7027.67,Yes
CUST-0012808,Female,0,No,No,4,Yes,No,DSL,Yes,No,No,Yes,Yes,No,Month-to-month,No,Mailed check,114.0,481.64,No
CUST-0012809,Male,1,No,No,43,Yes,Yes,DSL,No,No,No,No,Yes,No,Month-to-month,Yes,Bank transfer (automatic),98.62,4226.4,Yes
CUST-0012810,Male,0,Yes,Yes,8,Yes,Yes,No,No internet service,No internet service,No internet service,No internet service,No internet service,No internet service,One year,Yes,Electronic check,106.72,824.29,Yes
CUST-0012811,Male,0,No,Yes,31,Yes,No,Fiber optic,Yes,Yes,Yes,No,Yes,Yes,One year,Yes,Bank transfer (automatic),94.29,2904.5,No
CUST-0012812,Female,0,No,No,72,Yes,No,DSL,No,Yes,No,No,No,Yes,Month-to-month,No,Electronic check,71.58,5197.93,No
CUST-0012813,Male,0,No,Yes,17,Yes,Yes,DSL,No,Yes,No,No,No,No,One year,No,Credit card (automatic),104.0,1742.07,Yes
CUST-0012814,Male,0,No,No,21,Yes,Yes,DSL,No,No,No,No,Yes,No,Month-to-month,No,Electronic check,95.08,2006.44,No
CUST-0012815,Male,0,No,No,32,Yes,No,DSL,Yes,Yes,No,No,Yes,No,Month-to-month,Yes,Credit card (automatic),104.64,3365.15,No
CUST-0012816,Female,0,No,Yes,10,Yes,No,DSL,Yes,No,Yes,No,No,No,Month-to-month,Yes,Bank transfer (automatic),110.62,1113.8,Yes
CUST-0012817,Female,0,Yes,No,19,Yes,No,Fiber optic,Yes,No,No,No,Yes,Yes,Month-to-month,No,Mailed check,95.66,1839.98,Yes
CUST-0012818,Male,1,No,No,3,Yes,Yes,DSL,No,No,No,Yes,No,No,Two year,Yes,Bank transfer (automatic),67.69,232.48,No
CUST-0012819,Male,0,No,Yes,35,Yes,Yes,DSL,No,No,No,No,Yes,No,Month-to-month,Yes,Electronic check,99.28,3449.49,No
CUST-0012820,Female,0,Yes,No,43,Yes,Yes,No,No internet service,No internet service,No internet service,No internet service,No internet service,No internet service,Month-to-month,No,Credit card (automatic),100.31,4344.25,No
CUST-0012821,Male,0,Yes,No,11,Yes,No,Fiber optic,No,No,Yes,No,Yes,Yes,Month-to-month,No,Electronic check,90.82,1038.44,No
CUST-0012822,Male,0,No,No,0,Yes,No,Fiber optic,No,No,No,No,No,No,Month-to-month,No,Bank transfer (automatic),72.03,,Yes
CUST-0012823,Male,0,Yes,No,24,Yes,No,Fiber optic,Yes,No,No,No,Yes,Yes,One year,No,Bank transfer (automatic),70.61,1677.74,No
CUST-0012824,Female,0,No,No,9,Yes,Yes,Fiber optic,Yes,Yes,No,Yes,No,Yes,One year,Yes,Mailed check,111.65,1027.56,No
CUST-0012825,Male,0,Yes,No,38,Yes,No,Fiber optic,No,No,No,No,No,Yes,Two year,No,Mailed check,66.61,2530.21,Yes
CUST-0012826,Female,0,No,Yes,62,Yes,Yes,DSL,No,No,No,Yes,No,No,Month-to-month,No,Bank transfer (automatic),91.06,5641.58,No
CUST-0012827,Male,1,No,No,9,Yes,Yes,No,No internet service,No internet service,No internet service,No internet service,No internet service,No internet service,Two year,Yes,Electronic check,65.96,582.16,Yes
CUST-0012828,Female,0,Yes,No,10,Yes,Yes,Fiber optic,No,Yes,No,Yes,No,Yes,Month-to-month,Yes,Electronic check,99.91,973.88,No
CUST-0012829,Male,0,No,No,23,Yes,Yes,Fiber optic,Yes,No,Yes,No,No,Yes,Month-to-month,Yes,Electronic check,85.0,1966.34,No
CUST-0012830,Female,0,Yes,No,72,Yes,No,Fiber optic,No,Yes,Yes,No,No,No,One year,No,Credit card (automatic),72.21,5197.71,No
CUST-0012831,Female,1,No,Yes,10,Yes,Yes,Fiber optic,No,No,No,No,Yes,No,Month-to-month,No,Electronic check,99.9,972.15,No
CUST-0012832,Male,1,No,No,72,Yes,Yes,No,No internet service,No internet service,No internet service,No internet service,No internet service,No internet service,Two year,Yes,Mailed check,92.94,6675.99,No
CUST-0012833,Female,0,No,No,56,Yes,Yes,DSL,Yes,No,No,No,No,Yes,Month-to-month,Yes,Mailed check,94.02,5253.1,Yes
CUST-0012834,Male,0,Yes,No,4,Yes,Yes,No,No internet service,No internet service,No internet service,No internet service,No internet service,No internet service,Month-to-month,No,Credit card (automatic),75.31,317.92,Yes
CUST-0012835,Male,0,Yes,No,11,Yes,No,Fiber optic,No,No,No,Yes,Yes,Yes,Month-to-month,No,Electronic check,58.52,655.18,Yes
CUST-0012836,Female,0,No,Yes,40,Yes,Yes,No,No internet service,No internet service,No internet service,No internet service,No internet service,No internet service,One year,Yes,Mailed check,118.75,4751.34,No
CUST-0012837,Male,0,No,No,0,Yes,No,No,No internet service,No internet service,No internet service,No internet service,No internet service,No internet service,One year,No,Mailed check,96.95,,No
CUST-0012838,Female,0,Yes,No,6,Yes,Yes,Fiber optic,No,Yes,Yes,No,Yes,Yes,One year,Yes,Electronic check,117.43,691.17,Yes
CUST-0012839,Female,1,Yes,No,44,Yes,Yes,Fiber optic,Yes,No,Yes,No,No,Yes,One year,Yes,Credit card (automatic),66.74,2939.63,No
CUST-0012840,Male,1,Yes,No,14,Yes,No,No,No internet service,No internet service,No internet service,No internet service,No internet service,No internet service,Month-to-month,Yes,Credit card (automatic),65.91,949.33,No
CUST-0012841,Male,0,Yes,No,7,Yes,No,Fiber optic,No,No,No,No,Yes,Yes,Month-to-month,No,Electronic check,76.82,546.57,No
CUST-0012842,Male,0,No,No,16,Yes,No,Fiber optic,No,Yes,Yes,No,Yes,No,Month-to-month,Yes,Bank transfer (automatic),118.75,1873.27,Yes
CUST-0012843,Male,1,No,No,15,Yes,Yes,Fiber optic,No,Yes,No,Yes,No,No,Month-to-month,Yes,Electronic check,100.12,1511.82,No
CUST-0012844,Female,0,Yes,Yes,12,Yes,Yes,Fiber optic,No,Yes,Yes,No,Yes,No,One year,Yes,Electronic check,101.53,,No
CUST-0012845,Female,0,Yes,Yes,62,Yes,Yes,Fiber optic,No,No,No,No,Yes,No,Two year,No,Electronic check,59.04,3657.39,No
CUST-0012846,Male,1,Yes,Yes,8,Yes,No,No,No internet service,No internet service,No internet service,No internet service,No internet service,No internet service,Month-to-month,No,Electronic check,91.32,770.26,No
CUST-0012847,Male,0,No,No,9,Yes,Yes,DSL,No,No,Yes,Yes,No,No,Month-to-month,No,Credit card (automatic),91.84,,No
CUST-0012848,Male,0,No,No,60,Yes,Yes,DSL,Yes,No,Yes,Yes,Yes,Yes,Month-to-month,Yes,Bank transfer (automatic),118.75,7140.9,Yes
CUST-0012849,Male,0,Yes,No,27,Yes,No,Fiber optic,No,No,No,No,Yes,Yes,Month-to-month,Yes,Mailed check,82.47,2235.3,No
CUST-0012850,Male,0,No,No,18,Yes,No,DSL,No,Yes,No,No,No,No,Month-to-month,Yes,Electronic check,97.15,1758.91,Yes
CUST-0012851,Male,0,Yes,No,19,Yes,No,Fiber optic,No,No,Yes,No,Yes,Yes,Two year,Yes,Mailed check,71.88,1390.73,Yes
CUST-0012852,Female,0,No,Yes,13,No,No phone service,DSL,No,No,Yes,No,No,No,Month-to-month,Yes,Electronic check,85.51,1104.33,No
CUST-0012853,Female,1,Yes,No,14,Yes,No,DSL,No,No,Yes,No,No,No,One year,Yes,Credit card (automatic),118.75,1648.66,No
CUST-0012854,Male,0,No,No,21,Yes,No,Fiber optic,No,No,No,Yes,No,No,Month-to-month,Yes,Electronic check,102.05,2170.13,No
CUST-0012855,Female,0,No,No,25,Yes,No,Fiber optic,No,No,No,No,No,No,Month-to-month,Yes,Credit card (automatic),72.37,1787.94,No
CUST-0012856,Female,0,Yes,No,34,Yes,Yes,Fiber optic,No,No,No,No,Yes,Yes,One year,Yes,Bank transfer (automatic),81.8,2768.46,Yes
CUST-0012857,Female,0,No,Yes,38,Yes,No,No,No internet service,No internet service,No internet service,No internet service,No internet service,No internet service,Two year,No,Mailed check,85.76,3261.18,No
CUST-0012858,Female,0,No,No,32,Yes,Yes,Fiber optic,No,No,No,Yes,No,No,Month-to-month,Yes,Electronic check,97.21,3072.92,No
CUST-0012859,Male,0,No,Yes,7,Yes,Yes,Fiber optic,No,No,No,Yes,No,No,Month-to-month,Yes,Credit card (automatic),74.8,549.5,No
CUST-0012860,Male,0,Yes,No,8,Yes,No,Fiber optic,No,Yes,No,No,No,No,Month-to-month,Yes,Bank transfer (automatic),100.29,827.07,Yes
CUST-0012861,Male,0,No,Yes,11,Yes,No,Fiber optic,Yes,No,No,No,No,Yes,Month-to-month,Yes,Bank transfer (automatic),118.75,1297.8,No
CUST-0012862,Male,0,Yes,No,22,Yes,Yes,DSL,No,No,Yes,No,No,No,Month-to-month,Yes,Electronic check,98.52,2161.79,Yes
CUST-0012863,Male,0,No,Yes,62,Yes,Yes,No,No internet service,No internet service,No internet service,No internet service,No internet service,No internet service,Month-to-month,Yes,Credit card (automatic),71.66,4417.08,No
CUST-0012864,Female,0,No,No,72,Yes,No,No,No internet service,No internet service,No internet service,No internet service,No internet service,No internet service,One year,Yes,Mailed check,117.92,8482.77,Yes
CUST-0012865,Female,0,No,Yes,46,Yes,No,No,No internet service,No internet service,No internet service,No internet service,No internet service,No internet service,Month-to-month,Yes,Electronic check,86.58,4001.82,Yes
CUST-0012866,Male,1,Yes,No,9,No,No phone service,Fiber optic,No,Yes,No,No,No,Yes,One year,No,Bank transfer (automatic),117.39,1041.03,Yes
CUST-0012867,Female,0,Yes,No,20,No,No phone service,No,No internet service,No internet service,No internet service,No internet service,No internet service,No internet service,One year,Yes,Electronic check,54.18,1092.52,No
CUST-0012868,Female,0,No,No,68,Yes,No,No,No internet service,No internet service,No internet service,No internet service,No internet service,No internet service,One year,Yes,Electronic check,104.81,7118.28,Yes
CUST-0012869,Female,1,No,Yes,2,Yes,Yes,No,No internet service,No internet service,No internet service,No internet service,No internet service,No internet service,Month-to-month,No,Electronic check,77.97,106.73,No
CUST-0012870,Male,0,No,Yes,36,Yes,No,Fiber optic,No,No,No,No,Yes,Yes,Month-to-month,Yes,Electronic check,87.95,3163.56,No
CUST-0012871,Male,0,No,No,19,Yes,No,Fiber optic,Yes,Yes,Yes,Yes,No,No,Month-to-month,No,Mailed check,85.99,1664.26,No
CUST-0012872,Female,0,No,No,7,Yes,Yes,DSL,No,No,No,No,Yes,Yes,One year,Yes,Credit card (automatic),111.16,806.77,No
CUST-0012873,Female,1,Yes,No,15,Yes,Yes,No,No internet service,No internet service,No internet service,No internet service,No internet service,No internet service,Two year,No,Credit card (automatic),84.55,1295.62,Yes
CUST-0012874,Male,1,No,Yes,0,Yes,Yes,DSL,Yes,No,No,No,Yes,No,Month-to-month,Yes,Mailed check,82.21,,No
CUST-0012875,Male,0,No,No,3,Yes,Yes,No,No internet service,No internet service,No internet service,No internet service,No internet service,No internet service,Month-to-month,Yes,Mailed check,81.35,284.08,No
CUST-0012876,Male,0,Yes,No,27,Yes,No,Fiber optic,No,Yes,Yes,No,No,No,One year,Yes,Electronic check,76.7,2072.91,No
CUST-0012877,Female,0,Yes,No,24,Yes,No,Fiber optic,Yes,No,No,Yes,No,Yes,One year,Yes,Credit card (automatic),93.38,2220.68,No
CUST-0012878,Female,0,Yes,Yes,35,No,No phone service,Fiber optic,No,Yes,Yes,No,Yes,Yes,Two year,Yes,Credit card (automatic),84.44,2991.73,No
CUST-0012879,Male,0,Yes,Yes,16,Yes,Yes,No,No internet service,No internet service,No internet service,No internet service,No internet service,No internet service,Month-to-month,Yes,Credit card (automatic),116.7,1877.88,No
CUST-0012880,Male,0,No,No,3,Yes,Yes,DSL,No,Yes,Yes,No,Yes,No,Month-to-month,Yes,Mailed check,111.13,337.31,Yes
CUST-0012881,Female,0,Yes,Yes,3,Yes,No,DSL,No,No,Yes,Yes,No,No,Month-to-month,Yes,Credit card (automatic),93.67,276.28,Yes
CUST-0012882,Female,0,No,No,1,Yes,No,Fiber optic,No,No,No,No,No,No,Two year,Yes,Credit card (automatic),81.66,119.86,Yes
CUST-0012883,Male,0,Yes,Yes,29,Yes,No,No,No internet service,No internet service,No internet service,No internet service,No internet service,No internet service,One year,No,Electronic check,76.5,2239.4,Yes
CUST-0012884,Male,1,No,No,1,Yes,Yes,No,No internet service,No internet service,No internet service,No internet service,No internet service,No internet service,One year,Yes,Credit card (automatic),110.58,117.98,Yes
CUST-0012885,Male,1,No,No,12,Yes,Yes,No,No internet service,No internet service,No internet service,No internet service,No internet service,No internet service,Month-to-month,No,Bank transfer (automatic),100.24,1228.8,No
CUST-0012886,Male,0,Yes,Yes,22,Yes,Yes,No,No internet service,No internet service,No internet service,No internet service,No internet service,No internet service,Two year,Yes,Bank transfer (automatic),113.32,2527.66,No
CUST-0012887,Female,1,No,No,22,Yes,No,No,No internet service,No internet service,No internet service,No internet service,No internet service,No internet service,Month-to-month,Yes,Electronic check,118.75,2629.36,Yes
CUST-0012888,Male,0,Yes,No,4,Yes,Yes,Fiber optic,No,Yes,No,No,No,Yes,Month-to-month,No,Bank transfer (automatic),80.25,277.59,No
CUST-0012889,Male,1,No,No,33,Yes,Yes,Fiber optic,No,Yes,No,No,No,Yes,Month-to-month,Yes,Bank transfer (automatic),99.49,3246.04,No
CUST-0012890,Female,0,No,Yes,60,Yes,Yes,DSL,No,No,Yes,No,Yes,No,Two year,No,Electronic check,110.81,6644.4,No
CUST-0012891,Female,0,Yes,No,18,Yes,No,DSL,Yes,No,No,No,No,Yes,Month-to-month,No,Electronic check,111.3,2000.15,No
CUST-0012892,Female,0,No,No,45,Yes,Yes,Fiber optic,Yes,Yes,No,Yes,No,No,One year,Yes,Credit card (automatic),106.29,4802.46,No
CUST-0012893,Male,0,Yes,Yes,33,Yes,Yes,DSL,No,No,Yes,No,Yes,Yes,Month-to-month,No,Electronic check,89.49,2979.22,No
CUST-0012894,Female,0,Yes,Yes,72,Yes,No,DSL,Yes,Yes,No,No,No,Yes,Two year,Yes,Electronic check,98.45,7075.43,No
CUST-0012895,Female,1,No,Yes,12,Yes,No,DSL,Yes,No,No,Yes,Yes,No,Month-to-month,Yes,Bank transfer (automatic),88.85,1039.61,No
CUST-0012896,Female,0,Yes,Yes,9,Yes,Yes,Fiber optic,No,No,Yes,No,No,No,Month-to-month,Yes,Credit card (automatic),94.07,831.84,No
CUST-0012897,Male,1,No,Yes,5,Yes,Yes,Fiber optic,No,No,No,No,No,Yes,Month-to-month,Yes,Electronic check,111.19,602.89,No
CUST-0012898,Male,0,No,No,12,Yes,No,No,No internet service,No internet service,No internet service,No internet service,No internet service,No internet service,Month-to-month,No,Mailed check,66.63,,Yes
CUST-0012899,Male,0,No,No,17,Yes,No,DSL,No,No,Yes,No,No,Yes,Month-to-month,Yes,Mailed check,54.94,920.58,No
CUST-0012900,Male,0,Yes,No,4,Yes,Yes,Fiber optic,No,No,No,No,No,No,Month-to-month,Yes,Bank transfer (automatic),103.54,425.51,No
CUST-0012901,Female,1,Yes,Yes,47,Yes,No,No,No internet service,No internet service,No internet service,No internet service,No internet service,No internet service,Month-to-month,Yes,Credit card (automatic),99.02,4661.78,Yes
CUST-0012902,Male,0,No,No,39,No,No phone service,Fiber optic,No,No,No,No,No,Yes,Two year,No,Credit card (automatic),96.21,3799.83,Yes
CUST-0012903,Female,0,Yes,No,5,Yes,Yes,No,No internet service,No internet service,No internet service,No internet service,No internet service,No internet service,Month-to-month,No,Credit card (automatic),87.68,427.62,No
CUST-0012904,Female,0,Yes,No,3,Yes,No,Fiber optic,No,No,Yes,Yes,Yes,Yes,Month-to-month,Yes,Mailed check,94.79,291.7,No
CUST-0012905,Female,1,No,No,72,Yes,No,Fiber optic,No,No,Yes,No,No,Yes,Month-to-month,Yes,Electronic check,93.52,6726.59,No
CUST-0012906,Male,1,Yes,Yes,72,Yes,No,No,No internet service,No internet service,No internet service,No internet service,No internet service,No internet service,Two year,No,Electronic check,61.45,4424.55,No
CUST-0012907,Female,0,No,No,47,Yes,Yes,No,No internet service,No internet service,No internet service,No internet service,No internet service,No internet service,Month-to-month,Yes,Mailed check,118.75,5567.05,No
CUST-0012908,Male,1,No,No,35,Yes,No,DSL,Yes,Yes,No,No,Yes,No,Month-to-month,Yes,Credit card (automatic),86.98,3035.07,No
CUST-0012909,Male,1,No,No,16,Yes,Yes,No,No internet service,No internet service,No internet service,No internet service,No internet service,No internet service,Month-to-month,No,Electronic check,101.06,1614.64,No
CUST-0012910,Female,0,Yes,Yes,31,Yes,No,Fiber optic,No,No,Yes,No,No,Yes,Month-to-month,Yes,Electronic check,98.26,3030.76,Yes
CUST-0012911,Female,0,Yes,No,49,Yes,Yes,DSL,Yes,No,No,No,No,No,Month-to-month,No,Credit card (automatic),118.75,5823.42,Yes
CUST-0012912,Male,0,No,Yes,6,Yes,Yes,No,No internet service,No internet service,No internet service,No internet service,No internet service,No internet service,One year,No,Bank transfer (automatic),97.53,588.03,No
CUST-0012913,Male,0,No,No,1,Yes,Yes,Fiber optic,No,No,Yes,Yes,No,Yes,Two year,No,Credit card (automatic),118.75,113.64,No
CUST-0012914,Female,0,No,No,72,Yes,Yes,Fiber optic,No,Yes,Yes,No,Yes,No,Two year,No,Bank transfer (automatic),80.78,5842.08,No
CUST-0012915,Female,1,Yes,Yes,21,Yes,No,DSL,No,No,No,No,Yes,No,One year,Yes,Electronic check,82.95,1749.05,No
CUST-0012916,Male,0,Yes,No,10,Yes,Yes,No,No internet service,No internet service,No internet service,No internet service,No internet service,No internet service,Month-to-month,Yes,Credit card (automatic),110.03,1058.98,No
CUST-0012917,Female,1,No,Yes,38,Yes,Yes,DSL,No,No,No,No,Yes,Yes,Month-to-month,Yes,Electronic check,34.67,1267.97,Yes
CUST-0012918,Male,0,No,No,5,Yes,No,DSL,No,No,No,No,Yes,No,Month-to-month,No,Mailed check,61.27,260.77,Yes
CUST-0012919,Male,0,No,No,16,Yes,Yes,No,No internet service,No internet service,No internet service,No internet service,No internet service,No internet service,Month-to-month,Yes,Mailed check,88.57,1405.64,Yes
CUST-0012920,Male,0,No,No,30,Yes,No,Fiber optic,No,Yes,No,Yes,Yes,Yes,Two year,No,Credit card (automatic),85.45,2578.79,No
CUST-0012921,Male,0,Yes,Yes,6,Yes,No,Fiber optic,No,Yes,Yes,No,Yes,No,Two year,Yes,Credit card (automatic),71.99,445.84,No
CUST-0012922,Male,0,No,Yes,42,Yes,Yes,DSL,No,No,No,No,No,No,One year,Yes,Bank transfer (automatic),61.15,2535.48,No
CUST-0012923,Male,0,No,No,0,Yes,No,Fiber optic,Yes,Yes,Yes,No,No,No,Month-to-month,No,Credit card (automatic),91.45,,Yes
CUST-0012924,Male,0,No,No,0,Yes,Yes,No,No internet service,No internet service,No internet service,No internet service,No internet service,No internet service,One year,No,Electronic check,67.38,,No
CUST-0012925,Male,0,Yes,Yes,2,Yes,Yes,DSL,No,No,No,No,No,No,One year,Yes,Credit card (automatic),118.75,264.21,Yes
CUST-0012926,Female,0,No,No,61,Yes,Yes,No,No internet service,No internet service,No internet service,No internet service,No internet service,No internet service,One year,No,Credit card (automatic),88.98,5448.73,Yes
CUST-0012927,Male,0,Yes,No,15,Yes,No,No,No internet service,No internet service,No internet service,No internet service,No internet service,No internet service,Month-to-month,No,Electronic check,101.02,1555.01,No
CUST-0012928,Female,1,No,No,7,Yes,No,DSL,No,Yes,No,Yes,No,No,One year,No,Electronic check,75.41,537.9,Yes
CUST-0012929,Female,0,No,No,6,Yes,Yes,Fiber optic,No,Yes,No,No,No,No,Month-to-month,Yes,Bank transfer (automatic),70.7,423.4,No
CUST-0012930,Female,0,Yes,No,0,Yes,No,DSL,No,No,No,No,No,Yes,One year,Yes,Mailed check,74.45,,Yes
CUST-0012931,Male,0,No,No,16,No,No phone service,No,No internet service,No internet service,No internet service,No internet service,No internet service,No internet service,Month-to-month,Yes,Electronic check,106.05,1659.85,Yes
CUST-0012932,Male,0,No,No,28,Yes,No,Fiber optic,No,No,No,No,No,Yes,Month-to-month,Yes,Credit card (automatic),99.34,2739.15,Yes
CUST-0012933,Female,0,Yes,Yes,4,Yes,No,Fiber optic,No,Yes,No,No,No,Yes,Month-to-month,Yes,Mailed check,76.2,296.42,No
CUST-0012934,Female,0,Yes,Yes,32,Yes,Yes,Fiber optic,No,No,No,No,No,Yes,Month-to-month,Yes,Mailed check,104.58,3353.24,No
CUST-0012935,Male,0,No,No,23,No,No phone service,Fiber optic,No,Yes,No,No,No,No,Two year,No,Mailed check,105.28,2468.82,No
CUST-0012936,Female,1,No,No,3,Yes,No,Fiber optic,No,Yes,No,Yes,No,Yes,Month-to-month,Yes,Mailed check,99.1,292.06,Yes
CUST-0012937,Female,0,Yes,Yes,1,Yes,No,DSL,Yes,No,Yes,No,Yes,Yes,Month-to-month,No,Credit card (automatic),118.75,145.28,No
CUST-0012938,Male,0,No,Yes,10,Yes,No,No,No internet service,No internet service,No internet service,No internet service,No internet service,No internet service,Two year,No,Electronic check,104.34,987.51,No
CUST-0012939,Male,0,No,No,16,Yes,No,Fiber optic,No,No,No,No,Yes,No,Month-to-month,Yes,Electronic check,90.19,1457.14,Yes
CUST-0012940,Male,0,No,No,25,Yes,Yes,Fiber optic,No,No,No,No,Yes,No,One year,No,Credit card (automatic),98.38,2474.17,Yes
CUST-0012941,Female,0,No,No,9,Yes,Yes,DSL,Yes,Yes,No,Yes,Yes,No,Month-to-month,No,Electronic check,117.7,995.19,No
CUST-0012942,Male,0,Yes,No,26,Yes,No,DSL,No,No,No,No,Yes,Yes,One year,No,Mailed check,83.76,2176.51,Yes
CUST-0012943,Female,0,Yes,No,5,Yes,No,Fiber optic,No,Yes,Yes,No,Yes,Yes,Month-to-month,No,Bank transfer (automatic),98.99,483.74,No
CUST-0012944,Female,0,No,No,15,Yes,Yes,Fiber optic,No,No,Yes,No,No,Yes,One year,No,Electronic check,115.86,1737.95,No
CUST-0012945,Female,0,No,No,14,Yes,No,DSL,Yes,No,No,Yes,No,No,One year,Yes,Bank transfer (automatic),111.86,1595.59,Yes
CUST-0012946,Male,0,No,No,72,Yes,Yes,No,No internet service,No internet service,No internet service,No internet service,No internet service,No internet service,Month-to-month,Yes,Mailed check,110.0,7911.63,No
CUST-0012947,Female,0,No,No,20,No,No phone service,Fiber optic,No,Yes,No,No,Yes,Yes,Month-to-month,Yes,Bank transfer (automatic),53.0,1113.12,No
CUST-0012948,Male,0,No,No,46,Yes,No,No,No internet service,No internet service,No internet service,No internet service,No internet service,No internet service,Month-to-month,No,Electronic check,118.75,5432.79,No
CUST-0012949,Female,0,No,Yes,4,Yes,Yes,No,No internet service,No internet service,No internet service,No internet service,No internet service,No internet service,Month-to-month,Yes,Bank transfer (automatic),63.8,349.82,Yes
CUST-0012950,Male,0,No,No,11,Yes,No,Fiber optic,No,No,No,No,No,No,Two year,No,Credit card (automatic),97.92,1067.91,No
CUST-0012951,Female,0,Yes,No,3,Yes,Yes,Fiber optic,No,Yes,No,No,Yes,Yes,Month-to-month,No,Electronic check,68.03,,No
CUST-0012952,Female,0,Yes,No,12,Yes,Yes,Fiber optic,Yes,No,No,No,Yes,Yes,Month-to-month,No,Mailed check,88.85,1068.43,No
CUST-0012953,Female,0,No,No,3,Yes,No,DSL,Yes,Yes,Yes,No,Yes,No,Month-to-month,Yes,Credit card (automatic),118.75,357.63,Yes
CUST-0012954,Female,0,Yes,No,33,Yes,Yes,DSL,No,No,Yes,No,No,No,Month-to-month,No,Mailed check,118.75,3910.74,Yes
CUST-0012955,Male,0,Yes,Yes,24,Yes,Yes,DSL,No,No,No,No,Yes,No,Month-to-month,No,Electronic check,93.44,2258.53,Yes
CUST-0012956,Male,0,No,No,48,Yes,No,No,No internet service,No internet service,No internet service,No internet service,No internet service,No internet service,Two year,Yes,Electronic check,82.71,3948.33,No
CUST-0012957,Female,0,Yes,No,27,Yes,Yes,Fiber optic,No,No,Yes,No,Yes,Yes,One year,Yes,Mailed check,99.86,2664.99,Yes
CUST-0012958,Male,0,No,No,2,Yes,Yes,DSL,Yes,Yes,Yes,No,No,No,Month-to-month,Yes,Electronic check,102.0,206.6,No
CUST-0012959,Male,0,Yes,No,6,Yes,Yes,Fiber optic,No,No,No,Yes,No,No,Month-to-month,Yes,Credit card (automatic),72.21,382.4,No
CUST-0012960,Female,0,Yes,No,39,Yes,No,Fiber optic,No,No,No,No,Yes,No,One year,No,Mailed check,99.43,,No
CUST-0012961,Male,0,No,Yes,30,Yes,No,DSL,No,No,Yes,No,Yes,Yes,Month-to-month,Yes,Bank transfer (automatic),88.58,2665.32,No
CUST-0012962,Male,0,No,No,9,Yes,Yes,Fiber optic,No,No,No,Yes,No,Yes,Two year,Yes,Credit card (automatic),84.21,752.28,No
CUST-0012963,Male,0,Yes,No,72,Yes,No,Fiber optic,Yes,No,No,No,Yes,Yes,Two year,No,Bank transfer (automatic),104.81,7526.57,No
CUST-0012964,Female,1,No,Yes,15,Yes,No,No,No internet service,No internet service,No internet service,No internet service,No internet service,No internet service,Month-to-month,Yes,Electronic check,101.93,1526.54,No
CUST-0012965,Male,1,No,No,63,No,No phone service,Fiber optic,Yes,No,Yes,No,No,Yes,Two year,Yes,Mailed check,86.01,5399.77,No
CUST-0012966,Male,0,Yes,Yes,60,Yes,Yes,DSL,Yes,No,No,Yes,Yes,Yes,Month-to-month,Yes,Credit card (automatic),61.24,3708.31,No
CUST-0012967,Male,0,No,Yes,32,Yes,No,DSL,Yes,Yes,No,Yes,Yes,Yes,One year,Yes,Electronic check,74.12,2351.8,No
CUST-0012968,Female,1,Yes,Yes,3,Yes,No,DSL,Yes,No,No,No,Yes,No,Two year,Yes,Mailed check,96.85,315.31,No
CUST-0012969,Female,0,No,No,25,Yes,Yes,Fiber optic,No,No,Yes,No,No,No,Month-to-month,No,Electronic check,62.34,1539.2,No
CUST-0012970,Male,0,No,Yes,0,No,No phone service,Fiber optic,No,No,Yes,No,No,Yes,Two year,No,Credit card (automatic),115.52,,Yes
CUST-0012971,Female,0,Yes,No,70,Yes,Yes,DSL,No,No,No,No,Yes,No,Month-to-month,No,Bank transfer (automatic),60.34,4196.32,Yes
CUST-0012972,Male,1,No,No,43,Yes,Yes,No,No internet service,No internet service,No internet service,No internet service,No internet service,No internet service,Two year,Yes,Electronic check,79.43,3435.51,Yes
CUST-0012973,Male,0,No,Yes,9,Yes,Yes,DSL,No,No,No,No,No,Yes,Month-to-month,Yes,Electronic check,114.23,1030.77,Yes
CUST-0012974,Male,1,Yes,Yes,0,Yes,No,Fiber optic,No,No,No,No,No,No,Month-to-month,Yes,Bank transfer (automatic),53.67,,No
CUST-0012975,Male,0,Yes,No,37,Yes,No,Fiber optic,No,Yes,Yes,Yes,No,Yes,Month-to-month,No,Electronic check,75.61,2772.11,No
CUST-0012976,Male,0,Yes,No,27,Yes,Yes,DSL,No,Yes,No,No,Yes,No,Month-to-month,No,Credit card (automatic),64.75,1697.09,No
CUST-0012977,Female,0,Yes,No,20,Yes,Yes,DSL,No,No,Yes,No,No,No,One year,No,Credit card (automatic),48.65,1019.52,Yes
CUST-0012978,Male,1,No,Yes,16,Yes,No,Fiber optic,Yes,No,No,Yes,No,No,Month-to-month,Yes,Credit card (automatic),118.75,1910.75,Yes
CUST-0012979,Male,0,Yes,No,53,Yes,No,Fiber optic,Yes,Yes,Yes,No,No,Yes,Month-to-month,Yes,Electronic check,61.51,3234.42,No
CUST-0012980,Female,0,No,No,72,Yes,Yes,Fiber optic,Yes,No,Yes,No,No,No,Two year,Yes,Mailed check,103.99,7477.84,No
CUST-0012981,Male,0,Yes,No,8,Yes,No,Fiber optic,No,No,Yes,No,No,No,One year,No,Electronic check,107.0,902.03,No
CUST-0012982,Male,1,Yes,No,23,Yes,Yes,No,No internet service,No internet service,No internet service,No internet service,No internet service,No internet service,One year,Yes,Bank transfer (automatic),109.33,2481.18,No
CUST-0012983,Female,0,No,No,19,Yes,No,DSL,No,Yes,No,Yes,No,No,Month-to-month,No,Credit card (automatic),104.33,1963.3,No
CUST-0012984,Male,0,No,No,46,Yes,No,Fiber optic,No,Yes,No,Yes,No,No,Month-to-month,No,Credit card (automatic),111.06,5061.34,No
CUST-0012985,Female,0,No,Yes,72,Yes,Yes,No,No internet service,No internet service,No internet service,No internet service,No internet service,No internet service,Month-to-month,Yes,Electronic check,60.42,4366.46,No
CUST-0012986,Female,0,No,No,10,Yes,Yes,DSL,No,No,No,No,No,Yes,Month-to-month,Yes,Mailed check,76.99,776.54,Yes
CUST-0012987,Female,0,No,No,38,Yes,No,Fiber optic,No,Yes,Yes,Yes,Yes,No,One year,Yes,Bank transfer (automatic),115.45,4421.6,No
CUST-0012988,Female,1,No,No,8,Yes,Yes,Fiber optic,No,No,No,Yes,No,No,Month-to-month,Yes,Electronic check,110.88,881.6,No
CUST-0012989,Male,0,Yes,No,45,Yes,No,Fiber optic,Yes,No,No,No,Yes,No,Two year,Yes,Credit card (automatic),97.69,4381.08,No
CUST-0012990,Female,0,No,No,4,Yes,Yes,Fiber optic,No,No,No,Yes,No,No,Month-to-month,No,Mailed check,90.94,374.37,No
CUST-0012991,Male,0,No,Yes,11,Yes,No,Fiber optic,No,No,No,No,No,Yes,Month-to-month,Yes,Bank transfer (automatic),112.89,1239.88,No
CUST-0012992,Male,0,Yes,No,72,Yes,No,DSL,No,No,Yes,Yes,No,No,Month-to-month,No,Mailed check,79.06,5690.36,No
CUST-0012993,Female,0,Yes,Yes,51,Yes,Yes,DSL,Yes,Yes,Yes,No,Yes,Yes,Month-to-month,No,Electronic check,93.26,4753.08,Yes
CUST-0012994,Male,0,Yes,No,10,Yes,Yes,Fiber optic,No,No,No,Yes,No,Yes,Two year,No,Bank transfer (automatic),103.39,1016.67,Yes
CUST-0012995,Male,0,No,Yes,34,Yes,Yes,No,No internet service,No internet service,No internet service,No internet service,No internet service,No internet service,Two year,No,Mailed check,90.36,3055.28,No
CUST-0012996,Male,0,No,Yes,15,No,No phone service,Fiber optic,No,No,No,No,No,No,Month-to-month,Yes,Mailed check,67.83,,Yes
CUST-0012997,Female,0,Yes,No,37,Yes,No,Fiber optic,No,No,No,No,No,Yes,Two year,Yes,Electronic check,78.52,2929.59,No
CUST-0012998,Male,1,No,No,72,Yes,Yes,Fiber optic,Yes,No,Yes,No,No,No,Two year,Yes,Electronic check,118.75,8583.3,No
CUST-0012999,Male,0,Yes,No,61,No,No phone service,DSL,No,No,Yes,Yes,No,No,Month-to-month,Yes,Mailed check,118.75,7221.05,No
CUST-0013000,Female,0,Yes,No,18,Yes,No,No,No internet service,No internet service,No internet service,No internet service,No internet service,No internet service,One year,Yes,Bank transfer (automatic),75.88,1371.4,Yes
CUST-0013001,Female,0,No,Yes,24,Yes,No,DSL,No,No,Yes,No,No,Yes,Month-to-month,Yes,Credit card (automatic),75.61,1806.89,Yes
CUST-0013002,Male,0,No,No,26,Yes,Yes,Fiber optic,No,No,No,No,No,Yes,Month-to-month,Yes,Electronic check,112.92,2947.0,Yes
CUST-0013003,Female,0,No,No,10,Yes,No,DSL,No,Yes,No,No,No,No,Month-to-month,No,Electronic check,92.42,937.72,No
CUST-0013004,Female,0,Yes,No,11,Yes,Yes,Fiber optic,No,Yes,Yes,No,No,Yes,Two year,Yes,Electronic check,118.75,1342.41,Yes
CUST-0013005,Male,0,Yes,Yes,34,Yes,No,No,No internet service,No internet service,No internet service,No internet service,No internet service,No internet service,Month-to-month,No,Electronic check,96.54,3275.38,No
CUST-0013006,Female,1,No,Yes,7,Yes,No,No,No internet service,No internet service,No internet service,No internet service,No internet service,No internet service,Month-to-month,Yes,Mailed check,70.84,483.31,No
CUST-0013007,Female,0,No,No,34,Yes,Yes,No,No internet service,No internet service,No internet service,No internet service,No internet service,No internet service,One year,Yes,Bank transfer (automatic),82.22,2791.6,No
CUST-0013008,Male,0,Yes,Yes,22,Yes,No,Fiber optic,No,Yes,No,No,No,No,Month-to-month,No,Bank transfer (automatic),93.58,2063.94,No
CUST-0013009,Female,0,No,No,33,Yes,No,No,No internet service,No internet service,No internet service,No internet service,No internet service,No internet service,Month-to-month,No,Electronic check,98.19,3236.22,No
CUST-0013010,Male,0,Yes,No,1,Yes,No,Fiber optic,No,No,No,No,No,Yes,Month-to-month,Yes,Credit card (automatic),66.97,78.78,No
CUST-0013011,Female,0,No,No,14,No,No phone service,Fiber optic,No,No,Yes,Yes,Yes,Yes,Month-to-month,Yes,Electronic check,118.75,1639.64,No
CUST-0013012,Male,0,No,No,28,Yes,No,Fiber optic,No,Yes,Yes,No,Yes,No,One year,Yes,Bank transfer (automatic),64.28,1753.11,Yes
CUST-0013013,Male,0,No,No,15,Yes,Yes,Fiber optic,No,No,Yes,Yes,Yes,Yes,One year,Yes,Credit card (automatic),103.46,1579.77,No
CUST-0013014,Female,0,Yes,No,72,Yes,No,DSL,Yes,No,Yes,No,Yes,Yes,Month-to-month,Yes,Credit card (automatic),107.81,7770.21,No
CUST-0013015,Male,1,No,No,12,Yes,No,DSL,No,Yes,No,No,No,No,One year,Yes,Mailed check,118.75,1465.64,No
CUST-0013016,Male,0,Yes,No,72,Yes,No,Fiber optic,Yes,No,No,No,No,Yes,One year,Yes,Electronic check,75.74,5447.39,No
CUST-0013017,Male,0,Yes,No,18,No,No phone service,Fiber optic,No,Yes,No,Yes,Yes,Yes,Month-to-month,Yes,Electronic check,66.08,1167.11,Yes
CUST-0013018,Female,0,Yes,No,12,Yes,No,DSL,No,No,Yes,No,Yes,No,Month-to-month,Yes,Credit card (automatic),102.68,1228.6,Yes
CUST-0013019,Female,0,No,No,45,Yes,Yes,DSL,No,Yes,Yes,No,Yes,No,Month-to-month,Yes,Electronic check,47.09,2113.94,No
CUST-0013020,Male,0,No,No,41,Yes,No,No,No internet service,No internet service,No internet service,No internet service,No internet service,No internet service,Month-to-month,Yes,Mailed check,60.11,2449.56,No
CUST-0013021,Female,1,No,No,1,Yes,No,Fiber optic,No,No,No,No,Yes,No,Month-to-month,No,Bank transfer (automatic),91.38,94.33,Yes
CUST-0013022,Male,0,Yes,No,8,Yes,No,Fiber optic,Yes,Yes,Yes,No,Yes,No,Month-to-month,Yes,Electronic check,104.54,768.42,No
CUST-0013023,Female,0,No,No,3,Yes,No,No,No internet service,No internet service,No internet service,No internet service,No internet service,No internet service,Month-to-month,Yes,Electronic check,88.59,249.13,Yes
CUST-0013024,Male,0,Yes,Yes,29,Yes,Yes,DSL,No,No,No,Yes,No,Yes,Two year,Yes,Mailed check,76.5,2207.37,No
CUST-0013025,Male,0,Yes,Yes,72,Yes,No,Fiber optic,No,Yes,No,No,Yes,No,Two year,Yes,Electronic check,114.79,8296.87,No
CUST-0013026,Male,1,No,No,0,Yes,No,Fiber optic,No,No,No,Yes,No,No,Month-to-month,Yes,Electronic check,111.34,,No
CUST-0013027,Male,0,No,Yes,49,Yes,No,No,No internet service,No internet service,No internet service,No internet service,No internet service,No internet service,Month-to-month,Yes,Credit card (automatic),76.57,3758.04,No
CUST-0013028,Female,0,Yes,No,16,Yes,Yes,Fiber optic,No,No,Yes,No,No,No,One year,No,Credit card (automatic),118.75,1923.18,No
CUST-0013029,Female,1,Yes,No,54,Yes,Yes,Fiber optic,No,No,Yes,No,Yes,No,One year,No,Bank transfer (automatic),85.07,4593.92,Yes
CUST-0013030,Male,0,Yes,No,16,No,No phone service,No,No internet service,No internet service,No internet service,No internet service,No internet service,No internet service,Month-to-month,Yes,Electronic check,80.28,1275.91,No
CUST-0013031,Female,0,Yes,No,19,Yes,No,Fiber optic,Yes,Yes,Yes,Yes,No,No,One year,Yes,Credit card (automatic),109.51,2109.1,Yes
CUST-0013032,Male,0,Yes,No,5,No,No phone service,DSL,No,No,No,No,Yes,No,One year,No,Electronic check,105.49,511.08,No
CUST-0013033,Male,0,No,Yes,4,Yes,Yes,Fiber optic,No,Yes,No,No,No,No,One year,Yes,Credit card (automatic),94.65,351.43,Yes
CUST-0013034,Male,0,Yes,No,0,Yes,No,Fiber optic,No,No,Yes,No,No,Yes,Month-to-month,No,Bank transfer (automatic),111.54,,No
CUST-0013035,Male,1,No,No,4,Yes,Yes,DSL,No,No,Yes,Yes,Yes,No,Month-to-month,Yes,Mailed check,79.63,333.75,No
CUST-0013036,Male,0,Yes,Yes,72,Yes,No,Fiber optic,No,No,Yes,Yes,No,No,Month-to-month,Yes,Electronic check,68.75,4929.23,No
CUST-0013037,Male,0,Yes,No,11,Yes,Yes,Fiber optic,Yes,No,Yes,No,No,Yes,Month-to-month,No,Electronic check,111.91,1189.43,No
CUST-0013038,Male,1,No,Yes,7,Yes,Yes,DSL,Yes,No,No,Yes,Yes,No,Month-to-month,No,Electronic check,93.62,705.81,Yes
CUST-0013039,Female,1,No,Yes,42,Yes,Yes,Fiber optic,Yes,Yes,No,No,Yes,No,Month-to-month,Yes,Electronic check,81.46,3438.16,No
CUST-0013040,Female,0,Yes,No,49,Yes,Yes,DSL,No,No,No,No,Yes,No,Month-to-month,No,Electronic check,61.13,3014.82,No
CUST-0013041,Male,0,Yes,No,16,Yes,No,No,No internet service,No internet service,No internet service,No internet service,No internet service,No internet service,Month-to-month,Yes,Electronic check,98.09,1550.53,Yes
CUST-0013042,Female,1,Yes,No,9,Yes,No,Fiber optic,No,No,No,No,No,No,Month-to-month,No,Credit card (automatic),115.51,1048.86,No
CUST-0013043,Male,0,Yes,No,43,Yes,No,No,No internet service,No internet service,No internet service,No internet service,No internet service,No internet service,Month-to-month,Yes,Credit card (automatic),118.75,5106.51,No
CUST-0013044,Male,0,No,No,72,No,No phone service,DSL,Yes,No,No,Yes,No,Yes,Month-to-month,No,Electronic check,76.89,5514.75,Yes
CUST-0013045,Female,0,Yes,Yes,3,Yes,No,DSL,No,No,Yes,No,Yes,No,Month-to-month,Yes,Mailed check,73.88,194.86,No
CUST-0013046,Male,0,No,No,3,Yes,No,Fiber optic,No,No,No,No,Yes,Yes,Month-to-month,No,Electronic check,118.75,320.17,No
CUST-0013047,Male,0,No,No,5,Yes,Yes,Fiber optic,No,Yes,No,No,No,Yes,Month-to-month,No,Bank transfer (automatic),42.31,220.85,No
CUST-0013048,Female,0,No,No,14,Yes,Yes,Fiber optic,No,Yes,No,No,No,Yes,Month-to-month,Yes,Mailed check,90.94,1249.31,Yes
CUST-0013049,Male,0,Yes,Yes,72,Yes,Yes,No,No internet service,No internet service,No internet service,No internet service,No internet service,No internet service,Month-to-month,Yes,Electronic check,80.12,5750.58,No
CUST-0013050,Female,0,No,No,2,Yes,No,Fiber optic,No,No,No,No,No,Yes,Month-to-month,Yes,Mailed check,86.49,193.8,No
CUST-0013051,Female,1,Yes,No,71,Yes,Yes,Fiber optic,Yes,No,No,Yes,Yes,No,Month-to-month,No,Mailed check,109.28,7769.16,No
CUST-0013052,Male,0,Yes,No,14,Yes,Yes,Fiber optic,No,No,No,No,No,No,Month-to-month,Yes,Electronic check,57.03,815.28,No
CUST-0013053,Male,0,No,No,25,Yes,Yes,DSL,Yes,Yes,No,Yes,No,Yes,Month-to-month,Yes,Credit card (automatic),108.15,,No
CUST-0013054,Female,0,Yes,Yes,72,No,No phone service,DSL,No,No,Yes,No,Yes,Yes,Month-to-month,Yes,Bank transfer (automatic),118.75,8527.6,No
CUST-0013055,Female,0,Yes,Yes,28,Yes,Yes,Fiber optic,Yes,Yes,Yes,Yes,Yes,No,One year,No,Bank transfer (automatic),82.42,2311.08,Yes
CUST-0013056,Female,0,No,Yes,3,Yes,No,Fiber optic,No,Yes,No,No,Yes,No,One year,Yes,Bank transfer (automatic),87.17,252.51,No
CUST-0013057,Female,0,Yes,Yes,44,Yes,No,Fiber optic,No,Yes,No,Yes,No,No,Month-to-month,No,Bank transfer (automatic),105.18,4614.13,Yes
CUST-0013058,Female,0,Yes,No,19,Yes,Yes,Fiber optic,No,No,No,Yes,Yes,Yes,Two year,No,Bank transfer (automatic),93.52,1824.53,Yes
CUST-0013059,Male,0,Yes,No,4,Yes,No,DSL,No,No,No,No,No,No,Month-to-month,Yes,Bank transfer (automatic),67.01,264.98,No
CUST-0013060,Female,1,No,No,8,No,No phone service,DSL,No,Yes,No,Yes,Yes,No,Two year,Yes,Electronic check,118.75,939.04,No
CUST-0013061,Male,0,Yes,No,30,Yes,No,DSL,Yes,Yes,Yes,Yes,No,Yes,Month-to-month,Yes,Electronic check,65.35,1995.35,No
CUST-0013062,Male,0,Yes,No,20,Yes,Yes,DSL,No,No,Yes,No,No,No,Month-to-month,Yes,Electronic check,101.06,1991.6,No
CUST-0013063,Female,1,Yes,Yes,54,Yes,Yes,No,No internet service,No internet service,No internet service,No internet service,No internet service,No internet service,Month-to-month,No,Electronic check,88.76,,No
CUST-0013064,Female,1,Yes,No,42,Yes,Yes,Fiber optic,No,No,Yes,Yes,Yes,Yes,Month-to-month,Yes,Credit card (automatic),96.54,4046.97,No
CUST-0013065,Male,0,No,Yes,4,Yes,No,Fiber optic,No,No,No,No,Yes,Yes,Month-to-month,Yes,Mailed check,106.72,437.1,Yes
CUST-0013066,Female,0,Yes,No,58,Yes,Yes,Fiber optic,No,No,No,No,No,No,Month-to-month,No,Credit card (automatic),100.14,,No
CUST-0013067,Male,0,No,No,3,Yes,No,Fiber optic,No,No,Yes,No,Yes,No,One year,Yes,Bank transfer (automatic),88.95,300.44,Yes
CUST-0013068,Male,0,No,No,7,Yes,Yes,Fiber optic,Yes,Yes,No,No,Yes,No,Month-to-month,Yes,Credit card (automatic),88.11,594.85,No
CUST-0013069,Female,0,Yes,No,52,No,No phone service,DSL,No,Yes,No,No,Yes,Yes,Month-to-month,Yes,Bank transfer (automatic),114.13,5916.7,No
CUST-0013070,Female,1,No,Yes,2,Yes,Yes,DSL,Yes,No,Yes,Yes,Yes,No,One year,Yes,Mailed check,97.81,179.15,No
CUST-0013071,Female,0,Yes,No,22,Yes,Yes,Fiber optic,Yes,No,No,No,Yes,No,Month-to-month,No,Electronic check,87.47,1917.12,No
CUST-0013072,Male,1,No,No,7,Yes,No,DSL,Yes,No,No,Yes,No,No,Month-to-month,Yes,Credit card (automatic),118.75,852.25,No
CUST-0013073,Female,0,Yes,No,26,Yes,Yes,Fiber optic,No,No,No,Yes,No,No,Month-to-month,Yes,Electronic check,82.96,2173.03,No
CUST-0013074,Male,1,No,No,12,Yes,Yes,DSL,No,Yes,Yes,Yes,Yes,Yes,Month-to-month,Yes,Credit card (automatic),80.73,996.69,No
CUST-0013075,Male,0,No,Yes,0,Yes,No,No,No internet service,No internet service,No internet service,No internet service,No internet service,No internet service,Month-to-month,Yes,Electronic check,110.92,,No
CUST-0013076,Female,1,No,No,10,Yes,No,Fiber optic,Yes,No,No,Yes,Yes,No,Month-to-month,Yes,Electronic check,111.99,1106.19,Yes
CUST-0013077,Male,0,Yes,No,27,Yes,No,DSL,No,Yes,Yes,Yes,No,Yes,Two year,Yes,Mailed check,110.58,3012.87,No
CUST-0013078,Female,0,Yes,Yes,30,Yes,No,Fiber optic,No,No,Yes,No,No,Yes,Month-to-month,No,Bank transfer (automatic),81.02,2456.11,No
CUST-0013079,Female,0,No,No,10,Yes,Yes,DSL,No,Yes,No,No,No,No,Month-to-month,No,Credit card (automatic),118.75,,No
CUST-0013080,Male,0,No,Yes,32,No,No phone service,Fiber optic,No,No,Yes,No,Yes,Yes,Month-to-month,Yes,Electronic check,88.79,2854.23,No
CUST-0013081,Female,0,No,Yes,20,Yes,Yes,No,No internet service,No internet service,No internet service,No internet service,No internet service,No internet service,Two year,Yes,Mailed check,118.75,2365.77,Yes
CUST-0013082,Female,1,Yes,No,4,Yes,No,No,No internet service,No internet service,No internet service,No internet service,No internet service,No internet service,One year,No,Mailed check,84.4,341.7,Yes
CUST-0013083,Female,0,Yes,Yes,34,Yes,Yes,Fiber optic,No,No,No,Yes,Yes,Yes,Month-to-month,Yes,Credit card (automatic),112.4,3838.0,Yes
CUST-0013084,Male,0,No,No,64,Yes,Yes,Fiber optic,Yes,Yes,Yes,Yes,Yes,No,Month-to-month,No,Mailed check,118.75,7577.19,No
CUST-0013085,Female,0,Yes,No,3,Yes,Yes,Fiber optic,No,No,No,No,No,No,Month-to-month,Yes,Bank transfer (automatic),101.93,393.33,No
CUST-0013086,Female,0,No,Yes,21,Yes,Yes,Fiber optic,No,No,Yes,Yes,No,No,Month-to-month,Yes,Electronic check,74.23,1572.78,No
CUST-0013087,Male,1,No,No,48,Yes,No,Fiber optic,No,No,No,Yes,No,No,Month-to-month,No,Mailed check,112.81,5382.06,No
CUST-0013088,Male,0,No,No,7,Yes,No,Fiber optic,No,Yes,Yes,Yes,Yes,No,Month-to-month,No,Credit card (automatic),118.75,,No
CUST-0013089,Male,0,No,No,22,Yes,Yes,Fiber optic,Yes,No,No,No,Yes,Yes,Month-to-month,Yes,Credit card (automatic),70.78,1551.24,Yes
CUST-0013090,Male,0,No,Yes,59,Yes,No,Fiber optic,No,No,No,Yes,No,No,Month-to-month,No,Credit card (automatic),79.0,4684.01,No
CUST-0013091,Female,0,Yes,Yes,35,Yes,Yes,No,No internet service,No internet service,No internet service,No internet service,No internet service,No internet service,One year,No,Credit card (automatic),101.73,3533.46,No
CUST-0013092,Female,0,No,Yes,45,Yes,No,Fiber optic,No,Yes,Yes,No,No,Yes,Month-to-month,No,Credit card (automatic),85.46,3864.39,No
CUST-0013093,Female,0,Yes,No,30,Yes,No,Fiber optic,No,No,Yes,No,No,No,Two year,Yes,Electronic check,95.57,2874.35,No
CUST-0013094,Female,0,No,No,63,Yes,Yes,DSL,No,No,No,Yes,No,No,Two year,No,Bank transfer (automatic),97.33,6158.06,No
CUST-0013095,Female,0,Yes,Yes,5,Yes,No,Fiber optic,Yes,No,No,Yes,No,No,Two year,No,Bank transfer (automatic),67.68,311.43,No
CUST-0013096,Female,0,Yes,No,13,Yes,Yes,DSL,No,No,Yes,No,No,No,Month-to-month,Yes,Electronic check,80.36,1100.62,Yes
CUST-0013097,Male,0,Yes,Yes,4,Yes,No,No,No internet service,No internet service,No internet service,No internet service,No internet service,No internet service,One year,No,Mailed check,96.62,404.78,No
CUST-0013098,Male,0,No,No,3,Yes,No,Fiber optic,No,No,Yes,No,No,No,One year,Yes,Electronic check,106.67,302.53,No
CUST-0013099,Female,0,No,No,25,Yes,Yes,Fiber optic,No,No,Yes,Yes,No,No,Two year,Yes,Bank transfer (automatic),106.54,2643.02,No
CUST-0013100,Male,0,No,No,40,Yes,Yes,DSL,Yes,No,No,No,Yes,No,Month-to-month,No,Credit card (automatic),114.69,4621.31,No
CUST-0013101,Male,1,No,No,10,Yes,No,DSL,No,No,No,No,Yes,No,Month-to-month,Yes,Bank transfer (automatic),62.85,644.57,No
CUST-0013102,Female,0,No,No,63,No,No phone service,DSL,No,No,Yes,No,No,No,Month-to-month,Yes,Mailed check,70.61,4462.8,No
CUST-0013103,Female,0,Yes,No,1,No,No phone service,No,No internet service,No internet service,No internet service,No internet service,No internet service,No internet service,Two year,Yes,Bank transfer (automatic),80.42,46.35,No
CUST-0013104,Male,0,No,No,38,Yes,No,No,No internet service,No internet service,No internet service,No internet service,No internet service,No internet service,Month-to-month,No,Electronic check,92.94,3532.34,No
CUST-0013105,Female,0,No,No,72,Yes,No,DSL,Yes,Yes,Yes,No,No,No,Month-to-month,Yes,Electronic check,93.84,6749.24,Yes
CUST-0013106,Female,1,Yes,No,9,Yes,Yes,Fiber optic,No,Yes,Yes,No,No,Yes,Month-to-month,No,Mailed check,87.69,827.05,Yes
CUST-0013107,Male,0,No,No,51,Yes,Yes,Fiber optic,No,No,No,No,Yes,No,Month-to-month,Yes,Bank transfer (automatic),96.48,4877.99,No
CUST-0013108,Female,1,Yes,No,53,No,No phone service,DSL,No,Yes,No,No,No,No,Month-to-month,Yes,Electronic check,80.8,4224.39,No
CUST-0013109,Female,0,No,No,6,Yes,Yes,DSL,Yes,Yes,Yes,No,Yes,No,Month-to-month,No,Credit card (automatic),95.61,581.57,No
CUST-0013110,Female,0,No,Yes,2,Yes,Yes,Fiber optic,Yes,No,Yes,No,No,No,Month-to-month,Yes,Credit card (automatic),61.81,122.02,Yes
CUST-0013111,Male,0,Yes,Yes,7,Yes,Yes,No,No internet service,No internet service,No internet service,No internet service,No internet service,No internet service,Two year,Yes,Credit card (automatic),52.16,362.18,No
CUST-0013112,Male,0,No,No,45,Yes,No,Fiber optic,No,Yes,No,Yes,Yes,No,Month-to-month,Yes,Bank transfer (automatic),41.32,1882.45,No
CUST-0013113,Female,0,Yes,No,2,Yes,No,Fiber optic,Yes,No,No,No,Yes,Yes,Month-to-month,Yes,Bank transfer (automatic),118.75,235.98,No
CUST-0013114,Male,0,No,Yes,26,Yes,Yes,Fiber optic,No,No,No,No,Yes,Yes,One year,Yes,Bank transfer (automatic),80.83,2085.85,Yes
CUST-0013115,Male,1,Yes,No,13,Yes,No,DSL,Yes,Yes,Yes,No,Yes,No,Month-to-month,No,Electronic check,78.19,1039.38,No
CUST-0013116,Female,0,No,No,4,Yes,No,DSL,No,Yes,Yes,Yes,No,No,Month-to-month,Yes,Credit card (automatic),105.24,462.73,Yes
CUST-0013117,Female,0,Yes,Yes,9,Yes,No,Fiber optic,No,No,No,No,Yes,No,One year,Yes,Electronic check,118.75,1092.65,No
CUST-0013118,Male,1,Yes,Yes,25,Yes,No,Fiber optic,No,Yes,Yes,No,No,Yes,Month-to-month,No,Electronic check,116.38,2936.35,No
CUST-0013119,Male,0,Yes,Yes,39,Yes,No,DSL,No,No,Yes,Yes,No,Yes,One year,Yes,Electronic check,66.42,2554.64,No
CUST-0013120,Male,0,Yes,Yes,0,Yes,No,No,No internet service,No internet service,No internet service,No internet service,No internet service,No internet service,Month-to-month,Yes,Credit card (automatic),89.85,,Yes
CUST-0013121,Male,0,No,Yes,12,Yes,No,Fiber optic,No,Yes,No,No,Yes,No,Month-to-month,Yes,Bank transfer (automatic),84.68,1081.11,No
CUST-0013122,Female,0,No,No,39,Yes,No,DSL,No,No,Yes,No,No,Yes,Month-to-month,Yes,Mailed check,118.75,4660.63,No
CUST-0013123,Male,1,Yes,Yes,24,Yes,No,Fiber optic,Yes,No,No,No,No,No,Month-to-month,Yes,Credit card (automatic),77.87,1812.43,Yes
CUST-0013124,Male,0,Yes,No,13,Yes,Yes,Fiber optic,No,No,Yes,No,Yes,Yes,Month-to-month,No,Bank transfer (automatic),86.31,1059.65,No
CUST-0013125,Male,1,No,Yes,19,Yes,Yes,DSL,No,Yes,Yes,No,Yes,No,Month-to-month,No,Electronic check,79.53,,No
CUST-0013126,Male,0,Yes,No,72,Yes,No,Fiber optic,No,No,Yes,No,Yes,No,Month-to-month,No,Electronic check,115.22,8291.04,Yes
CUST-0013127,Female,1,Yes,Yes,23,Yes,No,No,No internet service,No internet service,No internet service,No internet service,No internet service,No internet service,Month-to-month,Yes,Mailed check,93.02,2167.07,Yes
CUST-0013128,Male,1,Yes,Yes,0,Yes,Yes,DSL,Yes,No,No,No,No,No,Month-to-month,No,Credit card (automatic),94.23,,No
CUST-0013129,Male,0,Yes,No,51,Yes,No,DSL,No,No,No,Yes,No,Yes,Month-to-month,Yes,Electronic check,95.97,4925.74,No
CUST-0013130,Male,0,Yes,Yes,12,Yes,No,Fiber optic,No,No,Yes,No,Yes,Yes,Month-to-month,Yes,Credit card (automatic),76.75,,Yes
CUST-0013131,Male,0,Yes,No,19,Yes,No,Fiber optic,No,No,Yes,No,No,Yes,Month-to-month,No,Bank transfer (automatic),102.77,1931.64,Yes
CUST-0013132,Female,0,No,No,22,Yes,Yes,Fiber optic,No,No,No,No,Yes,No,Month-to-month,Yes,Credit card (automatic),83.57,1856.45,No
CUST-0013133,Female,0,Yes,Yes,28,Yes,No,Fiber optic,No,Yes,No,No,No,No,Month-to-month,No,Credit card (automatic),64.04,1801.07,Yes
CUST-0013134,Female,1,Yes,No,11,Yes,No,DSL,No,Yes,No,No,No,No,Month-to-month,No,Electronic check,73.81,806.05,No
CUST-0013135,Male,0,No,No,1,Yes,No,No,No internet service,No internet service,No internet service,No internet service,No internet service,No internet service,Month-to-month,No,Mailed check,81.13,46.8,Yes
CUST-0013136,Female,0,Yes,Yes,22,Yes,Yes,Fiber optic,No,No,Yes,No,No,No,Month-to-month,Yes,Electronic check,114.57,2515.46,Yes
CUST-0013137,Male,0,Yes,No,27,Yes,No,Fiber optic,No,No,No,No,Yes,Yes,Month-to-month,Yes,Electronic check,48.5,1296.42,Yes
CUST-0013138,Male,1,Yes,No,72,Yes,Yes,Fiber optic,Yes,Yes,Yes,No,No,No,Month-to-month,Yes,Credit card (automatic),89.26,6433.06,Yes
CUST-0013139,Female,0,Yes,Yes,65,Yes,No,Fiber optic,No,No,No,Yes,No,No,Month-to-month,No,Credit card (automatic),72.97,4720.69,No
CUST-0013140,Female,0,No,Yes,7,Yes,No,No,No internet service,No internet service,No internet service,No internet service,No internet service,No internet service,Month-to-month,Yes,Electronic check,76.39,519.7,Yes
CUST-0013141,Female,1,No,No,28,Yes,No,DSL,No,Yes,No,Yes,No,Yes,Month-to-month,Yes,Electronic check,50.13,1434.14,No
CUST-0013142,Female,0,No,No,4,Yes,Yes,Fiber optic,No,Yes,No,Yes,No,No,Month-to-month,Yes,Credit card (automatic),77.11,325.16,No
CUST-0013143,Female,0,No,No,13,Yes,No,Fiber optic,No,No,No,No,No,Yes,Month-to-month,No,Bank transfer (automatic),75.15,960.18,Yes
CUST-0013144,Female,1,No,No,11,Yes,No,No,No internet service,No internet service,No internet service,No internet service,No internet service,No internet service,Month-to-month,Yes,Bank transfer (automatic),118.35,1342.88,No
CUST-0013145,Male,0,Yes,Yes,20,No,No phone service,DSL,Yes,No,No,No,No,Yes,Month-to-month,Yes,Electronic check,118.75,2340.28,No
CUST-0013146,Female,0,Yes,No,3,Yes,Yes,Fiber optic,No,No,Yes,No,No,No,Month-to-month,Yes,Bank transfer (automatic),78.64,221.91,No
CUST-0013147,Male,0,Yes,No,35,Yes,Yes,Fiber optic,Yes,No,No,No,No,No,Month-to-month,Yes,Electronic check,94.36,3255.88,No
CUST-0013148,Male,0,Yes,Yes,27,Yes,Yes,DSL,No,No,No,No,No,Yes,Month-to-month,Yes,Credit card (automatic),79.85,2109.22,Yes
CUST-0013149,Female,0,No,No,44,Yes,Yes,DSL,No,Yes,Yes,No,No,No,Month-to-month,Yes,Credit card (automatic),86.67,3838.01,No
CUST-0013150,Female,0,Yes,No,6,Yes,No,DSL,No,No,Yes,No,Yes,No,Month-to-month,Yes,Mailed check,72.41,441.51,No
CUST-0013151,Female,0,Yes,No,17,Yes,No,No,No internet service,No internet service,No internet service,No internet service,No internet service,No internet service,One year,No,Credit card (automatic),64.75,,Yes
CUST-0013152,Female,0,No,No,26,Yes,Yes,Fiber optic,No,Yes,Yes,Yes,No,No,Month-to-month,Yes,Credit card (automatic),99.59,2584.15,Yes
CUST-0013153,Male,0,Yes,No,8,Yes,No,DSL,No,No,No,No,No,No,Month-to-month,Yes,Mailed check,73.3,590.53,Yes
CUST-0013154,Male,0,Yes,No,20,Yes,Yes,DSL,No,Yes,Yes,Yes,No,Yes,Month-to-month,Yes,Credit card (automatic),99.09,1967.58,No
CUST-0013155,Male,1,No,No,7,Yes,No,No,No internet service,No internet service,No internet service,No internet service,No internet service,No internet service,Month-to-month,Yes,Electronic check,87.1,607.34,Yes
CUST-0013156,Male,1,Yes,Yes,25,Yes,No,DSL,Yes,No,No,No,No,No,Month-to-month,Yes,Credit card (automatic),40.86,990.98,Yes
CUST-0013157,Female,0,Yes,Yes,19,Yes,Yes,Fiber optic,No,No,Yes,No,No,No,One year,Yes,Electronic check,45.35,813.65,No
CUST-0013158,Male,0,Yes,No,8,No,No phone service,DSL,No,No,No,No,No,No,Month-to-month,Yes,Electronic check,112.29,901.9,No
CUST-0013159,Male,0,Yes,No,25,Yes,Yes,Fiber optic,Yes,No,No,No,No,Yes,Month-to-month,Yes,Electronic check,89.88,2269.6,No
CUST-0013160,Male,0,Yes,Yes,2,Yes,No,Fiber optic,No,Yes,No,No,No,No,Month-to-month,No,Bank transfer (automatic),103.0,194.75,Yes
CUST-0013161,Female,0,Yes,No,12,Yes,No,No,No internet service,No internet service,No internet service,No internet service,No internet service,No internet service,Month-to-month,Yes,Mailed check,118.75,1462.53,No
CUST-0013162,Male,0,Yes,No,21,Yes,No,Fiber optic,Yes,No,Yes,No,Yes,No,One year,No,Bank transfer (automatic),91.78,1922.57,Yes
CUST-0013163,Male,1,Yes,No,35,Yes,No,No,No internet service,No internet service,No internet service,No internet service,No internet service,No internet service,Two year,No,Electronic check,67.38,2365.49,No
CUST-0013164,Female,0,No,No,0,Yes,No,Fiber optic,No,Yes,No,No,Yes,No,Month-to-month,Yes,Electronic check,100.56,,No
CUST-0013165,Male,1,Yes,No,3,Yes,Yes,Fiber optic,No,Yes,Yes,No,No,No,Month-to-month,Yes,Electronic check,84.03,245.33,No
CUST-0013166,Male,1,No,No,51,Yes,Yes,Fiber optic,Yes,No,Yes,No,No,Yes,Month-to-month,Yes,Credit card (automatic),102.43,5203.83,No
CUST-0013167,Female,0,No,No,6,Yes,No,Fiber optic,No,No,No,No,No,Yes,Month-to-month,No,Credit card (automatic),98.11,622.64,No
CUST-0013168,Female,0,No,No,14,Yes,Yes,Fiber optic,No,No,No,No,No,No,Month-to-month,No,Credit card (automatic),73.91,1034.73,Yes
CUST-0013169,Male,0,Yes,Yes,30,Yes,No,Fiber optic,Yes,No,No,No,No,Yes,Month-to-month,No,Credit card (automatic),86.24,2563.16,No
CUST-0013170,Male,0,No,Yes,48,Yes,No,DSL,No,No,Yes,No,No,Yes,Month-to-month,Yes,Electronic check,96.19,4605.24,Yes
CUST-0013171,Female,0,No,No,53,Yes,No,DSL,Yes,No,No,Yes,No,Yes,Two year,No,Electronic check,118.75,6288.57,No
CUST-0013172,Male,0,No,No,52,Yes,Yes,Fiber optic,No,No,Yes,No,No,No,Two year,Yes,Mailed check,118.28,6168.43,No
CUST-0013173,Male,0,Yes,No,37,No,No phone service,DSL,Yes,No,No,No,No,Yes,One year,Yes,Bank transfer (automatic),96.54,3594.13,Yes
CUST-0013174,Male,0,No,Yes,41,Yes,No,Fiber optic,No,No,Yes,No,Yes,Yes,Two year,Yes,Credit card (automatic),51.47,2099.49,No
CUST-0013175,Male,0,Yes,No,2,Yes,Yes,Fiber optic,Yes,Yes,No,No,Yes,Yes,Month-to-month,Yes,Mailed check,77.1,167.12,Yes
CUST-0013176,Female,0,No,No,59,Yes,Yes,DSL,Yes,No,No,No,Yes,No,Month-to-month,Yes,Credit card (automatic),82.65,4886.86,No
CUST-0013177,Female,0,No,Yes,9,No,No phone service,No,No internet service,No internet service,No internet service,No internet service,No internet service,No internet service,Month-to-month,No,Mailed check,57.91,504.06,Yes
CUST-0013178,Male,0,No,Yes,34,Yes,Yes,DSL,No,No,No,No,No,No,Month-to-month,No,Electronic check,107.24,3672.45,No
CUST-0013179,Male,0,Yes,No,8,Yes,No,DSL,Yes,No,No,No,Yes,Yes,Month-to-month,Yes,Mailed check,88.33,666.96,Yes
CUST-0013180,Male,0,No,No,25,Yes,No,Fiber optic,No,No,No,No,Yes,Yes,Month-to-month,Yes,Bank transfer (automatic),112.18,2812.67,No
CUST-0013181,Male,1,Yes,Yes,7,Yes,Yes,No,No internet service,No internet service,No internet service,No internet service,No internet service,No internet service,Month-to-month,No,Mailed check,110.69,792.34,No
CUST-0013182,Female,0,Yes,No,16,Yes,Yes,DSL,Yes,No,No,No,No,No,Two year,No,Mailed check,90.37,1449.57,No
CUST-0013183,Female,0,No,No,16,Yes,No,DSL,Yes,Yes,Yes,No,No,No,One year,No,Bank transfer (automatic),68.81,1121.01,Yes
CUST-0013184,Female,0,Yes,No,21,Yes,No,No,No internet service,No internet service,No internet service,No internet service,No internet service,No internet service,Month-to-month,No,Bank transfer (automatic),104.05,2223.6,Yes
CUST-0013185,Female,0,No,No,13,Yes,Yes,Fiber optic,No,Yes,No,Yes,Yes,No,Month-to-month,No,Bank transfer (automatic),103.12,1364.34,No
CUST-0013186,Female,0,No,Yes,57,Yes,Yes,No,No internet service,No internet service,No internet service,No internet service,No internet service,No internet service,Month-to-month,Yes,Electronic check,106.79,6055.19,No
CUST-0013187,Male,0,Yes,No,22,Yes,Yes,No,No internet service,No internet service,No internet service,No internet service,No internet service,No internet service,Month-to-month,Yes,Bank transfer (automatic),99.09,2134.62,Yes
CUST-0013188,Male,1,No,No,6,Yes,Yes,Fiber optic,Yes,No,No,No,Yes,No,Month-to-month,No,Bank transfer (automatic),118.75,667.81,No
CUST-0013189,Male,0,Yes,No,37,No,No phone service,DSL,Yes,Yes,Yes,Yes,Yes,No,Two year,Yes,Mailed check,63.37,2338.05,No
CUST-0013190,Female,0,Yes,No,2,Yes,Yes,Fiber optic,No,No,No,No,No,Yes,One year,No,Mailed check,82.37,167.14,No
CUST-0013191,Female,0,No,No,1,Yes,Yes,Fiber optic,No,No,No,Yes,Yes,No,Month-to-month,No,Bank transfer (automatic),83.1,114.98,No
CUST-0013192,Female,1,Yes,Yes,33,Yes,No,Fiber optic,No,No,Yes,Yes,No,Yes,Month-to-month,No,Credit card (automatic),86.69,2880.03,No
CUST-0013193,Male,0,No,No,34,Yes,Yes,Fiber optic,No,No,Yes,No,No,No,One year,Yes,Bank transfer (automatic),50.24,1710.61,Yes
CUST-0013194,Female,0,Yes,Yes,35,Yes,No,Fiber optic,No,Yes,No,No,No,No,Two year,Yes,Electronic check,113.53,3943.29,No
CUST-0013195,Female,0,No,Yes,18,Yes,No,DSL,Yes,No,No,Yes,No,Yes,Two year,Yes,Electronic check,113.51,2084.58,No
CUST-0013196,Male,0,No,No,34,Yes,Yes,No,No internet service,No internet service,No internet service,No internet service,No internet service,No internet service,One year,Yes,Bank transfer (automatic),110.91,3788.66,Yes
CUST-0013197,Male,0,No,No,2,Yes,Yes,Fiber optic,Yes,No,No,No,Yes,No,Month-to-month,Yes,Bank transfer (automatic),73.55,144.78,No
CUST-0013198,Male,0,Yes,Yes,4,Yes,No,Fiber optic,No,Yes,No,No,Yes,No,Two year,Yes,Mailed check,83.36,340.19,No
CUST-0013199,Male,0,No,No,32,Yes,Yes,Fiber optic,No,No,No,No,No,Yes,Month-to-month,No,Mailed check,88.67,2866.9,Yes
CUST-0013200,Male,0,No,No,8,Yes,No,Fiber optic,No,No,Yes,No,No,Yes,Month-to-month,No,Bank transfer (automatic),95.22,732.17,Yes
CUST-0013201,Male,0,No,Yes,24,Yes,Yes,DSL,Yes,No,Yes,Yes,No,Yes,Two year,Yes,Bank transfer (automatic),88.57,2100.84,No
CUST-0013202,Female,1,No,No,28,Yes,No,Fiber optic,Yes,Yes,Yes,No,Yes,Yes,Month-to-month,Yes,Electronic check,80.75,2283.43,Yes
CUST-0013203,Female,1,No,No,63,Yes,No,Fiber optic,No,Yes,Yes,No,Yes,No,One year,No,Credit card (automatic),75.71,4853.13,Yes
CUST-0013204,Female,0,No,No,14,Yes,No,DSL,No,No,Yes,No,No,No,One year,Yes,Mailed check,118.75,1621.27,No
CUST-0013205,Male,0,Yes,No,14,Yes,Yes,Fiber optic,Yes,Yes,No,No,No,No,Month-to-month,No,Credit card (automatic),91.21,1260.67,No
CUST-0013206,Male,0,No,Yes,5,Yes,No,Fiber optic,No,Yes,No,No,No,No,One year,Yes,Electronic check,102.59,515.21,Yes
CUST-0013207,Female,0,Yes,No,31,Yes,No,Fiber optic,No,No,No,No,No,No,Month-to-month,Yes,Bank transfer (automatic),55.09,1692.35,Yes
CUST-0013208,Female,0,No,Yes,9,Yes,No,Fiber optic,No,No,No,No,No,No,Two year,Yes,Credit card (automatic),75.18,687.42,No
CUST-0013209,Female,0,No,No,0,Yes,No,DSL,No,No,No,No,No,No,Two year,No,Mailed check,104.75,,No
CUST-0013210,Female,0,No,No,30,Yes,No,No,No internet service,No internet service,No internet service,No internet service,No internet service,No internet service,Two year,Yes,Bank transfer (automatic),83.65,2506.01,No
CUST-0013211,Female,0,Yes,No,14,Yes,Yes,Fiber optic,No,Yes,Yes,Yes,Yes,No,Month-to-month,Yes,Credit card (automatic),73.35,936.02,No
CUST-0013212,Male,0,No,No,3,Yes,Yes,Fiber optic,No,Yes,No,No,No,No,Month-to-month,No,Electronic check,92.06,280.4,No
CUST-0013213,Female,0,No,Yes,3,Yes,No,Fiber optic,Yes,No,No,No,No,Yes,Month-to-month,Yes,Mailed check,110.66,345.92,Yes
CUST-0013214,Female,0,No,Yes,30,Yes,Yes,Fiber optic,No,No,No,No,No,No,Two year,No,Mailed check,102.42,3072.9,Yes
CUST-0013215,Female,0,Yes,No,3,Yes,No,DSL,Yes,No,No,No,Yes,No,One year,No,Bank transfer (automatic),98.04,308.17,Yes
CUST-0013216,Female,0,No,Yes,12,Yes,Yes,Fiber optic,No,No,No,Yes,No,No,Month-to-month,No,Credit card (automatic),87.69,1078.83,No
CUST-0013217,Female,0,Yes,Yes,30,Yes,No,DSL,Yes,No,No,Yes,No,No,Month-to-month,Yes,Electronic check,118.75,3582.45,No
CUST-0013218,Female,1,Yes,No,34,Yes,Yes,Fiber optic,No,Yes,Yes,No,Yes,No,One year,No,Mailed check,118.75,4054.09,No
CUST-0013219,Male,0,Yes,No,30,Yes,No,Fiber optic,No,No,Yes,Yes,No,No,Month-to-month,No,Mailed check,118.75,,No
CUST-0013220,Female,0,No,Yes,28,Yes,No,DSL,No,No,No,No,No,Yes,Month-to-month,Yes,Electronic check,105.21,2944.16,Yes
CUST-0013221,Male,0,Yes,No,28,No,No phone service,Fiber optic,No,Yes,No,No,No,No,Month-to-month,Yes,Credit card (automatic),60.32,1684.9,No
CUST-0013222,Male,0,Yes,No,20,Yes,No,Fiber optic,No,No,Yes,Yes,No,No,Month-to-month,Yes,Bank transfer (automatic),53.34,1050.57,No
CUST-0013223,Female,0,Yes,Yes,13,Yes,No,Fiber optic,No,Yes,No,No,No,No,Month-to-month,Yes,Electronic check,79.39,1033.8,Yes
CUST-0013224,Male,0,No,No,3,Yes,No,Fiber optic,No,No,No,No,No,Yes,Month-to-month,Yes,Bank transfer (automatic),77.25,269.31,No
CUST-0013225,Male,0,No,No,16,Yes,No,DSL,Yes,No,Yes,Yes,Yes,Yes,Month-to-month,Yes,Credit card (automatic),75.84,,No
CUST-0013226,Male,0,No,No,69,Yes,Yes,Fiber optic,No,No,No,No,Yes,No,Month-to-month,Yes,Bank transfer (automatic),118.75,8220.36,Yes
CUST-0013227,Female,0,No,No,8,Yes,No,Fiber optic,No,No,No,No,No,Yes,Month-to-month,Yes,Electronic check,101.32,800.79,No
CUST-0013228,Male,0,Yes,No,39,Yes,Yes,Fiber optic,No,Yes,No,Yes,Yes,No,Month-to-month,Yes,Credit card (automatic),86.21,3364.51,No
CUST-0013229,Male,0,No,No,50,Yes,Yes,Fiber optic,Yes,No,No,No,Yes,Yes,Month-to-month,No,Credit card (automatic),94.77,4707.43,No
CUST-0013230,Male,0,No,No,11,No,No phone service,No,No internet service,No internet service,No internet service,No internet service,No internet service,No internet service,Month-to-month,Yes,Electronic check,89.65,1007.76,No
CUST-0013231,Female,0,Yes,No,10,Yes,No,No,No internet service,No internet service,No internet service,No internet service,No internet service,No internet service,Month-to-month,Yes,Electronic check,110.06,1083.84,Yes
CUST-0013232,Male,0,No,Yes,4,Yes,Yes,Fiber optic,No,No,Yes,No,Yes,No,Month-to-month,No,Electronic check,76.56,304.93,Yes
CUST-0013233,Female,0,Yes,Yes,7,Yes,No,Fiber optic,No,Yes,Yes,No,Yes,No,Month-to-month,No,Credit card (automatic),101.48,735.48,No
CUST-0013234,Female,0,No,No,4,Yes,Yes,DSL,No,No,No,No,Yes,No,Month-to-month,Yes,Mailed check,66.8,234.66,No
CUST-0013235,Female,1,No,No,18,Yes,Yes,Fiber optic,No,No,No,No,Yes,Yes,One year,No,Electronic check,118.75,2158.96,No
CUST-0013236,Female,0,Yes,No,30,Yes,Yes,No,No internet service,No internet service,No internet service,No internet service,No internet service,No internet service,Month-to-month,No,Electronic check,93.75,2783.3,No
CUST-0013237,Female,0,Yes,No,3,Yes,No,DSL,No,No,No,Yes,No,No,Month-to-month,No,Bank transfer (automatic),68.67,211.98,No
CUST-0013238,Male,1,Yes,Yes,72,Yes,Yes,Fiber optic,Yes,No,Yes,No,No,No,Month-to-month,No,Credit card (automatic),81.44,5837.04,Yes
CUST-0013239,Female,1,Yes,Yes,14,Yes,No,Fiber optic,No,Yes,No,No,No,Yes,Two year,No,Electronic check,91.93,1265.14,No
CUST-0013240,Male,1,No,No,5,Yes,No,DSL,No,Yes,No,Yes,No,No,Month-to-month,No,Bank transfer (automatic),69.0,340.6,No
CUST-0013241,Female,0,No,No,21,Yes,No,DSL,No,Yes,No,Yes,Yes,Yes,Month-to-month,Yes,Electronic check,96.9,2014.81,Yes
CUST-0013242,Female,0,No,No,72,Yes,No,No,No internet service,No internet service,No internet service,No internet service,No internet service,No internet service,Month-to-month,Yes,Electronic check,105.84,7613.62,No
CUST-0013243,Male,0,No,No,46,Yes,No,DSL,No,No,No,Yes,No,No,One year,No,Credit card (automatic),118.75,5398.26,No
CUST-0013244,Female,0,Yes,No,72,Yes,No,No,No internet service,No internet service,No internet service,No internet service,No internet service,No internet service,Month-to-month,No,Credit card (automatic),94.0,6787.97,No
CUST-0013245,Female,0,Yes,No,6,Yes,Yes,DSL,No,Yes,No,No,Yes,No,Month-to-month,Yes,Electronic check,57.15,336.6,No
CUST-0013246,Female,0,Yes,No,3,Yes,No,Fiber optic,No,Yes,No,No,No,No,One year,No,Electronic check,57.89,168.28,No
CUST-0013247,Male,0,Yes,Yes,9,Yes,No,No,No internet service,No internet service,No internet service,No internet service,No internet service,No internet service,One year,No,Electronic check,118.75,1100.69,No
CUST-0013248,Female,0,Yes,Yes,18,Yes,Yes,Fiber optic,No,No,Yes,Yes,No,No,Month-to-month,No,Credit card (automatic),87.6,1549.5,Yes
CUST-0013249,Female,0,Yes,No,53,Yes,No,Fiber optic,No,No,No,No,No,No,Month-to-month,Yes,Credit card (automatic),79.4,4220.38,Yes
CUST-0013250,Male,1,No,Yes,47,No,No phone service,DSL,No,Yes,No,No,Yes,Yes,Month-to-month,No,Mailed check,68.27,3224.95,No
CUST-0013251,Male,0,No,No,44,Yes,Yes,Fiber optic,No,No,Yes,No,No,Yes,One year,Yes,Electronic check,106.17,4686.28,No
CUST-0013252,Female,0,No,No,45,Yes,No,Fiber optic,No,Yes,Yes,No,No,Yes,One year,Yes,Bank transfer (automatic),118.75,5298.26,No
CUST-0013253,Female,0,No,Yes,16,Yes,Yes,Fiber optic,No,No,No,No,Yes,Yes,Month-to-month,Yes,Bank transfer (automatic),104.27,1665.76,No
CUST-0013254,Female,0,No,No,2,Yes,No,Fiber optic,No,Yes,Yes,No,No,No,Month-to-month,No,Bank transfer (automatic),99.79,222.46,No
CUST-0013255,Female,0,Yes,No,24,Yes,No,No,No internet service,No internet service,No internet service,No internet service,No internet service,No internet service,Month-to-month,No,Electronic check,100.17,2399.4,Yes
CUST-0013256,Male,1,Yes,Yes,1,Yes,No,Fiber optic,No,Yes,No,Yes,Yes,No,Two year,No,Electronic check,98.56,90.72,Yes
CUST-0013257,Male,0,Yes,No,38,Yes,Yes,No,No internet service,No internet service,No internet service,No internet service,No internet service,No internet service,Month-to-month,Yes,Bank transfer (automatic),79.43,3037.99,No
CUST-0013258,Male,1,Yes,Yes,13,Yes,Yes,Fiber optic,No,No,Yes,Yes,No,No,Month-to-month,Yes,Credit card (automatic),117.93,1508.68,No
CUST-0013259,Male,0,Yes,No,23,Yes,Yes,Fiber optic,No,No,No,No,Yes,No,One year,No,Credit card (automatic),73.68,1673.62,No
CUST-0013260,Female,0,Yes,No,19,Yes,No,Fiber optic,No,Yes,No,No,No,Yes,Month-to-month,No,Electronic check,116.07,2231.2,No
CUST-0013261,Female,0,Yes,No,32,Yes,No,No,No internet service,No internet service,No internet service,No internet service,No internet service,No internet service,Month-to-month,Yes,Mailed check,91.81,2914.18,No
CUST-0013262,Female,0,No,No,20,Yes,No,DSL,Yes,No,No,Yes,No,Yes,Two year,Yes,Mailed check,97.38,1942.18,No
CUST-0013263,Male,0,Yes,Yes,72,Yes,No,No,No internet service,No internet service,No internet service,No internet service,No internet service,No internet service,One year,No,Electronic check,93.36,,No
CUST-0013264,Male,0,No,No,0,Yes,Yes,No,No internet service,No internet service,No internet service,No internet service,No internet service,No internet service,Two year,Yes,Bank transfer (automatic),84.59,,No
CUST-0013265,Male,0,No,Yes,72,Yes,Yes,Fiber optic,No,No,No,No,No,Yes,Month-to-month,No,Credit card (automatic),54.21,3914.05,No
CUST-0013266,Male,0,No,No,19,Yes,Yes,Fiber optic,No,No,No,No,Yes,Yes,Two year,No,Electronic check,116.77,2215.02,No
CUST-0013267,Male,0,Yes,No,4,Yes,No,Fiber optic,No,No,Yes,No,Yes,Yes,Two year,No,Electronic check,89.5,345.96,Yes
CUST-0013268,Male,1,Yes,No,5,Yes,No,Fiber optic,Yes,No,Yes,No,No,No,Two year,Yes,Credit card (automatic),83.5,376.49,No
CUST-0013269,Male,1,Yes,No,0,Yes,No,Fiber optic,No,Yes,Yes,No,No,Yes,Month-to-month,No,Mailed check,112.57,,No
CUST-0013270,Female,1,No,No,2,Yes,No,Fiber optic,No,No,Yes,No,No,Yes,Month-to-month,No,Electronic check,69.95,113.18,No
CUST-0013271,Male,0,Yes,No,1,Yes,Yes,Fiber optic,Yes,Yes,No,Yes,Yes,No,Month-to-month,Yes,Electronic check,75.32,21.33,No
CUST-0013272,Female,1,No,No,12,No,No phone service,DSL,Yes,No,Yes,No,Yes,No,Month-to-month,Yes,Bank transfer (automatic),67.77,794.83,No
CUST-0013273,Male,0,No,No,7,Yes,Yes,Fiber optic,Yes,No,No,Yes,Yes,No,Month-to-month,Yes,Credit card (automatic),66.62,469.99,No
CUST-0013274,Female,0,Yes,No,15,No,No phone service,DSL,Yes,No,No,No,No,Yes,Month-to-month,No,Electronic check,63.08,921.52,Yes
CUST-0013275,Female,0,Yes,No,49,Yes,Yes,Fiber optic,No,Yes,No,No,Yes,Yes,Month-to-month,Yes,Credit card (automatic),50.94,2476.57,No
CUST-0013276,Male,0,Yes,No,51,Yes,No,Fiber optic,No,Yes,No,Yes,No,No,One year,Yes,Electronic check,109.13,5542.17,No
CUST-0013277,Male,0,No,No,29,Yes,No,Fiber optic,Yes,No,No,Yes,No,Yes,Month-to-month,No,Electronic check,98.83,2826.79,No
CUST-0013278,Male,0,No,Yes,1,Yes,No,Fiber optic,No,Yes,No,No,No,No,One year,No,Electronic check,114.3,140.94,No
CUST-0013279,Female,0,No,Yes,5,Yes,Yes,Fiber optic,Yes,Yes,No,No,Yes,Yes,Two year,Yes,Electronic check,98.15,496.69,No
CUST-0013280,Male,0,No,Yes,9,Yes,No,No,No internet service,No internet service,No internet service,No internet service,No internet service,No internet service,One year,Yes,Bank transfer (automatic),108.39,936.06,No
CUST-0013281,Male,0,No,Yes,4,Yes,Yes,DSL,No,No,No,No,No,Yes,Month-to-month,No,Mailed check,83.24,320.47,Yes
CUST-0013282,Female,0,No,No,46,Yes,Yes,Fiber optic,No,No,No,Yes,Yes,Yes,One year,Yes,Credit card (automatic),82.12,3785.75,No
CUST-0013283,Male,1,No,Yes,2,Yes,No,DSL,No,No,No,No,No,No,Two year,Yes,Electronic check,76.97,110.8,Yes
CUST-0013284,Male,1,No,No,10,Yes,Yes,Fiber optic,Yes,No,No,Yes,No,Yes,Month-to-month,No,Bank transfer (automatic),81.7,817.81,No
CUST-0013285,Female,0,No,No,72,Yes,No,DSL,No,No,No,No,No,No,Month-to-month,Yes,Bank transfer (automatic),94.06,6769.79,Yes
CUST-0013286,Male,0,No,Yes,3,Yes,No,No,No internet service,No internet service,No internet service,No internet service,No internet service,No internet service,Month-to-month,Yes,Electronic check,106.31,308.69,No
CUST-0013287,Male,0,Yes,Yes,15,No,No phone service,Fiber optic,Yes,Yes,No,Yes,No,Yes,Month-to-month,Yes,Bank transfer (automatic),118.75,,No
CUST-0013288,Female,0,No,Yes,30,Yes,Yes,Fiber optic,No,Yes,No,No,Yes,No,Month-to-month,Yes,Mailed check,57.31,1682.17,No
CUST-0013289,Female,0,Yes,No,31,No,No phone service,Fiber optic,No,No,No,Yes,Yes,Yes,Month-to-month,No,Mailed check,71.5,2212.3,No
CUST-0013290,Male,0,No,Yes,72,Yes,No,Fiber optic,No,No,Yes,No,No,No,Month-to-month,Yes,Bank transfer (automatic),69.96,5022.55,No
CUST-0013291,Female,0,No,No,19,Yes,Yes,Fiber optic,No,No,Yes,No,Yes,No,One year,Yes,Mailed check,112.31,2149.24,No
CUST-0013292,Male,0,Yes,No,14,Yes,No,Fiber optic,No,No,No,No,Yes,Yes,Two year,No,Credit card (automatic),99.99,1437.36,Yes
CUST-0013293,Male,0,No,No,5,Yes,No,Fiber optic,No,Yes,No,Yes,No,Yes,Month-to-month,Yes,Credit card (automatic),55.88,287.15,No
CUST-0013294,Female,0,No,No,72,Yes,No,Fiber optic,Yes,Yes,No,Yes,No,No,Month-to-month,Yes,Electronic check,110.68,7999.27,Yes
CUST-0013295,Male,0,Yes,No,15,Yes,Yes,Fiber optic,No,Yes,No,No,No,No,Two year,Yes,Electronic check,53.96,818.63,Yes
CUST-0013296,Male,0,No,Yes,63,Yes,Yes,Fiber optic,No,No,No,No,No,No,Two year,Yes,Electronic check,82.32,5191.89,No
CUST-0013297,Female,0,Yes,No,12,Yes,Yes,DSL,No,Yes,No,Yes,No,Yes,Month-to-month,Yes,Mailed check,105.9,1280.64,No
CUST-0013298,Male,1,Yes,No,43,Yes,No,DSL,Yes,No,No,Yes,Yes,No,Month-to-month,No,Credit card (automatic),77.33,3373.63,No
CUST-0013299,Female,0,No,Yes,22,Yes,No,No,No internet service,No internet service,No internet service,No internet service,No internet service,No internet service,One year,No,Electronic check,116.7,2574.14,No
CUST-0013300,Male,0,No,No,41,Yes,No,Fiber optic,No,Yes,No,No,No,Yes,One year,No,Mailed check,71.53,2939.57,No
CUST-0013301,Female,0,No,Yes,4,Yes,No,Fiber optic,Yes,Yes,No,No,No,No,Month-to-month,Yes,Electronic check,85.97,376.02,Yes
CUST-0013302,Female,0,No,No,72,Yes,No,DSL,No,Yes,Yes,No,Yes,Yes,Month-to-month,Yes,Bank transfer (automatic),118.75,8542.86,Yes
CUST-0013303,Female,0,No,No,51,Yes,Yes,No,No internet service,No internet service,No internet service,No internet service,No internet service,No internet service,One year,Yes,Credit card (automatic),75.32,3863.36,No
CUST-0013304,Male,0,Yes,No,14,Yes,Yes,Fiber optic,Yes,No,No,No,No,Yes,Month-to-month,Yes,Bank transfer (automatic),98.99,1403.79,No
CUST-0013305,Male,0,Yes,No,55,Yes,Yes,No,No internet service,No internet service,No internet service,No internet service,No internet service,No internet service,One year,Yes,Bank transfer (automatic),101.74,5598.32,No
CUST-0013306,Female,1,No,Yes,7,Yes,No,No,No internet service,No internet service,No internet service,No internet service,No internet service,No internet service,Month-to-month,Yes,Mailed check,118.75,830.82,Yes
CUST-0013307,Male,0,No,No,3,Yes,No,Fiber optic,No,No,No,No,No,Yes,Month-to-month,No,Credit card (automatic),118.75,369.37,No
CUST-0013308,Male,0,No,No,1,Yes,Yes,Fiber optic,Yes,Yes,No,No,Yes,No,Month-to-month,Yes,Mailed check,78.48,59.75,No
CUST-0013309,Female,0,Yes,No,8,Yes,Yes,DSL,No,No,No,No,Yes,No,Month-to-month,Yes,Mailed check,91.62,776.43,No
CUST-0013310,Female,0,Yes,No,1,Yes,No,DSL,No,No,Yes,No,Yes,Yes,Month-to-month,Yes,Electronic check,42.76,48.52,Yes
CUST-0013311,Female,0,No,No,72,Yes,No,DSL,Yes,No,No,Yes,No,No,Two year,No,Electronic check,98.65,7081.64,No
CUST-0013312,Male,1,No,Yes,38,Yes,Yes,No,No internet service,No internet service,No internet service,No internet service,No internet service,No internet service,Month-to-month,No,Electronic check,69.97,2643.5,Yes
CUST-0013313,Male,0,No,No,21,Yes,No,Fiber optic,Yes,Yes,No,No,No,Yes,Month-to-month,No,Bank transfer (automatic),65.48,1352.54,Yes
CUST-0013314,Male,0,No,No,16,Yes,Yes,DSL,No,Yes,No,No,Yes,No,Month-to-month,Yes,Bank transfer (automatic),77.16,1244.21,Yes
CUST-0013315,Female,1,No,No,72,Yes,Yes,Fiber optic,No,No,No,No,No,Yes,Two year,Yes,Mailed check,118.75,8561.53,Yes
CUST-0013316,Female,0,No,No,48,Yes,Yes,No,No internet service,No internet service,No internet service,No internet service,No internet service,No internet service,Month-to-month,Yes,Bank transfer (automatic),102.34,4924.12,No
CUST-0013317,Female,0,No,Yes,33,Yes,Yes,Fiber optic,Yes,Yes,No,Yes,Yes,No,Month-to-month,No,Mailed check,97.63,3298.85,Yes
CUST-0013318,Male,0,Yes,No,7,Yes,No,Fiber optic,No,No,No,Yes,Yes,No,Month-to-month,Yes,Credit card (automatic),118.75,834.31,No
CUST-0013319,Male,0,Yes,No,17,Yes,No,DSL,Yes,Yes,No,Yes,No,No,Month-to-month,No,Mailed check,118.75,2015.2,No
CUST-0013320,Male,1,Yes,No,22,No,No phone service,DSL,No,No,Yes,Yes,Yes,Yes,Month-to-month,No,Bank transfer (automatic),68.57,,No
CUST-0013321,Female,1,Yes,No,56,Yes,No,No,No internet service,No internet service,No internet service,No internet service,No internet service,No internet service,One year,Yes,Bank transfer (automatic),55.38,3094.23,No
CUST-0013322,Female,0,Yes,Yes,9,Yes,Yes,DSL,No,Yes,Yes,No,No,No,Month-to-month,Yes,Bank transfer (automatic),107.74,940.6,Yes
CUST-0013323,Female,1,Yes,No,4,Yes,Yes,No,No internet service,No internet service,No internet service,No internet service,No internet service,No internet service,One year,Yes,Electronic check,75.08,248.0,No
CUST-0013324,Female,0,No,No,23,Yes,No,Fiber optic,No,No,Yes,No,Yes,No,Two year,No,Mailed check,102.15,2330.44,No
CUST-0013325,Female,0,Yes,No,39,Yes,No,No,No internet service,No internet service,No internet service,No internet service,No internet service,No internet service,Month-to-month,No,Mailed check,62.36,2392.47,No
CUST-0013326,Female,1,Yes,No,8,No,No phone service,Fiber optic,Yes,No,No,No,Yes,Yes,Month-to-month,Yes,Mailed check,98.69,818.12,No
CUST-0013327,Male,0,Yes,No,13,Yes,No,No,No internet service,No internet service,No internet service,No internet service,No internet service,No internet service,Month-to-month,Yes,Mailed check,69.79,928.45,Yes
CUST-0013328,Male,0,No,Yes,20,Yes,Yes,Fiber optic,Yes,Yes,Yes,Yes,Yes,Yes,One year,Yes,Bank transfer (automatic),90.39,1799.86,Yes
CUST-0013329,Female,0,No,No,72,Yes,No,Fiber optic,No,Yes,No,No,Yes,No,Month-to-month,No,Bank transfer (automatic),47.21,3367.69,Yes
CUST-0013330,Male,0,No,No,9,Yes,Yes,Fiber optic,No,No,No,No,Yes,No,Month-to-month,Yes,Electronic check,109.71,,No
CUST-0013331,Male,0,No,No,40,Yes,Yes,Fiber optic,No,Yes,No,No,No,No,Two year,Yes,Mailed check,71.39,2863.06,No
CUST-0013332,Male,0,Yes,No,1,Yes,Yes,Fiber optic,No,No,Yes,Yes,No,Yes,Month-to-month,Yes,Electronic check,85.4,104.34,No
CUST-0013333,Female,0,No,Yes,7,Yes,Yes,DSL,No,No,No,No,No,Yes,Month-to-month,Yes,Bank transfer (automatic),108.09,,No
CUST-0013334,Female,0,No,No,51,Yes,Yes,Fiber optic,Yes,No,No,Yes,Yes,No,Two year,No,Mailed check,88.56,4522.14,Yes
CUST-0013335,Female,0,No,No,22,Yes,No,DSL,No,No,No,No,Yes,Yes,One year,No,Credit card (automatic),80.34,1755.26,Yes
CUST-0013336,Male,1,No,No,18,Yes,No,Fiber optic,No,Yes,Yes,No,No,No,Month-to-month,Yes,Credit card (automatic),82.97,1468.1,No
CUST-0013337,Male,1,Yes,No,29,Yes,Yes,DSL,No,No,No,Yes,No,No,Month-to-month,Yes,Electronic check,84.79,2481.3,Yes
CUST-0013338,Female,0,No,No,10,Yes,Yes,DSL,No,No,No,No,No,No,One year,Yes,Bank transfer (automatic),61.41,559.72,Yes
CUST-0013339,Female,0,No,No,3,Yes,No,DSL,Yes,Yes,No,No,No,No,Month-to-month,No,Credit card (automatic),118.75,330.77,No
CUST-0013340,Female,0,Yes,No,7,Yes,No,Fiber optic,No,No,No,Yes,Yes,No,Month-to-month,Yes,Electronic check,84.16,544.13,No
CUST-0013341,Female,0,No,No,68,No,No phone service,Fiber optic,No,No,Yes,Yes,No,Yes,Month-to-month,Yes,Credit card (automatic),54.71,3703.51,Yes
CUST-0013342,Male,0,No,No,10,Yes,No,DSL,No,No,No,Yes,Yes,No,One year,Yes,Electronic check,65.18,655.58,Yes
CUST-0013343,Male,0,No,No,65,Yes,No,Fiber optic,No,No,No,Yes,No,Yes,Month-to-month,Yes,Electronic check,97.02,6316.21,Yes
CUST-0013344,Male,0,No,No,7,Yes,Yes,Fiber optic,No,No,Yes,No,No,No,Month-to-month,No,Electronic check,106.46,738.67,No
CUST-0013345,Female,1,Yes,No,53,Yes,No,Fiber optic,No,No,Yes,No,No,No,Month-to-month,No,Mailed check,78.19,4144.93,No
CUST-0013346,Female,0,Yes,No,51,Yes,Yes,DSL,No,Yes,No,Yes,Yes,Yes,Two year,No,Credit card (automatic),70.0,3559.82,No
CUST-0013347,Male,0,Yes,No,2,Yes,Yes,Fiber optic,No,No,No,No,No,Yes,One year,Yes,Bank transfer (automatic),43.1,78.29,Yes
CUST-0013348,Male,0,No,Yes,17,Yes,No,DSL,Yes,Yes,Yes,No,No,Yes,Month-to-month,No,Electronic check,98.81,1692.91,No
CUST-0013349,Male,0,Yes,No,21,Yes,No,Fiber optic,Yes,No,No,Yes,Yes,No,Month-to-month,No,Mailed check,95.49,2033.06,No
CUST-0013350,Male,1,No,No,25,Yes,Yes,Fiber optic,No,No,No,No,Yes,Yes,Two year,Yes,Mailed check,104.56,2647.5,Yes
CUST-0013351,Female,1,Yes,No,22,Yes,No,DSL,Yes,Yes,Yes,Yes,No,Yes,Month-to-month,No,Mailed check,71.4,,Yes
CUST-0013352,Female,0,No,No,0,Yes,No,Fiber optic,No,No,No,No,Yes,Yes,One year,Yes,Electronic check,96.94,,No
CUST-0013353,Male,0,Yes,No,31,Yes,No,Fiber optic,No,Yes,No,No,Yes,Yes,Month-to-month,Yes,Credit card (automatic),91.8,2845.74,No
CUST-0013354,Male,0,Yes,No,3,Yes,Yes,DSL,No,No,Yes,No,No,No,Month-to-month,Yes,Bank transfer (automatic),94.61,288.07,No
CUST-0013355,Female,0,No,Yes,72,Yes,No,Fiber optic,No,No,Yes,No,Yes,Yes,Two year,Yes,Mailed check,94.97,6896.0,No
CUST-0013356,Female,0,No,No,7,Yes,No,Fiber optic,No,No,No,No,No,No,One year,No,Credit card (automatic),64.87,458.75,No
CUST-0013357,Male,1,No,No,42,Yes,Yes,DSL,Yes,No,No,No,Yes,No,Two year,Yes,Bank transfer (automatic),118.75,5013.86,No
CUST-0013358,Male,0,Yes,No,14,Yes,Yes,Fiber optic,No,No,No,Yes,No,No,Month-to-month,Yes,Mailed check,63.33,882.92,No
CUST-0013359,Male,0,No,Yes,6,Yes,No,Fiber optic,Yes,No,No,No,Yes,Yes,Two year,Yes,Bank transfer (automatic),92.71,536.99,No
CUST-0013360,Female,1,Yes,No,25,Yes,Yes,Fiber optic,No,No,No,No,Yes,No,Month-to-month,No,Electronic check,101.37,2552.74,No
CUST-0013361,Male,0,Yes,No,2,Yes,No,No,No internet service,No internet service,No internet service,No internet service,No internet service,No internet service,Two year,Yes,Bank transfer (automatic),81.49,188.82,Yes
CUST-0013362,Male,0,No,Yes,2,Yes,No,No,No internet service,No internet service,No internet service,No internet service,No internet service,No internet service,Month-to-month,Yes,Mailed check,54.6,130.98,No
CUST-0013363,Female,0,No,No,27,Yes,No,No,No internet service,No internet service,No internet service,No internet service,No internet service,No internet service,Month-to-month,Yes,Mailed check,92.27,2489.77,Yes
CUST-0013364,Female,0,Yes,Yes,16,Yes,No,No,No internet service,No internet service,No internet service,No internet service,No internet service,No internet service,One year,Yes,Electronic check,57.97,934.87,No
CUST-0013365,Female,0,No,No,30,Yes,Yes,Fiber optic,Yes,Yes,No,No,No,No,Month-to-month,Yes,Bank transfer (automatic),118.75,3595.64,No
CUST-0013366,Female,0,Yes,Yes,18,No,No phone service,No,No internet service,No internet service,No internet service,No internet service,No internet service,No internet service,Month-to-month,Yes,Electronic check,118.75,2110.07,No
CUST-0013367,Male,0,Yes,Yes,44,Yes,No,DSL,No,Yes,No,No,No,No,Month-to-month,Yes,Credit card (automatic),74.92,3278.55,Yes
CUST-0013368,Female,0,No,Yes,9,Yes,No,Fiber optic,No,No,Yes,No,No,No,Month-to-month,Yes,Bank transfer (automatic),85.54,795.49,Yes
CUST-0013369,Male,0,Yes,No,18,Yes,No,Fiber optic,No,No,No,Yes,Yes,Yes,Month-to-month,Yes,Mailed check,118.75,,No
CUST-0013370,Male,0,Yes,No,36,Yes,No,No,No internet service,No internet service,No internet service,No internet service,No internet service,No internet service,Two year,Yes,Mailed check,110.43,3982.5,No
CUST-0013371,Female,0,Yes,No,4,Yes,Yes,Fiber optic,No,No,No,No,No,Yes,Month-to-month,No,Electronic check,73.77,303.68,No
CUST-0013372,Female,0,Yes,No,17,Yes,No,Fiber optic,No,No,Yes,No,No,No,Month-to-month,Yes,Bank transfer (automatic),70.72,1215.75,No
CUST-0013373,Female,0,No,No,36,Yes,No,Fiber optic,No,Yes,Yes,No,Yes,Yes,Two year,Yes,Electronic check,53.07,1868.64,No
CUST-0013374,Female,0,Yes,No,27,Yes,No,Fiber optic,No,No,Yes,No,No,Yes,Month-to-month,Yes,Electronic check,80.93,2158.81,No
CUST-0013375,Female,0,Yes,No,9,Yes,No,DSL,No,No,Yes,Yes,Yes,No,Month-to-month,Yes,Credit card (automatic),87.4,805.64,No
CUST-0013376,Female,0,Yes,Yes,9,Yes,No,Fiber optic,No,Yes,Yes,No,Yes,No,Month-to-month,Yes,Electronic check,91.67,821.02,Yes
CUST-0013377,Male,0,Yes,No,27,No,No phone service,Fiber optic,No,Yes,No,Yes,Yes,Yes,Two year,Yes,Mailed check,69.95,1892.13,Yes
CUST-0013378,Male,0,Yes,No,7,Yes,Yes,Fiber optic,No,Yes,No,No,Yes,No,Month-to-month,Yes,Mailed check,95.96,679.25,No
CUST-0013379,Female,0,No,Yes,30,Yes,No,Fiber optic,Yes,No,Yes,No,Yes,No,Month-to-month,Yes,Electronic check,101.78,3092.7,No
CUST-0013380,Male,0,Yes,No,20,Yes,No,Fiber optic,Yes,Yes,Yes,No,No,Yes,Month-to-month,Yes,Bank transfer (automatic),102.0,2050.21,No
CUST-0013381,Male,1,Yes,Yes,30,Yes,No,DSL,No,No,Yes,No,Yes,Yes,Two year,Yes,Electronic check,98.91,2957.56,No
CUST-0013382,Male,0,Yes,No,17,Yes,Yes,DSL,No,No,No,No,No,No,Month-to-month,No,Credit card (automatic),85.92,1481.17,No
CUST-0013383,Female,1,No,Yes,49,Yes,Yes,Fiber optic,No,Yes,No,Yes,No,No,Month-to-month,No,Credit card (automatic),86.6,4273.56,Yes
CUST-0013384,Male,0,No,No,4,Yes,No,Fiber optic,Yes,No,No,No,No,Yes,One year,Yes,Mailed check,52.42,170.79,Yes
CUST-0013385,Female,0,Yes,No,9,No,No phone service,No,No internet service,No internet service,No internet service,No internet service,No internet service,No internet service,Month-to-month,Yes,Electronic check,71.67,646.47,No
CUST-0013386,Male,0,Yes,No,54,Yes,Yes,No,No internet service,No internet service,No internet service,No internet service,No internet service,No internet service,Month-to-month,Yes,Bank transfer (automatic),86.73,4673.43,No
CUST-0013387,Female,1,Yes,Yes,18,Yes,No,Fiber optic,Yes,Yes,Yes,No,No,Yes,Month-to-month,Yes,Mailed check,90.42,1621.37,No
CUST-0013388,Female,0,Yes,No,14,Yes,No,DSL,Yes,Yes,No,No,No,No,Month-to-month,Yes,Mailed check,118.75,1704.71,Yes
CUST-0013389,Female,0,No,No,72,Yes,No,No,No internet service,No internet service,No internet service,No internet service,No internet service,No internet service,Month-to-month,Yes,Electronic check,78.23,5641.44,Yes
CUST-0013390,Female,0,Yes,Yes,51,Yes,No,Fiber optic,No,No,No,Yes,Yes,Yes,Two year,Yes,Electronic check,105.77,5402.35,No
CUST-0013391,Male,0,No,No,23,Yes,No,DSL,No,No,No,No,No,No,One year,No,Credit card (automatic),118.75,2753.37,No
CUST-0013392,Male,0,No,No,60,Yes,Yes,No,No internet service,No internet service,No internet service,No internet service,No internet service,No internet service,Month-to-month,Yes,Bank transfer (automatic),57.18,3398.4,No
CUST-0013393,Female,0,No,No,2,Yes,Yes,Fiber optic,No,No,Yes,No,No,No,Month-to-month,Yes,Credit card (automatic),89.36,182.78,No
CUST-0013394,Male,0,Yes,No,55,Yes,Yes,Fiber optic,Yes,No,No,No,No,No,Month-to-month,Yes,Bank transfer (automatic),83.28,4584.07,No
CUST-0013395,Female,0,Yes,No,14,Yes,No,No,No internet service,No internet service,No internet service,No internet service,No internet service,No internet service,Month-to-month,Yes,Mailed check,68.56,1044.46,No
CUST-0013396,Female,1,No,Yes,37,Yes,Yes,DSL,No,No,No,Yes,No,No,Month-to-month,Yes,Mailed check,85.81,3209.02,No
CUST-0013397,Female,0,No,No,6,Yes,Yes,Fiber optic,Yes,No,Yes,No,Yes,No,Month-to-month,No,Bank transfer (automatic),107.57,639.5,No
CUST-0013398,Male,1,Yes,Yes,2,Yes,No,No,No internet service,No internet service,No internet service,No internet service,No internet service,No internet service,One year,Yes,Electronic check,102.9,205.7,Yes
CUST-0013399,Male,0,No,No,30,Yes,No,Fiber optic,No,No,No,Yes,No,No,One year,Yes,Bank transfer (automatic),86.94,2599.03,No
CUST-0013400,Male,1,Yes,No,56,Yes,No,DSL,No,Yes,No,Yes,Yes,Yes,Two year,Yes,Mailed check,92.35,5174.52,No
CUST-0013401,Female,0,Yes,Yes,16,Yes,No,DSL,No,Yes,No,No,No,Yes,Month-to-month,Yes,Electronic check,108.44,1724.81,Yes
CUST-0013402,Female,1,Yes,No,19,Yes,No,Fiber optic,Yes,No,No,No,No,No,Month-to-month,Yes,Electronic check,87.8,1610.65,Yes
CUST-0013403,Male,0,Yes,No,22,Yes,Yes,Fiber optic,No,No,No,No,Yes,No,Month-to-month,Yes,Credit card (automatic),104.65,2299.62,Yes
CUST-0013404,Female,0,No,No,71,Yes,No,DSL,No,No,Yes,No,No,No,Month-to-month,No,Mailed check,80.05,,No
CUST-0013405,Male,0,Yes,No,27,Yes,No,Fiber optic,No,No,No,No,No,Yes,Month-to-month,Yes,Mailed check,94.48,2599.89,No
CUST-0013406,Male,1,Yes,No,34,Yes,No,DSL,No,Yes,No,No,No,No,Month-to-month,No,Electronic check,81.06,,Yes
CUST-0013407,Male,0,No,Yes,14,Yes,No,Fiber optic,No,Yes,No,Yes,Yes,No,Month-to-month,Yes,Bank transfer (automatic),96.36,1369.32,No
CUST-0013408,Female,0,Yes,No,20,Yes,No,DSL,Yes,Yes,No,No,Yes,Yes,Month-to-month,No,Bank transfer (automatic),108.13,2172.11,No
CUST-0013409,Female,0,No,No,18,Yes,Yes,Fiber optic,No,Yes,No,Yes,No,No,Two year,No,Credit card (automatic),75.97,1381.68,No
CUST-0013410,Male,1,No,Yes,2,Yes,No,DSL,No,Yes,No,No,No,Yes,Month-to-month,Yes,Mailed check,98.47,198.51,No
CUST-0013411,Female,0,No,Yes,33,Yes,Yes,No,No internet service,No internet service,No internet service,No internet service,No internet service,No internet service,Month-to-month,No,Bank transfer (automatic),56.0,1855.72,No
CUST-0013412,Female,0,Yes,No,57,Yes,No,Fiber optic,Yes,No,No,No,No,No,Month-to-month,Yes,Credit card (automatic),61.95,3521.32,No
CUST-0013413,Male,1,Yes,Yes,47,Yes,Yes,DSL,No,Yes,Yes,Yes,No,No,Month-to-month,Yes,Electronic check,46.45,2226.57,No
CUST-0013414,Male,0,No,Yes,66,Yes,No,Fiber optic,Yes,No,No,No,No,No,Month-to-month,No,Electronic check,118.75,7804.64,No
CUST-0013415,Female,0,Yes,No,9,Yes,No,No,No internet service,No internet service,No internet service,No internet service,No internet service,No internet service,One year,Yes,Mailed check,118.75,1064.1,No
CUST-0013416,Female,0,No,Yes,10,Yes,No,No,No internet service,No internet service,No internet service,No internet service,No internet service,No internet service,Month-to-month,No,Bank transfer (automatic),84.5,796.65,Yes
CUST-0013417,Male,0,No,Yes,48,Yes,Yes,DSL,No,No,No,No,Yes,No,Month-to-month,Yes,Mailed check,118.75,5659.94,No
CUST-0013418,Male,1,Yes,No,5,Yes,Yes,Fiber optic,No,Yes,No,No,No,No,One year,Yes,Electronic check,118.75,609.52,Yes
CUST-0013419,Female,0,No,No,5,Yes,No,DSL,Yes,No,No,No,No,No,Month-to-month,Yes,Electronic check,106.31,531.58,No
CUST-0013420,Female,0,Yes,No,72,Yes,Yes,No,No internet service,No internet service,No internet service,No internet service,No internet service,No internet service,Two year,Yes,Bank transfer (automatic),102.76,7395.35,No
CUST-0013421,Male,0,Yes,No,14,Yes,No,Fiber optic,No,Yes,Yes,No,Yes,Yes,One year,No,Electronic check,77.91,1096.08,No
CUST-0013422,Male,0,Yes,Yes,10,Yes,Yes,Fiber optic,No,No,Yes,No,No,Yes,Month-to-month,Yes,Credit card (automatic),68.02,634.27,No
CUST-0013423,Male,0,No,No,59,Yes,No,DSL,Yes,No,No,No,Yes,No,Month-to-month,Yes,Electronic check,80.62,4737.49,Yes
CUST-0013424,Male,0,Yes,No,30,Yes,Yes,Fiber optic,No,No,No,Yes,No,No,One year,Yes,Bank transfer (automatic),72.29,2153.01,Yes
CUST-0013425,Male,1,No,No,7,Yes,No,Fiber optic,No,No,No,No,No,Yes,Month-to-month,No,Credit card (automatic),91.34,691.4,Yes
CUST-0013426,Female,0,No,No,27,Yes,No,DSL,Yes,No,Yes,No,No,Yes,Month-to-month,Yes,Bank transfer (automatic),118.75,3168.03,Yes
CUST-0013427,Female,0,Yes,Yes,5,No,No phone service,Fiber optic,No,No,No,No,No,Yes,Month-to-month,Yes,Mailed check,108.97,535.18,No
CUST-0013428,Female,0,No,No,72,Yes,No,DSL,No,Yes,No,No,No,No,One year,Yes,Bank transfer (automatic),95.0,6840.53,No
CUST-0013429,Male,0,Yes,Yes,0,Yes,No,Fiber optic,No,No,No,No,No,Yes,Month-to-month,No,Electronic check,98.47,,No
CUST-0013430,Female,0,No,Yes,15,Yes,No,Fiber optic,Yes,No,Yes,Yes,No,No,Month-to-month,Yes,Bank transfer (automatic),112.61,1716.65,No
CUST-0013431,Male,0,Yes,Yes,3,Yes,Yes,Fiber optic,No,Yes,Yes,Yes,No,No,One year,Yes,Electronic check,118.75,310.84,No
CUST-0013432,Male,0,No,No,61,Yes,No,Fiber optic,No,No,No,No,Yes,No,Month-to-month,No,Credit card (automatic),72.18,4384.36,Yes
CUST-0013433,Female,0,Yes,Yes,4,Yes,Yes,Fiber optic,No,No,No,No,No,No,Month-to-month,No,Electronic check,79.74,326.6,No
CUST-0013434,Female,0,Yes,Yes,34,Yes,Yes,No,No internet service,No internet service,No internet service,No internet service,No internet service,No internet service,One year,No,Bank transfer (automatic),72.74,2440.42,Yes
CUST-0013435,Male,0,No,Yes,1,Yes,No,Fiber optic,Yes,No,Yes,No,No,No,One year,No,Mailed check,114.44,107.18,No
CUST-0013436,Male,0,Yes,Yes,30,Yes,Yes,Fiber optic,No,No,No,No,No,No,One year,No,Bank transfer (automatic),83.75,2473.95,No
CUST-0013437,Male,0,Yes,No,16,Yes,No,Fiber optic,No,No,No,Yes,No,No,One year,Yes,Credit card (automatic),91.54,1473.97,Yes
CUST-0013438,Female,1,No,No,23,No,No phone service,Fiber optic,No,No,Yes,No,No,Yes,Two year,Yes,Mailed check,76.19,1700.09,Yes
CUST-0013439,Female,0,No,Yes,19,Yes,No,DSL,No,Yes,No,Yes,No,No,Month-to-month,Yes,Bank transfer (automatic),116.31,2229.33,Yes
CUST-0013440,Male,0,Yes,Yes,4,Yes,No,DSL,No,Yes,No,No,No,Yes,One year,Yes,Mailed check,104.62,420.29,No
CUST-0013441,Male,1,Yes,No,39,Yes,No,Fiber optic,No,No,No,Yes,No,No,Month-to-month,No,Mailed check,86.91,3355.69,No
CUST-0013442,Male,1,No,Yes,0,No,No phone service,No,No internet service,No internet service,No internet service,No internet service,No internet service,No internet service,Month-to-month,Yes,Bank transfer (automatic),74.9,,No
CUST-0013443,Female,1,Yes,No,33,Yes,Yes,DSL,Yes,No,No,No,No,Yes,Month-to-month,Yes,Bank transfer (automatic),107.26,3596.71,Yes
CUST-0013444,Male,1,No,No,39,Yes,No,DSL,No,No,No,No,No,No,Two year,No,Credit card (automatic),73.15,2868.78,No
CUST-0013445,Female,0,No,No,9,Yes,Yes,Fiber optic,No,No,No,No,No,No,One year,Yes,Electronic check,56.84,497.22,No
CUST-0013446,Male,1,Yes,No,36,Yes,Yes,No,No internet service,No internet service,No internet service,No internet service,No internet service,No internet service,Month-to-month,No,Electronic check,91.66,3270.62,No
CUST-0013447,Female,0,No,No,56,Yes,Yes,DSL,No,No,Yes,No,No,Yes,Month-to-month,No,Electronic check,40.3,2249.61,No
CUST-0013448,Male,1,Yes,Yes,2,Yes,No,Fiber optic,No,No,Yes,No,No,No,Month-to-month,Yes,Bank transfer (automatic),91.69,133.47,Yes
CUST-0013449,Female,0,No,No,1,Yes,Yes,DSL,No,No,No,No,Yes,Yes,Month-to-month,Yes,Electronic check,88.71,81.02,No
CUST-0013450,Female,0,Yes,No,13,Yes,Yes,Fiber optic,Yes,No,No,Yes,Yes,No,Month-to-month,Yes,Mailed check,86.5,1179.56,Yes
CUST-0013451,Male,0,No,Yes,2,Yes,Yes,Fiber optic,No,No,Yes,No,Yes,No,Month-to-month,Yes,Mailed check,106.86,196.38,No
CUST-0013452,Female,0,No,No,9,Yes,No,No,No internet service,No internet service,No internet service,No internet service,No internet service,No internet service,One year,No,Bank transfer (automatic),95.54,862.9,Yes
CUST-0013453,Male,1,Yes,Yes,16,Yes,No,DSL,No,No,Yes,No,Yes,No,One year,Yes,Bank transfer (automatic),65.77,1066.9,No
CUST-0013454,Male,0,Yes,No,13,No,No phone service,DSL,No,Yes,No,No,No,No,Month-to-month,No,Electronic check,97.16,1214.91,Yes
CUST-0013455,Female,0,No,No,51,Yes,Yes,Fiber optic,No,No,No,No,No,No,One year,Yes,Mailed check,95.49,4874.06,No
CUST-0013456,Female,0,No,No,62,Yes,Yes,No,No internet service,No internet service,No internet service,No internet service,No internet service,No internet service,Month-to-month,Yes,Bank transfer (automatic),95.15,5875.39,No
CUST-0013457,Female,0,No,No,55,No,No phone service,Fiber optic,No,No,Yes,Yes,No,Yes,Month-to-month,Yes,Credit card (automatic),70.76,3921.79,Yes
CUST-0013458,Female,0,No,No,15,Yes,Yes,Fiber optic,No,No,No,No,Yes,No,One year,Yes,Electronic check,103.2,1592.08,No
CUST-0013459,Female,1,Yes,Yes,36,Yes,Yes,Fiber optic,No,No,No,Yes,No,No,Month-to-month,Yes,Electronic check,57.08,2047.95,No
CUST-0013460,Male,0,No,No,20,Yes,No,Fiber optic,No,No,No,No,No,No,Month-to-month,Yes,Credit card (automatic),91.64,1887.03,Yes
CUST-0013461,Male,0,No,No,17,Yes,No,Fiber optic,No,No,Yes,No,Yes,No,Month-to-month,Yes,Electronic check,100.34,1734.14,Yes
CUST-0013462,Female,0,Yes,No,22,Yes,Yes,DSL,No,No,No,No,Yes,No,One year,Yes,Mailed check,84.52,1846.5,No
CUST-0013463,Male,0,Yes,No,54,Yes,Yes,No,No internet service,No internet service,No internet service,No internet service,No internet service,No internet service,One year,Yes,Electronic check,74.68,4047.59,No
CUST-0013464,Female,0,No,Yes,7,Yes,Yes,Fiber optic,No,No,No,No,Yes,No,Month-to-month,Yes,Electronic check,73.23,516.48,Yes
CUST-0013465,Female,0,No,No,16,Yes,No,DSL,No,No,No,No,No,No,Two year,Yes,Bank transfer (automatic),51.3,818.98,No
CUST-0013466,Male,0,No,No,33,Yes,No,Fiber optic,No,No,Yes,No,No,Yes,Month-to-month,Yes,Electronic check,59.47,1981.88,Yes
CUST-0013467,Female,0,Yes,No,14,Yes,Yes,DSL,No,Yes,No,Yes,Yes,No,Month-to-month,Yes,Bank transfer (automatic),73.42,1061.45,No
CUST-0013468,Male,0,No,No,15,Yes,No,DSL,No,Yes,No,Yes,No,No,Month-to-month,Yes,Electronic check,84.97,1270.45,No
CUST-0013469,Male,0,No,Yes,3,Yes,No,Fiber optic,Yes,No,Yes,Yes,No,No,Month-to-month,Yes,Mailed check,117.6,333.25,No
CUST-0013470,Female,1,Yes,No,72,Yes,Yes,DSL,No,Yes,Yes,No,Yes,Yes,Two year,Yes,Credit card (automatic),101.92,7297.59,No
CUST-0013471,Male,0,Yes,Yes,6,Yes,No,DSL,No,No,Yes,Yes,No,No,Month-to-month,Yes,Mailed check,90.91,559.05,Yes
CUST-0013472,Female,1,Yes,No,64,Yes,No,DSL,Yes,Yes,Yes,Yes,Yes,No,Month-to-month,Yes,Credit card (automatic),111.79,7186.08,No
CUST-0013473,Female,0,No,No,42,Yes,Yes,DSL,No,No,No,No,No,Yes,Month-to-month,Yes,Credit card (automatic),69.8,2930.9,Yes
CUST-0013474,Male,0,Yes,No,31,Yes,Yes,Fiber optic,No,No,No,Yes,Yes,No,Month-to-month,Yes,Credit card (automatic),99.88,3038.01,No
CUST-0013475,Female,0,No,No,54,Yes,Yes,No,No internet service,No internet service,No internet service,No internet service,No internet service,No internet service,Month-to-month,No,Electronic check,50.28,2755.42,Yes
CUST-0013476,Female,0,Yes,No,34,Yes,No,No,No internet service,No internet service,No internet service,No internet service,No internet service,No internet service,One year,Yes,Electronic check,117.97,3992.06,Yes
CUST-0013477,Male,0,Yes,Yes,5,Yes,No,Fiber optic,Yes,Yes,Yes,No,Yes,No,Month-to-month,Yes,Bank transfer (automatic),88.8,428.55,No
CUST-0013478,Female,0,No,No,26,Yes,No,DSL,No,No,Yes,Yes,No,No,Month-to-month,No,Credit card (automatic),83.69,2161.28,Yes
CUST-0013479,Male,0,Yes,No,26,Yes,No,Fiber optic,Yes,Yes,No,No,No,No,Month-to-month,No,Mailed check,103.59,2625.72,No
CUST-0013480,Female,0,Yes,Yes,2,No,No phone service,Fiber optic,No,No,No,Yes,Yes,No,Month-to-month,Yes,Electronic check,70.87,160.09,No
CUST-0013481,Male,0,Yes,No,15,Yes,No,DSL,No,No,Yes,Yes,Yes,Yes,Month-to-month,No,Credit card (automatic),77.89,1169.95,No
CUST-0013482,Male,0,No,No,48,Yes,Yes,Fiber optic,No,No,Yes,Yes,Yes,No,Month-to-month,Yes,Mailed check,45.99,2209.42,Yes
CUST-0013483,Male,1,Yes,No,1,Yes,No,No,No internet service,No internet service,No internet service,No internet service,No internet service,No internet service,Two year,Yes,Mailed check,53.67,62.01,No
CUST-0013484,Male,0,No,No,18,Yes,Yes,Fiber optic,Yes,Yes,No,No,Yes,No,Two year,Yes,Electronic check,103.42,1795.69,Yes
CUST-0013485,Male,0,No,No,31,Yes,Yes,No,No internet service,No internet service,No internet service,No internet service,No internet service,No internet service,Month-to-month,Yes,Electronic check,54.54,1671.53,Yes
CUST-0013486,Female,0,Yes,No,25,Yes,Yes,No,No internet service,No internet service,No internet service,No internet service,No internet service,No internet service,Two year,Yes,Electronic check,87.42,2206.86,No
CUST-0013487,Male,0,Yes,No,13,Yes,Yes,Fiber optic,No,No,Yes,Yes,Yes,No,Month-to-month,Yes,Electronic check,112.43,1485.44,No
CUST-0013488,Male,0,Yes,No,16,Yes,No,DSL,No,No,No,Yes,Yes,Yes,Month-to-month,Yes,Credit card (automatic),104.46,1679.75,No
CUST-0013489,Female,0,No,No,6,Yes,Yes,Fiber optic,No,Yes,No,No,No,No,Month-to-month,No,Electronic check,91.75,523.57,No
CUST-0013490,Female,0,No,Yes,26,Yes,Yes,DSL,Yes,Yes,Yes,No,No,Yes,Month-to-month,Yes,Electronic check,40.97,1067.12,Yes
CUST-0013491,Female,1,Yes,Yes,10,Yes,No,Fiber optic,No,No,Yes,No,No,Yes,Month-to-month,Yes,Electronic check,98.71,996.24,No
CUST-0013492,Male,1,No,No,23,Yes,Yes,Fiber optic,No,No,No,No,Yes,No,Two year,No,Electronic check,113.32,2620.97,Yes
CUST-0013493,Female,0,Yes,No,31,Yes,Yes,No,No internet service,No internet service,No internet service,No internet service,No internet service,No internet service,One year,No,Electronic check,100.63,3153.91,Yes
CUST-0013494,Male,1,No,No,24,Yes,Yes,Fiber optic,Yes,Yes,Yes,No,Yes,Yes,One year,No,Bank transfer (automatic),118.75,2852.95,No
CUST-0013495,Female,0,No,No,72,No,No phone service,DSL,No,No,No,No,No,No,One year,Yes,Mailed check,52.36,3795.68,Yes
CUST-0013496,Male,0,No,Yes,10,Yes,Yes,DSL,No,Yes,Yes,No,No,No,Month-to-month,Yes,Mailed check,97.3,970.68,Yes
CUST-0013497,Female,0,No,No,8,Yes,No,Fiber optic,No,Yes,No,No,Yes,Yes,Month-to-month,Yes,Credit card (automatic),111.29,887.87,No
CUST-0013498,Female,0,Yes,Yes,8,Yes,No,DSL,No,No,Yes,Yes,Yes,Yes,Two year,Yes,Electronic check,66.35,543.81,No
CUST-0013499,Female,1,No,No,30,No,No phone service,Fiber optic,No,Yes,No,No,Yes,No,Two year,Yes,Electronic check,118.75,3567.72,No
CUST-0013500,Male,0,Yes,No,40,Yes,Yes,DSL,No,No,Yes,No,No,Yes,Month-to-month,Yes,Electronic check,63.72,2576.97,Yes
CUST-0013501,Female,0,No,No,24,Yes,Yes,Fiber optic,No,No,No,Yes,No,Yes,Two year,Yes,Credit card (automatic),118.75,2813.99,No
CUST-0013502,Female,1,No,No,1,Yes,Yes,No,No internet service,No internet service,No internet service,No internet service,No internet service,No internet service,One year,No,Credit card (automatic),91.03,86.59,No
CUST-0013503,Male,0,Yes,Yes,13,Yes,No,DSL,No,Yes,No,No,No,No,One year,Yes,Electronic check,83.04,1126.79,No
CUST-0013504,Female,0,No,No,24,Yes,No,Fiber optic,No,No,No,No,Yes,No,Month-to-month,Yes,Credit card (automatic),86.18,2086.49,No
CUST-0013505,Male,1,Yes,No,30,Yes,No,No,No internet service,No internet service,No internet service,No internet service,No internet service,No internet service,Month-to-month,Yes,Mailed check,118.26,3540.11,No
CUST-0013506,Female,0,No,Yes,28,Yes,No,Fiber optic,No,No,No,Yes,No,No,One year,Yes,Electronic check,97.9,2772.0,No
CUST-0013507,Male,1,Yes,No,15,Yes,Yes,DSL,Yes,No,Yes,No,No,No,Month-to-month,No,Bank transfer (automatic),94.36,1420.51,No
CUST-0013508,Female,0,No,No,15,Yes,Yes,Fiber optic,Yes,Yes,No,Yes,No,Yes,Two year,Yes,Credit card (automatic),61.68,954.9,No
CUST-0013509,Female,0,Yes,No,34,Yes,Yes,DSL,Yes,No,No,Yes,No,No,Month-to-month,No,Mailed check,101.02,3446.71,No
CUST-0013510,Male,1,Yes,No,1,Yes,No,Fiber optic,No,No,Yes,No,Yes,No,Two year,Yes,Mailed check,73.58,87.55,No
CUST-0013511,Female,0,No,No,52,Yes,Yes,DSL,No,No,No,No,Yes,Yes,Month-to-month,Yes,Bank transfer (automatic),52.54,2727.34,Yes
CUST-0013512,Male,1,No,No,19,Yes,No,No,No internet service,No internet service,No internet service,No internet service,No internet service,No internet service,Month-to-month,No,Electronic check,77.65,1437.74,No
CUST-0013513,Female,0,Yes,No,42,Yes,Yes,DSL,No,Yes,No,No,No,No,Month-to-month,Yes,Credit card (automatic),62.16,2611.15,No
CUST-0013514,Female,0,No,Yes,1,Yes,No,No,No internet service,No internet service,No internet service,No internet service,No internet service,No internet service,Month-to-month,No,Electronic check,115.07,81.07,No
CUST-0013515,Male,0,Yes,Yes,4,Yes,Yes,No,No internet service,No internet service,No internet service,No internet service,No internet service,No internet service,Two year,Yes,Mailed check,95.75,410.87,Yes
CUST-0013516,Female,0,No,No,9,Yes,Yes,DSL,No,No,Yes,No,No,No,Month-to-month,Yes,Electronic check,107.33,984.34,No
CUST-0013517,Female,0,Yes,Yes,26,Yes,No,Fiber optic,No,No,Yes,No,Yes,No,Month-to-month,No,Mailed check,118.75,3126.07,Yes
CUST-0013518,Female,0,Yes,Yes,59,Yes,Yes,No,No internet service,No internet service,No internet service,No internet service,No internet service,No internet service,Month-to-month,Yes,Electronic check,80.69,4790.94,Yes
CUST-0013519,Male,0,Yes,Yes,3,Yes,Yes,Fiber optic,No,Yes,No,No,No,No,Two year,Yes,Credit card (automatic),64.88,189.28,No
CUST-0013520,Female,1,Yes,Yes,27,Yes,No,Fiber optic,Yes,Yes,No,No,No,Yes,One year,Yes,Mailed check,55.74,1534.25,Yes
CUST-0013521,Female,0,Yes,No,22,Yes,No,No,No internet service,No internet service,No internet service,No internet service,No internet service,No internet service,Month-to-month,No,Electronic check,62.35,1362.97,Yes
CUST-0013522,Female,0,No,No,31,Yes,Yes,Fiber optic,No,No,Yes,No,No,No,One year,Yes,Electronic check,86.63,2706.62,No
CUST-0013523,Male,0,Yes,No,36,Yes,Yes,Fiber optic,Yes,No,No,No,No,Yes,Month-to-month,Yes,Electronic check,115.59,4136.63,No
CUST-0013524,Female,0,Yes,Yes,48,Yes,Yes,DSL,Yes,No,No,No,Yes,No,Month-to-month,Yes,Credit card (automatic),76.89,3701.02,No
CUST-0013525,Female,0,No,No,5,Yes,No,Fiber optic,Yes,Yes,No,No,No,Yes,Month-to-month,Yes,Credit card (automatic),118.75,592.45,No
CUST-0013526,Male,0,No,No,19,Yes,Yes,DSL,No,Yes,No,No,No,Yes,Two year,No,Mailed check,107.24,2066.19,No
CUST-0013527,Female,0,Yes,No,39,Yes,No,DSL,No,No,Yes,No,No,Yes,Month-to-month,No,Mailed check,118.75,4656.48,No
CUST-0013528,Male,0,Yes,Yes,38,Yes,Yes,Fiber optic,No,No,No,Yes,No,No,Month-to-month,Yes,Electronic check,36.03,1401.17,Yes
CUST-0013529,Male,1,Yes,No,11,Yes,No,No,No internet service,No internet service,No internet service,No internet service,No internet service,No internet service,Month-to-month,Yes,Electronic check,61.09,693.18,Yes
CUST-0013530,Male,1,Yes,No,72,Yes,Yes,DSL,No,Yes,No,No,No,No,Month-to-month,No,Mailed check,98.92,7111.15,Yes
CUST-0013531,Male,0,Yes,No,70,Yes,No,Fiber optic,No,No,No,No,No,No,Month-to-month,Yes,Credit card (automatic),107.78,7579.9,Yes
CUST-0013532,Male,0,No,Yes,23,Yes,Yes,Fiber optic,Yes,No,Yes,No,No,No,One year,Yes,Credit card (automatic),49.8,1160.53,No
CUST-0013533,Male,0,No,No,38,Yes,No,DSL,No,Yes,No,Yes,No,Yes,Month-to-month,No,Bank transfer (automatic),115.67,4404.54,Yes
CUST-0013534,Female,0,No,No,48,No,No phone service,Fiber optic,No,No,No,No,Yes,Yes,Month-to-month,Yes,Electronic check,82.17,3960.27,No
CUST-0013535,Female,1,Yes,No,63,No,No phone service,Fiber optic,No,No,No,No,No,No,Month-to-month,Yes,Mailed check,118.75,7500.64,No
CUST-0013536,Male,0,Yes,Yes,72,Yes,No,Fiber optic,No,No,No,Yes,No,Yes,One year,No,Electronic check,68.82,4970.43,Yes
CUST-0013537,Female,0,No,No,18,Yes,Yes,Fiber optic,No,Yes,No,Yes,No,No,One year,No,Electronic check,87.58,1572.47,No
CUST-0013538,Female,0,No,No,37,No,No phone service,DSL,No,Yes,No,No,No,No,One year,No,Mailed check,100.54,3725.28,Yes
CUST-0013539,Female,1,Yes,No,2,Yes,Yes,DSL,No,No,No,Yes,Yes,No,Month-to-month,Yes,Credit card (automatic),79.56,161.97,No
CUST-0013540,Female,0,Yes,Yes,33,Yes,No,Fiber optic,No,Yes,Yes,No,No,Yes,Two year,No,Electronic check,113.33,3724.61,Yes
CUST-0013541,Female,0,No,No,27,Yes,No,No,No internet service,No internet service,No internet service,No internet service,No internet service,No internet service,Month-to-month,Yes,Mailed check,118.75,3173.08,Yes
CUST-0013542,Female,0,No,Yes,4,Yes,Yes,No,No internet service,No internet service,No internet service,No internet service,No internet service,No internet service,Month-to-month,Yes,Electronic check,78.92,324.88,No
CUST-0013543,Female,0,No,No,11,Yes,No,Fiber optic,Yes,Yes,No,Yes,Yes,No,Month-to-month,Yes,Credit card (automatic),118.75,1279.93,No
CUST-0013544,Male,0,No,No,65,Yes,No,DSL,Yes,No,No,Yes,No,No,One year,Yes,Bank transfer (automatic),85.18,5536.28,No
CUST-0013545,Female,0,No,No,0,Yes,No,Fiber optic,Yes,No,Yes,No,No,Yes,Month-to-month,Yes,Bank transfer (automatic),65.76,,Yes
CUST-0013546,Male,0,No,Yes,39,Yes,No,DSL,No,No,No,No,No,Yes,Month-to-month,No,Mailed check,91.36,3571.98,Yes
CUST-0013547,Male,0,No,No,30,No,No phone service,DSL,No,No,No,No,Yes,No,Month-to-month,Yes,Mailed check,83.81,2493.65,Yes
CUST-0013548,Male,0,No,No,20,Yes,No,No,No internet service,No internet service,No internet service,No internet service,No internet service,No internet service,Month-to-month,Yes,Bank transfer (automatic),70.26,1404.48,No
CUST-0013549,Female,1,No,No,32,Yes,Yes,DSL,Yes,Yes,Yes,Yes,Yes,Yes,Month-to-month,Yes,Electronic check,101.49,3229.72,Yes
CUST-0013550,Female,0,Yes,No,27,Yes,Yes,DSL,No,No,No,No,Yes,Yes,Month-to-month,Yes,Electronic check,106.12,2900.5,Yes
CUST-0013551,Male,1,No,No,2,Yes,Yes,Fiber optic,Yes,Yes,No,No,No,No,Month-to-month,Yes,Bank transfer (automatic),85.31,151.72,Yes
CUST-0013552,Male,1,No,No,0,Yes,No,Fiber optic,No,Yes,Yes,No,No,No,One year,No,Electronic check,82.38,,No
CUST-0013553,Female,0,No,No,55,Yes,No,DSL,Yes,No,No,No,No,No,Month-to-month,No,Electronic check,64.24,3568.34,No
CUST-0013554,Male,1,Yes,No,1,Yes,Yes,No,No internet service,No internet service,No internet service,No internet service,No internet service,No internet service,Month-to-month,No,Electronic check,44.42,48.2,Yes
CUST-0013555,Male,0,Yes,No,39,Yes,No,DSL,No,Yes,No,No,No,No,One year,Yes,Electronic check,81.8,3199.94,No
CUST-0013556,Male,0,Yes,Yes,6,Yes,Yes,Fiber optic,Yes,Yes,No,No,No,No,One year,Yes,Electronic check,59.97,381.46,Yes
CUST-0013557,Female,0,No,No,8,Yes,No,DSL,Yes,Yes,No,No,Yes,Yes,Month-to-month,Yes,Electronic check,108.03,905.78,Yes
CUST-0013558,Female,0,Yes,No,17,Yes,No,DSL,Yes,Yes,Yes,No,No,No,Month-to-month,No,Electronic check,84.79,1475.08,No
CUST-0013559,Male,0,No,Yes,35,Yes,Yes,Fiber optic,No,Yes,No,Yes,Yes,No,Month-to-month,Yes,Electronic check,96.21,3346.34,No
CUST-0013560,Female,0,Yes,No,26,Yes,Yes,DSL,No,Yes,No,No,Yes,No,Month-to-month,No,Electronic check,89.94,2354.88,No
CUST-0013561,Male,1,Yes,No,72,Yes,No,Fiber optic,No,Yes,Yes,No,Yes,No,Two year,Yes,Mailed check,96.19,6938.53,No
CUST-0013562,Female,0,Yes,No,7,Yes,Yes,No,No internet service,No internet service,No internet service,No internet service,No internet service,No internet service,One year,Yes,Bank transfer (automatic),52.91,366.73,No
CUST-0013563,Male,1,Yes,No,45,Yes,No,No,No internet service,No internet service,No internet service,No internet service,No internet service,No internet service,Month-to-month,Yes,Mailed check,86.08,3883.43,No
CUST-0013564,Female,0,Yes,No,0,Yes,No,No,No internet service,No internet service,No internet service,No internet service,No internet service,No internet service,Month-to-month,Yes,Credit card (automatic),85.7,,No
CUST-0013565,Male,0,Yes,No,9,Yes,Yes,DSL,No,No,No,Yes,No,Yes,Month-to-month,No,Electronic check,81.1,720.44,No
CUST-0013566,Female,0,No,Yes,17,Yes,No,Fiber optic,No,Yes,Yes,No,No,No,Two year,No,Electronic check,103.75,1748.77,No
CUST-0013567,Female,0,No,Yes,6,Yes,No,Fiber optic,Yes,No,Yes,No,Yes,No,One year,No,Electronic check,96.07,622.68,Yes
CUST-0013568,Female,0,No,Yes,52,Yes,Yes,Fiber optic,No,Yes,No,No,No,No,Month-to-month,Yes,Mailed check,86.42,4560.31,No
CUST-0013569,Female,0,No,No,21,Yes,Yes,DSL,No,No,No,No,No,Yes,Month-to-month,Yes,Electronic check,92.33,1976.03,Yes
CUST-0013570,Male,0,No,Yes,53,Yes,No,DSL,Yes,No,No,No,No,Yes,Month-to-month,Yes,Bank transfer (automatic),64.87,3439.75,No
CUST-0013571,Female,0,No,No,72,Yes,Yes,Fiber optic,Yes,Yes,Yes,No,No,No,Two year,Yes,Electronic check,101.53,7301.43,No
CUST-0013572,Male,0,Yes,Yes,9,Yes,No,No,No internet service,No internet service,No internet service,No internet service,No internet service,No internet service,Month-to-month,Yes,Mailed check,63.8,553.39,Yes
CUST-0013573,Male,0,No,Yes,3,Yes,No,DSL,No,No,No,Yes,No,Yes,Month-to-month,Yes,Electronic check,98.51,294.53,No
CUST-0013574,Male,0,Yes,No,28,Yes,Yes,DSL,No,No,No,No,No,No,Two year,No,Credit card (automatic),89.14,2521.63,No
CUST-0013575,Female,0,Yes,No,25,Yes,No,DSL,No,Yes,No,Yes,No,No,One year,Yes,Electronic check,106.55,2673.1,No
CUST-0013576,Male,0,No,No,22,Yes,No,DSL,Yes,No,No,Yes,No,Yes,Month-to-month,No,Bank transfer (automatic),89.43,1959.69,No
CUST-0013577,Male,1,Yes,No,5,Yes,No,No,No internet service,No internet service,No internet service,No internet service,No internet service,No internet service,Two year,Yes,Credit card (automatic),103.66,511.83,No
CUST-0013578,Female,0,Yes,Yes,61,Yes,No,DSL,Yes,Yes,Yes,No,Yes,Yes,Month-to-month,Yes,Credit card (automatic),91.6,5592.85,Yes
CUST-0013579,Female,0,Yes,Yes,16,No,No phone service,Fiber optic,No,No,Yes,No,Yes,Yes,Month-to-month,Yes,Credit card (automatic),107.6,1701.86,No
CUST-0013580,Female,0,Yes,No,33,Yes,Yes,Fiber optic,No,No,Yes,No,Yes,Yes,One year,Yes,Bank transfer (automatic),99.66,3298.32,No
CUST-0013581,Male,0,No,No,38,Yes,No,No,No internet service,No internet service,No internet service,No internet service,No internet service,No internet service,Month-to-month,Yes,Bank transfer (automatic),103.29,,Yes
CUST-0013582,Male,0,No,No,13,Yes,No,No,No internet service,No internet service,No internet service,No internet service,No internet service,No internet service,Month-to-month,Yes,Electronic check,88.09,1134.86,No
CUST-0013583,Male,0,No,No,19,Yes,No,Fiber optic,No,No,Yes,No,No,Yes,Month-to-month,Yes,Bank transfer (automatic),98.5,1871.55,Yes
CUST-0013584,Male,1,No,Yes,5,Yes,No,Fiber optic,No,No,No,Yes,No,Yes,Month-to-month,No,Mailed check,70.65,359.56,No
CUST-0013585,Female,0,Yes,No,24,Yes,Yes,DSL,No,No,No,No,No,No,One year,Yes,Credit card (automatic),83.21,1934.09,No
CUST-0013586,Male,0,No,No,34,Yes,Yes,Fiber optic,No,Yes,No,No,No,No,Two year,Yes,Electronic check,57.35,1969.18,No
CUST-0013587,Female,1,No,No,2,Yes,Yes,Fiber optic,No,No,No,No,No,No,Month-to-month,No,Electronic check,67.32,169.43,Yes
CUST-0013588,Male,0,No,No,12,Yes,Yes,Fiber optic,No,No,No,Yes,Yes,Yes,One year,No,Electronic check,81.15,991.06,Yes
CUST-0013589,Male,0,No,No,49,Yes,Yes,Fiber optic,No,No,No,Yes,No,No,One year,Yes,Mailed check,86.39,4243.29,Yes
CUST-0013590,Male,0,Yes,Yes,9,Yes,No,Fiber optic,No,No,Yes,Yes,No,No,One year,Yes,Electronic check,86.98,734.06,No
CUST-0013591,Female,1,Yes,No,1,Yes,Yes,No,No internet service,No internet service,No internet service,No internet service,No internet service,No internet service,Month-to-month,No,Electronic check,59.14,89.23,Yes
CUST-0013592,Male,0,Yes,No,15,Yes,No,Fiber optic,No,No,No,No,No,No,One year,Yes,Credit card (automatic),95.6,1466.13,No
CUST-0013593,Female,0,Yes,No,72,Yes,Yes,Fiber optic,No,No,Yes,Yes,No,No,Month-to-month,No,Credit card (automatic),100.05,7246.28,No
CUST-0013594,Male,1,Yes,No,18,Yes,Yes,No,No internet service,No internet service,No internet service,No internet service,No internet service,No internet service,One year,No,Credit card (automatic),78.77,1449.77,No
CUST-0013595,Female,0,Yes,Yes,5,Yes,No,Fiber optic,No,Yes,No,Yes,Yes,Yes,Month-to-month,Yes,Bank transfer (automatic),103.35,518.11,No
CUST-0013596,Male,0,Yes,No,46,Yes,Yes,Fiber optic,No,No,No,No,Yes,Yes,Month-to-month,No,Mailed check,107.22,4927.19,No
CUST-0013597,Female,0,No,Yes,61,Yes,Yes,Fiber optic,Yes,No,Yes,No,No,Yes,Two year,Yes,Electronic check,110.24,6711.1,Yes
CUST-0013598,Female,0,Yes,No,16,Yes,No,Fiber optic,Yes,No,Yes,No,No,Yes,One year,Yes,Electronic check,102.24,1619.46,No
CUST-0013599,Male,0,No,No,15,Yes,Yes,Fiber optic,No,No,No,No,No,No,Month-to-month,No,Electronic check,91.89,1350.97,No
CUST-0013600,Female,0,Yes,Yes,31,No,No phone service,DSL,No,Yes,No,No,No,Yes,Month-to-month,Yes,Electronic check,112.48,3530.38,Yes
CUST-0013601,Male,1,Yes,No,36,Yes,Yes,DSL,No,Yes,Yes,No,No,No,Month-to-month,Yes,Electronic check,76.55,2754.99,Yes
CUST-0013602,Male,0,No,No,40,Yes,Yes,No,No internet service,No internet service,No internet service,No internet service,No internet service,No internet service,Month-to-month,Yes,Mailed check,81.73,3264.08,Yes
CUST-0013603,Male,0,Yes,Yes,41,Yes,No,Fiber optic,Yes,Yes,No,No,Yes,No,Month-to-month,Yes,Mailed check,60.67,,No
CUST-0013604,Male,0,Yes,No,28,Yes,Yes,Fiber optic,Yes,No,Yes,Yes,No,No,Month-to-month,Yes,Electronic check,74.63,2086.24,No
CUST-0013605,Male,0,No,No,55,Yes,No,Fiber optic,No,Yes,No,No,No,No,Month-to-month,Yes,Bank transfer (automatic),114.21,6270.1,No
CUST-0013606,Male,0,Yes,No,13,Yes,No,Fiber optic,No,Yes,Yes,No,Yes,No,One year,Yes,Bank transfer (automatic),78.01,1004.92,No
CUST-0013607,Male,0,Yes,No,16,Yes,Yes,Fiber optic,No,No,No,No,Yes,No,One year,No,Electronic check,113.58,1808.9,No
CUST-0013608,Male,1,Yes,Yes,57,No,No phone service,DSL,No,Yes,No,Yes,Yes,Yes,Two year,Yes,Electronic check,111.16,6336.35,No
CUST-0013609,Male,0,Yes,No,19,Yes,Yes,Fiber optic,No,Yes,Yes,No,Yes,Yes,Month-to-month,Yes,Bank transfer (automatic),55.18,1046.41,No
CUST-0013610,Female,0,No,Yes,13,Yes,No,Fiber optic,No,Yes,Yes,Yes,No,Yes,Month-to-month,No,Mailed check,84.32,1075.92,Yes
CUST-0013611,Male,0,Yes,No,1,Yes,Yes,Fiber optic,No,No,No,Yes,No,No,One year,Yes,Electronic check,69.07,145.21,Yes
CUST-0013612,Male,0,Yes,Yes,72,Yes,No,DSL,No,Yes,No,Yes,Yes,No,Two year,Yes,Electronic check,118.75,8565.19,No
CUST-0013613,Male,0,No,Yes,59,No,No phone service,Fiber optic,No,No,No,Yes,Yes,Yes,One year,Yes,Electronic check,72.66,4270.61,No
CUST-0013614,Male,0,Yes,No,28,Yes,No,DSL,No,No,No,No,No,Yes,Month-to-month,Yes,Credit card (automatic),92.53,2640.75,Yes
CUST-0013615,Female,0,No,No,3,Yes,Yes,Fiber optic,No,No,Yes,No,Yes,Yes,Two year,No,Credit card (automatic),113.79,401.07,No
CUST-0013616,Male,0,No,No,5,No,No phone service,Fiber optic,Yes,No,No,Yes,No,No,Month-to-month,Yes,Bank transfer (automatic),75.06,378.93,No
CUST-0013617,Female,1,Yes,No,5,Yes,Yes,Fiber optic,No,No,Yes,Yes,Yes,Yes,Month-to-month,Yes,Bank transfer (automatic),114.08,524.59,No
CUST-0013618,Male,0,Yes,No,72,Yes,Yes,Fiber optic,Yes,Yes,Yes,No,Yes,No,Month-to-month,No,Bank transfer (automatic),118.75,8571.96,Yes
CUST-0013619,Female,0,No,No,2,Yes,Yes,No,No internet service,No internet service,No internet service,No internet service,No internet service,No internet service,Month-to-month,No,Electronic check,70.79,104.82,Yes
CUST-0013620,Female,0,Yes,Yes,17,Yes,Yes,DSL,No,No,No,No,Yes,No,Month-to-month,Yes,Mailed check,86.79,1426.19,No
CUST-0013621,Male,0,Yes,Yes,34,Yes,No,No,No internet service,No internet service,No internet service,No internet service,No internet service,No internet service,Month-to-month,Yes,Credit card (automatic),115.51,3883.07,No
CUST-0013622,Female,0,No,Yes,14,Yes,No,No,No internet service,No internet service,No internet service,No internet service,No internet service,No internet service,Month-to-month,Yes,Bank transfer (automatic),114.64,1587.3,No
CUST-0013623,Male,0,Yes,Yes,15,No,No phone service,Fiber optic,No,No,No,No,No,No,One year,No,Electronic check,118.75,1773.98,No
CUST-0013624,Female,0,Yes,No,17,Yes,Yes,No,No internet service,No internet service,No internet service,No internet service,No internet service,No internet service,Month-to-month,Yes,Electronic check,88.98,,No
CUST-0013625,Male,0,Yes,Yes,13,Yes,No,DSL,No,Yes,No,Yes,No,Yes,Month-to-month,No,Electronic check,102.64,1349.45,No
CUST-0013626,Female,1,Yes,No,47,Yes,Yes,Fiber optic,No,No,No,Yes,Yes,No,Month-to-month,Yes,Electronic check,118.75,5583.39,No
CUST-0013627,Female,0,No,Yes,52,Yes,No,DSL,No,No,No,No,Yes,No,Month-to-month,Yes,Credit card (automatic),92.46,4777.78,Yes
CUST-0013628,Female,1,No,No,11,Yes,No,Fiber optic,No,No,Yes,No,Yes,No,Two year,Yes,Credit card (automatic),75.48,,No
CUST-0013629,Male,0,No,Yes,27,Yes,Yes,Fiber optic,No,Yes,No,Yes,No,No,Month-to-month,Yes,Electronic check,92.64,2502.35,No
CUST-0013630,Male,0,No,No,13,Yes,Yes,Fiber optic,No,No,No,No,Yes,No,Month-to-month,No,Bank transfer (automatic),88.26,1161.69,No
CUST-0013631,Male,0,No,No,0,Yes,Yes,No,No internet service,No internet service,No internet service,No internet service,No internet service,No internet service,Month-to-month,Yes,Electronic check,84.89,,Yes
CUST-0013632,Female,0,Yes,Yes,13,Yes,No,Fiber optic,Yes,No,No,No,No,Yes,One year,Yes,Bank transfer (automatic),97.31,1268.38,No
CUST-0013633,Male,1,No,No,22,Yes,No,Fiber optic,No,No,Yes,No,Yes,No,Month-to-month,Yes,Electronic check,109.5,2435.39,Yes
CUST-0013634,Female,0,Yes,No,36,Yes,Yes,DSL,No,Yes,Yes,Yes,Yes,No,Month-to-month,Yes,Electronic check,118.75,4292.26,No
CUST-0013635,Female,0,Yes,Yes,4,Yes,Yes,Fiber optic,No,No,No,Yes,Yes,Yes,Month-to-month,No,Electronic check,90.03,363.81,Yes
CUST-0013636,Female,1,No,No,4,Yes,No,Fiber optic,No,Yes,No,Yes,Yes,No,Month-to-month,No,Bank transfer (automatic),82.61,309.37,Yes
CUST-0013637,Female,0,No,Yes,1,Yes,Yes,No,No internet service,No internet service,No internet service,No internet service,No internet service,No internet service,One year,Yes,Electronic check,69.42,91.43,Yes
CUST-0013638,Male,1,No,No,17,Yes,No,Fiber optic,No,No,Yes,Yes,No,Yes,Month-to-month,Yes,Mailed check,97.09,1671.94,No
CUST-0013639,Female,0,No,No,21,Yes,Yes,DSL,No,Yes,No,No,Yes,No,Month-to-month,No,Mailed check,90.95,1937.49,Yes
CUST-0013640,Female,1,Yes,Yes,0,Yes,No,DSL,No,Yes,No,Yes,No,Yes,One year,Yes,Bank transfer (automatic),74.64,,No
CUST-0013641,Male,0,No,No,38,Yes,No,No,No internet service,No internet service,No internet service,No internet service,No internet service,No internet service,Month-to-month,Yes,Electronic check,55.14,2082.92,No
CUST-0013642,Male,1,No,No,14,Yes,Yes,No,No internet service,No internet service,No internet service,No internet service,No internet service,No internet service,One year,Yes,Mailed check,100.13,1377.04,No
CUST-0013643,Female,1,Yes,No,5,Yes,No,Fiber optic,No,No,No,No,Yes,No,Month-to-month,No,Electronic check,83.93,426.32,No
CUST-0013644,Female,0,Yes,Yes,18,Yes,No,No,No internet service,No internet service,No internet service,No internet service,No internet service,No internet service,One year,Yes,Electronic check,78.51,1398.55,No
CUST-0013645,Male,1,Yes,No,4,Yes,No,Fiber optic,No,No,No,No,No,No,Two year,No,Electronic check,54.78,180.41,No
CUST-0013646,Female,0,No,Yes,26,Yes,No,No,No internet service,No internet service,No internet service,No internet service,No internet service,No internet service,Month-to-month,No,Mailed check,93.59,2437.95,Yes
CUST-0013647,Male,0,Yes,Yes,57,Yes,Yes,DSL,No,Yes,No,No,Yes,Yes,Month-to-month,No,Mailed check,118.75,6764.32,Yes
CUST-0013648,Male,0,No,No,26,Yes,Yes,Fiber optic,No,No,No,Yes,No,Yes,One year,Yes,Electronic check,97.41,2552.6,Yes
CUST-0013649,Female,0,No,No,23,Yes,No,DSL,No,No,Yes,No,No,Yes,Month-to-month,No,Electronic check,104.59,2388.13,No
CUST-0013650,Male,0,Yes,No,72,Yes,No,Fiber optic,Yes,Yes,Yes,No,No,No,Month-to-month,Yes,Bank transfer (automatic),102.15,7359.14,Yes
CUST-0013651,Female,0,No,No,72,Yes,Yes,No,No internet service,No internet service,No internet service,No internet service,No internet service,No internet service,Month-to-month,No,Credit card (automatic),86.18,6253.43,No
CUST-0013652,Male,0,No,Yes,10,Yes,Yes,Fiber optic,No,No,No,No,Yes,Yes,Month-to-month,Yes,Credit card (automatic),83.66,799.2,Yes
CUST-0013653,Male,1,No,No,7,Yes,No,No,No internet service,No internet service,No internet service,No internet service,No internet service,No internet service,One year,Yes,Bank transfer (automatic),98.45,722.49,No
CUST-0013654,Female,1,Yes,No,13,Yes,No,No,No internet service,No internet service,No internet service,No internet service,No internet service,No internet service,One year,No,Electronic check,118.75,1496.47,No
CUST-0013655,Female,0,Yes,No,70,Yes,No,DSL,Yes,No,No,No,No,Yes,Month-to-month,Yes,Bank transfer (automatic),62.21,4349.56,No
CUST-0013656,Female,0,Yes,No,0,Yes,No,Fiber optic,No,No,No,Yes,No,No,Month-to-month,No,Electronic check,87.83,,No
CUST-0013657,Female,1,Yes,No,68,Yes,Yes,DSL,No,Yes,No,No,Yes,No,One year,No,Mailed check,86.31,5850.19,No
CUST-0013658,Male,0,No,No,60,No,No phone service,DSL,Yes,No,Yes,No,Yes,No,Two year,No,Electronic check,95.56,5771.22,No
CUST-0013659,Female,0,No,No,8,Yes,No,DSL,No,No,No,No,No,No,Month-to-month,Yes,Credit card (automatic),60.47,472.72,Yes
CUST-0013660,Female,0,No,No,16,Yes,No,DSL,No,No,No,Yes,Yes,No,One year,Yes,Electronic check,85.15,1371.59,No
CUST-0013661,Female,0,No,Yes,14,Yes,Yes,Fiber optic,No,Yes,Yes,No,Yes,No,Month-to-month,Yes,Mailed check,55.12,784.41,No
CUST-0013662,Female,0,Yes,No,70,Yes,No,DSL,Yes,No,No,Yes,Yes,No,Month-to-month,No,Credit card (automatic),118.75,8282.22,Yes
CUST-0013663,Male,0,No,No,30,Yes,No,Fiber optic,No,No,Yes,No,Yes,Yes,Month-to-month,Yes,Electronic check,97.86,2929.08,No
CUST-0013664,Female,0,No,No,25,Yes,Yes,DSL,No,Yes,No,No,Yes,No,Month-to-month,No,Bank transfer (automatic),69.26,1713.69,No
CUST-0013665,Male,1,No,Yes,4,Yes,No,Fiber optic,No,Yes,No,No,No,No,Month-to-month,No,Electronic check,86.09,354.03,Yes
CUST-0013666,Male,0,No,Yes,29,Yes,Yes,Fiber optic,No,No,No,No,No,No,One year,Yes,Credit card (automatic),102.89,2944.6,No
CUST-0013667,Male,1,No,No,72,Yes,Yes,No,No internet service,No internet service,No internet service,No internet service,No internet service,No internet service,Month-to-month,Yes,Bank transfer (automatic),70.24,5089.25,Yes
CUST-0013668,Male,0,Yes,No,54,Yes,No,Fiber optic,No,No,Yes,No,Yes,Yes,Month-to-month,Yes,Bank transfer (automatic),105.32,5630.67,Yes
CUST-0013669,Male,0,No,No,2,Yes,No,DSL,No,No,No,No,Yes,No,Two year,Yes,Bank transfer (automatic),118.75,225.47,No
CUST-0013670,Female,0,No,No,18,Yes,No,Fiber optic,Yes,No,Yes,No,No,Yes,Two year,Yes,Bank transfer (automatic),101.05,1838.34,Yes
CUST-0013671,Female,0,No,No,12,Yes,No,DSL,No,No,No,Yes,Yes,No,Month-to-month,Yes,Bank transfer (automatic),95.35,1148.69,No
CUST-0013672,Female,1,No,Yes,1,Yes,No,DSL,No,No,No,No,No,Yes,Month-to-month,Yes,Mailed check,61.08,74.6,Yes
CUST-0013673,Male,0,Yes,No,18,Yes,No,DSL,Yes,No,No,No,Yes,No,Month-to-month,Yes,Credit card (automatic),102.94,1861.51,No
CUST-0013674,Female,0,No,Yes,3,Yes,Yes,DSL,No,No,No,No,No,No,Two year,Yes,Credit card (automatic),93.72,322.06,No
CUST-0013675,Female,0,No,No,4,Yes,No,Fiber optic,Yes,No,No,No,Yes,Yes,Month-to-month,Yes,Mailed check,118.75,467.6,No
CUST-0013676,Male,1,No,Yes,24,Yes,Yes,Fiber optic,No,No,Yes,No,Yes,No,Two year,Yes,Credit card (automatic),101.81,2459.91,No
CUST-0013677,Female,0,No,No,72,Yes,Yes,Fiber optic,No,No,No,No,Yes,No,Month-to-month,Yes,Bank transfer (automatic),103.61,,No
CUST-0013678,Female,0,Yes,No,1,Yes,No,Fiber optic,No,No,Yes,No,Yes,No,Month-to-month,No,Credit card (automatic),105.44,81.12,No
CUST-0013679,Male,0,No,No,66,Yes,No,Fiber optic,Yes,No,No,No,No,No,Two year,Yes,Bank transfer (automatic),53.47,3496.75,No
CUST-0013680,Male,0,Yes,No,5,Yes,No,Fiber optic,No,Yes,Yes,Yes,No,No,Month-to-month,Yes,Bank transfer (automatic),104.48,528.28,No
CUST-0013681,Female,0,No,No,16,Yes,No,No,No internet service,No internet service,No internet service,No internet service,No internet service,No internet service,Month-to-month,Yes,Electronic check,91.06,1479.83,Yes
CUST-0013682,Female,0,No,No,37,Yes,Yes,Fiber optic,No,Yes,No,No,No,Yes,Month-to-month,Yes,Electronic check,111.85,4130.08,Yes
CUST-0013683,Female,0,Yes,No,29,No,No phone service,DSL,No,Yes,No,Yes,Yes,Yes,One year,Yes,Electronic check,118.75,3444.58,Yes
CUST-0013684,Female,0,Yes,Yes,6,Yes,No,DSL,No,No,Yes,No,No,Yes,Month-to-month,Yes,Electronic check,109.87,652.48,No
CUST-0013685,Male,0,No,No,72,Yes,Yes,Fiber optic,No,Yes,No,No,No,Yes,Two year,Yes,Mailed check,88.65,6392.24,No
CUST-0013686,Male,0,No,No,44,Yes,Yes,Fiber optic,Yes,Yes,No,No,No,Yes,Month-to-month,Yes,Electronic check,65.07,2879.8,No
CUST-0013687,Male,0,Yes,Yes,72,Yes,Yes,DSL,No,Yes,No,No,No,No,Month-to-month,No,Electronic check,87.85,6301.9,Yes
CUST-0013688,Male,0,Yes,No,49,Yes,Yes,No,No internet service,No internet service,No internet service,No internet service,No internet service,No internet service,Two year,Yes,Mailed check,84.75,4154.64,No
CUST-0013689,Male,0,Yes,Yes,9,No,No phone service,DSL,No,No,No,No,Yes,No,Month-to-month,Yes,Credit card (automatic),107.13,975.68,No
CUST-0013690,Male,0,Yes,No,60,Yes,No,DSL,No,Yes,Yes,No,Yes,No,Month-to-month,Yes,Bank transfer (automatic),118.75,7123.6,No
CUST-0013691,Female,0,Yes,No,42,Yes,No,Fiber optic,Yes,No,No,No,Yes,No,Month-to-month,Yes,Mailed check,116.33,4917.08,No
CUST-0013692,Male,1,Yes,No,24,Yes,No,Fiber optic,No,No,No,No,No,No,Month-to-month,Yes,Electronic check,63.32,1485.68,No
CUST-0013693,Female,0,No,No,7,Yes,Yes,No,No internet service,No internet service,No internet service,No internet service,No internet service,No internet service,Month-to-month,Yes,Mailed check,65.99,456.5,Yes
CUST-0013694,Female,0,No,Yes,45,Yes,Yes,Fiber optic,No,No,No,Yes,No,Yes,Month-to-month,Yes,Bank transfer (automatic),102.24,4574.42,Yes
CUST-0013695,Female,1,No,No,3,Yes,Yes,Fiber optic,Yes,No,No,No,Yes,No,Month-to-month,No,Electronic check,98.25,287.33,No
CUST-0013696,Male,1,Yes,No,72,Yes,Yes,DSL,No,Yes,No,No,No,No,Month-to-month,Yes,Bank transfer (automatic),85.99,6179.25,No
CUST-0013697,Female,0,No,No,3,Yes,No,DSL,No,No,No,No,No,No,Two year,Yes,Bank transfer (automatic),55.57,222.93,No
CUST-0013698,Female,0,No,No,20,Yes,Yes,Fiber optic,No,No,No,No,No,Yes,One year,No,Electronic check,65.95,1344.51,No
CUST-0013699,Male,0,No,Yes,0,Yes,Yes,DSL,No,No,Yes,No,Yes,No,Month-to-month,Yes,Electronic check,103.55,,No
CUST-0013700,Male,0,No,No,15,Yes,No,Fiber optic,Yes,Yes,No,Yes,No,No,Month-to-month,No,Credit card (automatic),86.88,1296.37,No
CUST-0013701,Female,1,Yes,No,1,Yes,No,Fiber optic,Yes,Yes,Yes,No,No,No,One year,Yes,Bank transfer (automatic),118.75,,No
CUST-0013702,Female,1,No,Yes,12,Yes,Yes,Fiber optic,No,No,No,No,Yes,Yes,Month-to-month,Yes,Mailed check,84.47,1028.58,No
CUST-0013703,Male,0,No,No,22,Yes,No,DSL,No,Yes,Yes,No,No,No,Month-to-month,Yes,Credit card (automatic),107.34,2365.56,No
CUST-0013704,Female,0,No,No,29,Yes,Yes,No,No internet service,No internet service,No internet service,No internet service,No internet service,No internet service,Month-to-month,No,Electronic check,78.98,2293.37,No
CUST-0013705,Female,1,No,No,3,Yes,No,DSL,No,Yes,No,No,Yes,No,Month-to-month,No,Electronic check,60.31,165.42,Yes
CUST-0013706,Male,0,No,Yes,0,Yes,Yes,DSL,No,Yes,Yes,No,No,No,One year,No,Electronic check,84.23,,No
CUST-0013707,Male,0,No,No,55,Yes,No,Fiber optic,No,No,No,No,No,No,Month-to-month,No,Electronic check,84.97,4682.45,No
CUST-0013708,Female,0,Yes,No,6,Yes,No,DSL,No,No,No,No,Yes,No,Month-to-month,Yes,Credit card (automatic),118.75,752.24,Yes
CUST-0013709,Female,0,No,No,14,Yes,No,Fiber optic,Yes,No,No,No,Yes,No,Two year,Yes,Credit card (automatic),101.5,1403.24,Yes
CUST-0013710,Male,0,No,Yes,0,Yes,Yes,No,No internet service,No internet service,No internet service,No internet service,No internet service,No internet service,Month-to-month,Yes,Bank transfer (automatic),118.75,,No
CUST-0013711,Female,0,Yes,No,35,Yes,No,DSL,Yes,No,No,No,No,Yes,Month-to-month,Yes,Electronic check,89.39,3098.93,Yes
CUST-0013712,Female,0,No,Yes,0,Yes,No,Fiber optic,No,No,No,No,No,No,Month-to-month,Yes,Electronic check,85.2,,Yes
CUST-0013713,Male,0,No,No,58,Yes,Yes,No,No internet service,No internet service,No internet service,No internet service,No internet service,No internet service,One year,No,Electronic check,93.91,5492.83,No
CUST-0013714,Female,0,Yes,No,1,Yes,No,Fiber optic,Yes,No,Yes,No,No,Yes,Month-to-month,Yes,Electronic check,84.03,87.43,No
CUST-0013715,Male,0,Yes,Yes,12,Yes,No,No,No internet service,No internet service,No internet service,No internet service,No internet service,No internet service,Month-to-month,No,Bank transfer (automatic),62.04,746.5,Yes
CUST-0013716,Female,0,No,No,72,Yes,No,No,No internet service,No internet service,No internet service,No internet service,No internet service,No internet service,Month-to-month,Yes,Electronic check,61.32,4450.33,No
CUST-0013717,Female,0,No,Yes,42,Yes,Yes,No,No internet service,No internet service,No internet service,No internet service,No internet service,No internet service,Month-to-month,No,Mailed check,70.67,2960.63,Yes
CUST-0013718,Female,0,No,No,72,Yes,No,No,No internet service,No internet service,No internet service,No internet service,No internet service,No internet service,Month-to-month,No,Bank transfer (automatic),65.88,4720.84,No
CUST-0013719,Female,0,No,No,6,Yes,Yes,Fiber optic,No,No,Yes,No,Yes,No,One year,Yes,Mailed check,97.27,562.92,Yes
CUST-0013720,Female,0,No,No,61,Yes,No,DSL,No,No,Yes,No,No,No,Month-to-month,Yes,Credit card (automatic),96.46,5901.14,No
CUST-0013721,Male,0,Yes,No,26,Yes,Yes,No,No internet service,No internet service,No internet service,No internet service,No internet service,No internet service,Month-to-month,Yes,Bank transfer (automatic),93.48,2402.06,No
CUST-0013722,Male,0,No,No,21,Yes,Yes,No,No internet service,No internet service,No internet service,No internet service,No internet service,No internet service,Month-to-month,Yes,Mailed check,72.75,1492.81,Yes
CUST-0013723,Female,1,Yes,No,38,Yes,No,No,No internet service,No internet service,No internet service,No internet service,No internet service,No internet service,Month-to-month,Yes,Credit card (automatic),73.52,2835.67,No
CUST-0013724,Male,0,No,No,54,Yes,Yes,DSL,No,No,No,No,Yes,No,Month-to-month,Yes,Bank transfer (automatic),114.69,6199.2,No
CUST-0013725,Male,0,No,No,9,Yes,Yes,Fiber optic,No,Yes,No,No,Yes,No,Month-to-month,Yes,Electronic check,103.69,972.14,No
CUST-0013726,Male,1,No,No,14,Yes,Yes,DSL,No,No,No,Yes,No,Yes,Month-to-month,No,Electronic check,93.74,1329.85,No
CUST-0013727,Male,1,No,Yes,48,Yes,No,Fiber optic,No,Yes,No,Yes,Yes,No,Month-to-month,Yes,Bank transfer (automatic),118.75,5704.9,No
CUST-0013728,Female,0,No,Yes,23,Yes,Yes,Fiber optic,No,Yes,No,Yes,No,Yes,Two year,Yes,Electronic check,101.49,2332.69,Yes
CUST-0013729,Male,0,No,No,16,Yes,Yes,Fiber optic,Yes,No,Yes,No,Yes,Yes,One year,Yes,Credit card (automatic),117.51,1901.09,No
CUST-0013730,Male,0,No,Yes,1,Yes,Yes,Fiber optic,No,No,Yes,No,No,No,One year,No,Bank transfer (automatic),108.26,98.45,No
CUST-0013731,Male,0,No,No,3,Yes,No,No,No internet service,No internet service,No internet service,No internet service,No internet service,No internet service,Month-to-month,No,Electronic check,79.98,261.34,Yes
CUST-0013732,Male,1,No,No,34,Yes,Yes,DSL,No,Yes,Yes,No,No,No,One year,Yes,Electronic check,118.75,3997.02,Yes
CUST-0013733,Male,0,No,No,46,Yes,No,No,No internet service,No internet service,No internet service,No internet service,No internet service,No internet service,Month-to-month,Yes,Credit card (automatic),37.08,1688.6,No
CUST-0013734,Female,0,Yes,No,32,No,No phone service,Fiber optic,No,No,Yes,No,No,Yes,One year,Yes,Credit card (automatic),49.36,1540.47,No
CUST-0013735,Male,0,Yes,Yes,48,Yes,No,Fiber optic,No,Yes,Yes,Yes,Yes,Yes,Month-to-month,Yes,Mailed check,102.57,,No
CUST-0013736,Male,0,No,No,15,Yes,No,Fiber optic,Yes,No,Yes,No,Yes,No,Two year,No,Bank transfer (automatic),84.38,1222.63,Yes
CUST-0013737,Male,0,Yes,No,70,Yes,No,DSL,Yes,No,No,No,Yes,No,Month-to-month,Yes,Electronic check,70.47,4945.56,No
CUST-0013738,Female,0,No,No,48,Yes,No,No,No internet service,No internet service,No internet service,No internet service,No internet service,No internet service,Month-to-month,Yes,Electronic check,118.75,5704.01,No
CUST-0013739,Female,0,No,No,5,Yes,Yes,DSL,Yes,No,No,No,No,Yes,Month-to-month,Yes,Mailed check,84.26,444.99,No
CUST-0013740,Male,0,No,No,53,Yes,Yes,DSL,No,No,No,No,Yes,No,One year,No,Electronic check,76.51,4043.43,Yes
CUST-0013741,Male,0,Yes,Yes,37,Yes,Yes,DSL,No,No,Yes,Yes,No,Yes,One year,No,Electronic check,100.48,3681.63,Yes
CUST-0013742,Female,1,No,Yes,13,Yes,No,No,No internet service,No internet service,No internet service,No internet service,No internet service,No internet service,Month-to-month,No,Electronic check,113.16,1462.26,No
CUST-0013743,Female,0,No,No,9,Yes,No,Fiber optic,No,No,No,No,No,No,Month-to-month,No,Bank transfer (automatic),107.67,975.59,No
CUST-0013744,Female,0,No,No,25,Yes,Yes,Fiber optic,Yes,No,No,No,No,Yes,One year,Yes,Electronic check,55.97,1393.78,Yes
CUST-0013745,Female,1,Yes,No,13,No,No phone service,Fiber optic,No,No,No,No,No,Yes,Month-to-month,No,Bank transfer (automatic),91.13,1194.46,No
CUST-0013746,Male,0,No,No,37,Yes,Yes,Fiber optic,No,No,No,No,No,Yes,One year,Yes,Bank transfer (automatic),83.51,3070.29,No
CUST-0013747,Female,0,Yes,Yes,46,No,No phone service,Fiber optic,Yes,Yes,Yes,No,Yes,Yes,Month-to-month,Yes,Mailed check,101.35,4642.73,Yes
CUST-0013748,Male,0,Yes,No,4,Yes,No,No,No internet service,No internet service,No internet service,No internet service,No internet service,No internet service,Month-to-month,Yes,Credit card (automatic),76.84,353.39,No
CUST-0013749,Male,0,No,No,16,Yes,No,DSL,Yes,No,Yes,Yes,No,No,Month-to-month,Yes,Mailed check,88.06,1414.88,No
CUST-0013750,Female,1,No,Yes,5,Yes,No,No,No internet service,No internet service,No internet service,No internet service,No internet service,No internet service,Month-to-month,Yes,Electronic check,118.75,607.25,No
CUST-0013751,Male,0,No,No,22,Yes,Yes,No,No internet service,No internet service,No internet service,No internet service,No internet service,No internet service,Two year,Yes,Electronic check,93.11,2050.96,No
CUST-0013752,Male,0,Yes,No,5,Yes,No,Fiber optic,Yes,No,No,No,No,Yes,Month-to-month,Yes,Electronic check,63.58,306.7,No
CUST-0013753,Female,1,Yes,No,39,Yes,No,Fiber optic,No,Yes,No,No,No,No,One year,Yes,Electronic check,95.08,3714.79,No
CUST-0013754,Female,0,Yes,No,19,Yes,No,Fiber optic,No,No,No,No,Yes,No,Month-to-month,No,Mailed check,68.15,1300.26,Yes
CUST-0013755,Female,0,Yes,No,26,Yes,Yes,No,No internet service,No internet service,No internet service,No internet service,No internet service,No internet service,Month-to-month,Yes,Electronic check,114.73,,Yes
CUST-0013756,Male,0,Yes,Yes,7,Yes,Yes,Fiber optic,Yes,No,No,No,No,No,Month-to-month,Yes,Electronic check,66.39,448.52,No
CUST-0013757,Female,1,Yes,No,35,Yes,No,No,No internet service,No internet service,No internet service,No internet service,No internet service,No internet service,Two year,Yes,Electronic check,75.46,2625.6,No
CUST-0013758,Male,0,No,No,16,Yes,No,DSL,No,No,No,No,No,Yes,Two year,No,Credit card (automatic),114.3,1819.99,No
CUST-0013759,Male,0,No,No,72,Yes,No,Fiber optic,No,Yes,No,No,No,Yes,Month-to-month,Yes,Credit card (automatic),101.38,7284.35,Yes
CUST-0013760,Male,1,No,Yes,20,No,No phone service,Fiber optic,No,Yes,Yes,No,No,No,Month-to-month,Yes,Electronic check,90.77,1786.75,No
CUST-0013761,Female,0,No,No,1,Yes,No,Fiber optic,No,No,No,No,Yes,No,Month-to-month,No,Bank transfer (automatic),104.44,48.45,Yes
CUST-0013762,Male,0,Yes,Yes,5,Yes,No,Fiber optic,No,Yes,Yes,Yes,No,No,Month-to-month,No,Electronic check,100.15,516.88,No
CUST-0013763,Male,0,Yes,Yes,10,Yes,No,DSL,No,No,Yes,No,No,Yes,One year,No,Credit card (automatic),114.7,1112.27,No
CUST-0013764,Female,0,Yes,No,53,Yes,No,Fiber optic,Yes,No,Yes,Yes,No,Yes,Month-to-month,Yes,Bank transfer (automatic),92.07,4904.01,No
CUST-0013765,Male,0,No,No,50,Yes,Yes,No,No internet service,No internet service,No internet service,No internet service,No internet service,No internet service,Month-to-month,No,Electronic check,102.58,5097.36,No
CUST-0013766,Female,1,No,No,3,Yes,No,Fiber optic,No,No,Yes,No,No,No,Two year,No,Credit card (automatic),118.75,342.24,No
CUST-0013767,Male,0,No,No,33,Yes,Yes,Fiber optic,No,No,No,No,Yes,No,Month-to-month,Yes,Mailed check,110.61,3625.29,No
CUST-0013768,Female,0,No,No,10,Yes,Yes,Fiber optic,No,Yes,No,No,No,No,Two year,Yes,Credit card (automatic),118.75,1220.51,Yes
CUST-0013769,Male,0,Yes,Yes,72,Yes,No,Fiber optic,No,No,No,No,No,Yes,Month-to-month,Yes,Credit card (automatic),84.64,,No
CUST-0013770,Male,1,Yes,Yes,6,Yes,Yes,No,No internet service,No internet service,No internet service,No internet service,No internet service,No internet service,One year,Yes,Bank transfer (automatic),112.22,666.51,No
CUST-0013771,Male,0,Yes,No,29,Yes,No,DSL,No,No,No,No,Yes,Yes,Month-to-month,Yes,Bank transfer (automatic),98.32,2836.9,No
CUST-0013772,Male,0,Yes,No,70,Yes,No,Fiber optic,Yes,No,No,Yes,Yes,Yes,Month-to-month,Yes,Electronic check,108.82,7657.75,No
CUST-0013773,Female,0,No,No,17,Yes,No,DSL,No,No,No,No,No,Yes,Month-to-month,No,Credit card (automatic),79.83,1384.72,No
CUST-0013774,Male,0,No,Yes,72,Yes,No,Fiber optic,No,Yes,Yes,No,No,No,One year,Yes,Electronic check,104.32,7507.85,No
CUST-0013775,Male,0,Yes,No,8,Yes,Yes,DSL,No,Yes,No,No,Yes,Yes,Month-to-month,No,Electronic check,80.13,601.66,No
CUST-0013776,Male,0,Yes,Yes,49,Yes,No,Fiber optic,No,No,No,No,Yes,Yes,Two year,Yes,Bank transfer (automatic),58.75,2864.71,Yes
CUST-0013777,Male,0,No,No,72,Yes,No,Fiber optic,No,No,No,No,No,No,Month-to-month,Yes,Electronic check,118.75,8588.54,Yes
CUST-0013778,Male,0,No,No,19,Yes,No,No,No internet service,No internet service,No internet service,No internet service,No internet service,No internet service,Month-to-month,No,Electronic check,118.75,2310.15,Yes
CUST-0013779,Male,1,No,No,21,Yes,Yes,Fiber optic,Yes,No,No,No,Yes,No,Two year,Yes,Credit card (automatic),118.75,2509.62,No
CUST-0013780,Male,0,No,No,9,Yes,Yes,Fiber optic,Yes,Yes,No,No,No,Yes,Month-to-month,No,Credit card (automatic),66.99,553.39,No
CUST-0013781,Male,0,No,No,0,Yes,No,DSL,No,No,No,No,No,No,Two year,Yes,Bank transfer (automatic),100.32,,No
CUST-0013782,Female,0,Yes,No,12,Yes,No,Fiber optic,No,No,No,No,Yes,No,One year,No,Electronic check,84.25,949.38,No
CUST-0013783,Female,0,No,No,11,Yes,No,DSL,No,No,Yes,No,Yes,Yes,Month-to-month,Yes,Bank transfer (automatic),94.02,1024.49,Yes
CUST-0013784,Male,0,Yes,Yes,48,Yes,No,DSL,Yes,No,No,No,No,No,Month-to-month,Yes,Electronic check,118.75,5684.25,Yes
CUST-0013785,Male,0,Yes,No,5,Yes,No,DSL,No,Yes,No,No,No,Yes,Two year,Yes,Electronic check,102.26,571.69,Yes
CUST-0013786,Female,0,No,No,71,Yes,No,Fiber optic,Yes,Yes,No,Yes,Yes,No,Two year,No,Credit card (automatic),45.73,3194.02,Yes
CUST-0013787,Male,0,Yes,No,20,Yes,Yes,Fiber optic,No,No,No,No,Yes,Yes,Month-to-month,Yes,Electronic check,76.52,1508.32,No
CUST-0013788,Male,0,Yes,No,51,Yes,No,DSL,No,Yes,Yes,Yes,No,Yes,Month-to-month,No,Electronic check,87.23,4473.15,No
CUST-0013789,Male,0,No,No,64,No,No phone service,DSL,No,No,Yes,Yes,Yes,No,Month-to-month,Yes,Bank transfer (automatic),68.48,4382.07,No
CUST-0013790,Female,0,No,No,19,Yes,No,Fiber optic,No,No,No,No,No,No,Month-to-month,No,Electronic check,95.87,,No
CUST-0013791,Male,0,Yes,No,12,Yes,No,Fiber optic,No,Yes,No,No,No,Yes,One year,Yes,Mailed check,93.49,1124.5,Yes
CUST-0013792,Female,0,Yes,No,7,Yes,Yes,DSL,No,No,No,Yes,No,Yes,One year,No,Mailed check,63.61,433.84,No
CUST-0013793,Male,0,Yes,Yes,1,Yes,Yes,Fiber optic,No,No,No,No,Yes,Yes,Month-to-month,Yes,Electronic check,54.42,87.32,Yes
CUST-0013794,Male,0,Yes,No,7,Yes,No,DSL,No,No,Yes,No,No,No,Two year,Yes,Mailed check,100.43,708.05,No
CUST-0013795,Male,0,Yes,Yes,52,Yes,Yes,DSL,No,No,Yes,No,Yes,No,One year,No,Bank transfer (automatic),107.01,5590.36,Yes
CUST-0013796,Male,0,No,Yes,46,Yes,No,Fiber optic,Yes,No,No,No,No,No,Month-to-month,Yes,Bank transfer (automatic),118.75,5441.23,No
CUST-0013797,Male,0,No,Yes,44,Yes,No,Fiber optic,No,No,Yes,No,Yes,No,One year,Yes,Electronic check,118.75,5206.64,No
CUST-0013798,Male,0,Yes,No,54,No,No phone service,Fiber optic,Yes,No,No,Yes,No,Yes,One year,Yes,Electronic check,92.36,4984.23,Yes
CUST-0013799,Female,0,Yes,No,23,Yes,Yes,Fiber optic,Yes,Yes,No,No,Yes,No,Month-to-month,Yes,Electronic check,118.75,2734.25,No
CUST-0013800,Female,0,Yes,Yes,1,No,No phone service,Fiber optic,No,No,No,No,Yes,No,Two year,Yes,Credit card (automatic),113.79,116.97,No
CUST-0013801,Female,0,No,No,27,Yes,Yes,Fiber optic,Yes,No,Yes,No,Yes,No,Month-to-month,No,Electronic check,114.25,3102.07,Yes
CUST-0013802,Male,0,No,No,12,Yes,Yes,Fiber optic,No,No,No,Yes,Yes,No,Month-to-month,Yes,Mailed check,116.3,1372.25,Yes
CUST-0013803,Female,0,No,Yes,46,Yes,No,DSL,No,Yes,No,No,Yes,No,Month-to-month,Yes,Bank transfer (automatic),93.03,4295.3,No
CUST-0013804,Female,0,No,No,21,Yes,No,DSL,No,No,No,No,No,No,Month-to-month,Yes,Electronic check,93.22,1962.47,No
CUST-0013805,Male,0,Yes,No,3,Yes,Yes,Fiber optic,No,Yes,No,No,Yes,Yes,Month-to-month,Yes,Electronic check,95.89,292.02,No
CUST-0013806,Male,0,No,No,25,Yes,No,Fiber optic,Yes,No,Yes,No,Yes,No,Month-to-month,Yes,Electronic check,96.95,2456.39,Yes
CUST-0013807,Female,0,No,No,56,Yes,No,Fiber optic,No,No,No,No,No,No,One year,No,Credit card (automatic),71.45,3996.61,No
CUST-0013808,Female,0,Yes,Yes,24,No,No phone service,DSL,Yes,No,No,Yes,No,No,Month-to-month,No,Electronic check,75.12,1759.48,No
CUST-0013809,Male,0,No,No,3,Yes,No,Fiber optic,Yes,No,Yes,No,No,Yes,Month-to-month,No,Bank transfer (automatic),106.22,327.87,No
CUST-0013810,Male,1,Yes,No,23,Yes,Yes,Fiber optic,Yes,No,No,No,Yes,No,Month-to-month,No,Electronic check,84.52,1955.67,No
CUST-0013811,Female,0,No,No,0,Yes,Yes,Fiber optic,No,No,No,No,No,No,Two year,No,Mailed check,110.89,,No
CUST-0013812,Male,0,No,No,39,Yes,No,Fiber optic,No,No,Yes,Yes,No,Yes,Month-to-month,No,Credit card (automatic),101.0,3915.17,No
CUST-0013813,Male,0,Yes,No,34,Yes,Yes,Fiber optic,Yes,Yes,No,No,No,Yes,Month-to-month,Yes,Electronic check,118.75,4041.15,No
CUST-0013814,Female,0,No,Yes,15,Yes,No,No,No internet service,No internet service,No internet service,No internet service,No internet service,No internet service,Month-to-month,Yes,Electronic check,87.73,1304.92,Yes
CUST-0013815,Female,0,Yes,No,72,Yes,Yes,No,No internet service,No internet service,No internet service,No internet service,No internet service,No internet service,Month-to-month,Yes,Electronic check,118.75,8531.7,No
CUST-0013816,Male,0,No,No,5,Yes,Yes,Fiber optic,No,No,No,Yes,No,No,Month-to-month,Yes,Bank transfer (automatic),103.25,517.98,Yes
CUST-0013817,Male,1,Yes,No,50,Yes,Yes,Fiber optic,No,No,No,No,Yes,No,Month-to-month,Yes,Electronic check,49.24,2450.89,No
CUST-0013818,Male,0,No,No,4,Yes,Yes,DSL,No,Yes,No,No,No,No,Month-to-month,Yes,Bank transfer (automatic),83.07,338.22,No
CUST-0013819,Female,1,Yes,No,17,Yes,No,Fiber optic,Yes,No,No,No,No,Yes,Month-to-month,Yes,Electronic check,85.24,1491.44,No
CUST-0013820,Female,0,Yes,Yes,19,Yes,No,Fiber optic,No,Yes,No,No,Yes,No,One year,Yes,Electronic check,101.65,1906.41,Yes
CUST-0013821,Male,0,No,Yes,8,Yes,No,DSL,Yes,No,No,No,Yes,No,Month-to-month,No,Electronic check,80.47,714.52,No
CUST-0013822,Male,1,Yes,Yes,14,Yes,Yes,DSL,Yes,No,Yes,Yes,Yes,No,Month-to-month,Yes,Bank transfer (automatic),105.69,1467.12,No
CUST-0013823,Male,0,Yes,Yes,13,Yes,No,Fiber optic,No,Yes,Yes,No,No,No,Month-to-month,Yes,Electronic check,91.59,1234.86,Yes
CUST-0013824,Male,0,No,No,17,Yes,Yes,Fiber optic,Yes,No,Yes,No,No,No,Month-to-month,Yes,Credit card (automatic),74.27,1261.76,No
CUST-0013825,Male,0,Yes,No,3,Yes,No,DSL,No,No,Yes,No,Yes,Yes,Month-to-month,Yes,Electronic check,93.87,362.93,No
CUST-0013826,Male,1,No,No,44,Yes,No,DSL,Yes,No,No,No,Yes,No,One year,Yes,Mailed check,109.18,4802.96,No
CUST-0013827,Female,0,Yes,No,1,Yes,Yes,No,No internet service,No internet service,No internet service,No internet service,No internet service,No internet service,Two year,No,Credit card (automatic),73.3,73.85,No
CUST-0013828,Female,1,Yes,No,30,Yes,Yes,DSL,No,Yes,No,No,No,Yes,Month-to-month,No,Credit card (automatic),84.36,2537.55,No
CUST-0013829,Male,0,No,No,15,Yes,No,No,No internet service,No internet service,No internet service,No internet service,No internet service,No internet service,One year,Yes,Mailed check,106.91,1590.4,No
CUST-0013830,Female,0,No,No,32,Yes,No,DSL,Yes,Yes,Yes,No,No,No,Month-to-month,Yes,Bank transfer (automatic),77.72,2512.09,No
CUST-0013831,Male,0,No,No,9,Yes,No,Fiber optic,No,No,No,No,No,No,Month-to-month,Yes,Credit card (automatic),116.82,1041.48,No
CUST-0013832,Male,0,No,No,15,Yes,No,Fiber optic,No,No,No,Yes,No,Yes,One year,Yes,Electronic check,109.0,1659.3,No
CUST-0013833,Male,0,No,No,20,Yes,No,Fiber optic,No,Yes,No,No,Yes,No,Two year,No,Bank transfer (automatic),89.34,1751.7,No
CUST-0013834,Female,0,No,No,27,Yes,No,No,No internet service,No internet service,No internet service,No internet service,No internet service,No internet service,One year,No,Electronic check,118.75,3153.27,No
CUST-0013835,Male,0,No,No,50,Yes,Yes,No,No internet service,No internet service,No internet service,No internet service,No internet service,No internet service,Month-to-month,Yes,Bank transfer (automatic),112.78,5588.72,No
CUST-0013836,Female,0,No,No,72,Yes,Yes,Fiber optic,No,No,No,No,No,No,One year,No,Mailed check,88.85,6425.01,No
CUST-0013837,Female,0,Yes,No,44,Yes,No,DSL,No,No,Yes,No,No,No,Two year,Yes,Electronic check,65.63,,No
CUST-0013838,Female,0,Yes,No,69,Yes,No,Fiber optic,No,Yes,No,No,Yes,No,Month-to-month,Yes,Electronic check,66.91,4620.28,No
CUST-0013839,Male,0,No,No,1,Yes,No,DSL,No,No,No,Yes,No,No,One year,Yes,Electronic check,96.25,86.59,No
CUST-0013840,Female,0,Yes,No,5,Yes,No,DSL,No,Yes,No,No,Yes,Yes,Month-to-month,No,Bank transfer (automatic),56.07,292.62,No
CUST-0013841,Female,0,Yes,No,26,Yes,Yes,Fiber optic,No,No,No,No,Yes,No,Month-to-month,Yes,Electronic check,98.12,2525.1,No
CUST-0013842,Male,0,No,No,7,No,No phone service,Fiber optic,Yes,Yes,Yes,Yes,No,Yes,Month-to-month,No,Bank transfer (automatic),87.5,631.81,No
CUST-0013843,Female,0,Yes,No,7,Yes,Yes,No,No internet service,No internet service,No internet service,No internet service,No internet service,No internet service,Month-to-month,Yes,Bank transfer (automatic),70.95,495.43,Yes
CUST-0013844,Female,0,No,No,2,Yes,Yes,No,No internet service,No internet service,No internet service,No internet service,No internet service,No internet service,Month-to-month,Yes,Mailed check,101.3,250.59,No
CUST-0013845,Male,0,Yes,Yes,72,Yes,Yes,Fiber optic,No,Yes,Yes,No,Yes,Yes,Two year,No,Mailed check,93.46,6740.95,No
CUST-0013846,Female,0,Yes,No,49,Yes,Yes,Fiber optic,No,No,No,Yes,No,No,Month-to-month,No,Credit card (automatic),118.75,5814.25,No
CUST-0013847,Male,0,No,No,23,Yes,Yes,DSL,Yes,No,No,No,Yes,Yes,Month-to-month,Yes,Bank transfer (automatic),102.89,2334.09,No
CUST-0013848,Male,0,No,No,57,Yes,Yes,No,No internet service,No internet service,No internet service,No internet service,No internet service,No internet service,Month-to-month,No,Electronic check,116.48,6613.7,No
CUST-0013849,Female,0,Yes,No,2,Yes,No,DSL,Yes,No,No,No,No,Yes,One year,Yes,Electronic check,85.93,171.72,No
CUST-0013850,Female,1,Yes,No,7,No,No phone service,Fiber optic,No,No,No,No,Yes,Yes,Month-to-month,Yes,Electronic check,98.32,666.66,No
CUST-0013851,Male,0,No,No,58,Yes,No,Fiber optic,No,No,No,No,No,No,Month-to-month,Yes,Bank transfer (automatic),118.75,6864.79,No
CUST-0013852,Male,0,No,No,2,Yes,Yes,Fiber optic,No,No,No,No,Yes,No,One year,Yes,Mailed check,91.03,167.8,No
CUST-0013853,Male,0,Yes,No,16,Yes,No,DSL,No,No,No,No,No,No,One year,No,Electronic check,85.12,1382.68,No
CUST-0013854,Male,1,Yes,No,21,Yes,Yes,Fiber optic,No,No,No,Yes,No,No,Month-to-month,No,Mailed check,57.42,1239.21,Yes
CUST-0013855,Male,0,No,Yes,7,No,No phone service,DSL,Yes,Yes,Yes,No,No,No,Month-to-month,Yes,Electronic check,98.27,711.76,Yes
CUST-0013856,Female,0,Yes,No,41,Yes,No,DSL,No,No,No,No,Yes,No,One year,Yes,Electronic check,89.88,3691.28,No
CUST-0013857,Male,1,Yes,No,29,Yes,No,Fiber optic,Yes,Yes,No,No,No,No,Month-to-month,Yes,Bank transfer (automatic),72.26,2033.74,Yes
CUST-0013858,Female,0,Yes,Yes,13,Yes,Yes,DSL,No,Yes,Yes,No,No,Yes,Month-to-month,Yes,Electronic check,61.97,793.2,No
CUST-0013859,Male,0,No,No,2,Yes,Yes,DSL,Yes,Yes,Yes,Yes,No,No,One year,Yes,Electronic check,101.6,205.86,No
CUST-0013860,Female,0,Yes,Yes,25,Yes,No,Fiber optic,No,No,No,No,No,No,One year,No,Electronic check,118.75,3008.87,No
CUST-0013861,Female,1,Yes,No,11,Yes,Yes,DSL,No,No,Yes,No,No,No,One year,No,Credit card (automatic),105.06,1164.9,Yes
CUST-0013862,Female,1,No,No,6,Yes,No,Fiber optic,No,Yes,No,No,No,No,One year,Yes,Electronic check,91.29,534.49,No
CUST-0013863,Male,0,Yes,Yes,6,Yes,No,Fiber optic,No,No,No,Yes,Yes,No,Month-to-month,No,Electronic check,78.24,484.57,Yes
CUST-0013864,Male,0,Yes,No,14,Yes,No,DSL,Yes,Yes,No,No,Yes,No,Month-to-month,No,Electronic check,111.44,1565.9,Yes
CUST-0013865,Male,1,No,No,15,Yes,Yes,Fiber optic,No,No,Yes,No,No,No,Month-to-month,No,Mailed check,118.75,1769.13,No
CUST-0013866,Female,0,Yes,No,18,Yes,No,DSL,Yes,Yes,Yes,No,No,Yes,Month-to-month,Yes,Electronic check,92.71,1675.02,No
CUST-0013867,Female,0,Yes,No,72,Yes,Yes,No,No internet service,No internet service,No internet service,No internet service,No internet service,No internet service,Month-to-month,Yes,Bank transfer (automatic),113.19,8134.64,No
CUST-0013868,Male,0,Yes,No,33,Yes,Yes,DSL,No,Yes,No,No,Yes,Yes,Month-to-month,No,Mailed check,72.84,2426.6,Yes
CUST-0013869,Male,0,Yes,Yes,1,Yes,No,DSL,No,Yes,No,Yes,No,No,Month-to-month,Yes,Credit card (automatic),88.63,65.91,No
CUST-0013870,Male,0,Yes,Yes,34,Yes,Yes,No,No internet service,No internet service,No internet service,No internet service,No internet service,No internet service,Month-to-month,Yes,Bank transfer (automatic),93.56,,Yes
CUST-0013871,Male,0,No,No,23,Yes,Yes,Fiber optic,No,Yes,No,No,Yes,Yes,Month-to-month,No,Electronic check,118.75,2756.21,Yes
CUST-0013872,Female,0,Yes,No,25,Yes,Yes,No,No internet service,No internet service,No internet service,No internet service,No internet service,No internet service,Month-to-month,Yes,Bank transfer (automatic),76.65,1940.18,No
CUST-0013873,Male,0,Yes,No,31,Yes,Yes,Fiber optic,No,Yes,No,Yes,No,No,Month-to-month,No,Credit card (automatic),99.0,3057.76,Yes
CUST-0013874,Male,0,No,No,11,Yes,Yes,Fiber optic,No,No,No,No,Yes,No,Month-to-month,Yes,Credit card (automatic),56.02,639.27,No
CUST-0013875,Female,0,Yes,No,13,Yes,Yes,DSL,Yes,Yes,No,No,No,Yes,One year,Yes,Mailed check,106.27,1387.73,No
CUST-0013876,Female,0,No,Yes,1,Yes,No,Fiber optic,No,No,Yes,No,No,Yes,Month-to-month,No,Electronic check,65.88,24.98,No
CUST-0013877,Male,0,No,Yes,72,Yes,Yes,Fiber optic,Yes,No,Yes,Yes,Yes,No,Month-to-month,Yes,Bank transfer (automatic),97.88,7070.32,No
CUST-0013878,Male,0,Yes,Yes,15,Yes,No,Fiber optic,No,No,No,No,No,Yes,One year,No,Credit card (automatic),95.0,1454.1,No
CUST-0013879,Female,0,No,No,36,Yes,Yes,Fiber optic,No,No,No,No,Yes,No,Month-to-month,No,Mailed check,118.75,4275.48,No
CUST-0013880,Male,0,No,No,37,Yes,No,No,No internet service,No internet service,No internet service,No internet service,No internet service,No internet service,Month-to-month,Yes,Credit card (automatic),62.62,,Yes
CUST-0013881,Male,0,No,Yes,52,No,No phone service,No,No internet service,No internet service,No internet service,No internet service,No internet service,No internet service,Month-to-month,Yes,Electronic check,100.97,5236.16,No
CUST-0013882,Male,0,Yes,No,19,Yes,No,Fiber optic,No,No,Yes,No,No,Yes,Month-to-month,Yes,Electronic check,76.48,1457.63,No
CUST-0013883,Female,0,Yes,No,68,Yes,Yes,DSL,No,No,No,No,No,Yes,Month-to-month,Yes,Mailed check,67.1,4569.01,No
CUST-0013884,Male,1,No,Yes,29,No,No phone service,DSL,No,Yes,Yes,Yes,Yes,Yes,Month-to-month,No,Mailed check,79.24,2275.23,No
CUST-0013885,Male,0,Yes,Yes,6,No,No phone service,No,No internet service,No internet service,No internet service,No internet service,No internet service,No internet service,Month-to-month,Yes,Mailed check,68.53,420.54,Yes
CUST-0013886,Male,0,No,No,2,Yes,No,Fiber optic,No,No,No,No,No,No,Month-to-month,No,Credit card (automatic),75.54,157.41,No
CUST-0013887,Female,0,No,No,62,Yes,No,Fiber optic,No,No,No,No,No,No,Two year,Yes,Mailed check,100.3,6199.82,Yes
CUST-0013888,Female,0,No,Yes,72,Yes,No,No,No internet service,No internet service,No internet service,No internet service,No internet service,No internet service,Month-to-month,No,Bank transfer (automatic),54.26,3883.21,Yes
CUST-0013889,Male,0,Yes,No,17,No,No phone service,Fiber optic,No,No,Yes,No,No,No,One year,No,Credit card (automatic),93.64,1590.76,Yes
CUST-0013890,Female,0,Yes,Yes,34,Yes,Yes,DSL,Yes,No,Yes,No,No,No,One year,Yes,Electronic check,95.67,3255.8,Yes
CUST-0013891,Female,0,Yes,No,0,Yes,No,Fiber optic,No,No,No,No,No,No,Month-to-month,Yes,Credit card (automatic),118.75,,No
CUST-0013892,Male,0,No,No,72,Yes,No,DSL,No,No,Yes,Yes,No,No,Two year,No,Mailed check,87.96,6317.43,No
CUST-0013893,Female,0,Yes,No,32,Yes,Yes,Fiber optic,No,No,Yes,Yes,No,No,Month-to-month,No,Mailed check,71.73,2308.16,Yes
CUST-0013894,Male,0,No,No,4,Yes,No,Fiber optic,No,No,Yes,No,No,Yes,Month-to-month,Yes,Bank transfer (automatic),118.75,469.72,Yes
CUST-0013895,Male,1,No,No,3,Yes,Yes,DSL,Yes,No,Yes,No,Yes,No,Month-to-month,Yes,Credit card (automatic),118.75,360.8,No
CUST-0013896,Male,0,Yes,No,44,Yes,No,Fiber optic,No,Yes,No,No,No,No,One year,Yes,Mailed check,80.89,3588.13,No
CUST-0013897,Male,0,Yes,No,23,Yes,Yes,DSL,No,No,No,No,No,No,Month-to-month,No,Mailed check,99.91,2282.29,No
CUST-0013898,Female,0,No,No,5,Yes,No,Fiber optic,Yes,No,No,No,Yes,Yes,Two year,Yes,Credit card (automatic),79.57,427.36,Yes
CUST-0013899,Female,0,Yes,No,5,Yes,Yes,Fiber optic,No,No,No,No,No,Yes,Month-to-month,No,Electronic check,65.48,350.85,No
CUST-0013900,Female,0,Yes,No,4,Yes,No,Fiber optic,No,No,No,Yes,Yes,No,One year,Yes,Electronic check,118.75,459.13,No
CUST-0013901,Male,0,No,No,65,Yes,No,Fiber optic,No,No,Yes,No,Yes,Yes,One year,Yes,Bank transfer (automatic),74.12,4795.97,No
CUST-0013902,Male,0,Yes,No,21,Yes,No,Fiber optic,Yes,No,No,No,Yes,Yes,Month-to-month,No,Electronic check,118.75,2463.69,Yes
CUST-0013903,Female,0,No,No,10,Yes,Yes,No,No internet service,No internet service,No internet service,No internet service,No internet service,No internet service,One year,Yes,Electronic check,118.75,1168.11,No
CUST-0013904,Female,0,No,No,5,Yes,No,DSL,No,No,Yes,No,No,Yes,Month-to-month,Yes,Mailed check,118.75,628.87,No
CUST-0013905,Female,1,Yes,No,70,Yes,Yes,DSL,Yes,No,No,No,Yes,No,Month-to-month,No,Electronic check,77.38,,No
CUST-0013906,Female,1,No,No,22,Yes,Yes,DSL,No,No,Yes,Yes,No,No,Month-to-month,Yes,Bank transfer (automatic),114.11,,No
CUST-0013907,Male,0,Yes,Yes,5,Yes,No,Fiber optic,No,No,No,No,No,No,Month-to-month,No,Electronic check,49.92,216.33,No
CUST-0013908,Female,0,Yes,No,18,Yes,No,No,No internet service,No internet service,No internet service,No internet service,No internet service,No internet service,Month-to-month,No,Mailed check,86.81,1551.99,No
CUST-0013909,Female,0,Yes,No,27,Yes,Yes,DSL,No,No,Yes,No,No,Yes,Month-to-month,Yes,Mailed check,91.43,2448.5,No
CUST-0013910,Male,0,Yes,No,20,Yes,No,DSL,No,No,Yes,No,Yes,Yes,Month-to-month,No,Credit card (automatic),96.37,1877.35,No
CUST-0013911,Female,0,Yes,No,11,Yes,Yes,Fiber optic,No,No,Yes,No,No,Yes,Two year,Yes,Electronic check,109.65,1194.53,Yes
CUST-0013912,Female,0,No,No,72,Yes,No,DSL,No,No,Yes,No,Yes,No,Month-to-month,Yes,Electronic check,49.53,3563.99,No
CUST-0013913,Male,0,Yes,No,16,Yes,Yes,DSL,No,No,Yes,No,No,No,Month-to-month,No,Bank transfer (automatic),84.64,1344.04,No
CUST-0013914,Male,0,Yes,No,1,Yes,No,Fiber optic,Yes,Yes,No,Yes,No,No,Month-to-month,Yes,Electronic check,94.89,,No
CUST-0013915,Male,1,Yes,No,9,Yes,No,Fiber optic,No,No,No,Yes,Yes,No,Month-to-month,Yes,Bank transfer (automatic),87.98,818.68,Yes
CUST-0013916,Male,0,Yes,No,34,Yes,No,Fiber optic,No,Yes,Yes,No,No,Yes,Month-to-month,Yes,Bank transfer (automatic),103.78,3516.08,No
CUST-0013917,Male,0,No,No,2,Yes,Yes,DSL,No,Yes,Yes,No,Yes,Yes,Month-to-month,Yes,Electronic check,97.84,162.92,Yes
CUST-0013918,Male,0,No,No,3,Yes,No,DSL,No,No,No,No,No,No,Month-to-month,No,Mailed check,69.38,172.87,No
CUST-0013919,Male,0,Yes,No,72,Yes,Yes,No,No internet service,No internet service,No internet service,No internet service,No internet service,No internet service,Month-to-month,Yes,Bank transfer (automatic),74.58,5330.95,No
CUST-0013920,Male,1,No,No,46,Yes,Yes,No,No internet service,No internet service,No internet service,No internet service,No internet service,No internet service,Month-to-month,Yes,Mailed check,96.97,4479.0,No
CUST-0013921,Male,0,Yes,No,29,Yes,No,Fiber optic,Yes,No,No,No,Yes,Yes,Month-to-month,No,Credit card (automatic),69.34,2034.89,No
CUST-0013922,Female,0,Yes,No,1,Yes,Yes,DSL,Yes,No,No,No,Yes,Yes,Month-to-month,Yes,Electronic check,62.79,85.62,No
CUST-0013923,Male,0,No,Yes,8,Yes,Yes,DSL,No,No,Yes,Yes,No,No,Month-to-month,Yes,Mailed check,87.82,,Yes
CUST-0013924,Male,0,Yes,No,11,Yes,No,No,No internet service,No internet service,No internet service,No internet service,No internet service,No internet service,Two year,No,Bank transfer (automatic),91.99,1039.45,No
CUST-0013925,Female,0,Yes,No,21,Yes,Yes,No,No internet service,No internet service,No internet service,No internet service,No internet service,No internet service,Month-to-month,Yes,Electronic check,101.76,2160.4,No
CUST-0013926,Female,0,No,No,43,Yes,Yes,No,No internet service,No internet service,No internet service,No internet service,No internet service,No internet service,Month-to-month,No,Bank transfer (automatic),71.03,3018.17,No
CUST-0013927,Male,1,Yes,Yes,9,Yes,No,Fiber optic,Yes,No,No,No,No,No,Month-to-month,Yes,Electronic check,37.57,360.27,Yes
CUST-0013928,Female,0,No,No,1,Yes,No,DSL,No,No,No,Yes,No,No,Two year,Yes,Mailed check,75.34,65.52,Yes
CUST-0013929,Female,0,Yes,No,14,Yes,No,Fiber optic,No,Yes,No,No,Yes,Yes,Month-to-month,No,Mailed check,104.43,1460.89,No
CUST-0013930,Female,1,Yes,No,5,Yes,Yes,Fiber optic,No,Yes,No,Yes,No,No,Month-to-month,Yes,Credit card (automatic),84.39,436.99,No
CUST-0013931,Female,0,No,No,4,Yes,No,Fiber optic,Yes,No,Yes,No,No,No,Month-to-month,Yes,Electronic check,46.82,160.49,No
CUST-0013932,Male,1,No,No,12,Yes,Yes,DSL,No,Yes,Yes,No,Yes,No,Month-to-month,Yes,Bank transfer (automatic),63.98,734.47,No
CUST-0013933,Male,0,Yes,No,38,Yes,No,Fiber optic,No,No,Yes,No,Yes,Yes,Month-to-month,No,Mailed check,118.75,4515.58,No
CUST-0013934,Male,0,Yes,Yes,38,Yes,Yes,DSL,No,Yes,No,No,Yes,No,Month-to-month,Yes,Bank transfer (automatic),65.89,2492.48,No
CUST-0013935,Female,0,Yes,No,21,Yes,No,Fiber optic,No,No,No,No,No,No,One year,No,Mailed check,109.68,2267.18,Yes
CUST-0013936,Female,0,Yes,No,71,Yes,No,DSL,No,Yes,No,No,Yes,No,Month-to-month,No,Bank transfer (automatic),118.75,8414.52,No
CUST-0013937,Female,0,No,Yes,3,Yes,Yes,DSL,No,Yes,No,No,Yes,Yes,Month-to-month,Yes,Credit card (automatic),79.38,203.98,No
CUST-0013938,Female,0,No,No,65,Yes,No,Fiber optic,No,No,Yes,Yes,No,No,Month-to-month,Yes,Electronic check,104.44,6771.53,No
CUST-0013939,Male,0,No,Yes,0,Yes,No,No,No internet service,No internet service,No internet service,No internet service,No internet service,No internet service,One year,Yes,Electronic check,80.65,,No
CUST-0013940,Female,1,Yes,No,35,Yes,No,No,No internet service,No internet service,No internet service,No internet service,No internet service,No internet service,Month-to-month,Yes,Electronic check,103.41,3623.98,No
CUST-0013941,Male,0,Yes,Yes,32,Yes,No,Fiber optic,No,No,Yes,Yes,No,Yes,One year,No,Electronic check,84.21,2695.46,No
CUST-0013942,Female,1,No,No,72,Yes,Yes,DSL,No,Yes,No,No,No,No,One year,No,Credit card (automatic),72.28,5186.4,Yes
CUST-0013943,Male,1,No,No,18,Yes,Yes,Fiber optic,No,No,No,Yes,No,Yes,Month-to-month,No,Electronic check,42.28,754.75,No
CUST-0013944,Male,0,No,No,9,Yes,No,Fiber optic,No,No,No,No,Yes,Yes,Month-to-month,Yes,Credit card (automatic),86.61,814.61,Yes
CUST-0013945,Male,0,No,No,32,Yes,No,Fiber optic,No,Yes,No,No,Yes,No,Month-to-month,Yes,Electronic check,78.66,2512.91,Yes
CUST-0013946,Male,0,Yes,No,8,Yes,No,No,No internet service,No internet service,No internet service,No internet service,No internet service,No internet service,Month-to-month,Yes,Electronic check,118.75,950.45,Yes
CUST-0013947,Male,0,Yes,No,38,No,No phone service,Fiber optic,Yes,Yes,No,Yes,No,No,Month-to-month,Yes,Electronic check,86.28,3297.86,No
CUST-0013948,Female,0,No,No,2,Yes,No,Fiber optic,Yes,No,No,No,No,Yes,One year,Yes,Electronic check,118.75,260.03,No
CUST-0013949,Female,0,Yes,No,72,Yes,Yes,Fiber optic,No,No,Yes,Yes,No,Yes,Month-to-month,Yes,Electronic check,36.99,2663.13,Yes
CUST-0013950,Female,0,Yes,No,43,Yes,No,Fiber optic,No,Yes,Yes,No,Yes,No,Month-to-month,Yes,Electronic check,118.75,5086.88,No
CUST-0013951,Female,0,No,Yes,4,Yes,No,DSL,No,No,No,No,No,No,Month-to-month,Yes,Credit card (automatic),92.3,396.5,No
CUST-0013952,Female,0,Yes,No,6,Yes,Yes,Fiber optic,No,No,No,Yes,No,No,Month-to-month,Yes,Electronic check,109.38,685.97,Yes
CUST-0013953,Male,1,Yes,No,29,Yes,No,DSL,No,No,Yes,No,Yes,Yes,Month-to-month,Yes,Electronic check,108.0,3100.76,No
CUST-0013954,Female,0,No,Yes,7,Yes,Yes,Fiber optic,No,Yes,No,Yes,No,Yes,Two year,Yes,Mailed check,102.69,692.99,Yes
CUST-0013955,Male,0,Yes,No,34,No,No phone service,Fiber optic,Yes,No,No,No,Yes,Yes,One year,No,Bank transfer (automatic),92.67,3144.59,Yes
CUST-0013956,Male,0,No,No,1,Yes,Yes,No,No internet service,No internet service,No internet service,No internet service,No internet service,No internet service,Month-to-month,No,Credit card (automatic),41.36,87.98,No
CUST-0013957,Female,0,Yes,Yes,0,Yes,No,No,No internet service,No internet service,No internet service,No internet service,No internet service,No internet service,Month-to-month,Yes,Electronic check,90.61,,Yes
CUST-0013958,Female,0,Yes,No,17,Yes,Yes,DSL,No,Yes,No,Yes,No,No,Month-to-month,No,Mailed check,118.75,2042.21,No
CUST-0013959,Male,0,Yes,No,3,Yes,Yes,DSL,No,No,No,No,Yes,Yes,Month-to-month,No,Electronic check,79.61,252.48,No
CUST-0013960,Female,1,Yes,No,6,Yes,Yes,No,No internet service,No internet service,No internet service,No internet service,No internet service,No internet service,Month-to-month,Yes,Bank transfer (automatic),85.51,,No
CUST-0013961,Male,0,Yes,No,16,Yes,No,DSL,No,No,Yes,No,Yes,No,Month-to-month,Yes,Electronic check,71.76,1150.15,Yes
CUST-0013962,Male,0,No,No,29,Yes,No,DSL,Yes,Yes,No,Yes,No,No,Month-to-month,No,Mailed check,113.81,3337.21,No
CUST-0013963,Female,0,Yes,Yes,1,Yes,Yes,DSL,Yes,No,Yes,No,No,No,Two year,Yes,Credit card (automatic),118.26,118.18,No
CUST-0013964,Female,0,Yes,Yes,3,No,No phone service,Fiber optic,Yes,No,Yes,No,No,No,Month-to-month,Yes,Bank transfer (automatic),56.27,215.3,Yes
CUST-0013965,Male,0,No,No,72,Yes,No,No,No internet service,No internet service,No internet service,No internet service,No internet service,No internet service,Month-to-month,Yes,Electronic check,68.09,4933.7,No
CUST-0013966,Male,0,Yes,No,30,Yes,Yes,Fiber optic,No,Yes,Yes,Yes,No,No,Two year,Yes,Credit card (automatic),118.75,3541.77,No
CUST-0013967,Male,0,Yes,No,41,Yes,No,Fiber optic,Yes,No,No,Yes,No,Yes,Month-to-month,Yes,Mailed check,84.94,3456.65,No
CUST-0013968,Female,0,No,No,6,Yes,Yes,Fiber optic,No,Yes,No,No,No,Yes,Month-to-month,No,Credit card (automatic),90.16,545.06,No
CUST-0013969,Male,0,Yes,No,72,No,No phone service,Fiber optic,No,No,Yes,No,No,No,Month-to-month,Yes,Electronic check,82.44,5951.52,No
CUST-0013970,Female,0,No,No,31,Yes,No,No,No internet service,No internet service,No internet service,No internet service,No internet service,No internet service,Month-to-month,Yes,Credit card (automatic),118.75,3682.68,Yes
CUST-0013971,Male,1,Yes,No,49,Yes,Yes,DSL,No,No,No,No,No,No,Two year,Yes,Bank transfer (automatic),53.53,2571.97,No
CUST-0013972,Female,0,Yes,No,2,Yes,No,Fiber optic,No,No,Yes,Yes,No,Yes,One year,No,Electronic check,117.35,251.74,No
CUST-0013973,Male,0,Yes,No,10,Yes,No,DSL,No,No,No,No,No,Yes,Two year,No,Bank transfer (automatic),98.46,1000.7,No
CUST-0013974,Female,1,No,No,38,Yes,No,Fiber optic,No,No,No,No,No,Yes,Month-to-month,Yes,Credit card (automatic),63.76,2421.25,No
CUST-0013975,Female,1,No,No,5,Yes,No,DSL,No,No,Yes,Yes,Yes,No,One year,No,Electronic check,118.75,594.37,No
CUST-0013976,Female,0,No,No,1,Yes,No,Fiber optic,No,Yes,Yes,No,No,No,Month-to-month,Yes,Bank transfer (automatic),107.36,147.57,No
CUST-0013977,Male,0,Yes,No,72,Yes,No,No,No internet service,No internet service,No internet service,No internet service,No internet service,No internet service,Month-to-month,Yes,Electronic check,97.81,7042.12,No
CUST-0013978,Female,0,Yes,No,35,Yes,No,Fiber optic,No,Yes,No,Yes,No,No,Month-to-month,Yes,Electronic check,97.05,3444.94,No
CUST-0013979,Female,0,Yes,No,30,Yes,No,DSL,No,No,No,No,No,No,One year,No,Bank transfer (automatic),105.34,3152.64,No
CUST-0013980,Female,0,Yes,No,10,Yes,No,No,No internet service,No internet service,No internet service,No internet service,No internet service,No internet service,One year,Yes,Bank transfer (automatic),87.27,882.02,No
CUST-0013981,Male,0,No,No,0,Yes,No,Fiber optic,Yes,No,Yes,Yes,No,Yes,Month-to-month,Yes,Bank transfer (automatic),109.4,,No
CUST-0013982,Female,1,No,No,35,Yes,No,Fiber optic,Yes,No,No,No,Yes,Yes,Month-to-month,No,Mailed check,96.26,3369.09,No
CUST-0013983,Female,0,No,No,43,No,No phone service,Fiber optic,No,Yes,Yes,Yes,No,No,Month-to-month,Yes,Bank transfer (automatic),91.73,3925.46,Yes
CUST-0013984,Female,0,Yes,No,14,Yes,No,Fiber optic,No,Yes,No,No,Yes,No,Two year,No,Credit card (automatic),81.81,1130.57,No
CUST-0013985,Male,0,No,No,0,Yes,No,Fiber optic,No,No,Yes,No,Yes,Yes,Month-to-month,Yes,Credit card (automatic),100.3,,No
CUST-0013986,Female,0,No,No,35,Yes,No,DSL,Yes,No,Yes,No,No,No,Month-to-month,Yes,Bank transfer (automatic),117.04,4116.03,Yes
CUST-0013987,Female,0,No,No,48,Yes,Yes,No,No internet service,No internet service,No internet service,No internet service,No internet service,No internet service,Two year,Yes,Credit card (automatic),47.14,2282.77,No
CUST-0013988,Male,0,Yes,Yes,27,Yes,Yes,DSL,No,No,No,Yes,No,No,Month-to-month,Yes,Electronic check,86.06,2328.9,No
CUST-0013989,Male,0,Yes,No,0,No,No phone service,DSL,No,No,Yes,No,Yes,Yes,Month-to-month,Yes,Credit card (automatic),100.6,,Yes
CUST-0013990,Female,0,No,No,9,Yes,No,Fiber optic,Yes,No,Yes,No,Yes,No,One year,Yes,Mailed check,104.12,950.26,No
CUST-0013991,Male,0,Yes,No,2,Yes,No,No,No internet service,No internet service,No internet service,No internet service,No internet service,No internet service,Month-to-month,Yes,Credit card (automatic),55.08,137.39,No
CUST-0013992,Female,0,No,No,11,Yes,No,Fiber optic,Yes,Yes,Yes,Yes,No,Yes,Month-to-month,No,Mailed check,73.6,817.54,No
CUST-0013993,Male,0,No,No,6,Yes,No,Fiber optic,No,Yes,No,Yes,No,Yes,Month-to-month,Yes,Electronic check,89.34,521.99,Yes
CUST-0013994,Female,1,Yes,Yes,9,Yes,No,DSL,Yes,Yes,Yes,No,No,No,Month-to-month,Yes,Electronic check,44.85,411.99,Yes
CUST-0013995,Male,1,No,No,4,Yes,Yes,Fiber optic,No,No,Yes,No,No,No,Two year,Yes,Mailed check,61.01,213.56,No
CUST-0013996,Female,0,Yes,No,1,Yes,No,Fiber optic,Yes,No,No,No,Yes,No,One year,No,Electronic check,72.29,,No
CUST-0013997,Male,1,No,Yes,28,Yes,No,DSL,No,Yes,No,No,No,No,Month-to-month,Yes,Bank transfer (automatic),111.65,3176.72,No
CUST-0013998,Female,1,Yes,No,24,No,No phone service,Fiber optic,No,No,Yes,No,No,No,One year,Yes,Mailed check,83.35,2038.67,Yes
CUST-0013999,Male,0,Yes,No,37,Yes,No,No,No internet service,No internet service,No internet service,No internet service,No internet service,No internet service,Month-to-month,No,Electronic check,55.3,2039.23,No
CUST-0014000,Female,0,Yes,No,27,Yes,Yes,No,No internet service,No internet service,No internet service,No internet service,No internet service,No internet service,One year,Yes,Mailed check,112.98,3078.26,No
CUST-0014001,Female,0,Yes,No,4,Yes,Yes,DSL,No,No,No,No,Yes,Yes,Month-to-month,No,Bank transfer (automatic),109.6,435.6,No
CUST-0014002,Male,0,No,No,1,Yes,No,DSL,No,No,No,Yes,No,No,Month-to-month,Yes,Bank transfer (automatic),49.16,38.46,Yes
CUST-0014003,Female,0,No,No,29,Yes,No,DSL,No,No,No,No,Yes,No,Two year,Yes,Mailed check,91.25,2616.11,Yes
CUST-0014004,Male,1,No,Yes,51,Yes,Yes,Fiber optic,Yes,No,Yes,Yes,No,No,Month-to-month,Yes,Electronic check,118.75,6042.66,No
CUST-0014005,Male,1,No,No,35,Yes,No,Fiber optic,No,No,Yes,No,No,No,Month-to-month,Yes,Bank transfer (automatic),85.67,3003.26,No
CUST-0014006,Female,0,No,No,14,Yes,No,Fiber optic,No,No,No,No,Yes,Yes,One year,No,Mailed check,118.75,1633.8,No
CUST-0014007,Male,0,Yes,Yes,15,Yes,Yes,Fiber optic,No,No,No,No,Yes,No,Month-to-month,Yes,Credit card (automatic),118.75,1818.4,No
CUST-0014008,Female,0,Yes,Yes,17,Yes,No,DSL,No,No,No,No,No,No,Two year,No,Electronic check,102.72,1751.51,No
CUST-0014009,Female,0,Yes,No,8,Yes,Yes,Fiber optic,No,No,No,No,No,Yes,Month-to-month,No,Bank transfer (automatic),81.16,671.23,Yes
CUST-0014010,Female,0,No,Yes,35,Yes,No,DSL,Yes,No,No,Yes,No,Yes,Month-to-month,Yes,Mailed check,77.32,2681.91,Yes
CUST-0014011,Male,0,Yes,No,60,Yes,Yes,DSL,No,No,No,No,No,Yes,One year,Yes,Credit card (automatic),117.74,,No
CUST-0014012,Male,1,No,No,28,Yes,No,Fiber optic,No,No,No,Yes,Yes,No,Month-to-month,No,Credit card (automatic),86.02,2420.07,No
CUST-0014013,Male,1,Yes,No,15,Yes,Yes,Fiber optic,No,No,No,Yes,No,Yes,One year,Yes,Credit card (automatic),84.24,1284.05,Yes
CUST-0014014,Male,0,Yes,No,35,Yes,No,Fiber optic,No,Yes,No,No,Yes,Yes,Two year,Yes,Electronic check,94.31,3355.03,No
CUST-0014015,Male,0,No,No,20,Yes,Yes,Fiber optic,No,No,No,No,No,Yes,Two year,Yes,Bank transfer (automatic),101.75,2102.76,No
CUST-0014016,Female,0,No,No,1,Yes,No,DSL,No,No,Yes,No,No,No,One year,Yes,Electronic check,102.11,98.03,Yes
CUST-0014017,Female,0,Yes,Yes,10,Yes,No,Fiber optic,No,Yes,No,No,No,No,Month-to-month,No,Credit card (automatic),100.16,1036.77,No
CUST-0014018,Male,0,No,No,12,Yes,No,DSL,No,No,Yes,No,Yes,Yes,One year,Yes,Bank transfer (automatic),109.95,1310.24,No
CUST-0014019,Male,0,Yes,No,34,Yes,Yes,Fiber optic,No,No,No,No,No,No,Month-to-month,Yes,Mailed check,72.93,2491.75,No
CUST-0014020,Male,0,No,No,5,Yes,Yes,DSL,Yes,No,No,No,Yes,Yes,Month-to-month,Yes,Mailed check,34.05,178.93,No
CUST-0014021,Male,1,Yes,No,2,Yes,No,DSL,Yes,No,Yes,Yes,No,No,Month-to-month,Yes,Mailed check,118.75,258.34,No
CUST-0014022,Male,0,Yes,No,11,Yes,Yes,No,No internet service,No internet service,No internet service,No internet service,No internet service,No internet service,Month-to-month,Yes,Electronic check,103.42,1149.95,No
CUST-0014023,Female,0,No,No,44,Yes,Yes,No,No internet service,No internet service,No internet service,No internet service,No internet service,No internet service,Month-to-month,Yes,Bank transfer (automatic),104.81,4580.36,No
CUST-0014024,Female,1,Yes,Yes,72,Yes,Yes,Fiber optic,No,No,No,Yes,No,No,Month-to-month,Yes,Bank transfer (automatic),118.75,8529.59,Yes
