customerID,gender,SeniorCitizen,Partner,Dependents,tenure,PhoneService,MultipleLines,InternetService,OnlineSecurity,OnlineBackup,DeviceProtection,TechSupport,StreamingTV,StreamingMovies,Contract,PaperlessBilling,PaymentMethod,MonthlyCharges,TotalCharges,Churn
CUST-0000001,Male,0,No,No,72,No,No phone service,Fiber optic,Yes,No,Yes,No,No,Yes,Month-to-month,Yes,Bank transfer (automatic),118.75,8566.08,No
CUST-0000002,Female,1,Yes,No,72,Yes,No,DSL,Yes,Yes,Yes,No,No,No,Month-to-month,Yes,Electronic check,82.89,5972.02,No
CUST-0000003,Female,0,Yes,Yes,8,Yes,Yes,No,No internet service,No internet service,No internet service,No internet service,No internet service,No internet service,Month-to-month,Yes,Bank transfer (automatic),33.12,276.09,No
CUST-0000004,Female,0,No,No,35,Yes,No,Fiber optic,No,No,No,No,Yes,No,Month-to-month,No,Mailed check,58.1,2030.26,No
CUST-0000005,Male,0,No,No,58,Yes,Yes,DSL,No,No,No,No,No,Yes,Month-to-month,No,Credit card (automatic),79.82,4604.74,No
CUST-0000006,Male,0,Yes,No,8,Yes,No,Fiber optic,No,No,No,No,Yes,No,Two year,Yes,Credit card (automatic),40.0,313.44,No
CUST-0000007,Male,0,Yes,Yes,6,Yes,Yes,Fiber optic,No,No,Yes,No,No,No,Month-to-month,No,Electronic check,70.28,416.09,Yes
CUST-0000008,Female,1,No,No,0,No,No phone service,DSL,Yes,Yes,Yes,Yes,No,No,One year,Yes,Mailed check,104.17,,No
CUST-0000009,Female,0,No,No,16,Yes,No,DSL,Yes,No,Yes,Yes,No,No,Month-to-month,Yes,Electronic check,80.91,1304.05,No
CUST-0000010,Female,1,No,Yes,72,Yes,No,Fiber optic,No,No,No,No,Yes,Yes,Month-to-month,Yes,Bank transfer (automatic),48.65,3505.21,No
CUST-0000011,Male,0,No,Yes,72,Yes,No,Fiber optic,No,No,No,No,Yes,No,One year,Yes,Electronic check,109.07,7883.24,No
CUST-0000012,Female,0,No,No,4,No,No phone service,Fiber optic,Yes,No,No,Yes,No,No,One year,Yes,Bank transfer (automatic),32.2,149.23,Yes
CUST-0000013,Female,0,No,Yes,7,Yes,No,DSL,No,No,No,No,No,No,Month-to-month,Yes,Mailed check,74.91,520.21,Yes
CUST-0000014,Male,0,No,Yes,16,Yes,No,No,No internet service,No internet service,No internet service,No internet service,No internet service,No internet service,Month-to-month,Yes,Electronic check,18.25,288.87,No
CUST-0000015,Male,0,No,No,48,Yes,No,Fiber optic,No,Yes,No,No,Yes,No,Two year,No,Electronic check,29.64,1427.12,Yes
CUST-0000016,Male,1,No,No,30,Yes,No,Fiber optic,No,No,Yes,Yes,No,No,One year,No,Bank transfer (automatic),43.2,1304.95,No
CUST-0000017,Male,1,Yes,No,23,Yes,No,Fiber optic,No,No,No,No,No,No,Two year,No,Credit card (automatic),84.01,1957.59,Yes
CUST-0000018,Female,1,Yes,No,28,Yes,Yes,Fiber optic,Yes,No,Yes,No,No,Yes,Two year,No,Credit card (automatic),76.75,2116.86,No
CUST-0000019,Male,0,No,No,3,Yes,No,No,No internet service,No internet service,No internet service,No internet service,No internet service,No internet service,One year,Yes,Credit card (automatic),59.77,178.85,No
CUST-0000020,Male,0,Yes,No,20,Yes,No,DSL,No,No,No,No,No,Yes,Month-to-month,No,Bank transfer (automatic),95.87,1922.52,Yes
CUST-0000021,Female,0,No,Yes,72,Yes,No,Fiber optic,Yes,Yes,Yes,Yes,No,No,Month-to-month,No,Mailed check,66.01,4756.78,No
CUST-0000022,Male,0,Yes,No,2,Yes,Yes,Fiber optic,No,No,No,No,No,No,One year,No,Mailed check,91.54,164.49,No
CUST-0000023,Male,0,No,No,23,Yes,No,No,No internet service,No internet service,No internet service,No internet service,No internet service,No internet service,Month-to-month,Yes,Bank transfer (automatic),102.32,2372.43,No
CUST-0000024,Male,0,Yes,No,11,Yes,No,Fiber optic,No,No,No,Yes,No,No,One year,No,Electronic check,43.42,476.86,No
CUST-0000025,Male,0,No,No,24,Yes,Yes,Fiber optic,Yes,No,Yes,No,Yes,No,Two year,Yes,Electronic check,45.03,1065.15,Yes
CUST-0000026,Female,0,No,Yes,27,Yes,Yes,No,No internet service,No internet service,No internet service,No internet service,No internet service,No internet service,Two year,Yes,Electronic check,18.25,475.62,No
CUST-0000027,Male,0,Yes,No,27,Yes,No,No,No internet service,No internet service,No internet service,No internet service,No internet service,No internet service,One year,Yes,Mailed check,63.42,1687.19,No
CUST-0000028,Female,0,No,No,61,Yes,No,DSL,No,Yes,No,Yes,Yes,Yes,One year,Yes,Electronic check,107.89,6559.49,No
CUST-0000029,Female,0,Yes,No,15,Yes,No,DSL,No,Yes,Yes,No,Yes,No,Two year,No,Mailed check,77.32,1146.98,No
CUST-0000030,Male,0,Yes,No,23,Yes,No,Fiber optic,Yes,No,No,Yes,No,No,Month-to-month,No,Credit card (automatic),75.89,1742.64,No
CUST-0000031,Female,0,Yes,Yes,0,Yes,No,No,No internet service,No internet service,No internet service,No internet service,No internet service,No internet service,Month-to-month,Yes,Electronic check,94.85,,No
CUST-0000032,Male,0,Yes,Yes,49,Yes,No,Fiber optic,No,Yes,Yes,No,No,Yes,One year,Yes,Electronic check,111.81,5493.95,No
CUST-0000033,Male,0,No,Yes,9,Yes,Yes,DSL,No,No,No,No,No,No,One year,Yes,Electronic check,80.22,686.57,No
CUST-0000034,Female,0,Yes,No,54,Yes,Yes,Fiber optic,No,No,No,No,No,No,Two year,Yes,Electronic check,85.76,4620.74,No
CUST-0000035,Female,0,No,Yes,9,Yes,No,DSL,Yes,No,Yes,No,No,No,Month-to-month,Yes,Mailed check,63.76,572.65,No
CUST-0000036,Female,0,Yes,No,0,Yes,No,Fiber optic,No,Yes,No,Yes,No,Yes,Month-to-month,Yes,Bank transfer (automatic),76.19,,No
CUST-0000037,Male,0,No,No,5,Yes,No,Fiber optic,Yes,No,No,Yes,No,No,Month-to-month,No,Mailed check,94.17,503.89,No
CUST-0000038,Male,0,Yes,No,72,Yes,No,Fiber optic,Yes,Yes,No,No,No,No,One year,Yes,Bank transfer (automatic),49.33,3560.54,No
CUST-0000039,Female,0,No,Yes,12,Yes,No,No,No internet service,No internet service,No internet service,No internet service,No internet service,No internet service,Month-to-month,No,Electronic check,63.74,738.19,No
CUST-0000040,Male,0,No,No,3,Yes,Yes,Fiber optic,Yes,No,No,No,Yes,No,Month-to-month,No,Mailed check,46.49,143.12,Yes
CUST-0000041,Male,0,No,No,4,Yes,No,DSL,No,No,Yes,No,No,No,Month-to-month,Yes,Mailed check,85.18,314.2,Yes
CUST-0000042,Male,0,Yes,No,11,Yes,No,Fiber optic,No,Yes,No,No,Yes,No,One year,Yes,Mailed check,61.06,695.77,No
CUST-0000043,Male,0,No,No,1,Yes,No,DSL,No,No,No,Yes,Yes,Yes,Month-to-month,Yes,Electronic check,76.18,27.31,No
CUST-0000044,Female,0,Yes,Yes,22,Yes,No,Fiber optic,Yes,No,No,No,No,No,One year,No,Electronic check,18.25,390.76,No
CUST-0000045,Male,0,Yes,Yes,7,Yes,No,Fiber optic,Yes,No,No,No,No,No,Month-to-month,No,Electronic check,20.36,144.25,No
CUST-0000046,Female,0,Yes,No,23,No,No phone service,Fiber optic,No,Yes,No,No,No,No,Two year,Yes,Electronic check,90.09,2044.04,No
CUST-0000047,Male,0,Yes,No,4,Yes,Yes,No,No internet service,No internet service,No internet service,No internet service,No internet service,No internet service,Two year,Yes,Electronic check,39.74,178.16,No
CUST-0000048,Female,0,Yes,Yes,17,Yes,Yes,Fiber optic,No,Yes,Yes,Yes,Yes,Yes,Month-to-month,Yes,Electronic check,35.24,622.35,No
CUST-0000049,Female,1,No,No,29,Yes,No,No,No internet service,No internet service,No internet service,No internet service,No internet service,No internet service,Month-to-month,Yes,Mailed check,38.63,1106.62,Yes
CUST-0000050,Male,0,Yes,No,2,Yes,No,DSL,Yes,No,No,No,No,Yes,Month-to-month,No,Mailed check,70.71,130.92,Yes
CUST-0000051,Female,0,Yes,No,16,Yes,Yes,Fiber optic,No,No,Yes,Yes,No,No,One year,No,Electronic check,50.47,786.85,No
CUST-0000052,Female,0,Yes,Yes,11,No,No phone service,DSL,No,No,Yes,No,No,No,One year,No,Mailed check,51.45,574.66,No
CUST-0000053,Female,0,No,No,8,Yes,No,DSL,No,Yes,Yes,No,No,Yes,Two year,Yes,Credit card (automatic),45.52,357.84,Yes
CUST-0000054,Female,0,No,Yes,29,Yes,Yes,Fiber optic,No,No,Yes,No,No,Yes,Two year,Yes,Bank transfer (automatic),86.83,2491.4,No
CUST-0000055,Female,0,Yes,Yes,28,Yes,No,DSL,No,Yes,Yes,Yes,No,No,One year,No,Electronic check,51.89,1491.85,No
CUST-0000056,Female,0,No,No,31,Yes,No,DSL,Yes,Yes,No,Yes,No,No,One year,Yes,Mailed check,55.0,1736.92,No
CUST-0000057,Male,1,No,Yes,5,Yes,No,DSL,No,No,No,No,No,Yes,Month-to-month,Yes,Bank transfer (automatic),41.47,245.7,No
CUST-0000058,Male,0,Yes,No,10,Yes,No,Fiber optic,No,No,No,No,No,Yes,Month-to-month,Yes,Electronic check,77.7,743.11,No
CUST-0000059,Male,0,No,Yes,7,Yes,Yes,DSL,No,No,No,No,No,No,Month-to-month,Yes,Electronic check,117.51,842.95,No
CUST-0000060,Male,1,No,No,24,Yes,Yes,Fiber optic,No,No,Yes,No,No,Yes,Month-to-month,Yes,Bank transfer (automatic),82.94,1995.75,No
CUST-0000061,Male,0,No,No,19,Yes,Yes,Fiber optic,No,No,No,Yes,No,No,One year,No,Bank transfer (automatic),83.05,1585.09,No
CUST-0000062,Male,0,Yes,No,12,Yes,Yes,Fiber optic,No,Yes,Yes,No,Yes,No,Month-to-month,Yes,Mailed check,94.03,1100.06,No
CUST-0000063,Female,0,Yes,No,49,No,No phone service,DSL,No,No,Yes,No,No,No,Month-to-month,Yes,Bank transfer (automatic),51.75,2514.41,No
CUST-0000064,Male,0,Yes,No,3,No,No phone service,Fiber optic,No,Yes,Yes,No,No,No,Month-to-month,No,Bank transfer (automatic),59.82,165.39,No
CUST-0000065,Male,0,No,No,72,Yes,No,Fiber optic,No,No,No,No,No,Yes,Month-to-month,Yes,Bank transfer (automatic),18.25,1312.94,No
CUST-0000066,Female,1,No,No,3,Yes,No,Fiber optic,No,No,Yes,No,No,No,Month-to-month,No,Credit card (automatic),79.96,231.83,No
CUST-0000067,Male,0,Yes,Yes,47,Yes,Yes,Fiber optic,No,No,No,No,No,No,Month-to-month,Yes,Mailed check,64.64,3036.24,Yes
CUST-0000068,Female,0,Yes,No,14,Yes,Yes,DSL,Yes,No,No,Yes,No,Yes,Month-to-month,No,Electronic check,45.81,630.85,No
CUST-0000069,Male,1,No,No,64,No,No phone service,Fiber optic,No,No,No,No,Yes,No,Two year,Yes,Bank transfer (automatic),69.99,4460.88,No
CUST-0000070,Female,0,No,No,2,Yes,Yes,DSL,No,No,No,Yes,No,No,Month-to-month,No,Bank transfer (automatic),118.75,241.21,Yes
CUST-0000071,Female,0,No,Yes,15,Yes,No,Fiber optic,No,Yes,No,No,No,Yes,Two year,Yes,Mailed check,65.98,990.82,No
CUST-0000072,Male,0,No,Yes,13,Yes,No,DSL,No,No,No,No,Yes,No,Month-to-month,Yes,Mailed check,70.63,918.07,No
CUST-0000073,Male,1,No,No,72,Yes,No,No,No internet service,No internet service,No internet service,No internet service,No internet service,No internet service,Two year,Yes,Bank transfer (automatic),118.75,8566.14,Yes
CUST-0000074,Female,0,Yes,No,72,Yes,No,Fiber optic,Yes,Yes,No,Yes,No,No,One year,Yes,Bank transfer (automatic),99.98,7193.71,Yes
CUST-0000075,Female,0,Yes,No,6,Yes,Yes,No,No internet service,No internet service,No internet service,No internet service,No internet service,No internet service,One year,No,Electronic check,91.44,549.77,No
CUST-0000076,Female,0,Yes,Yes,31,Yes,No,No,No internet service,No internet service,No internet service,No internet service,No internet service,No internet service,Two year,Yes,Electronic check,118.75,3682.43,No
CUST-0000077,Female,0,No,Yes,24,Yes,No,No,No internet service,No internet service,No internet service,No internet service,No internet service,No internet service,One year,Yes,Bank transfer (automatic),38.32,878.55,No
CUST-0000078,Male,1,Yes,No,5,Yes,Yes,DSL,Yes,No,Yes,No,Yes,Yes,Month-to-month,Yes,Mailed check,118.75,609.52,No
CUST-0000079,Male,0,No,No,5,Yes,No,Fiber optic,Yes,Yes,Yes,No,No,No,Two year,Yes,Bank transfer (automatic),94.79,461.54,No
CUST-0000080,Male,0,Yes,Yes,72,No,No phone service,Fiber optic,No,No,No,No,No,No,Two year,No,Electronic check,102.26,7372.79,Yes
CUST-0000081,Female,1,Yes,Yes,19,Yes,No,Fiber optic,No,No,No,No,No,No,Month-to-month,Yes,Electronic check,84.7,1611.66,No
CUST-0000082,Female,0,No,No,4,No,No phone service,DSL,Yes,No,No,No,No,Yes,Month-to-month,Yes,Mailed check,40.49,145.42,Yes
CUST-0000083,Male,0,Yes,No,7,Yes,No,DSL,No,Yes,Yes,No,No,Yes,Two year,Yes,Mailed check,18.25,137.18,No
CUST-0000084,Male,0,Yes,No,9,Yes,No,Fiber optic,No,No,No,No,No,No,Month-to-month,Yes,Bank transfer (automatic),76.62,665.41,No
CUST-0000085,Male,0,No,No,22,Yes,No,No,No internet service,No internet service,No internet service,No internet service,No internet service,No internet service,Month-to-month,Yes,Electronic check,46.8,1031.18,No
CUST-0000086,Male,0,Yes,No,13,Yes,No,Fiber optic,Yes,No,No,No,No,No,Two year,No,Electronic check,43.39,555.98,No
CUST-0000087,Female,1,No,Yes,19,Yes,No,DSL,No,No,No,Yes,Yes,No,Month-to-month,Yes,Mailed check,52.35,1011.88,Yes
CUST-0000088,Female,0,No,No,5,Yes,Yes,No,No internet service,No internet service,No internet service,No internet service,No internet service,No internet service,Month-to-month,No,Mailed check,18.25,112.27,No
CUST-0000089,Female,0,No,No,12,No,No phone service,Fiber optic,Yes,No,Yes,Yes,No,No,One year,Yes,Credit card (automatic),34.45,409.85,Yes
CUST-0000090,Male,0,No,No,2,Yes,No,No,No internet service,No internet service,No internet service,No internet service,No internet service,No internet service,Month-to-month,Yes,Electronic check,19.7,33.62,Yes
CUST-0000091,Male,0,Yes,No,70,Yes,No,No,No internet service,No internet service,No internet service,No internet service,No internet service,No internet service,Month-to-month,Yes,Electronic check,28.33,1949.2,No
CUST-0000092,Female,0,No,No,7,No,No phone service,Fiber optic,No,Yes,Yes,No,No,No,Month-to-month,No,Bank transfer (automatic),40.33,270.85,No
CUST-0000093,Female,0,Yes,No,45,Yes,Yes,Fiber optic,No,No,Yes,Yes,Yes,No,Two year,No,Credit card (automatic),60.23,2703.81,No
CUST-0000094,Female,1,Yes,No,13,Yes,No,Fiber optic,No,No,Yes,No,Yes,Yes,Month-to-month,No,Credit card (automatic),79.9,1025.93,No
CUST-0000095,Female,0,Yes,No,20,Yes,Yes,Fiber optic,No,No,Yes,No,No,No,Two year,No,Electronic check,118.75,2383.86,Yes
CUST-0000096,Male,0,Yes,Yes,11,Yes,Yes,DSL,No,Yes,No,Yes,No,No,One year,No,Bank transfer (automatic),23.85,260.02,No
CUST-0000097,Female,0,No,No,38,Yes,Yes,Fiber optic,No,No,Yes,No,No,No,Month-to-month,Yes,Credit card (automatic),99.75,3799.43,No
CUST-0000098,Male,1,Yes,No,59,Yes,Yes,DSL,Yes,No,No,Yes,No,Yes,Two year,Yes,Credit card (automatic),53.31,3114.9,No
CUST-0000099,Male,0,No,Yes,10,Yes,Yes,Fiber optic,No,No,No,No,Yes,No,Month-to-month,No,Electronic check,18.25,185.69,No
CUST-0000100,Male,0,Yes,Yes,8,Yes,No,Fiber optic,No,No,No,No,No,No,Month-to-month,Yes,Mailed check,35.54,275.02,No
CUST-0000101,Male,0,Yes,No,36,Yes,No,DSL,Yes,No,No,No,No,Yes,Month-to-month,Yes,Bank transfer (automatic),86.79,3136.67,Yes
CUST-0000102,Female,1,No,No,6,Yes,No,No,No internet service,No internet service,No internet service,No internet service,No internet service,No internet service,One year,No,Mailed check,68.43,421.14,No
CUST-0000103,Male,0,Yes,Yes,32,Yes,No,Fiber optic,Yes,Yes,Yes,No,Yes,No,Two year,No,Bank transfer (automatic),18.25,583.55,No
CUST-0000104,Female,0,No,No,3,Yes,Yes,Fiber optic,No,No,Yes,No,No,No,One year,No,Mailed check,75.14,234.29,Yes
CUST-0000105,Female,0,Yes,No,30,Yes,No,DSL,No,No,No,No,Yes,Yes,One year,Yes,Credit card (automatic),31.88,888.89,No
CUST-0000106,Male,0,Yes,No,23,Yes,No,Fiber optic,No,Yes,No,No,Yes,No,Two year,Yes,Electronic check,47.51,1111.61,No
CUST-0000107,Male,0,No,Yes,3,Yes,Yes,DSL,No,No,No,No,No,No,Month-to-month,No,Electronic check,55.61,183.97,No
CUST-0000108,Female,0,No,No,33,Yes,Yes,DSL,No,No,No,No,No,No,Two year,Yes,Bank transfer (automatic),67.16,2242.66,No
CUST-0000109,Male,0,Yes,Yes,18,No,No phone service,DSL,No,No,No,No,Yes,Yes,Month-to-month,Yes,Credit card (automatic),84.27,1489.05,No
CUST-0000110,Male,1,Yes,No,7,Yes,Yes,DSL,No,No,Yes,No,No,No,One year,Yes,Credit card (automatic),73.92,499.51,No
CUST-0000111,Male,1,Yes,No,13,Yes,No,Fiber optic,No,No,No,No,Yes,No,Month-to-month,Yes,Electronic check,94.25,1201.57,No
CUST-0000112,Male,0,No,No,21,Yes,No,Fiber optic,No,No,No,Yes,Yes,Yes,One year,Yes,Electronic check,77.78,1651.43,Yes
CUST-0000113,Female,0,No,No,3,Yes,Yes,Fiber optic,Yes,Yes,No,No,Yes,Yes,Month-to-month,Yes,Electronic check,71.16,206.54,No
CUST-0000114,Female,0,No,Yes,72,Yes,Yes,Fiber optic,No,No,No,No,No,No,Month-to-month,Yes,Electronic check,53.28,3839.55,Yes
CUST-0000115,Female,0,Yes,No,35,Yes,No,No,No internet service,No internet service,No internet service,No internet service,No internet service,No internet service,Month-to-month,No,Mailed check,42.45,1492.31,No
CUST-0000116,Female,0,No,No,3,Yes,Yes,DSL,No,Yes,Yes,No,Yes,No,Month-to-month,Yes,Electronic check,100.84,314.28,No
CUST-0000117,Female,0,No,No,55,Yes,No,Fiber optic,No,Yes,Yes,No,Yes,No,One year,No,Electronic check,47.34,2585.44,No
CUST-0000118,Male,0,No,No,12,Yes,Yes,No,No internet service,No internet service,No internet service,No internet service,No internet service,No internet service,One year,Yes,Electronic check,117.33,1395.42,No
CUST-0000119,Female,0,No,Yes,29,Yes,No,DSL,Yes,No,No,No,Yes,No,Month-to-month,Yes,Electronic check,93.8,2711.63,Yes
CUST-0000120,Female,0,No,Yes,10,Yes,Yes,Fiber optic,No,No,No,Yes,No,Yes,Two year,No,Credit card (automatic),97.09,989.48,No
CUST-0000121,Female,0,Yes,Yes,42,Yes,No,Fiber optic,No,Yes,Yes,No,Yes,No,Month-to-month,Yes,Credit card (automatic),43.15,1812.78,Yes
CUST-0000122,Female,0,No,No,41,Yes,Yes,DSL,No,Yes,No,No,No,No,Month-to-month,Yes,Bank transfer (automatic),93.84,3876.23,No
CUST-0000123,Male,0,No,Yes,25,Yes,No,DSL,Yes,Yes,No,No,No,Yes,Month-to-month,No,Mailed check,118.75,2942.42,No
CUST-0000124,Male,1,Yes,Yes,8,Yes,No,No,No internet service,No internet service,No internet service,No internet service,No internet service,No internet service,Month-to-month,No,Electronic check,98.99,804.69,No
CUST-0000125,Male,0,Yes,No,9,Yes,Yes,Fiber optic,No,No,Yes,No,No,No,One year,No,Electronic check,118.75,1077.93,No
CUST-0000126,Male,0,No,Yes,15,Yes,No,DSL,No,Yes,Yes,No,Yes,Yes,Month-to-month,Yes,Credit card (automatic),80.92,1213.92,No
CUST-0000127,Female,0,Yes,Yes,5,No,No phone service,Fiber optic,Yes,No,Yes,No,No,Yes,One year,Yes,Mailed check,106.5,520.7,No
CUST-0000128,Female,0,No,No,13,Yes,No,Fiber optic,Yes,No,No,No,No,No,Two year,Yes,Mailed check,82.62,1067.95,Yes
CUST-0000129,Male,1,Yes,Yes,36,Yes,No,Fiber optic,No,Yes,No,No,Yes,No,Month-to-month,No,Mailed check,23.0,839.76,No
CUST-0000130,Female,0,Yes,No,56,Yes,No,Fiber optic,No,Yes,No,Yes,Yes,Yes,Month-to-month,No,Bank transfer (automatic),100.81,5641.4,Yes
CUST-0000131,Male,0,Yes,No,12,Yes,Yes,Fiber optic,No,No,Yes,Yes,Yes,No,Month-to-month,Yes,Bank transfer (automatic),43.24,505.76,No
CUST-0000132,Male,0,Yes,Yes,8,Yes,Yes,Fiber optic,Yes,No,Yes,No,No,Yes,One year,Yes,Credit card (automatic),22.78,196.95,Yes
CUST-0000133,Male,0,Yes,No,57,Yes,Yes,Fiber optic,No,Yes,No,Yes,No,No,Month-to-month,Yes,Electronic check,54.8,3125.76,No
CUST-0000134,Male,1,No,No,70,Yes,No,DSL,No,No,Yes,No,Yes,Yes,Month-to-month,No,Credit card (automatic),77.31,5445.33,No
CUST-0000135,Female,0,No,No,16,Yes,No,DSL,No,Yes,Yes,No,No,No,One year,Yes,Bank transfer (automatic),48.46,767.33,No
CUST-0000136,Male,0,No,No,0,Yes,No,DSL,Yes,No,Yes,Yes,Yes,No,Two year,No,Credit card (automatic),99.64,,Yes
CUST-0000137,Female,0,Yes,No,37,Yes,No,No,No internet service,No internet service,No internet service,No internet service,No internet service,No internet service,Two year,No,Bank transfer (automatic),38.24,1418.21,Yes
CUST-0000138,Female,0,No,Yes,49,Yes,No,No,No internet service,No internet service,No internet service,No internet service,No internet service,No internet service,Month-to-month,No,Credit card (automatic),77.31,3803.7,No
CUST-0000139,Male,0,No,No,0,Yes,Yes,Fiber optic,No,No,No,No,No,Yes,One year,No,Electronic check,60.87,,Yes
CUST-0000140,Female,0,No,No,28,Yes,Yes,Fiber optic,No,No,Yes,No,Yes,No,Month-to-month,No,Mailed check,61.24,1702.82,Yes
CUST-0000141,Female,0,No,No,28,Yes,Yes,DSL,No,Yes,No,No,Yes,No,Month-to-month,Yes,Credit card (automatic),79.17,2243.83,No
CUST-0000142,Male,0,Yes,No,15,Yes,Yes,Fiber optic,No,Yes,Yes,No,No,No,One year,Yes,Electronic check,89.52,1349.43,Yes
CUST-0000143,Male,1,Yes,Yes,44,No,No phone service,DSL,No,No,No,No,Yes,Yes,Two year,No,Bank transfer (automatic),73.49,3233.94,Yes
CUST-0000144,Male,0,Yes,No,17,Yes,No,Fiber optic,No,No,No,No,No,Yes,Month-to-month,No,Credit card (automatic),91.5,1529.25,No
CUST-0000145,Male,0,Yes,No,36,Yes,No,No,No internet service,No internet service,No internet service,No internet service,No internet service,No internet service,Month-to-month,No,Mailed check,77.35,2773.6,Yes
CUST-0000146,Male,0,No,No,23,Yes,Yes,DSL,No,No,No,No,No,No,One year,Yes,Mailed check,118.75,2712.09,No
CUST-0000147,Female,0,Yes,Yes,9,No,No phone service,Fiber optic,No,No,No,Yes,No,No,One year,Yes,Credit card (automatic),18.25,174.78,No
CUST-0000148,Male,0,No,No,29,Yes,No,Fiber optic,No,No,Yes,Yes,No,No,One year,Yes,Bank transfer (automatic),18.25,535.51,No
CUST-0000149,Male,0,No,No,42,Yes,No,DSL,No,Yes,No,Yes,Yes,No,Month-to-month,Yes,Mailed check,78.18,3292.41,No
CUST-0000150,Male,0,No,Yes,72,Yes,No,Fiber optic,No,Yes,Yes,No,No,Yes,One year,Yes,Electronic check,22.51,1632.49,No
CUST-0000151,Female,0,No,Yes,15,Yes,Yes,Fiber optic,No,Yes,Yes,No,No,No,Month-to-month,No,Mailed check,69.72,1057.01,No
CUST-0000152,Male,0,Yes,Yes,2,Yes,Yes,Fiber optic,Yes,No,Yes,No,Yes,No,Month-to-month,Yes,Mailed check,71.79,168.55,Yes
CUST-0000153,Male,0,No,No,72,Yes,No,DSL,No,No,No,No,No,No,Two year,Yes,Mailed check,18.25,1312.89,No
CUST-0000154,Male,0,Yes,No,31,Yes,No,Fiber optic,No,No,Yes,No,No,No,Month-to-month,No,Credit card (automatic),78.32,2434.08,No
CUST-0000155,Female,0,No,No,72,Yes,Yes,No,No internet service,No internet service,No internet service,No internet service,No internet service,No internet service,Two year,No,Credit card (automatic),84.11,6062.86,Yes
CUST-0000156,Male,1,No,Yes,3,Yes,No,Fiber optic,No,No,Yes,No,Yes,No,Month-to-month,No,Electronic check,49.44,161.98,Yes
CUST-0000157,Female,1,No,No,13,Yes,No,Fiber optic,No,No,Yes,Yes,Yes,No,One year,Yes,Mailed check,104.95,1375.21,No
CUST-0000158,Female,0,Yes,No,4,Yes,No,DSL,No,No,Yes,No,No,Yes,Two year,Yes,Credit card (automatic),18.25,74.05,Yes
CUST-0000159,Male,0,No,No,57,Yes,Yes,DSL,No,No,No,Yes,No,No,Month-to-month,No,Mailed check,55.92,3166.93,Yes
CUST-0000160,Female,0,Yes,Yes,67,Yes,No,No,No internet service,No internet service,No internet service,No internet service,No internet service,No internet service,Two year,No,Electronic check,90.4,6043.71,Yes
CUST-0000161,Male,0,Yes,Yes,22,No,No phone service,DSL,Yes,No,No,Yes,No,No,Month-to-month,Yes,Electronic check,92.79,2039.57,Yes
CUST-0000162,Female,1,No,No,6,Yes,Yes,No,No internet service,No internet service,No internet service,No internet service,No internet service,No internet service,Month-to-month,Yes,Mailed check,83.61,502.03,No
CUST-0000163,Female,0,Yes,No,4,Yes,No,DSL,No,Yes,No,No,No,Yes,One year,Yes,Credit card (automatic),54.82,224.63,No
CUST-0000164,Female,0,No,No,28,No,No phone service,DSL,No,Yes,No,No,No,Yes,Month-to-month,No,Credit card (automatic),18.25,505.84,Yes
CUST-0000165,Male,0,Yes,Yes,22,Yes,Yes,DSL,No,No,Yes,No,Yes,Yes,Two year,Yes,Bank transfer (automatic),40.63,918.1,Yes
CUST-0000166,Female,0,No,No,37,Yes,Yes,Fiber optic,No,No,No,Yes,No,No,Two year,No,Credit card (automatic),83.24,3083.55,No
CUST-0000167,Male,0,Yes,Yes,11,Yes,No,No,No internet service,No internet service,No internet service,No internet service,No internet service,No internet service,Month-to-month,Yes,Electronic check,103.72,1100.86,No
CUST-0000168,Male,0,No,No,16,Yes,No,No,No internet service,No internet service,No internet service,No internet service,No internet service,No internet service,Two year,Yes,Mailed check,98.35,1567.46,No
CUST-0000169,Male,0,No,No,0,Yes,No,Fiber optic,No,No,No,No,No,No,Month-to-month,Yes,Credit card (automatic),111.61,,No
CUST-0000170,Female,0,No,No,30,No,No phone service,DSL,Yes,No,No,No,No,No,One year,Yes,Credit card (automatic),118.75,3568.64,No
CUST-0000171,Female,0,Yes,No,17,Yes,No,Fiber optic,No,Yes,No,Yes,No,Yes,Month-to-month,Yes,Electronic check,66.71,1134.62,No
CUST-0000172,Male,0,No,No,72,Yes,No,Fiber optic,No,Yes,No,No,No,No,Month-to-month,No,Bank transfer (automatic),72.04,5190.99,Yes
CUST-0000173,Female,0,Yes,No,32,Yes,No,Fiber optic,No,No,No,No,No,No,Month-to-month,Yes,Bank transfer (automatic),51.95,1687.69,Yes
CUST-0000174,Male,0,Yes,No,16,Yes,Yes,DSL,No,No,No,Yes,No,No,Month-to-month,No,Electronic check,44.94,725.31,Yes
CUST-0000175,Female,0,Yes,No,9,Yes,Yes,DSL,No,No,No,No,No,No,Month-to-month,Yes,Electronic check,38.13,410.14,No
CUST-0000176,Male,1,No,Yes,72,No,No phone service,Fiber optic,No,No,Yes,No,No,Yes,Month-to-month,Yes,Electronic check,44.37,3213.55,No
CUST-0000177,Female,1,Yes,No,0,No,No phone service,Fiber optic,Yes,No,No,Yes,No,Yes,One year,No,Mailed check,66.62,,Yes
CUST-0000178,Male,1,No,Yes,12,No,No phone service,Fiber optic,No,No,No,No,Yes,No,Month-to-month,No,Electronic check,98.35,1189.15,No
CUST-0000179,Female,0,No,Yes,72,Yes,No,DSL,Yes,No,No,No,Yes,No,Month-to-month,Yes,Bank transfer (automatic),74.26,5389.32,No
CUST-0000180,Male,0,Yes,No,33,Yes,Yes,No,No internet service,No internet service,No internet service,No internet service,No internet service,No internet service,Month-to-month,No,Electronic check,64.27,2090.01,No
CUST-0000181,Male,0,No,No,24,Yes,Yes,DSL,No,No,No,No,Yes,Yes,Month-to-month,No,Mailed check,62.88,1528.2,No
CUST-0000182,Male,1,Yes,No,7,Yes,Yes,DSL,No,No,No,No,No,No,Month-to-month,Yes,Mailed check,47.99,361.46,No
CUST-0000183,Female,1,No,No,57,Yes,Yes,Fiber optic,No,No,No,No,No,No,Month-to-month,No,Credit card (automatic),53.96,3059.72,No
CUST-0000184,Female,1,Yes,No,7,Yes,No,Fiber optic,Yes,Yes,No,No,Yes,Yes,Month-to-month,Yes,Credit card (automatic),22.45,146.38,Yes
CUST-0000185,Male,0,No,No,9,No,No phone service,DSL,No,No,No,No,No,No,Month-to-month,Yes,Bank transfer (automatic),58.84,520.02,Yes
CUST-0000186,Female,1,Yes,No,6,Yes,No,No,No internet service,No internet service,No internet service,No internet service,No internet service,No internet service,Month-to-month,Yes,Electronic check,59.13,388.76,No
CUST-0000187,Female,0,Yes,No,5,Yes,Yes,Fiber optic,Yes,No,No,Yes,No,No,Month-to-month,Yes,Electronic check,46.7,236.16,Yes
CUST-0000188,Female,0,Yes,Yes,72,Yes,No,DSL,No,No,No,No,Yes,No,Month-to-month,Yes,Mailed check,53.53,3839.24,Yes
CUST-0000189,Female,0,Yes,Yes,29,Yes,Yes,Fiber optic,Yes,No,Yes,No,Yes,Yes,Two year,Yes,Bank transfer (automatic),109.84,3151.36,No
CUST-0000190,Male,0,Yes,No,32,Yes,No,Fiber optic,No,No,No,No,No,No,Month-to-month,Yes,Bank transfer (automatic),59.2,1914.04,No
CUST-0000191,Male,0,Yes,No,72,Yes,Yes,Fiber optic,No,No,No,Yes,No,No,Two year,No,Electronic check,18.25,1316.51,No
CUST-0000192,Female,0,No,Yes,8,Yes,No,No,No internet service,No internet service,No internet service,No internet service,No internet service,No internet service,Month-to-month,No,Electronic check,81.29,670.45,No
CUST-0000193,Female,0,No,No,0,No,No phone service,Fiber optic,Yes,Yes,No,No,No,Yes,Month-to-month,No,Mailed check,99.97,,Yes
CUST-0000194,Female,0,No,No,29,Yes,No,Fiber optic,Yes,No,No,No,Yes,Yes,One year,No,Mailed check,116.67,3410.78,No
CUST-0000195,Male,1,No,No,22,Yes,Yes,No,No internet service,No internet service,No internet service,No internet service,No internet service,No internet service,Month-to-month,Yes,Mailed check,18.25,366.13,No
CUST-0000196,Male,0,No,No,20,Yes,Yes,Fiber optic,Yes,Yes,Yes,No,No,Yes,Month-to-month,Yes,Electronic check,97.83,1969.94,No
CUST-0000197,Female,0,No,No,2,Yes,No,Fiber optic,No,No,Yes,No,Yes,No,Two year,No,Bank transfer (automatic),69.16,143.17,Yes
CUST-0000198,Female,0,No,No,19,Yes,No,Fiber optic,No,No,No,Yes,No,No,Month-to-month,Yes,Credit card (automatic),95.44,1805.63,No
CUST-0000199,Female,1,Yes,No,10,Yes,No,No,No internet service,No internet service,No internet service,No internet service,No internet service,No internet service,One year,No,Electronic check,26.34,270.11,No
CUST-0000200,Female,0,No,No,10,Yes,No,Fiber optic,No,Yes,No,No,No,Yes,Two year,Yes,Electronic check,118.75,1179.94,No
CUST-0000201,Female,0,Yes,No,8,Yes,No,Fiber optic,No,Yes,No,Yes,No,Yes,Month-to-month,Yes,Electronic check,42.59,343.63,No
CUST-0000202,Male,0,No,No,12,Yes,No,Fiber optic,Yes,Yes,No,No,No,No,Month-to-month,No,Mailed check,43.24,498.25,No
CUST-0000203,Male,0,No,Yes,13,Yes,No,Fiber optic,No,No,No,No,Yes,No,Two year,Yes,Credit card (automatic),61.5,810.61,No
CUST-0000204,Female,0,Yes,Yes,11,Yes,No,DSL,No,Yes,No,No,No,No,Month-to-month,Yes,Credit card (automatic),86.37,964.06,No
CUST-0000205,Female,1,No,No,72,Yes,Yes,No,No internet service,No internet service,No internet service,No internet service,No internet service,No internet service,Month-to-month,Yes,Credit card (automatic),58.45,4228.6,No
CUST-0000206,Male,0,Yes,No,72,Yes,No,DSL,No,Yes,No,Yes,Yes,No,One year,Yes,Electronic check,97.6,7001.42,No
CUST-0000207,Male,0,Yes,No,27,Yes,No,Fiber optic,No,No,No,No,No,Yes,Month-to-month,No,Mailed check,52.99,1403.14,No
CUST-0000208,Female,1,Yes,No,72,Yes,No,Fiber optic,No,No,Yes,No,No,Yes,One year,Yes,Electronic check,63.03,4517.07,No
CUST-0000209,Male,1,No,Yes,72,Yes,No,Fiber optic,No,No,No,No,No,No,Month-to-month,No,Mailed check,32.49,2368.26,No
CUST-0000210,Male,0,No,Yes,14,No,No phone service,Fiber optic,No,No,Yes,Yes,No,No,Month-to-month,Yes,Bank transfer (automatic),60.68,846.79,No
CUST-0000211,Female,1,No,No,18,Yes,No,DSL,No,No,No,No,No,Yes,Month-to-month,Yes,Mailed check,118.75,2144.5,No
CUST-0000212,Female,0,Yes,Yes,72,Yes,Yes,Fiber optic,No,No,No,Yes,No,Yes,Month-to-month,Yes,Electronic check,87.9,6346.63,No
CUST-0000213,Female,0,No,No,30,Yes,Yes,No,No internet service,No internet service,No internet service,No internet service,No internet service,No internet service,Month-to-month,No,Bank transfer (automatic),118.75,3546.57,No
CUST-0000214,Male,0,No,No,7,Yes,Yes,Fiber optic,No,No,No,Yes,No,Yes,One year,No,Mailed check,108.15,760.0,Yes
CUST-0000215,Female,0,Yes,No,37,Yes,No,DSL,No,No,No,No,No,Yes,Two year,Yes,Credit card (automatic),74.67,2744.2,No
CUST-0000216,Male,0,No,No,7,No,No phone service,No,No internet service,No internet service,No internet service,No internet service,No internet service,No internet service,Month-to-month,No,Electronic check,30.54,183.99,No
CUST-0000217,Male,0,Yes,No,13,Yes,Yes,Fiber optic,Yes,Yes,No,No,No,Yes,Month-to-month,No,Bank transfer (automatic),103.56,1365.43,No
CUST-0000218,Female,0,Yes,No,8,Yes,Yes,Fiber optic,No,Yes,Yes,Yes,Yes,Yes,Month-to-month,Yes,Bank transfer (automatic),39.04,310.17,Yes
CUST-0000219,Female,0,Yes,No,8,Yes,Yes,Fiber optic,No,No,No,Yes,No,Yes,Month-to-month,No,Credit card (automatic),31.75,265.54,Yes
CUST-0000220,Female,0,No,No,0,Yes,Yes,Fiber optic,Yes,No,No,No,Yes,No,Month-to-month,Yes,Credit card (automatic),59.39,,No
CUST-0000221,Female,0,Yes,No,68,No,No phone service,DSL,Yes,No,Yes,No,No,No,Month-to-month,Yes,Electronic check,40.33,2719.6,No
CUST-0000222,Female,0,Yes,Yes,11,Yes,Yes,No,No internet service,No internet service,No internet service,No internet service,No internet service,No internet service,Month-to-month,Yes,Bank transfer (automatic),102.26,1113.9,No
CUST-0000223,Male,0,Yes,No,2,Yes,No,DSL,No,Yes,Yes,No,Yes,No,Two year,Yes,Bank transfer (automatic),45.97,125.13,No
CUST-0000224,Male,0,Yes,No,2,No,No phone service,Fiber optic,No,Yes,No,Yes,No,Yes,Month-to-month,No,Bank transfer (automatic),105.22,219.76,No
CUST-0000225,Male,0,Yes,Yes,25,No,No phone service,Fiber optic,No,No,Yes,No,No,No,Two year,Yes,Credit card (automatic),73.66,1818.97,Yes
CUST-0000226,Male,0,Yes,Yes,72,Yes,No,No,No internet service,No internet service,No internet service,No internet service,No internet service,No internet service,Month-to-month,Yes,Electronic check,56.45,4048.45,No
CUST-0000227,Female,0,No,Yes,5,Yes,No,DSL,No,No,No,No,Yes,No,Month-to-month,Yes,Bank transfer (automatic),60.26,286.85,No
CUST-0000228,Male,0,Yes,No,3,Yes,No,Fiber optic,Yes,Yes,No,Yes,No,Yes,Month-to-month,Yes,Bank transfer (automatic),49.89,154.62,No
CUST-0000229,Female,1,No,No,18,Yes,No,Fiber optic,No,Yes,Yes,No,No,No,Month-to-month,Yes,Electronic check,87.08,1568.23,Yes
CUST-0000230,Female,0,No,Yes,26,Yes,Yes,Fiber optic,Yes,Yes,Yes,No,No,No,Month-to-month,No,Bank transfer (automatic),74.7,1961.25,No
CUST-0000231,Female,0,Yes,No,11,No,No phone service,No,No internet service,No internet service,No internet service,No internet service,No internet service,No internet service,Two year,No,Mailed check,32.92,373.95,No
CUST-0000232,Male,0,Yes,No,11,Yes,Yes,DSL,No,Yes,No,No,Yes,Yes,Month-to-month,No,Bank transfer (automatic),38.91,410.82,Yes
CUST-0000233,Female,1,No,No,17,Yes,Yes,Fiber optic,No,Yes,Yes,No,No,No,One year,Yes,Bank transfer (automatic),33.21,593.29,No
CUST-0000234,Male,0,Yes,No,12,Yes,Yes,DSL,Yes,Yes,No,No,Yes,Yes,Month-to-month,Yes,Electronic check,88.02,1064.44,Yes
CUST-0000235,Male,0,Yes,Yes,72,Yes,No,No,No internet service,No internet service,No internet service,No internet service,No internet service,No internet service,Two year,No,Bank transfer (automatic),109.75,7939.9,No
CUST-0000236,Female,0,Yes,No,1,Yes,No,DSL,No,Yes,No,No,No,Yes,Month-to-month,Yes,Credit card (automatic),100.5,85.35,Yes
CUST-0000237,Male,0,No,No,8,Yes,Yes,No,No internet service,No internet service,No internet service,No internet service,No internet service,No internet service,Two year,Yes,Bank transfer (automatic),77.43,577.88,No
CUST-0000238,Male,0,No,No,52,Yes,No,DSL,No,No,Yes,No,No,Yes,Month-to-month,No,Credit card (automatic),102.32,5331.05,No
CUST-0000239,Female,0,No,No,57,Yes,No,Fiber optic,No,Yes,Yes,No,No,No,Month-to-month,No,Electronic check,71.63,4078.22,No
CUST-0000240,Male,0,No,No,3,Yes,Yes,DSL,No,No,No,No,No,No,Month-to-month,Yes,Credit card (automatic),79.89,248.95,No
CUST-0000241,Female,0,Yes,Yes,72,Yes,Yes,Fiber optic,Yes,No,No,No,No,Yes,Month-to-month,Yes,Credit card (automatic),49.61,3568.29,No
CUST-0000242,Female,0,Yes,No,37,Yes,No,Fiber optic,No,Yes,No,No,No,No,Month-to-month,No,Electronic check,49.8,1866.89,No
CUST-0000243,Female,0,Yes,No,10,Yes,Yes,DSL,No,No,No,No,Yes,No,Two year,No,Mailed check,68.69,682.81,Yes
CUST-0000244,Male,0,Yes,Yes,19,Yes,Yes,DSL,No,Yes,Yes,No,No,No,One year,Yes,Bank transfer (automatic),115.51,2200.86,Yes
CUST-0000245,Male,0,Yes,Yes,11,Yes,No,DSL,No,Yes,Yes,No,No,No,Two year,Yes,Mailed check,112.12,1245.6,No
CUST-0000246,Female,1,Yes,No,5,Yes,No,DSL,No,Yes,No,No,No,Yes,Two year,No,Credit card (automatic),82.6,417.1,Yes
CUST-0000247,Male,1,Yes,No,11,Yes,Yes,DSL,Yes,Yes,No,Yes,No,Yes,Month-to-month,No,Electronic check,55.52,624.88,No
CUST-0000248,Female,0,Yes,Yes,27,No,No phone service,Fiber optic,No,No,No,No,No,Yes,Two year,No,Electronic check,36.41,991.56,No
CUST-0000249,Female,0,Yes,No,55,Yes,Yes,Fiber optic,No,Yes,No,Yes,No,Yes,Two year,No,Credit card (automatic),79.58,4376.38,Yes
CUST-0000250,Female,0,No,No,14,Yes,No,No,No internet service,No internet service,No internet service,No internet service,No internet service,No internet service,Month-to-month,No,Electronic check,118.75,1670.51,No
CUST-0000251,Male,0,No,No,13,Yes,No,DSL,Yes,No,No,No,No,Yes,Month-to-month,No,Credit card (automatic),41.44,536.9,No
CUST-0000252,Male,0,No,Yes,20,Yes,Yes,DSL,No,No,No,No,No,No,Month-to-month,No,Bank transfer (automatic),57.37,1140.74,No
CUST-0000253,Female,1,Yes,No,33,Yes,Yes,Fiber optic,Yes,No,No,No,No,No,Month-to-month,Yes,Mailed check,91.27,3022.44,Yes
CUST-0000254,Male,0,Yes,Yes,44,Yes,Yes,Fiber optic,No,No,No,No,No,No,Month-to-month,Yes,Bank transfer (automatic),114.31,5076.35,No
CUST-0000255,Male,0,Yes,No,12,Yes,No,DSL,Yes,Yes,No,No,Yes,Yes,Month-to-month,No,Bank transfer (automatic),86.83,1048.17,Yes
CUST-0000256,Female,0,Yes,No,28,Yes,No,Fiber optic,No,Yes,Yes,No,No,No,Month-to-month,Yes,Mailed check,60.58,1700.47,No
CUST-0000257,Female,0,Yes,No,15,Yes,No,DSL,No,No,Yes,No,No,No,Two year,No,Electronic check,44.0,648.0,Yes
CUST-0000258,Female,0,No,No,40,Yes,No,DSL,No,Yes,Yes,No,Yes,No,One year,Yes,Credit card (automatic),103.92,4153.8,No
CUST-0000259,Female,0,No,Yes,5,Yes,No,Fiber optic,No,Yes,Yes,No,No,No,One year,Yes,Credit card (automatic),28.78,137.31,Yes
CUST-0000260,Male,0,Yes,No,9,Yes,Yes,DSL,No,No,No,Yes,No,Yes,Month-to-month,Yes,Credit card (automatic),18.25,177.43,No
CUST-0000261,Female,1,Yes,Yes,17,Yes,No,No,No internet service,No internet service,No internet service,No internet service,No internet service,No internet service,Month-to-month,Yes,Mailed check,117.58,2001.91,No
CUST-0000262,Female,0,Yes,No,70,Yes,Yes,No,No internet service,No internet service,No internet service,No internet service,No internet service,No internet service,Month-to-month,Yes,Bank transfer (automatic),93.48,6574.9,No
CUST-0000263,Male,1,Yes,Yes,27,No,No phone service,Fiber optic,No,Yes,No,No,No,Yes,Month-to-month,Yes,Credit card (automatic),19.21,499.76,No
CUST-0000264,Female,0,Yes,No,72,Yes,No,DSL,No,Yes,No,Yes,No,Yes,Two year,Yes,Mailed check,87.31,6281.36,No
CUST-0000265,Female,0,Yes,No,3,Yes,No,DSL,Yes,Yes,No,No,No,No,Month-to-month,No,Credit card (automatic),50.7,141.64,No
CUST-0000266,Female,0,Yes,No,19,Yes,No,Fiber optic,Yes,No,No,Yes,No,No,One year,No,Credit card (automatic),24.78,422.28,No
CUST-0000267,Female,0,Yes,Yes,17,Yes,Yes,Fiber optic,Yes,No,No,Yes,No,Yes,Month-to-month,No,Electronic check,72.62,1208.99,No
CUST-0000268,Female,1,Yes,No,29,Yes,Yes,No,No internet service,No internet service,No internet service,No internet service,No internet service,No internet service,One year,Yes,Bank transfer (automatic),40.47,1168.46,No
CUST-0000269,Male,0,Yes,Yes,53,Yes,No,DSL,No,Yes,Yes,No,No,Yes,Two year,No,Bank transfer (automatic),43.31,2298.97,No
CUST-0000270,Male,0,Yes,No,58,Yes,No,Fiber optic,No,No,Yes,Yes,No,Yes,Month-to-month,No,Mailed check,32.49,1889.23,Yes
CUST-0000271,Female,0,No,No,35,Yes,Yes,Fiber optic,No,Yes,No,No,Yes,Yes,Month-to-month,Yes,Credit card (automatic),71.2,2502.26,No
CUST-0000272,Female,0,Yes,No,32,Yes,Yes,No,No internet service,No internet service,No internet service,No internet service,No internet service,No internet service,Month-to-month,No,Credit card (automatic),98.16,3119.16,No
CUST-0000273,Female,1,No,No,72,Yes,Yes,Fiber optic,No,No,No,Yes,Yes,Yes,Month-to-month,No,Credit card (automatic),34.88,2499.14,Yes
CUST-0000274,Female,0,No,Yes,15,No,No phone service,Fiber optic,Yes,Yes,No,Yes,No,No,Two year,No,Mailed check,78.33,1193.59,No
CUST-0000275,Female,0,No,No,57,Yes,No,No,No internet service,No internet service,No internet service,No internet service,No internet service,No internet service,Month-to-month,No,Electronic check,77.46,4436.88,Yes
CUST-0000276,Male,0,No,Yes,72,Yes,No,DSL,No,No,Yes,No,No,Yes,Month-to-month,Yes,Electronic check,26.68,1940.55,No
CUST-0000277,Female,1,No,No,21,Yes,No,DSL,No,No,Yes,No,No,No,Two year,Yes,Credit card (automatic),67.34,1419.41,Yes
CUST-0000278,Female,0,No,No,41,Yes,No,Fiber optic,No,Yes,No,No,Yes,No,Two year,No,Mailed check,90.86,3693.8,No
CUST-0000279,Female,0,Yes,No,15,Yes,Yes,Fiber optic,Yes,Yes,No,Yes,No,No,One year,Yes,Electronic check,98.95,1510.06,No
CUST-0000280,Female,0,Yes,No,5,Yes,No,DSL,No,Yes,No,No,No,Yes,Month-to-month,Yes,Credit card (automatic),61.67,290.78,Yes
CUST-0000281,Female,0,No,No,28,No,No phone service,DSL,No,Yes,Yes,No,Yes,Yes,Two year,Yes,Mailed check,32.55,927.16,No
CUST-0000282,Male,0,No,No,6,Yes,Yes,DSL,No,No,Yes,Yes,Yes,Yes,Month-to-month,Yes,Electronic check,69.74,409.94,Yes
CUST-0000283,Male,0,No,No,19,Yes,Yes,Fiber optic,No,Yes,Yes,No,No,No,Month-to-month,Yes,Bank transfer (automatic),74.02,1408.5,Yes
CUST-0000284,Male,0,No,No,66,Yes,No,Fiber optic,No,No,No,No,No,No,Month-to-month,Yes,Mailed check,41.37,2714.5,Yes
CUST-0000285,Female,0,No,No,2,Yes,Yes,No,No internet service,No internet service,No internet service,No internet service,No internet service,No internet service,Month-to-month,Yes,Mailed check,18.25,33.73,No
CUST-0000286,Male,0,No,Yes,0,Yes,No,Fiber optic,No,No,No,No,Yes,Yes,One year,Yes,Mailed check,88.77,,Yes
CUST-0000287,Male,0,No,No,29,Yes,No,Fiber optic,No,No,No,No,No,Yes,Month-to-month,Yes,Electronic check,72.46,2083.52,No
CUST-0000288,Female,0,No,Yes,12,No,No phone service,Fiber optic,No,Yes,No,No,No,No,One year,No,Electronic check,29.63,344.24,Yes
CUST-0000289,Male,1,No,No,17,Yes,No,Fiber optic,Yes,No,No,No,No,No,Month-to-month,No,Mailed check,114.26,1905.18,Yes
CUST-0000290,Female,1,No,Yes,16,Yes,No,Fiber optic,Yes,Yes,No,No,No,Yes,Month-to-month,No,Credit card (automatic),76.53,1209.69,Yes
CUST-0000291,Male,0,No,No,2,Yes,Yes,DSL,Yes,No,No,No,No,No,Month-to-month,Yes,Credit card (automatic),18.25,8.32,No
CUST-0000292,Male,0,No,No,0,Yes,No,No,No internet service,No internet service,No internet service,No internet service,No internet service,No internet service,Month-to-month,Yes,Electronic check,82.05,,No
CUST-0000293,Female,0,Yes,Yes,72,Yes,Yes,No,No internet service,No internet service,No internet service,No internet service,No internet service,No internet service,Month-to-month,Yes,Credit card (automatic),105.77,7593.78,Yes
CUST-0000294,Male,0,Yes,No,7,Yes,No,DSL,Yes,No,Yes,No,No,No,Month-to-month,Yes,Mailed check,55.86,419.34,Yes
CUST-0000295,Male,0,No,No,17,Yes,No,No,No internet service,No internet service,No internet service,No internet service,No internet service,No internet service,Month-to-month,Yes,Mailed check,118.75,1990.38,No
CUST-0000296,Female,0,No,Yes,72,Yes,Yes,DSL,No,No,No,No,Yes,Yes,Month-to-month,No,Mailed check,60.85,4382.75,No
CUST-0000297,Female,0,Yes,No,56,Yes,No,Fiber optic,No,No,Yes,Yes,Yes,No,Two year,Yes,Credit card (automatic),98.42,5519.8,No
CUST-0000298,Male,1,Yes,No,3,Yes,No,Fiber optic,No,Yes,Yes,No,No,No,Month-to-month,Yes,Mailed check,18.25,50.93,No
CUST-0000299,Female,0,No,Yes,22,Yes,No,DSL,No,No,No,No,Yes,No,Month-to-month,Yes,Electronic check,64.32,1429.5,Yes
CUST-0000300,Male,0,No,No,41,Yes,No,DSL,No,No,No,Yes,Yes,No,One year,Yes,Credit card (automatic),102.97,4211.62,No
CUST-0000301,Male,0,No,No,38,Yes,No,Fiber optic,No,No,Yes,No,No,Yes,Month-to-month,No,Credit card (automatic),18.25,696.42,No
CUST-0000302,Female,0,No,No,45,Yes,No,Fiber optic,Yes,No,No,No,No,No,Month-to-month,No,Mailed check,112.61,5065.76,Yes
CUST-0000303,Female,0,Yes,No,19,No,No phone service,DSL,No,No,Yes,No,Yes,No,Month-to-month,No,Mailed check,94.61,1787.37,No
CUST-0000304,Female,0,Yes,No,6,Yes,Yes,DSL,No,Yes,Yes,No,No,Yes,Two year,No,Electronic check,91.13,558.55,Yes
CUST-0000305,Female,0,Yes,No,20,Yes,Yes,No,No internet service,No internet service,No internet service,No internet service,No internet service,No internet service,Two year,No,Electronic check,76.72,1533.02,No
CUST-0000306,Female,0,No,No,33,Yes,Yes,Fiber optic,No,No,No,Yes,No,No,Two year,Yes,Electronic check,33.85,1113.36,Yes
CUST-0000307,Female,1,Yes,Yes,30,Yes,Yes,DSL,Yes,No,No,No,Yes,Yes,Month-to-month,Yes,Credit card (automatic),70.4,2086.49,No
CUST-0000308,Male,0,No,No,2,Yes,No,Fiber optic,No,No,No,No,No,Yes,Month-to-month,Yes,Mailed check,72.0,136.64,No
CUST-0000309,Female,0,No,No,2,Yes,No,DSL,No,No,No,No,No,Yes,One year,Yes,Electronic check,18.25,33.29,Yes
CUST-0000310,Male,0,No,No,72,Yes,No,DSL,No,No,Yes,Yes,No,No,Month-to-month,No,Credit card (automatic),50.2,3642.4,Yes
CUST-0000311,Male,0,No,Yes,5,Yes,Yes,No,No internet service,No internet service,No internet service,No internet service,No internet service,No internet service,Month-to-month,Yes,Bank transfer (automatic),59.9,288.69,No
CUST-0000312,Male,0,Yes,No,11,Yes,No,No,No internet service,No internet service,No internet service,No internet service,No internet service,No internet service,Two year,Yes,Credit card (automatic),80.81,905.91,No
CUST-0000313,Male,0,No,Yes,46,Yes,No,DSL,No,Yes,No,No,No,No,Month-to-month,No,Electronic check,47.87,2199.91,No
CUST-0000314,Female,1,Yes,No,16,Yes,No,No,No internet service,No internet service,No internet service,No internet service,No internet service,No internet service,Two year,No,Credit card (automatic),50.83,793.12,Yes
CUST-0000315,Female,1,Yes,No,6,Yes,No,No,No internet service,No internet service,No internet service,No internet service,No internet service,No internet service,Month-to-month,Yes,Credit card (automatic),36.56,245.0,No
CUST-0000316,Female,0,Yes,No,20,No,No phone service,Fiber optic,No,No,No,No,Yes,No,Month-to-month,Yes,Credit card (automatic),118.75,2377.03,No
CUST-0000317,Male,1,Yes,No,26,Yes,Yes,Fiber optic,Yes,No,No,No,Yes,No,Month-to-month,Yes,Credit card (automatic),28.66,729.46,No
CUST-0000318,Male,0,No,No,19,Yes,No,DSL,No,No,Yes,No,Yes,No,One year,No,Credit card (automatic),21.28,417.55,No
CUST-0000319,Male,0,No,Yes,72,Yes,No,DSL,Yes,Yes,No,No,Yes,No,Month-to-month,Yes,Credit card (automatic),84.1,6085.51,No
CUST-0000320,Male,0,Yes,No,10,Yes,No,Fiber optic,No,Yes,No,No,No,No,Month-to-month,Yes,Credit card (automatic),41.25,388.04,No
CUST-0000321,Female,1,Yes,No,34,Yes,No,No,No internet service,No internet service,No internet service,No internet service,No internet service,No internet service,Two year,No,Mailed check,22.83,792.84,No
CUST-0000322,Female,0,No,No,3,Yes,No,Fiber optic,Yes,No,No,No,No,Yes,One year,Yes,Electronic check,58.44,147.12,Yes
CUST-0000323,Female,0,No,No,15,Yes,No,DSL,No,No,No,Yes,Yes,No,One year,No,Electronic check,63.88,923.63,No
CUST-0000324,Male,0,Yes,Yes,43,Yes,No,DSL,No,No,No,Yes,Yes,No,Month-to-month,No,Electronic check,80.57,3436.57,Yes
CUST-0000325,Female,0,No,No,8,Yes,No,Fiber optic,No,No,No,No,Yes,No,One year,Yes,Credit card (automatic),71.09,564.41,No
CUST-0000326,Female,0,No,No,28,Yes,No,Fiber optic,No,No,No,No,No,No,One year,No,Credit card (automatic),67.29,1891.77,No
CUST-0000327,Female,1,No,Yes,5,Yes,No,DSL,No,Yes,Yes,No,No,Yes,Two year,Yes,Mailed check,79.58,387.99,No
CUST-0000328,Female,0,Yes,Yes,3,Yes,Yes,Fiber optic,No,No,No,Yes,Yes,No,One year,Yes,Mailed check,89.85,248.13,No
CUST-0000329,Male,0,No,No,23,Yes,No,Fiber optic,Yes,No,Yes,No,Yes,Yes,Month-to-month,Yes,Mailed check,47.56,1100.39,Yes
CUST-0000330,Male,0,No,No,35,Yes,Yes,DSL,No,Yes,No,Yes,Yes,Yes,Month-to-month,Yes,Mailed check,48.99,1718.2,No
CUST-0000331,Male,0,No,No,3,Yes,No,DSL,No,Yes,No,No,Yes,No,Two year,Yes,Mailed check,87.12,261.33,No
CUST-0000332,Female,0,No,No,72,No,No phone service,DSL,No,No,Yes,No,No,No,Two year,Yes,Bank transfer (automatic),56.45,4081.84,Yes
CUST-0000333,Male,0,No,No,8,Yes,Yes,No,No internet service,No internet service,No internet service,No internet service,No internet service,No internet service,Month-to-month,No,Electronic check,41.55,333.52,Yes
CUST-0000334,Male,0,Yes,No,4,No,No phone service,Fiber optic,Yes,Yes,No,Yes,Yes,No,Month-to-month,Yes,Mailed check,44.5,203.92,Yes
CUST-0000335,Male,0,No,No,7,Yes,No,Fiber optic,Yes,No,No,No,No,No,Month-to-month,No,Mailed check,20.61,102.87,No
CUST-0000336,Male,0,No,Yes,5,Yes,No,Fiber optic,No,No,No,No,Yes,Yes,Month-to-month,Yes,Electronic check,77.18,359.33,No
CUST-0000337,Female,0,No,No,3,Yes,No,Fiber optic,Yes,No,No,No,No,No,Month-to-month,Yes,Credit card (automatic),118.75,375.27,No
CUST-0000338,Female,0,Yes,Yes,51,Yes,No,DSL,Yes,No,No,Yes,No,No,Two year,Yes,Mailed check,93.56,4732.93,No
CUST-0000339,Male,0,Yes,No,21,Yes,No,Fiber optic,No,Yes,No,No,No,Yes,One year,Yes,Mailed check,45.2,966.4,Yes
CUST-0000340,Male,1,No,No,15,Yes,Yes,Fiber optic,Yes,No,No,No,No,No,Month-to-month,Yes,Electronic check,18.25,295.62,No
CUST-0000341,Male,0,No,No,72,Yes,No,DSL,No,Yes,Yes,No,No,No,Month-to-month,Yes,Mailed check,33.52,2405.69,No
CUST-0000342,Male,0,Yes,Yes,14,Yes,No,DSL,No,Yes,No,No,No,Yes,Month-to-month,No,Mailed check,62.02,877.08,No
CUST-0000343,Male,0,No,Yes,5,Yes,No,Fiber optic,No,No,No,No,No,No,Two year,Yes,Credit card (automatic),88.32,440.04,No
CUST-0000344,Male,0,Yes,No,10,Yes,Yes,Fiber optic,Yes,No,No,Yes,Yes,Yes,Month-to-month,Yes,Electronic check,87.37,879.36,Yes
CUST-0000345,Male,1,No,No,8,Yes,No,DSL,No,No,No,No,No,Yes,Month-to-month,No,Electronic check,52.18,385.05,No
CUST-0000346,Female,0,No,No,22,Yes,Yes,Fiber optic,No,No,Yes,Yes,No,Yes,Two year,Yes,Bank transfer (automatic),62.83,1397.38,Yes
CUST-0000347,Female,0,Yes,No,11,Yes,Yes,No,No internet service,No internet service,No internet service,No internet service,No internet service,No internet service,One year,Yes,Bank transfer (automatic),46.47,499.7,No
CUST-0000348,Male,0,No,No,23,Yes,Yes,DSL,No,No,Yes,No,Yes,Yes,Month-to-month,No,Bank transfer (automatic),49.81,1122.3,No
CUST-0000349,Male,0,No,Yes,35,No,No phone service,Fiber optic,No,No,Yes,No,No,Yes,One year,Yes,Electronic check,72.14,2490.64,No
CUST-0000350,Female,0,Yes,Yes,48,Yes,No,Fiber optic,Yes,No,No,No,No,No,One year,No,Credit card (automatic),49.2,2356.99,No
CUST-0000351,Male,0,No,Yes,39,No,No phone service,DSL,No,No,Yes,No,Yes,No,Month-to-month,No,Credit card (automatic),27.17,1051.33,Yes
CUST-0000352,Female,0,Yes,No,7,Yes,Yes,Fiber optic,Yes,No,Yes,No,No,Yes,Two year,Yes,Credit card (automatic),67.57,466.72,No
CUST-0000353,Female,0,No,Yes,3,No,No phone service,No,No internet service,No internet service,No internet service,No internet service,No internet service,No internet service,Month-to-month,No,Electronic check,82.83,239.58,No
CUST-0000354,Male,0,Yes,Yes,25,Yes,No,No,No internet service,No internet service,No internet service,No internet service,No internet service,No internet service,Two year,Yes,Credit card (automatic),50.32,1234.97,No
CUST-0000355,Male,1,Yes,No,7,Yes,No,DSL,Yes,No,No,No,Yes,Yes,Two year,No,Electronic check,118.75,862.13,No
CUST-0000356,Female,0,Yes,No,2,Yes,No,No,No internet service,No internet service,No internet service,No internet service,No internet service,No internet service,Month-to-month,Yes,Electronic check,62.12,118.05,No
CUST-0000357,Male,0,Yes,No,23,Yes,No,Fiber optic,No,Yes,No,Yes,No,No,One year,No,Electronic check,40.25,944.59,No
CUST-0000358,Female,0,No,No,12,Yes,No,DSL,No,Yes,Yes,No,Yes,No,Two year,Yes,Electronic check,118.75,1406.79,No
CUST-0000359,Female,0,Yes,Yes,45,Yes,Yes,DSL,No,No,Yes,No,Yes,Yes,One year,Yes,Credit card (automatic),107.44,4888.65,No
CUST-0000360,Female,0,Yes,No,12,Yes,Yes,No,No internet service,No internet service,No internet service,No internet service,No internet service,No internet service,One year,Yes,Credit card (automatic),118.75,1439.94,No
CUST-0000361,Male,0,No,Yes,72,Yes,Yes,Fiber optic,No,No,No,No,No,No,Two year,No,Electronic check,63.68,4617.06,No
CUST-0000362,Female,0,No,No,45,No,No phone service,No,No internet service,No internet service,No internet service,No internet service,No internet service,No internet service,One year,No,Bank transfer (automatic),53.67,2439.27,No
CUST-0000363,Male,0,No,No,1,Yes,No,DSL,No,Yes,Yes,Yes,Yes,No,Month-to-month,No,Electronic check,62.38,71.78,No
CUST-0000364,Female,0,No,No,22,Yes,No,Fiber optic,No,No,No,No,No,Yes,Month-to-month,Yes,Electronic check,83.73,1848.02,No
CUST-0000365,Female,1,No,No,26,Yes,Yes,DSL,No,No,No,Yes,Yes,Yes,Month-to-month,Yes,Mailed check,101.05,2621.53,No
CUST-0000366,Male,0,Yes,No,38,Yes,No,DSL,Yes,Yes,Yes,No,Yes,No,Month-to-month,Yes,Mailed check,95.35,3629.28,Yes
CUST-0000367,Female,0,Yes,No,22,Yes,No,No,No internet service,No internet service,No internet service,No internet service,No internet service,No internet service,Month-to-month,Yes,Electronic check,65.21,1420.22,No
CUST-0000368,Female,0,No,Yes,21,Yes,No,DSL,No,Yes,Yes,No,No,No,Month-to-month,Yes,Electronic check,86.49,1827.73,No
CUST-0000369,Male,0,Yes,No,14,Yes,Yes,Fiber optic,Yes,Yes,No,No,No,No,Month-to-month,Yes,Electronic check,35.53,473.84,No
CUST-0000370,Male,0,Yes,Yes,10,Yes,No,No,No internet service,No internet service,No internet service,No internet service,No internet service,No internet service,Month-to-month,No,Mailed check,37.25,379.46,No
CUST-0000371,Male,0,Yes,No,72,Yes,No,No,No internet service,No internet service,No internet service,No internet service,No internet service,No internet service,One year,Yes,Mailed check,68.84,4943.7,No
CUST-0000372,Male,0,Yes,No,12,Yes,No,Fiber optic,No,No,No,No,Yes,No,Month-to-month,No,Mailed check,18.25,242.11,No
CUST-0000373,Male,0,No,Yes,2,Yes,Yes,Fiber optic,No,Yes,No,Yes,Yes,Yes,One year,Yes,Mailed check,64.8,104.68,No
CUST-0000374,Female,0,No,No,5,Yes,Yes,Fiber optic,No,No,Yes,No,No,No,Two year,Yes,Credit card (automatic),93.52,437.53,No
CUST-0000375,Male,0,No,Yes,62,Yes,No,DSL,No,No,No,No,Yes,No,One year,Yes,Credit card (automatic),76.42,4743.22,No
CUST-0000376,Male,0,No,No,28,Yes,No,DSL,No,No,Yes,Yes,Yes,Yes,One year,No,Mailed check,106.79,2965.62,Yes
CUST-0000377,Female,0,Yes,Yes,48,Yes,Yes,DSL,No,No,No,No,Yes,No,One year,Yes,Credit card (automatic),52.1,2503.08,No
CUST-0000378,Male,0,Yes,No,52,Yes,No,Fiber optic,No,Yes,No,No,No,No,Month-to-month,No,Electronic check,21.1,1114.05,Yes
CUST-0000379,Female,0,No,No,55,Yes,Yes,DSL,No,Yes,Yes,Yes,Yes,No,Month-to-month,Yes,Electronic check,41.06,2258.73,No
CUST-0000380,Male,0,Yes,No,25,Yes,No,DSL,No,Yes,No,No,Yes,Yes,Two year,Yes,Electronic check,67.48,1666.78,Yes
CUST-0000381,Male,0,Yes,No,6,Yes,No,Fiber optic,Yes,No,No,No,No,No,Month-to-month,No,Electronic check,115.32,677.06,Yes
CUST-0000382,Female,0,No,Yes,5,Yes,Yes,Fiber optic,Yes,No,No,No,No,No,Two year,Yes,Bank transfer (automatic),118.75,608.5,No
CUST-0000383,Female,0,No,No,27,Yes,Yes,Fiber optic,No,No,No,No,No,Yes,Month-to-month,No,Bank transfer (automatic),18.25,497.69,No
CUST-0000384,Female,0,Yes,Yes,14,Yes,No,DSL,Yes,No,No,No,No,Yes,Month-to-month,Yes,Credit card (automatic),58.13,805.42,No
CUST-0000385,Female,0,No,No,26,No,No phone service,No,No internet service,No internet service,No internet service,No internet service,No internet service,No internet service,One year,No,Bank transfer (automatic),41.7,1099.24,No
CUST-0000386,Female,0,No,No,22,Yes,Yes,No,No internet service,No internet service,No internet service,No internet service,No internet service,No internet service,Two year,Yes,Mailed check,45.01,964.1,No
CUST-0000387,Male,0,Yes,No,29,Yes,No,DSL,No,No,No,No,No,Yes,One year,No,Electronic check,57.87,1696.25,Yes
CUST-0000388,Male,0,No,Yes,1,Yes,No,DSL,No,No,No,No,Yes,Yes,One year,Yes,Electronic check,41.76,56.5,No
CUST-0000389,Female,0,Yes,Yes,1,No,No phone service,Fiber optic,No,Yes,Yes,No,No,No,One year,Yes,Electronic check,82.55,62.79,No
CUST-0000390,Female,0,No,Yes,40,Yes,No,No,No internet service,No internet service,No internet service,No internet service,No internet service,No internet service,One year,Yes,Electronic check,113.9,4559.13,No
CUST-0000391,Female,0,No,No,6,Yes,No,DSL,No,No,No,No,No,No,Month-to-month,Yes,Credit card (automatic),112.64,666.54,Yes
CUST-0000392,Male,0,No,Yes,33,Yes,No,DSL,No,No,Yes,No,No,No,Month-to-month,Yes,Electronic check,41.02,1376.2,No
CUST-0000393,Male,1,Yes,No,25,Yes,No,DSL,No,Yes,Yes,No,Yes,No,Two year,No,Bank transfer (automatic),60.46,1548.23,No
CUST-0000394,Female,0,Yes,Yes,72,Yes,No,Fiber optic,No,No,No,Yes,Yes,No,Two year,No,Bank transfer (automatic),112.36,8057.12,No
CUST-0000395,Male,0,Yes,Yes,57,Yes,Yes,No,No internet service,No internet service,No internet service,No internet service,No internet service,No internet service,Month-to-month,Yes,Electronic check,79.16,4515.88,Yes
CUST-0000396,Female,0,No,No,17,Yes,No,Fiber optic,No,Yes,Yes,No,Yes,Yes,Month-to-month,Yes,Electronic check,103.24,1750.03,No
CUST-0000397,Female,0,Yes,Yes,30,Yes,Yes,Fiber optic,Yes,No,No,No,Yes,No,One year,No,Mailed check,83.65,2491.85,Yes
CUST-0000398,Male,0,Yes,No,3,Yes,No,Fiber optic,No,No,No,No,No,Yes,Month-to-month,No,Credit card (automatic),95.38,266.87,Yes
CUST-0000399,Female,0,Yes,No,15,Yes,No,DSL,No,No,Yes,No,No,Yes,Month-to-month,Yes,Bank transfer (automatic),49.89,742.59,No
CUST-0000400,Female,0,Yes,Yes,42,No,No phone service,Fiber optic,No,No,No,No,Yes,No,Month-to-month,No,Credit card (automatic),45.48,1895.48,No
CUST-0000401,Male,0,Yes,No,31,Yes,Yes,DSL,No,No,No,No,No,No,Month-to-month,Yes,Electronic check,18.25,586.24,No
CUST-0000402,Female,0,No,No,21,Yes,Yes,DSL,No,Yes,No,Yes,No,Yes,Month-to-month,No,Mailed check,29.18,627.95,Yes
CUST-0000403,Female,0,Yes,Yes,6,Yes,Yes,DSL,Yes,No,Yes,No,No,Yes,Month-to-month,No,Electronic check,53.47,314.67,No
CUST-0000404,Female,0,Yes,Yes,52,No,No phone service,Fiber optic,No,No,Yes,No,Yes,No,Month-to-month,No,Mailed check,18.25,951.62,No
CUST-0000405,Male,0,No,No,10,Yes,No,Fiber optic,No,Yes,Yes,Yes,No,No,Two year,No,Electronic check,91.3,904.99,No
CUST-0000406,Female,0,No,Yes,54,Yes,Yes,Fiber optic,No,No,No,No,No,No,Month-to-month,Yes,Credit card (automatic),66.08,3560.83,No
CUST-0000407,Male,0,Yes,No,30,No,No phone service,DSL,No,No,No,No,Yes,Yes,One year,Yes,Credit card (automatic),56.14,1671.35,No
CUST-0000408,Male,0,Yes,No,14,Yes,No,DSL,No,No,No,Yes,No,No,Month-to-month,Yes,Credit card (automatic),60.85,822.12,No
CUST-0000409,Female,0,No,Yes,1,Yes,Yes,DSL,No,No,No,No,Yes,Yes,Month-to-month,Yes,Electronic check,98.67,108.94,Yes
CUST-0000410,Male,0,Yes,No,8,Yes,No,DSL,Yes,No,No,No,No,Yes,Month-to-month,Yes,Mailed check,35.36,255.36,No
CUST-0000411,Male,0,No,No,70,No,No phone service,Fiber optic,Yes,No,No,Yes,No,No,Month-to-month,No,Electronic check,28.36,1985.67,No
CUST-0000412,Female,1,Yes,No,54,Yes,No,DSL,No,Yes,No,Yes,Yes,No,Month-to-month,Yes,Credit card (automatic),50.65,2723.93,No
CUST-0000413,Female,1,Yes,No,27,Yes,Yes,Fiber optic,No,Yes,Yes,No,No,Yes,One year,Yes,Mailed check,109.54,2987.03,No
CUST-0000414,Female,0,Yes,No,20,Yes,Yes,Fiber optic,No,No,Yes,No,Yes,No,Month-to-month,Yes,Electronic check,41.75,847.21,No
CUST-0000415,Female,0,No,Yes,33,Yes,Yes,Fiber optic,No,No,Yes,No,Yes,No,Month-to-month,Yes,Credit card (automatic),73.05,2398.68,Yes
CUST-0000416,Male,0,No,No,20,Yes,No,Fiber optic,No,No,No,Yes,Yes,No,Month-to-month,Yes,Electronic check,47.34,949.21,Yes
CUST-0000417,Male,0,Yes,No,33,Yes,Yes,DSL,No,No,No,No,No,No,Two year,No,Electronic check,18.25,570.04,Yes
CUST-0000418,Male,0,No,No,11,Yes,No,Fiber optic,No,Yes,No,No,No,No,One year,Yes,Bank transfer (automatic),32.07,341.98,No
CUST-0000419,Female,0,Yes,No,58,Yes,Yes,No,No internet service,No internet service,No internet service,No internet service,No internet service,No internet service,Two year,No,Mailed check,32.06,1845.04,No
CUST-0000420,Female,1,Yes,No,38,Yes,No,Fiber optic,Yes,Yes,No,Yes,No,Yes,Month-to-month,Yes,Electronic check,72.52,2776.8,No
CUST-0000421,Female,0,No,No,12,Yes,No,DSL,No,No,No,No,Yes,Yes,Two year,Yes,Bank transfer (automatic),88.49,1044.48,No
CUST-0000422,Female,0,Yes,No,56,Yes,Yes,No,No internet service,No internet service,No internet service,No internet service,No internet service,No internet service,One year,Yes,Electronic check,18.25,1015.72,No
CUST-0000423,Male,0,No,No,21,Yes,Yes,Fiber optic,No,Yes,Yes,Yes,Yes,Yes,Month-to-month,Yes,Mailed check,61.71,1312.29,No
CUST-0000424,Male,0,No,No,6,Yes,No,Fiber optic,No,No,No,Yes,No,No,One year,Yes,Bank transfer (automatic),59.41,346.99,No
CUST-0000425,Male,0,No,Yes,2,Yes,No,Fiber optic,No,No,Yes,No,No,Yes,Month-to-month,No,Bank transfer (automatic),118.75,240.57,No
CUST-0000426,Female,0,No,No,38,Yes,No,DSL,No,Yes,No,Yes,No,No,Month-to-month,No,Electronic check,63.76,2440.11,Yes
CUST-0000427,Male,0,Yes,Yes,64,Yes,No,Fiber optic,No,Yes,Yes,No,No,Yes,Month-to-month,Yes,Credit card (automatic),94.3,6030.56,Yes
CUST-0000428,Female,0,Yes,Yes,52,Yes,Yes,Fiber optic,No,No,Yes,Yes,No,Yes,One year,Yes,Bank transfer (automatic),20.19,1037.33,Yes
CUST-0000429,Male,0,Yes,No,34,Yes,Yes,No,No internet service,No internet service,No internet service,No internet service,No internet service,No internet service,Month-to-month,No,Electronic check,52.24,1790.96,No
CUST-0000430,Male,1,Yes,No,4,Yes,Yes,DSL,Yes,Yes,Yes,No,No,Yes,Two year,Yes,Credit card (automatic),18.25,73.87,No
CUST-0000431,Male,0,No,No,3,Yes,Yes,Fiber optic,Yes,Yes,No,Yes,No,No,Two year,Yes,Electronic check,50.2,147.07,Yes
CUST-0000432,Female,0,Yes,No,13,Yes,Yes,No,No internet service,No internet service,No internet service,No internet service,No internet service,No internet service,One year,Yes,Credit card (automatic),62.28,812.57,No
CUST-0000433,Female,0,No,Yes,61,Yes,Yes,DSL,No,No,No,Yes,No,No,Two year,Yes,Credit card (automatic),18.25,1109.7,No
CUST-0000434,Male,0,Yes,No,72,Yes,Yes,No,No internet service,No internet service,No internet service,No internet service,No internet service,No internet service,Month-to-month,Yes,Mailed check,90.33,6456.73,Yes
CUST-0000435,Male,0,No,Yes,8,Yes,Yes,DSL,No,No,No,No,No,No,Two year,No,Bank transfer (automatic),81.08,633.17,No
CUST-0000436,Female,1,No,Yes,45,Yes,Yes,DSL,Yes,No,No,No,Yes,Yes,One year,Yes,Mailed check,90.75,4089.98,No
CUST-0000437,Male,0,No,No,27,Yes,Yes,DSL,No,No,No,No,Yes,No,Month-to-month,Yes,Credit card (automatic),70.54,1872.61,No
CUST-0000438,Female,0,Yes,No,1,Yes,Yes,Fiber optic,No,No,Yes,No,Yes,Yes,Month-to-month,Yes,Credit card (automatic),31.8,29.46,No
CUST-0000439,Female,0,No,Yes,25,Yes,No,DSL,No,Yes,No,No,No,No,Month-to-month,Yes,Bank transfer (automatic),91.74,2320.0,Yes
CUST-0000440,Male,0,Yes,No,52,Yes,Yes,Fiber optic,No,No,No,No,No,No,One year,No,Mailed check,36.47,1898.99,No
CUST-0000441,Male,0,Yes,No,10,No,No phone service,DSL,No,Yes,Yes,Yes,Yes,Yes,Two year,Yes,Mailed check,18.25,164.52,No
CUST-0000442,Female,0,Yes,Yes,72,Yes,Yes,DSL,No,No,No,No,No,No,One year,Yes,Credit card (automatic),50.05,3607.48,Yes
CUST-0000443,Male,0,No,Yes,8,Yes,No,Fiber optic,Yes,No,No,No,Yes,Yes,Month-to-month,Yes,Bank transfer (automatic),57.58,419.72,No
CUST-0000444,Male,0,Yes,No,2,Yes,No,DSL,No,No,No,No,No,No,Month-to-month,No,Electronic check,69.04,136.4,No
CUST-0000445,Female,1,No,Yes,5,Yes,Yes,DSL,No,Yes,Yes,Yes,No,Yes,Two year,No,Bank transfer (automatic),36.43,216.82,No
CUST-0000446,Female,0,No,No,58,Yes,No,Fiber optic,No,No,No,No,Yes,Yes,Month-to-month,Yes,Electronic check,110.81,6437.8,Yes
CUST-0000447,Female,0,Yes,No,17,Yes,No,Fiber optic,No,No,No,No,Yes,No,Month-to-month,Yes,Electronic check,79.03,1341.3,Yes
CUST-0000448,Female,0,No,No,51,Yes,No,DSL,No,Yes,Yes,No,Yes,Yes,One year,No,Credit card (automatic),84.71,4322.5,No
CUST-0000449,Male,0,No,No,24,Yes,No,Fiber optic,No,Yes,Yes,No,No,No,One year,Yes,Credit card (automatic),97.12,2356.17,No
CUST-0000450,Male,0,Yes,No,20,Yes,No,DSL,No,Yes,No,Yes,Yes,No,Two year,Yes,Bank transfer (automatic),73.37,1446.47,No
CUST-0000451,Female,0,No,Yes,52,Yes,Yes,Fiber optic,No,No,No,No,No,No,Month-to-month,Yes,Bank transfer (automatic),74.12,3851.55,No
CUST-0000452,Female,1,Yes,No,17,Yes,Yes,No,No internet service,No internet service,No internet service,No internet service,No internet service,No internet service,Month-to-month,No,Mailed check,59.21,1020.47,No
CUST-0000453,Male,0,No,No,51,Yes,No,No,No internet service,No internet service,No internet service,No internet service,No internet service,No internet service,Two year,Yes,Electronic check,60.13,3023.1,No
CUST-0000454,Female,0,Yes,Yes,3,Yes,No,DSL,No,Yes,No,Yes,Yes,No,Month-to-month,Yes,Mailed check,83.04,262.25,No
CUST-0000455,Male,1,Yes,No,32,Yes,No,Fiber optic,Yes,No,No,Yes,No,Yes,Month-to-month,Yes,Mailed check,27.43,873.14,No
CUST-0000456,Male,0,No,Yes,38,Yes,Yes,Fiber optic,No,No,No,No,No,Yes,Month-to-month,No,Mailed check,33.96,1289.11,No
CUST-0000457,Male,0,Yes,Yes,72,Yes,Yes,No,No internet service,No internet service,No internet service,No internet service,No internet service,No internet service,Month-to-month,Yes,Electronic check,118.75,8546.85,Yes
CUST-0000458,Male,0,Yes,No,8,Yes,No,No,No internet service,No internet service,No internet service,No internet service,No internet service,No internet service,Month-to-month,No,Credit card (automatic),57.23,490.8,No
CUST-0000459,Male,0,Yes,No,29,Yes,No,Fiber optic,Yes,No,Yes,Yes,No,Yes,Month-to-month,Yes,Bank transfer (automatic),118.75,3439.21,Yes
CUST-0000460,Male,0,Yes,No,18,Yes,No,No,No internet service,No internet service,No internet service,No internet service,No internet service,No internet service,Month-to-month,No,Bank transfer (automatic),88.7,1617.85,No
CUST-0000461,Male,0,No,Yes,15,Yes,No,No,No internet service,No internet service,No internet service,No internet service,No internet service,No internet service,Two year,Yes,Mailed check,81.19,1206.73,No
CUST-0000462,Female,0,No,No,3,Yes,Yes,Fiber optic,No,No,Yes,No,No,No,Month-to-month,No,Credit card (automatic),40.51,94.27,No
CUST-0000463,Female,1,No,Yes,4,Yes,No,Fiber optic,No,No,Yes,No,No,Yes,One year,Yes,Electronic check,56.05,243.15,Yes
CUST-0000464,Female,0,No,No,58,Yes,No,Fiber optic,No,No,No,No,Yes,No,Two year,No,Electronic check,18.25,1060.49,No
CUST-0000465,Female,0,Yes,No,44,Yes,No,Fiber optic,No,No,Yes,Yes,Yes,Yes,Two year,Yes,Credit card (automatic),67.53,2956.35,Yes
CUST-0000466,Male,0,Yes,No,15,Yes,No,Fiber optic,No,No,Yes,No,Yes,Yes,Month-to-month,Yes,Credit card (automatic),40.49,580.04,No
CUST-0000467,Male,1,No,No,56,Yes,No,Fiber optic,Yes,No,No,No,Yes,Yes,Month-to-month,Yes,Bank transfer (automatic),50.6,2875.32,Yes
CUST-0000468,Female,0,No,No,2,Yes,Yes,DSL,No,No,No,No,No,No,Month-to-month,Yes,Mailed check,47.68,91.8,Yes
CUST-0000469,Male,1,Yes,No,31,Yes,Yes,No,No internet service,No internet service,No internet service,No internet service,No internet service,No internet service,One year,No,Credit card (automatic),31.4,982.17,Yes
CUST-0000470,Female,0,Yes,No,64,Yes,Yes,No,No internet service,No internet service,No internet service,No internet service,No internet service,No internet service,Two year,No,Bank transfer (automatic),18.25,1153.8,Yes
CUST-0000471,Male,0,No,No,58,Yes,No,DSL,Yes,No,No,Yes,No,Yes,Month-to-month,No,Bank transfer (automatic),60.83,3530.76,No
CUST-0000472,Female,0,No,No,14,Yes,Yes,No,No internet service,No internet service,No internet service,No internet service,No internet service,No internet service,Two year,Yes,Bank transfer (automatic),59.85,867.26,Yes
CUST-0000473,Male,0,No,No,43,Yes,Yes,Fiber optic,Yes,No,No,No,No,No,Month-to-month,Yes,Credit card (automatic),18.25,780.35,No
CUST-0000474,Female,0,Yes,No,17,Yes,No,Fiber optic,No,Yes,Yes,No,No,No,Two year,No,Electronic check,47.39,802.65,No
CUST-0000475,Female,0,No,Yes,58,Yes,Yes,Fiber optic,No,Yes,No,No,Yes,No,One year,No,Electronic check,53.28,3123.56,No
CUST-0000476,Female,0,Yes,Yes,24,Yes,Yes,Fiber optic,No,No,No,Yes,Yes,No,Month-to-month,Yes,Bank transfer (automatic),76.47,1796.58,No
CUST-0000477,Male,0,Yes,No,46,Yes,No,Fiber optic,No,No,Yes,No,Yes,No,One year,No,Mailed check,44.68,2038.24,No
CUST-0000478,Female,0,No,No,2,Yes,No,No,No internet service,No internet service,No internet service,No internet service,No internet service,No internet service,Two year,Yes,Electronic check,76.18,150.06,No
CUST-0000479,Female,0,Yes,No,28,Yes,No,Fiber optic,No,No,No,No,No,No,Month-to-month,Yes,Credit card (automatic),92.11,2571.14,No
CUST-0000480,Female,0,Yes,No,25,Yes,No,Fiber optic,No,Yes,No,Yes,No,No,Month-to-month,No,Credit card (automatic),38.19,962.77,No
CUST-0000481,Female,0,No,No,30,Yes,No,Fiber optic,No,Yes,No,No,No,Yes,Two year,No,Electronic check,30.08,902.24,Yes
CUST-0000482,Female,0,No,No,38,Yes,No,No,No internet service,No internet service,No internet service,No internet service,No internet service,No internet service,Month-to-month,No,Credit card (automatic),27.46,1032.6,No
CUST-0000483,Male,0,No,No,72,Yes,No,DSL,Yes,Yes,Yes,Yes,Yes,No,Month-to-month,No,Mailed check,79.41,5734.99,No
CUST-0000484,Female,0,Yes,Yes,49,Yes,Yes,Fiber optic,No,No,No,No,No,No,Two year,No,Mailed check,54.18,2641.74,No
CUST-0000485,Female,0,Yes,No,7,No,No phone service,No,No internet service,No internet service,No internet service,No internet service,No internet service,No internet service,One year,No,Electronic check,52.21,378.16,Yes
CUST-0000486,Female,0,No,No,55,Yes,Yes,Fiber optic,Yes,No,No,Yes,No,No,One year,Yes,Electronic check,68.53,3759.18,No
CUST-0000487,Male,0,No,No,4,Yes,Yes,No,No internet service,No internet service,No internet service,No internet service,No internet service,No internet service,One year,No,Electronic check,18.25,74.95,No
CUST-0000488,Male,0,No,No,31,Yes,Yes,DSL,No,No,No,No,No,No,One year,Yes,Mailed check,80.11,2512.98,No
CUST-0000489,Female,0,Yes,Yes,68,Yes,Yes,No,No internet service,No internet service,No internet service,No internet service,No internet service,No internet service,Two year,Yes,Mailed check,49.78,3376.65,Yes
CUST-0000490,Female,0,Yes,Yes,3,Yes,No,No,No internet service,No internet service,No internet service,No internet service,No internet service,No internet service,Month-to-month,No,Electronic check,43.5,150.54,Yes
CUST-0000491,Male,0,No,No,60,Yes,No,No,No internet service,No internet service,No internet service,No internet service,No internet service,No internet service,Two year,No,Credit card (automatic),56.76,3386.91,No
CUST-0000492,Female,1,No,Yes,51,Yes,Yes,Fiber optic,No,No,No,Yes,Yes,No,Month-to-month,Yes,Mailed check,74.88,3808.37,No
CUST-0000493,Male,0,Yes,Yes,22,Yes,No,DSL,Yes,No,No,Yes,Yes,No,Month-to-month,Yes,Electronic check,51.55,1129.86,No
CUST-0000494,Male,0,Yes,No,11,No,No phone service,Fiber optic,No,No,Yes,No,No,No,Two year,Yes,Mailed check,37.99,414.4,No
CUST-0000495,Male,0,Yes,No,16,Yes,No,Fiber optic,No,No,No,No,No,No,Month-to-month,Yes,Bank transfer (automatic),96.51,1561.73,No
CUST-0000496,Male,0,Yes,No,72,Yes,No,Fiber optic,No,No,No,Yes,No,Yes,One year,No,Electronic check,38.39,2775.99,Yes
CUST-0000497,Female,0,Yes,Yes,7,Yes,Yes,Fiber optic,No,No,No,Yes,Yes,No,Month-to-month,No,Electronic check,27.15,220.39,Yes
CUST-0000498,Male,0,Yes,No,27,Yes,No,Fiber optic,No,No,No,No,No,Yes,Two year,No,Electronic check,50.02,1359.25,Yes
CUST-0000499,Female,0,No,No,2,Yes,No,DSL,No,No,No,Yes,Yes,No,Month-to-month,Yes,Electronic check,64.28,168.24,No
CUST-0000500,Female,0,Yes,No,7,Yes,No,Fiber optic,Yes,Yes,Yes,No,Yes,No,Month-to-month,Yes,Electronic check,29.74,229.9,No
CUST-0000501,Female,1,No,No,46,Yes,Yes,DSL,Yes,No,No,No,Yes,No,Two year,Yes,Bank transfer (automatic),61.28,2821.72,No
CUST-0000502,Female,0,Yes,No,11,Yes,Yes,DSL,No,No,No,No,No,No,One year,No,Mailed check,82.65,935.65,No
CUST-0000503,Male,0,No,No,72,Yes,No,Fiber optic,No,No,No,Yes,No,No,Month-to-month,Yes,Credit card (automatic),96.7,6968.09,No
CUST-0000504,Female,0,Yes,No,22,No,No phone service,Fiber optic,No,No,Yes,No,No,Yes,Month-to-month,Yes,Bank transfer (automatic),18.71,420.45,No
CUST-0000505,Female,0,No,Yes,23,Yes,No,No,No internet service,No internet service,No internet service,No internet service,No internet service,No internet service,Month-to-month,Yes,Bank transfer (automatic),81.58,1875.35,No
CUST-0000506,Male,0,No,Yes,1,Yes,No,Fiber optic,No,No,Yes,No,No,No,Two year,No,Electronic check,52.06,48.76,No
CUST-0000507,Female,0,No,Yes,72,Yes,Yes,No,No internet service,No internet service,No internet service,No internet service,No internet service,No internet service,Month-to-month,No,Credit card (automatic),68.85,4945.27,Yes
CUST-0000508,Female,1,No,Yes,6,Yes,No,DSL,No,No,No,Yes,Yes,No,Two year,Yes,Electronic check,38.28,218.51,No
CUST-0000509,Female,0,No,Yes,24,Yes,No,No,No internet service,No internet service,No internet service,No internet service,No internet service,No internet service,Two year,Yes,Credit card (automatic),39.71,935.34,No
CUST-0000510,Female,0,No,No,16,Yes,Yes,No,No internet service,No internet service,No internet service,No internet service,No internet service,No internet service,Two year,No,Credit card (automatic),54.51,872.11,No
CUST-0000511,Female,0,No,Yes,17,Yes,No,Fiber optic,No,No,No,No,No,Yes,Month-to-month,Yes,Electronic check,46.0,760.87,Yes
CUST-0000512,Male,0,No,No,32,Yes,No,DSL,No,No,Yes,Yes,No,No,Two year,No,Credit card (automatic),40.01,1281.08,No
CUST-0000513,Female,0,Yes,No,34,Yes,No,Fiber optic,No,No,Yes,Yes,Yes,Yes,One year,Yes,Mailed check,33.89,1147.91,No
CUST-0000514,Female,0,No,Yes,5,Yes,No,DSL,No,Yes,No,No,No,No,One year,Yes,Credit card (automatic),65.61,303.2,No
CUST-0000515,Male,0,Yes,No,22,Yes,Yes,Fiber optic,No,No,No,Yes,No,Yes,Month-to-month,Yes,Credit card (automatic),52.42,1169.54,No
CUST-0000516,Male,0,Yes,Yes,50,Yes,Yes,DSL,No,No,No,No,Yes,No,One year,No,Mailed check,20.37,1022.5,No
CUST-0000517,Male,0,Yes,No,18,Yes,No,Fiber optic,No,No,No,Yes,No,Yes,Month-to-month,No,Bank transfer (automatic),36.82,658.56,No
CUST-0000518,Female,0,Yes,No,5,Yes,No,DSL,No,No,No,No,Yes,Yes,Month-to-month,Yes,Bank transfer (automatic),88.83,429.14,No
CUST-0000519,Female,0,No,Yes,12,Yes,Yes,DSL,No,No,No,Yes,No,Yes,Month-to-month,Yes,Bank transfer (automatic),24.13,288.62,No
CUST-0000520,Male,0,No,No,7,Yes,No,DSL,Yes,Yes,Yes,No,No,Yes,Month-to-month,No,Electronic check,89.72,635.97,Yes
CUST-0000521,Female,0,No,No,4,Yes,No,DSL,No,Yes,Yes,No,Yes,Yes,Month-to-month,Yes,Electronic check,48.42,194.38,No
CUST-0000522,Male,0,No,Yes,15,Yes,Yes,Fiber optic,No,No,No,Yes,Yes,No,Month-to-month,No,Electronic check,91.9,1383.53,No
CUST-0000523,Female,1,No,No,24,Yes,No,DSL,No,Yes,No,No,No,Yes,Month-to-month,Yes,Mailed check,48.66,1195.06,No
CUST-0000524,Female,1,No,No,2,Yes,Yes,Fiber optic,Yes,No,No,No,No,No,Two year,Yes,Electronic check,93.71,158.68,Yes
CUST-0000525,Female,0,Yes,Yes,29,Yes,No,Fiber optic,Yes,Yes,No,No,No,No,One year,Yes,Electronic check,107.7,3072.72,Yes
CUST-0000526,Male,0,No,No,72,Yes,No,DSL,No,No,No,Yes,Yes,No,Two year,Yes,Electronic check,71.88,5161.87,No
CUST-0000527,Male,0,No,Yes,72,Yes,Yes,DSL,No,No,Yes,Yes,Yes,Yes,Month-to-month,Yes,Mailed check,65.71,4693.26,Yes
CUST-0000528,Male,0,No,No,56,No,No phone service,Fiber optic,Yes,Yes,No,Yes,No,No,Month-to-month,No,Electronic check,93.43,5221.52,No
CUST-0000529,Male,0,No,Yes,9,Yes,No,No,No internet service,No internet service,No internet service,No internet service,No internet service,No internet service,One year,No,Bank transfer (automatic),62.96,556.87,No
CUST-0000530,Female,0,No,No,0,Yes,No,Fiber optic,No,Yes,No,Yes,No,No,Month-to-month,Yes,Credit card (automatic),35.17,,No
CUST-0000531,Female,0,Yes,No,57,Yes,Yes,Fiber optic,No,No,No,No,No,Yes,Month-to-month,Yes,Electronic check,29.51,1682.99,No
CUST-0000532,Female,0,Yes,Yes,1,Yes,No,Fiber optic,No,Yes,No,No,Yes,Yes,Month-to-month,Yes,Credit card (automatic),70.86,24.62,Yes
CUST-0000533,Female,0,No,No,7,Yes,Yes,No,No internet service,No internet service,No internet service,No internet service,No internet service,No internet service,Month-to-month,Yes,Bank transfer (automatic),51.58,340.79,No
CUST-0000534,Female,0,No,Yes,25,Yes,No,No,No internet service,No internet service,No internet service,No internet service,No internet service,No internet service,Month-to-month,Yes,Mailed check,73.76,1864.54,No
CUST-0000535,Female,0,No,No,6,Yes,No,Fiber optic,No,Yes,No,No,Yes,No,One year,Yes,Credit card (automatic),69.74,435.98,No
CUST-0000536,Female,1,Yes,Yes,57,Yes,Yes,DSL,No,No,No,Yes,No,Yes,One year,No,Credit card (automatic),37.4,2133.81,Yes
CUST-0000537,Female,0,Yes,No,48,Yes,Yes,Fiber optic,Yes,Yes,Yes,No,No,No,One year,No,Credit card (automatic),76.21,3654.35,No
CUST-0000538,Male,0,No,No,45,Yes,No,DSL,No,Yes,No,No,Yes,No,Month-to-month,No,Credit card (automatic),98.19,4433.66,No
CUST-0000539,Male,0,Yes,No,54,Yes,No,Fiber optic,No,No,No,No,No,Yes,Month-to-month,Yes,Bank transfer (automatic),62.26,3394.14,No
CUST-0000540,Male,0,No,Yes,7,Yes,No,Fiber optic,No,Yes,Yes,No,No,Yes,Two year,No,Credit card (automatic),47.07,285.28,No
CUST-0000541,Female,0,Yes,No,41,Yes,No,Fiber optic,No,Yes,No,No,No,No,Two year,Yes,Electronic check,35.92,1456.23,Yes
CUST-0000542,Female,0,Yes,No,14,Yes,No,Fiber optic,Yes,No,No,No,No,Yes,One year,Yes,Electronic check,91.73,1270.34,No
CUST-0000543,Male,0,No,No,35,Yes,Yes,DSL,Yes,No,No,Yes,Yes,No,Two year,No,Electronic check,39.12,1361.31,No
CUST-0000544,Female,0,Yes,No,4,Yes,No,No,No internet service,No internet service,No internet service,No internet service,No internet service,No internet service,One year,No,Credit card (automatic),112.12,464.76,Yes
CUST-0000545,Female,0,No,No,39,Yes,No,DSL,No,Yes,No,Yes,No,No,Month-to-month,Yes,Electronic check,64.16,2474.78,No
CUST-0000546,Male,0,No,No,72,Yes,Yes,DSL,No,No,No,No,No,Yes,Two year,Yes,Bank transfer (automatic),80.54,5766.43,No
CUST-0000547,Male,0,Yes,No,1,Yes,No,Fiber optic,Yes,Yes,No,No,No,No,Month-to-month,No,Bank transfer (automatic),52.27,34.72,Yes
CUST-0000548,Female,0,No,Yes,3,Yes,No,No,No internet service,No internet service,No internet service,No internet service,No internet service,No internet service,Two year,Yes,Credit card (automatic),93.39,275.75,No
CUST-0000549,Female,1,No,No,4,Yes,No,Fiber optic,No,No,Yes,No,No,No,Month-to-month,Yes,Electronic check,39.23,168.11,No
CUST-0000550,Female,0,Yes,No,18,Yes,No,Fiber optic,No,No,No,No,No,No,Two year,No,Bank transfer (automatic),99.88,1798.77,No
CUST-0000551,Female,1,Yes,Yes,10,No,No phone service,Fiber optic,No,Yes,No,No,No,No,Month-to-month,No,Electronic check,39.71,423.19,No
CUST-0000552,Female,0,Yes,No,52,Yes,Yes,DSL,No,No,No,Yes,No,No,Two year,Yes,Electronic check,48.12,2553.21,Yes
CUST-0000553,Female,1,No,No,20,Yes,Yes,Fiber optic,No,No,Yes,No,No,Yes,Month-to-month,Yes,Credit card (automatic),54.65,1098.01,Yes
CUST-0000554,Female,0,No,No,21,Yes,No,Fiber optic,No,No,Yes,No,No,Yes,One year,No,Electronic check,118.75,2514.34,No
CUST-0000555,Female,0,No,Yes,40,Yes,Yes,No,No internet service,No internet service,No internet service,No internet service,No internet service,No internet service,Month-to-month,No,Electronic check,49.47,1989.37,No
CUST-0000556,Male,1,No,Yes,14,Yes,Yes,DSL,No,No,Yes,No,Yes,Yes,Month-to-month,No,Credit card (automatic),59.93,836.22,No
CUST-0000557,Male,0,No,No,13,No,No phone service,DSL,No,Yes,No,Yes,No,Yes,Month-to-month,Yes,Electronic check,103.2,1334.92,No
CUST-0000558,Male,0,No,Yes,45,Yes,Yes,Fiber optic,No,No,Yes,Yes,No,Yes,Month-to-month,No,Credit card (automatic),97.74,4408.87,No
CUST-0000559,Female,0,No,No,48,Yes,No,Fiber optic,Yes,No,No,No,No,Yes,One year,No,Bank transfer (automatic),98.75,4739.16,No
CUST-0000560,Female,0,Yes,No,0,No,No phone service,Fiber optic,Yes,No,No,Yes,Yes,No,Month-to-month,No,Electronic check,26.26,,No
CUST-0000561,Female,1,No,Yes,4,Yes,Yes,DSL,Yes,Yes,No,No,No,No,Month-to-month,No,Mailed check,54.73,206.46,No
CUST-0000562,Male,0,No,No,7,Yes,No,DSL,No,Yes,Yes,No,No,No,Two year,Yes,Bank transfer (automatic),89.58,662.07,Yes
CUST-0000563,Male,0,No,No,13,Yes,No,No,No internet service,No internet service,No internet service,No internet service,No internet service,No internet service,Two year,Yes,Bank transfer (automatic),87.33,1139.47,No
CUST-0000564,Male,0,No,Yes,11,Yes,No,Fiber optic,Yes,No,No,Yes,Yes,No,Month-to-month,Yes,Mailed check,79.09,865.64,No
CUST-0000565,Male,0,Yes,No,35,Yes,No,Fiber optic,Yes,Yes,Yes,No,No,No,Month-to-month,No,Mailed check,29.66,1057.48,No
CUST-0000566,Female,0,No,Yes,56,Yes,No,Fiber optic,No,No,No,No,No,No,One year,No,Credit card (automatic),58.39,3287.02,No
CUST-0000567,Male,0,Yes,No,6,Yes,Yes,Fiber optic,Yes,Yes,No,No,No,No,Month-to-month,Yes,Mailed check,25.41,143.5,Yes
CUST-0000568,Male,0,No,No,26,No,No phone service,Fiber optic,No,Yes,No,No,No,No,Month-to-month,Yes,Bank transfer (automatic),67.46,1728.65,No
CUST-0000569,Female,0,Yes,No,14,Yes,No,Fiber optic,No,No,Yes,No,No,No,One year,No,Credit card (automatic),63.69,883.1,No
CUST-0000570,Male,1,No,No,22,Yes,Yes,DSL,No,No,No,No,Yes,Yes,Month-to-month,No,Electronic check,57.97,1248.29,No
CUST-0000571,Female,0,No,No,31,Yes,No,Fiber optic,No,Yes,Yes,No,No,Yes,One year,No,Mailed check,77.33,2420.08,No
CUST-0000572,Female,0,No,Yes,71,Yes,No,DSL,Yes,No,No,No,No,Yes,Month-to-month,No,Mailed check,62.81,4416.0,No
CUST-0000573,Male,0,Yes,No,6,Yes,No,Fiber optic,Yes,No,No,Yes,Yes,No,Month-to-month,No,Bank transfer (automatic),56.25,336.86,No
CUST-0000574,Female,0,No,No,2,Yes,Yes,Fiber optic,No,No,No,No,No,Yes,Month-to-month,No,Electronic check,54.99,103.44,No
CUST-0000575,Female,0,No,No,31,Yes,No,DSL,No,No,No,Yes,No,No,Month-to-month,No,Electronic check,77.7,2403.51,Yes
CUST-0000576,Female,1,No,No,16,Yes,Yes,Fiber optic,No,No,No,Yes,Yes,No,One year,Yes,Bank transfer (automatic),77.22,1253.21,No
CUST-0000577,Male,0,Yes,No,5,Yes,No,DSL,No,No,Yes,No,No,No,Two year,Yes,Bank transfer (automatic),46.45,238.79,Yes
CUST-0000578,Female,1,No,No,3,Yes,No,No,No internet service,No internet service,No internet service,No internet service,No internet service,No internet service,Month-to-month,Yes,Bank transfer (automatic),27.77,50.26,Yes
CUST-0000579,Male,0,Yes,No,26,Yes,No,DSL,Yes,No,Yes,No,No,No,One year,No,Electronic check,71.83,1894.59,No
CUST-0000580,Male,0,No,No,11,Yes,Yes,No,No internet service,No internet service,No internet service,No internet service,No internet service,No internet service,Month-to-month,Yes,Mailed check,86.1,927.12,No
CUST-0000581,Male,0,Yes,No,72,Yes,No,Fiber optic,Yes,No,No,Yes,No,No,Month-to-month,No,Bank transfer (automatic),75.36,5397.74,No
CUST-0000582,Female,0,No,No,16,Yes,No,DSL,Yes,No,No,No,Yes,No,Month-to-month,No,Electronic check,76.02,1219.95,No
CUST-0000583,Male,0,No,No,7,No,No phone service,DSL,No,No,No,No,Yes,Yes,Two year,No,Electronic check,42.54,252.03,Yes
CUST-0000584,Male,1,Yes,No,31,Yes,No,DSL,Yes,No,Yes,No,Yes,No,Two year,Yes,Credit card (automatic),65.51,2054.3,No
CUST-0000585,Female,0,No,Yes,8,Yes,No,DSL,Yes,No,Yes,No,Yes,Yes,Month-to-month,Yes,Electronic check,50.86,370.93,No
CUST-0000586,Male,1,No,No,21,Yes,No,DSL,No,No,No,No,No,Yes,Two year,No,Electronic check,65.85,1376.78,No
CUST-0000587,Male,0,Yes,Yes,21,Yes,No,DSL,Yes,No,No,No,No,No,One year,No,Bank transfer (automatic),40.58,841.51,No
CUST-0000588,Male,0,No,Yes,19,Yes,No,DSL,Yes,Yes,No,No,Yes,Yes,One year,Yes,Credit card (automatic),53.48,1034.95,No
CUST-0000589,Male,0,Yes,No,50,Yes,No,Fiber optic,Yes,Yes,No,Yes,No,No,One year,Yes,Credit card (automatic),39.25,1978.67,No
CUST-0000590,Male,0,Yes,No,7,Yes,No,Fiber optic,No,No,No,No,No,No,One year,No,Credit card (automatic),59.73,394.96,Yes
CUST-0000591,Male,1,Yes,No,72,Yes,No,Fiber optic,No,Yes,No,Yes,Yes,No,Month-to-month,Yes,Bank transfer (automatic),51.8,3755.23,No
CUST-0000592,Female,0,No,No,50,Yes,Yes,DSL,No,No,Yes,No,Yes,Yes,Two year,Yes,Credit card (automatic),61.98,3072.87,No
CUST-0000593,Male,0,Yes,No,12,Yes,Yes,No,No internet service,No internet service,No internet service,No internet service,No internet service,No internet service,Month-to-month,Yes,Mailed check,37.32,443.42,No
CUST-0000594,Male,0,No,Yes,6,Yes,Yes,Fiber optic,No,No,Yes,No,No,Yes,One year,Yes,Electronic check,18.25,111.58,No
CUST-0000595,Female,0,No,No,10,Yes,Yes,Fiber optic,Yes,Yes,No,No,Yes,No,Two year,No,Bank transfer (automatic),88.84,901.61,No
CUST-0000596,Male,0,Yes,No,12,Yes,No,DSL,No,Yes,Yes,No,No,No,One year,Yes,Mailed check,18.73,246.57,Yes
CUST-0000597,Female,0,No,No,26,Yes,Yes,Fiber optic,No,No,No,No,Yes,Yes,Month-to-month,Yes,Mailed check,91.18,2368.65,No
CUST-0000598,Male,0,Yes,No,1,Yes,No,Fiber optic,Yes,No,No,No,Yes,No,Month-to-month,Yes,Mailed check,44.92,13.89,Yes
CUST-0000599,Male,0,No,No,72,Yes,No,No,No internet service,No internet service,No internet service,No internet service,No internet service,No internet service,One year,Yes,Bank transfer (automatic),95.81,6886.05,No
CUST-0000600,Male,0,Yes,No,3,Yes,Yes,No,No internet service,No internet service,No internet service,No internet service,No internet service,No internet service,Month-to-month,Yes,Credit card (automatic),84.77,228.56,No
CUST-0000601,Male,0,Yes,Yes,10,Yes,Yes,Fiber optic,Yes,Yes,Yes,No,No,No,One year,No,Credit card (automatic),51.29,513.09,Yes
CUST-0000602,Male,0,No,No,3,Yes,No,Fiber optic,Yes,No,Yes,No,Yes,Yes,Month-to-month,Yes,Bank transfer (automatic),34.35,96.48,No
CUST-0000603,Male,0,No,No,9,Yes,Yes,Fiber optic,No,No,No,No,No,No,Month-to-month,No,Electronic check,84.09,786.99,No
CUST-0000604,Male,0,Yes,No,58,Yes,No,DSL,No,No,No,No,Yes,Yes,Two year,Yes,Mailed check,36.57,2140.54,No
CUST-0000605,Male,0,No,No,30,Yes,No,Fiber optic,No,No,Yes,No,No,Yes,Month-to-month,Yes,Electronic check,31.2,971.9,No
CUST-0000606,Male,0,Yes,No,8,Yes,No,DSL,No,No,Yes,No,No,Yes,Month-to-month,Yes,Mailed check,72.27,592.27,No
CUST-0000607,Male,0,No,No,65,Yes,No,Fiber optic,Yes,No,Yes,No,No,Yes,Month-to-month,Yes,Mailed check,104.4,6788.78,No
CUST-0000608,Male,0,No,No,51,Yes,No,DSL,No,No,Yes,No,No,No,One year,No,Bank transfer (automatic),18.25,933.67,No
CUST-0000609,Male,0,Yes,No,44,Yes,No,DSL,Yes,Yes,No,Yes,Yes,Yes,Month-to-month,No,Bank transfer (automatic),57.09,2500.55,No
CUST-0000610,Female,0,Yes,Yes,60,Yes,Yes,Fiber optic,No,No,Yes,No,No,No,One year,No,Electronic check,41.18,2459.17,No
CUST-0000611,Male,0,Yes,Yes,30,No,No phone service,DSL,No,Yes,No,Yes,Yes,No,Month-to-month,Yes,Electronic check,18.25,540.14,No
CUST-0000612,Female,0,Yes,Yes,22,Yes,No,Fiber optic,No,No,Yes,No,Yes,No,One year,Yes,Electronic check,60.86,1370.94,No
CUST-0000613,Female,0,Yes,Yes,14,Yes,No,Fiber optic,No,No,Yes,Yes,Yes,No,Two year,No,Bank transfer (automatic),80.37,1108.89,No
CUST-0000614,Male,0,No,No,8,Yes,No,No,No internet service,No internet service,No internet service,No internet service,No internet service,No internet service,Month-to-month,Yes,Electronic check,76.83,628.31,No
CUST-0000615,Female,0,No,No,26,Yes,No,Fiber optic,Yes,Yes,Yes,No,No,Yes,One year,Yes,Mailed check,56.04,1431.0,Yes
CUST-0000616,Female,0,Yes,Yes,70,Yes,No,Fiber optic,No,Yes,Yes,No,No,No,Month-to-month,Yes,Mailed check,118.75,8308.53,No
CUST-0000617,Male,0,No,No,28,Yes,Yes,No,No internet service,No internet service,No internet service,No internet service,No internet service,No internet service,Month-to-month,Yes,Bank transfer (automatic),74.14,2074.14,No
CUST-0000618,Male,0,No,Yes,72,Yes,No,DSL,No,Yes,No,No,No,No,Month-to-month,No,Electronic check,85.78,6181.57,Yes
CUST-0000619,Female,0,No,No,14,Yes,Yes,Fiber optic,No,Yes,No,Yes,No,No,One year,Yes,Mailed check,60.23,854.0,Yes
CUST-0000620,Female,0,No,Yes,38,No,No phone service,Fiber optic,No,No,No,Yes,No,Yes,Month-to-month,No,Electronic check,118.75,4502.18,No
CUST-0000621,Male,0,No,Yes,33,Yes,No,DSL,No,Yes,Yes,No,Yes,No,One year,Yes,Electronic check,72.06,2393.21,No
CUST-0000622,Male,0,Yes,Yes,35,No,No phone service,DSL,Yes,No,Yes,Yes,Yes,Yes,Month-to-month,Yes,Electronic check,52.73,1827.9,Yes
CUST-0000623,Male,0,Yes,No,33,Yes,No,Fiber optic,No,No,Yes,No,No,No,Month-to-month,Yes,Mailed check,52.91,1732.83,No
CUST-0000624,Male,0,Yes,No,8,Yes,No,DSL,No,No,Yes,No,No,No,Month-to-month,Yes,Bank transfer (automatic),30.24,230.39,No
CUST-0000625,Female,0,Yes,Yes,4,Yes,No,DSL,No,Yes,No,Yes,Yes,No,One year,No,Mailed check,92.38,363.23,No
CUST-0000626,Male,1,Yes,No,72,Yes,Yes,Fiber optic,No,Yes,Yes,No,Yes,No,Month-to-month,No,Electronic check,65.12,4677.06,Yes
CUST-0000627,Male,0,No,Yes,1,Yes,Yes,Fiber optic,No,No,No,No,Yes,No,Two year,Yes,Bank transfer (automatic),85.71,61.72,No
CUST-0000628,Female,0,Yes,No,20,Yes,No,Fiber optic,Yes,No,No,No,No,Yes,One year,Yes,Electronic check,85.61,1724.62,No
CUST-0000629,Male,0,No,No,17,Yes,No,DSL,No,No,No,No,No,No,One year,Yes,Mailed check,18.25,290.25,No
CUST-0000630,Male,1,Yes,Yes,14,Yes,Yes,DSL,No,No,No,No,Yes,Yes,Month-to-month,Yes,Credit card (automatic),76.88,1093.09,Yes
CUST-0000631,Female,0,No,No,48,Yes,Yes,Fiber optic,No,Yes,Yes,Yes,No,Yes,Month-to-month,Yes,Credit card (automatic),56.47,2726.73,No
CUST-0000632,Female,0,No,No,43,Yes,Yes,Fiber optic,Yes,No,No,No,No,No,Two year,No,Credit card (automatic),55.42,2352.43,Yes
CUST-0000633,Female,0,Yes,No,72,No,No phone service,No,No internet service,No internet service,No internet service,No internet service,No internet service,No internet service,One year,Yes,Electronic check,80.25,5788.39,No
CUST-0000634,Female,0,Yes,No,16,Yes,No,Fiber optic,Yes,No,No,Yes,No,Yes,Month-to-month,Yes,Bank transfer (automatic),62.8,1004.14,No
CUST-0000635,Male,1,No,No,26,Yes,No,No,No internet service,No internet service,No internet service,No internet service,No internet service,No internet service,Two year,Yes,Electronic check,94.64,2439.63,Yes
CUST-0000636,Male,0,Yes,No,71,Yes,No,DSL,No,Yes,No,No,Yes,Yes,Month-to-month,No,Credit card (automatic),73.46,5209.13,No
CUST-0000637,Female,0,Yes,No,72,Yes,No,Fiber optic,No,No,No,No,No,Yes,Two year,No,Mailed check,46.87,3385.91,No
CUST-0000638,Male,1,Yes,No,72,No,No phone service,Fiber optic,No,Yes,No,Yes,No,No,Month-to-month,Yes,Bank transfer (automatic),22.21,1623.04,No
CUST-0000639,Male,0,No,No,40,No,No phone service,Fiber optic,Yes,No,No,No,Yes,No,Two year,No,Electronic check,57.08,2264.1,Yes
CUST-0000640,Male,0,No,No,4,No,No phone service,No,No internet service,No internet service,No internet service,No internet service,No internet service,No internet service,One year,Yes,Electronic check,68.78,292.12,No
CUST-0000641,Male,0,No,No,0,Yes,Yes,Fiber optic,Yes,No,No,Yes,Yes,No,Month-to-month,No,Bank transfer (automatic),79.15,,Yes
CUST-0000642,Male,0,No,No,55,No,No phone service,Fiber optic,No,Yes,Yes,Yes,Yes,No,One year,Yes,Bank transfer (automatic),18.25,964.56,Yes
CUST-0000643,Male,0,No,No,58,Yes,No,No,No internet service,No internet service,No internet service,No internet service,No internet service,No internet service,Month-to-month,Yes,Credit card (automatic),47.58,2810.18,No
CUST-0000644,Male,0,No,No,43,No,No phone service,DSL,No,Yes,No,No,No,No,Two year,Yes,Electronic check,117.95,5113.36,No
CUST-0000645,Male,0,No,No,10,Yes,No,DSL,No,Yes,No,No,No,No,Two year,No,Credit card (automatic),71.88,708.62,No
CUST-0000646,Female,0,Yes,Yes,32,Yes,No,Fiber optic,No,Yes,Yes,No,No,Yes,Month-to-month,Yes,Credit card (automatic),95.9,3074.11,No
CUST-0000647,Female,0,Yes,No,12,Yes,Yes,DSL,No,Yes,Yes,No,Yes,No,Two year,No,Bank transfer (automatic),25.94,343.64,No
CUST-0000648,Female,0,No,No,19,Yes,Yes,Fiber optic,No,Yes,No,Yes,Yes,No,Month-to-month,Yes,Mailed check,90.25,1698.54,No
CUST-0000649,Female,1,No,No,15,Yes,Yes,No,No internet service,No internet service,No internet service,No internet service,No internet service,No internet service,Month-to-month,No,Mailed check,57.0,871.02,No
CUST-0000650,Male,0,Yes,Yes,72,Yes,No,Fiber optic,No,No,No,No,Yes,Yes,Month-to-month,Yes,Electronic check,61.82,4476.22,No
CUST-0000651,Male,0,Yes,Yes,8,Yes,Yes,Fiber optic,No,Yes,No,Yes,No,No,Month-to-month,No,Credit card (automatic),33.79,302.02,Yes
CUST-0000652,Female,1,No,No,27,Yes,No,DSL,No,No,Yes,Yes,No,No,One year,Yes,Electronic check,68.83,1859.41,No
CUST-0000653,Female,0,No,No,14,Yes,No,DSL,Yes,No,No,No,No,No,Two year,Yes,Mailed check,95.23,1291.16,No
CUST-0000654,Female,0,Yes,No,34,Yes,Yes,DSL,No,No,Yes,No,Yes,No,Two year,Yes,Electronic check,21.81,777.03,No
CUST-0000655,Male,0,No,No,26,Yes,No,Fiber optic,No,Yes,Yes,Yes,No,No,Month-to-month,No,Electronic check,42.23,1088.53,No
CUST-0000656,Male,0,No,No,72,No,No phone service,DSL,Yes,Yes,No,No,No,Yes,Two year,Yes,Mailed check,62.3,4454.82,No
CUST-0000657,Male,0,No,No,3,Yes,Yes,Fiber optic,No,No,Yes,No,Yes,No,Month-to-month,Yes,Bank transfer (automatic),117.52,332.83,No
CUST-0000658,Male,1,Yes,No,7,No,No phone service,Fiber optic,Yes,No,No,No,Yes,Yes,Month-to-month,No,Credit card (automatic),55.7,329.58,No
CUST-0000659,Female,0,Yes,No,46,Yes,No,Fiber optic,No,No,No,No,No,No,Month-to-month,Yes,Electronic check,42.32,1949.4,No
CUST-0000660,Female,0,Yes,No,14,Yes,Yes,DSL,Yes,No,Yes,No,No,No,Two year,Yes,Credit card (automatic),91.84,1276.19,No
CUST-0000661,Male,0,Yes,No,5,Yes,Yes,DSL,No,No,No,No,No,Yes,One year,Yes,Credit card (automatic),74.17,366.96,No
CUST-0000662,Female,0,No,No,22,Yes,Yes,Fiber optic,Yes,No,No,No,No,Yes,Month-to-month,No,Electronic check,39.72,880.94,Yes
CUST-0000663,Female,0,Yes,Yes,33,No,No phone service,No,No internet service,No internet service,No internet service,No internet service,No internet service,No internet service,Month-to-month,Yes,Electronic check,90.55,2967.15,No
CUST-0000664,Male,0,No,Yes,1,Yes,Yes,Fiber optic,Yes,Yes,Yes,No,Yes,Yes,Month-to-month,Yes,Electronic check,87.05,87.22,No
CUST-0000665,Male,0,Yes,No,11,No,No phone service,Fiber optic,Yes,No,Yes,No,Yes,Yes,Month-to-month,Yes,Mailed check,37.62,402.42,Yes
CUST-0000666,Male,0,Yes,No,53,Yes,Yes,No,No internet service,No internet service,No internet service,No internet service,No internet service,No internet service,One year,No,Credit card (automatic),117.79,6275.09,No
CUST-0000667,Male,1,No,No,23,Yes,Yes,DSL,Yes,No,No,No,No,Yes,Two year,No,Credit card (automatic),70.25,1601.51,No
CUST-0000668,Male,0,No,Yes,1,Yes,Yes,Fiber optic,No,No,No,No,No,No,Month-to-month,No,Credit card (automatic),35.04,-23.02,Yes
CUST-0000669,Male,0,Yes,No,10,Yes,No,Fiber optic,Yes,No,Yes,No,No,No,Two year,Yes,Electronic check,117.53,1218.8,No
CUST-0000670,Male,0,No,No,32,No,No phone service,DSL,No,No,No,Yes,Yes,No,Two year,Yes,Credit card (automatic),95.61,3088.94,Yes
CUST-0000671,Male,0,No,No,7,Yes,Yes,No,No internet service,No internet service,No internet service,No internet service,No internet service,No internet service,Two year,Yes,Electronic check,61.46,448.44,Yes
CUST-0000672,Female,0,No,No,56,Yes,No,Fiber optic,No,No,No,No,No,No,Two year,No,Bank transfer (automatic),87.44,4913.17,Yes
CUST-0000673,Male,1,No,No,36,Yes,No,DSL,No,No,Yes,No,No,Yes,Two year,Yes,Electronic check,47.93,1731.84,No
CUST-0000674,Female,0,Yes,No,20,Yes,No,DSL,No,Yes,No,Yes,Yes,No,Month-to-month,Yes,Mailed check,53.69,1053.24,Yes
CUST-0000675,Male,1,No,No,72,Yes,Yes,Fiber optic,No,No,No,No,No,No,Two year,No,Bank transfer (automatic),62.68,4525.03,Yes
CUST-0000676,Female,0,No,Yes,15,Yes,Yes,Fiber optic,No,Yes,No,Yes,No,Yes,Two year,No,Bank transfer (automatic),40.84,578.63,No
CUST-0000677,Male,1,Yes,Yes,8,Yes,Yes,No,No internet service,No internet service,No internet service,No internet service,No internet service,No internet service,Month-to-month,Yes,Electronic check,26.08,193.24,No
CUST-0000678,Male,0,Yes,Yes,34,No,No phone service,Fiber optic,No,No,No,Yes,No,Yes,One year,No,Credit card (automatic),113.18,3819.04,Yes
CUST-0000679,Female,1,No,No,27,Yes,Yes,Fiber optic,Yes,Yes,No,No,No,No,Two year,Yes,Bank transfer (automatic),18.25,452.83,No
CUST-0000680,Female,0,Yes,Yes,13,Yes,Yes,DSL,No,Yes,No,No,Yes,No,Month-to-month,No,Credit card (automatic),99.0,1276.49,No
CUST-0000681,Female,0,Yes,Yes,13,Yes,No,DSL,Yes,No,No,Yes,No,Yes,Month-to-month,No,Mailed check,88.49,1126.11,No
CUST-0000682,Male,1,No,Yes,16,Yes,Yes,Fiber optic,No,No,No,No,No,Yes,Two year,No,Electronic check,23.78,401.44,No
CUST-0000683,Male,0,Yes,Yes,11,Yes,No,No,No internet service,No internet service,No internet service,No internet service,No internet service,No internet service,Month-to-month,Yes,Mailed check,57.64,641.95,No
CUST-0000684,Female,0,Yes,No,39,Yes,Yes,Fiber optic,No,No,No,No,No,No,Month-to-month,Yes,Mailed check,72.8,2824.46,Yes
CUST-0000685,Female,0,No,Yes,33,Yes,No,Fiber optic,No,Yes,No,No,No,Yes,Two year,No,Electronic check,87.0,2858.35,Yes
CUST-0000686,Female,1,No,No,18,Yes,No,Fiber optic,Yes,No,Yes,Yes,Yes,No,Two year,No,Mailed check,36.32,687.0,No
CUST-0000687,Female,0,Yes,No,16,Yes,No,Fiber optic,No,No,No,No,No,No,Two year,Yes,Bank transfer (automatic),60.91,949.82,Yes
CUST-0000688,Male,0,No,Yes,14,Yes,No,DSL,Yes,No,Yes,No,Yes,No,Two year,No,Electronic check,76.47,1039.16,No
CUST-0000689,Female,0,No,No,10,Yes,Yes,Fiber optic,Yes,Yes,No,No,Yes,Yes,Month-to-month,No,Mailed check,32.14,330.18,No
CUST-0000690,Male,0,No,No,2,Yes,No,Fiber optic,No,Yes,No,No,No,No,Two year,Yes,Electronic check,22.49,47.1,No
CUST-0000691,Male,0,Yes,No,9,Yes,Yes,Fiber optic,No,No,No,No,Yes,Yes,Month-to-month,No,Electronic check,63.79,584.05,No
CUST-0000692,Male,0,Yes,Yes,12,Yes,No,Fiber optic,No,Yes,Yes,No,No,Yes,Month-to-month,No,Mailed check,26.04,284.51,Yes
CUST-0000693,Female,0,Yes,No,25,Yes,Yes,DSL,Yes,Yes,No,No,No,Yes,Month-to-month,Yes,Electronic check,28.51,702.36,No
CUST-0000694,Male,1,No,No,47,No,No phone service,Fiber optic,No,Yes,Yes,Yes,No,Yes,Month-to-month,No,Bank transfer (automatic),69.29,3228.74,No
CUST-0000695,Male,0,No,Yes,16,Yes,No,Fiber optic,No,No,Yes,No,Yes,No,Month-to-month,Yes,Bank transfer (automatic),44.64,738.13,Yes
CUST-0000696,Female,0,No,Yes,72,Yes,Yes,DSL,No,No,No,No,Yes,No,Month-to-month,Yes,Electronic check,46.11,3300.0,Yes
CUST-0000697,Male,0,No,No,56,Yes,No,Fiber optic,Yes,No,No,Yes,No,Yes,One year,No,Credit card (automatic),111.13,6216.93,No
CUST-0000698,Female,0,No,No,72,Yes,No,Fiber optic,No,No,No,No,No,No,Month-to-month,Yes,Bank transfer (automatic),87.92,6340.84,No
CUST-0000699,Male,0,Yes,No,66,Yes,Yes,No,No internet service,No internet service,No internet service,No internet service,No internet service,No internet service,Two year,Yes,Credit card (automatic),96.02,6349.43,Yes
CUST-0000700,Male,0,No,No,30,Yes,No,No,No internet service,No internet service,No internet service,No internet service,No internet service,No internet service,Month-to-month,No,Bank transfer (automatic),41.76,1226.47,No
CUST-0000701,Female,0,No,Yes,29,Yes,Yes,Fiber optic,Yes,No,Yes,No,No,Yes,Month-to-month,Yes,Mailed check,65.9,1941.47,Yes
CUST-0000702,Male,0,No,No,4,Yes,No,DSL,Yes,No,No,No,No,No,One year,Yes,Bank transfer (automatic),91.47,364.28,No
CUST-0000703,Male,0,Yes,No,41,Yes,No,Fiber optic,No,Yes,No,No,No,Yes,Month-to-month,Yes,Mailed check,71.63,2942.17,Yes
CUST-0000704,Male,0,No,No,29,Yes,No,Fiber optic,No,Yes,No,Yes,No,No,Two year,Yes,Electronic check,87.19,2507.8,No
CUST-0000705,Male,0,Yes,No,22,Yes,No,Fiber optic,No,Yes,No,No,No,Yes,Two year,No,Electronic check,46.0,1019.01,No
CUST-0000706,Female,0,Yes,No,37,Yes,Yes,DSL,No,No,No,No,Yes,No,Two year,Yes,Electronic check,41.29,1518.79,Yes
CUST-0000707,Male,0,No,No,18,Yes,Yes,Fiber optic,No,Yes,No,No,No,Yes,Month-to-month,No,Mailed check,22.53,408.28,No
CUST-0000708,Female,0,No,No,23,Yes,Yes,Fiber optic,Yes,No,No,No,Yes,Yes,Month-to-month,Yes,Bank transfer (automatic),78.54,1778.91,No
CUST-0000709,Male,0,Yes,No,16,Yes,No,DSL,Yes,No,Yes,No,Yes,No,Month-to-month,Yes,Mailed check,83.01,1298.56,No
CUST-0000710,Female,0,No,No,40,Yes,Yes,No,No internet service,No internet service,No internet service,No internet service,No internet service,No internet service,Month-to-month,Yes,Electronic check,83.7,3320.93,No
CUST-0000711,Female,0,Yes,No,66,No,No phone service,Fiber optic,No,Yes,No,Yes,Yes,Yes,Month-to-month,Yes,Electronic check,44.38,2937.72,No
CUST-0000712,Female,0,Yes,No,58,Yes,No,Fiber optic,No,Yes,No,No,No,Yes,Two year,No,Electronic check,78.51,4560.64,No
CUST-0000713,Male,0,Yes,No,49,Yes,Yes,Fiber optic,No,No,Yes,No,Yes,No,Month-to-month,Yes,Electronic check,106.13,5238.41,No
CUST-0000714,Male,0,No,No,0,Yes,Yes,DSL,Yes,No,Yes,No,Yes,No,Month-to-month,Yes,Electronic check,97.58,,No
CUST-0000715,Male,1,No,Yes,72,Yes,Yes,Fiber optic,No,No,Yes,Yes,No,No,Month-to-month,Yes,Mailed check,100.28,7206.33,Yes
CUST-0000716,Female,1,No,No,10,Yes,No,DSL,No,No,No,No,No,No,One year,Yes,Bank transfer (automatic),18.25,199.63,No
CUST-0000717,Female,0,No,No,70,Yes,Yes,No,No internet service,No internet service,No internet service,No internet service,No internet service,No internet service,One year,No,Mailed check,103.46,7246.64,No
CUST-0000718,Female,0,Yes,No,7,Yes,Yes,Fiber optic,No,No,No,No,Yes,No,Month-to-month,Yes,Electronic check,36.63,216.68,No
CUST-0000719,Male,0,Yes,No,18,Yes,No,DSL,No,No,No,No,Yes,No,One year,No,Mailed check,76.18,1375.52,No
CUST-0000720,Female,0,No,Yes,44,Yes,Yes,Fiber optic,No,No,Yes,No,No,No,Two year,No,Electronic check,60.52,2663.05,No
CUST-0000721,Female,0,Yes,No,32,Yes,No,Fiber optic,No,Yes,No,No,Yes,No,Month-to-month,Yes,Electronic check,38.66,1235.9,No
CUST-0000722,Male,0,No,Yes,17,Yes,No,Fiber optic,No,No,Yes,No,No,Yes,One year,No,Credit card (automatic),37.9,644.95,No
CUST-0000723,Male,0,No,Yes,36,Yes,No,Fiber optic,No,Yes,No,No,Yes,Yes,Month-to-month,Yes,Electronic check,85.99,3097.82,No
CUST-0000724,Female,0,No,No,25,Yes,No,DSL,Yes,Yes,No,Yes,No,No,Month-to-month,No,Electronic check,70.95,1755.68,No
CUST-0000725,Female,0,Yes,No,10,Yes,Yes,No,No internet service,No internet service,No internet service,No internet service,No internet service,No internet service,Month-to-month,No,Electronic check,45.75,476.96,Yes
CUST-0000726,Female,0,No,No,33,Yes,Yes,DSL,Yes,No,Yes,Yes,No,No,Month-to-month,No,Bank transfer (automatic),18.25,568.1,No
CUST-0000727,Male,0,No,No,7,Yes,No,Fiber optic,Yes,Yes,No,No,Yes,Yes,Two year,Yes,Mailed check,18.25,121.08,Yes
CUST-0000728,Female,0,Yes,Yes,37,Yes,Yes,DSL,Yes,No,Yes,No,No,No,Month-to-month,Yes,Mailed check,21.66,818.77,No
CUST-0000729,Male,0,No,No,0,Yes,No,DSL,Yes,No,Yes,Yes,Yes,No,Month-to-month,Yes,Bank transfer (automatic),118.75,,Yes
CUST-0000730,Male,0,Yes,No,25,Yes,Yes,Fiber optic,Yes,No,Yes,No,Yes,No,One year,Yes,Electronic check,88.53,2218.04,Yes
CUST-0000731,Male,0,Yes,Yes,16,Yes,Yes,DSL,Yes,Yes,No,No,Yes,No,Two year,Yes,Credit card (automatic),102.32,1615.22,No
CUST-0000732,Female,0,Yes,No,11,Yes,Yes,No,No internet service,No internet service,No internet service,No internet service,No internet service,No internet service,Month-to-month,No,Mailed check,52.17,572.79,No
CUST-0000733,Female,0,Yes,No,23,Yes,No,Fiber optic,No,Yes,No,No,No,Yes,Month-to-month,Yes,Credit card (automatic),18.25,433.07,Yes
CUST-0000734,Female,0,No,No,33,Yes,No,No,No internet service,No internet service,No internet service,No internet service,No internet service,No internet service,Two year,Yes,Mailed check,82.95,2734.0,No
CUST-0000735,Male,0,Yes,No,72,Yes,No,Fiber optic,No,No,No,No,No,No,Two year,No,Mailed check,76.03,5463.52,No
CUST-0000736,Female,1,Yes,No,57,Yes,No,DSL,Yes,Yes,No,No,No,No,One year,No,Electronic check,61.56,3510.64,Yes
CUST-0000737,Male,0,Yes,No,40,Yes,Yes,Fiber optic,No,Yes,No,No,No,No,One year,Yes,Mailed check,65.24,2597.45,No
CUST-0000738,Female,0,Yes,No,20,No,No phone service,DSL,No,No,No,Yes,No,Yes,Month-to-month,No,Electronic check,118.75,2386.75,Yes
CUST-0000739,Male,0,Yes,Yes,15,Yes,Yes,Fiber optic,No,No,Yes,No,Yes,Yes,One year,No,Credit card (automatic),71.08,1057.34,No
CUST-0000740,Male,1,Yes,No,1,Yes,Yes,Fiber optic,No,Yes,No,No,No,No,Month-to-month,No,Electronic check,18.25,26.69,Yes
CUST-0000741,Male,0,No,Yes,14,Yes,Yes,Fiber optic,No,Yes,No,Yes,Yes,Yes,Two year,Yes,Mailed check,59.3,818.05,No
CUST-0000742,Male,1,No,No,60,Yes,Yes,DSL,No,Yes,Yes,No,No,No,Month-to-month,Yes,Electronic check,42.07,2522.35,No
CUST-0000743,Female,0,No,No,15,Yes,Yes,Fiber optic,No,No,Yes,No,No,No,One year,Yes,Credit card (automatic),58.76,873.67,No
CUST-0000744,Male,0,No,No,19,No,No phone service,Fiber optic,No,No,No,Yes,No,No,Two year,Yes,Bank transfer (automatic),96.67,1831.31,No
CUST-0000745,Male,1,Yes,Yes,10,Yes,Yes,Fiber optic,No,No,Yes,No,No,Yes,Month-to-month,No,Bank transfer (automatic),77.31,777.65,No
CUST-0000746,Female,0,No,No,10,Yes,No,DSL,No,No,Yes,No,Yes,No,One year,Yes,Electronic check,45.18,475.12,No
CUST-0000747,Male,0,No,Yes,2,Yes,No,Fiber optic,Yes,No,No,Yes,No,Yes,Month-to-month,Yes,Bank transfer (automatic),87.79,182.72,No
CUST-0000748,Female,0,Yes,No,30,Yes,No,Fiber optic,No,Yes,Yes,No,Yes,No,Month-to-month,No,Bank transfer (automatic),103.36,3112.72,No
CUST-0000749,Female,0,No,No,19,Yes,Yes,Fiber optic,No,Yes,No,No,Yes,No,One year,Yes,Credit card (automatic),66.33,1248.73,Yes
CUST-0000750,Female,0,Yes,No,29,Yes,Yes,Fiber optic,No,No,Yes,No,No,No,Two year,No,Electronic check,89.31,2573.52,No
CUST-0000751,Male,0,Yes,Yes,25,Yes,No,Fiber optic,Yes,Yes,Yes,No,Yes,No,Two year,Yes,Credit card (automatic),36.43,878.13,No
CUST-0000752,Female,0,No,No,51,Yes,No,DSL,No,No,No,No,No,Yes,Month-to-month,No,Mailed check,92.76,4744.89,Yes
CUST-0000753,Female,0,Yes,No,44,No,No phone service,No,No internet service,No internet service,No internet service,No internet service,No internet service,No internet service,One year,No,Electronic check,104.74,4619.54,No
CUST-0000754,Male,1,Yes,No,47,Yes,No,Fiber optic,No,Yes,No,No,Yes,No,Month-to-month,Yes,Bank transfer (automatic),81.42,3806.64,No
CUST-0000755,Male,0,Yes,No,22,No,No phone service,Fiber optic,No,No,No,No,No,Yes,Month-to-month,Yes,Electronic check,92.85,2028.49,No
CUST-0000756,Female,0,Yes,Yes,13,Yes,No,Fiber optic,No,Yes,No,No,Yes,Yes,Month-to-month,No,Credit card (automatic),82.71,1115.72,No
CUST-0000757,Female,0,Yes,No,72,No,No phone service,DSL,No,Yes,No,Yes,No,Yes,Two year,Yes,Electronic check,18.25,1345.53,No
CUST-0000758,Female,0,No,No,1,Yes,No,Fiber optic,No,Yes,Yes,No,No,No,One year,Yes,Mailed check,43.64,46.39,No
CUST-0000759,Female,0,No,No,5,Yes,No,Fiber optic,No,No,No,Yes,No,No,Two year,Yes,Electronic check,90.24,434.41,No
CUST-0000760,Female,1,No,No,17,Yes,No,DSL,No,No,No,Yes,No,Yes,Month-to-month,Yes,Mailed check,45.84,763.91,No
CUST-0000761,Male,0,Yes,Yes,30,Yes,Yes,DSL,No,Yes,No,Yes,No,No,Month-to-month,Yes,Credit card (automatic),53.51,1610.51,No
CUST-0000762,Male,0,No,No,0,Yes,Yes,Fiber optic,No,No,Yes,No,No,Yes,Two year,Yes,Electronic check,78.28,,Yes
CUST-0000763,Male,0,No,Yes,40,Yes,Yes,DSL,No,Yes,No,No,No,Yes,Two year,No,Electronic check,85.3,3439.05,No
CUST-0000764,Female,0,Yes,No,26,No,No phone service,No,No internet service,No internet service,No internet service,No internet service,No internet service,No internet service,Month-to-month,No,Electronic check,58.42,1528.13,No
CUST-0000765,Male,1,No,No,21,Yes,Yes,DSL,Yes,No,No,No,No,No,One year,Yes,Credit card (automatic),33.48,752.55,Yes
CUST-0000766,Female,0,No,No,17,Yes,Yes,No,No internet service,No internet service,No internet service,No internet service,No internet service,No internet service,Month-to-month,Yes,Electronic check,74.77,1233.16,No
CUST-0000767,Female,0,No,No,23,Yes,No,No,No internet service,No internet service,No internet service,No internet service,No internet service,No internet service,Month-to-month,Yes,Bank transfer (automatic),30.44,696.75,Yes
CUST-0000768,Female,0,Yes,Yes,5,Yes,Yes,Fiber optic,No,Yes,Yes,No,No,Yes,Month-to-month,Yes,Electronic check,95.3,504.58,No
CUST-0000769,Male,0,Yes,Yes,3,Yes,No,No,No internet service,No internet service,No internet service,No internet service,No internet service,No internet service,Two year,No,Bank transfer (automatic),73.02,201.26,No
CUST-0000770,Female,0,No,Yes,10,Yes,Yes,No,No internet service,No internet service,No internet service,No internet service,No internet service,No internet service,One year,No,Bank transfer (automatic),94.96,975.81,No
CUST-0000771,Male,0,No,Yes,39,Yes,No,DSL,No,No,No,No,Yes,No,Month-to-month,No,Credit card (automatic),61.64,2436.3,Yes
CUST-0000772,Female,0,No,No,28,Yes,No,No,No internet service,No internet service,No internet service,No internet service,No internet service,No internet service,Month-to-month,Yes,Electronic check,65.45,1836.03,No
CUST-0000773,Male,0,No,Yes,20,No,No phone service,DSL,No,Yes,Yes,No,No,No,Month-to-month,Yes,Electronic check,39.18,811.46,Yes
CUST-0000774,Male,0,No,No,27,Yes,No,DSL,No,No,Yes,No,No,Yes,Month-to-month,Yes,Bank transfer (automatic),18.25,508.27,No
CUST-0000775,Female,1,Yes,No,26,Yes,Yes,Fiber optic,No,No,Yes,Yes,Yes,No,Month-to-month,Yes,Electronic check,34.97,876.44,Yes
CUST-0000776,Male,1,No,No,11,No,No phone service,DSL,No,Yes,No,No,No,No,Month-to-month,Yes,Bank transfer (automatic),28.25,318.38,No
CUST-0000777,Male,0,Yes,No,3,Yes,No,DSL,No,No,No,Yes,Yes,No,One year,Yes,Bank transfer (automatic),40.06,125.74,No
CUST-0000778,Female,0,No,No,72,No,No phone service,No,No internet service,No internet service,No internet service,No internet service,No internet service,No internet service,Month-to-month,Yes,Credit card (automatic),63.37,4517.89,No
CUST-0000779,Female,0,No,Yes,29,Yes,Yes,No,No internet service,No internet service,No internet service,No internet service,No internet service,No internet service,Month-to-month,Yes,Bank transfer (automatic),70.55,2043.9,No
CUST-0000780,Female,0,Yes,No,38,Yes,Yes,No,No internet service,No internet service,No internet service,No internet service,No internet service,No internet service,One year,Yes,Electronic check,63.21,2396.96,No
CUST-0000781,Female,0,No,No,19,Yes,No,Fiber optic,Yes,Yes,Yes,Yes,No,No,Two year,Yes,Electronic check,24.65,490.92,No
CUST-0000782,Female,0,Yes,No,45,Yes,No,No,No internet service,No internet service,No internet service,No internet service,No internet service,No internet service,One year,Yes,Electronic check,96.02,4319.45,Yes
CUST-0000783,Male,1,Yes,Yes,28,Yes,Yes,DSL,Yes,No,Yes,No,No,Yes,Month-to-month,Yes,Bank transfer (automatic),74.93,2107.96,No
CUST-0000784,Male,1,Yes,No,1,Yes,No,No,No internet service,No internet service,No internet service,No internet service,No internet service,No internet service,Month-to-month,No,Bank transfer (automatic),18.25,-7.43,Yes
CUST-0000785,Male,0,Yes,Yes,70,Yes,Yes,Fiber optic,No,No,No,No,No,Yes,Two year,Yes,Mailed check,48.72,3392.5,Yes
CUST-0000786,Female,0,Yes,No,11,No,No phone service,No,No internet service,No internet service,No internet service,No internet service,No internet service,No internet service,Month-to-month,No,Credit card (automatic),46.85,522.22,Yes
CUST-0000787,Female,0,Yes,No,4,No,No phone service,Fiber optic,No,No,No,No,No,Yes,Month-to-month,No,Electronic check,88.02,356.0,No
CUST-0000788,Male,0,No,No,2,Yes,No,No,No internet service,No internet service,No internet service,No internet service,No internet service,No internet service,Month-to-month,No,Credit card (automatic),34.64,61.44,No
CUST-0000789,Male,0,No,No,40,Yes,Yes,No,No internet service,No internet service,No internet service,No internet service,No internet service,No internet service,Month-to-month,Yes,Electronic check,18.25,727.24,No
CUST-0000790,Female,0,No,No,38,Yes,No,No,No internet service,No internet service,No internet service,No internet service,No internet service,No internet service,One year,No,Credit card (automatic),85.88,3285.64,No
CUST-0000791,Male,1,Yes,No,38,Yes,Yes,Fiber optic,No,No,No,No,No,Yes,Month-to-month,Yes,Electronic check,66.75,2516.61,No
CUST-0000792,Female,0,No,Yes,72,Yes,Yes,No,No internet service,No internet service,No internet service,No internet service,No internet service,No internet service,Month-to-month,Yes,Credit card (automatic),51.09,3669.38,No
CUST-0000793,Female,0,No,No,13,Yes,Yes,Fiber optic,No,No,No,Yes,Yes,No,Month-to-month,Yes,Electronic check,99.59,1329.75,Yes
CUST-0000794,Female,0,Yes,No,26,Yes,No,DSL,No,No,No,Yes,Yes,No,Month-to-month,Yes,Mailed check,24.62,634.5,No
CUST-0000795,Male,0,No,Yes,30,Yes,No,Fiber optic,Yes,No,Yes,No,No,No,Two year,No,Credit card (automatic),97.54,2922.82,No
CUST-0000796,Female,0,Yes,No,72,Yes,Yes,DSL,No,No,No,No,No,Yes,One year,No,Electronic check,100.89,7254.59,Yes
CUST-0000797,Female,1,No,Yes,11,Yes,No,No,No internet service,No internet service,No internet service,No internet service,No internet service,No internet service,Two year,Yes,Bank transfer (automatic),111.5,1249.75,No
CUST-0000798,Female,0,Yes,Yes,72,Yes,No,DSL,No,No,No,No,Yes,No,One year,Yes,Mailed check,83.89,6054.24,Yes
CUST-0000799,Female,0,Yes,No,5,Yes,No,No,No internet service,No internet service,No internet service,No internet service,No internet service,No internet service,Month-to-month,Yes,Bank transfer (automatic),37.43,232.07,No
CUST-0000800,Female,0,No,No,46,No,No phone service,Fiber optic,No,Yes,Yes,No,No,No,Month-to-month,No,Bank transfer (automatic),55.6,2551.66,No
CUST-0000801,Female,0,Yes,Yes,32,Yes,Yes,DSL,Yes,No,Yes,Yes,Yes,No,Two year,Yes,Bank transfer (automatic),76.17,2449.22,Yes
CUST-0000802,Male,0,Yes,No,54,No,No phone service,No,No internet service,No internet service,No internet service,No internet service,No internet service,No internet service,One year,Yes,Mailed check,103.3,5583.72,No
CUST-0000803,Female,0,No,No,0,Yes,No,DSL,No,No,Yes,No,Yes,No,One year,Yes,Electronic check,51.46,,No
CUST-0000804,Female,0,No,Yes,2,Yes,Yes,Fiber optic,No,No,No,No,No,No,Two year,Yes,Electronic check,39.02,48.2,No
CUST-0000805,Male,0,No,No,2,Yes,Yes,Fiber optic,No,No,No,No,Yes,No,Month-to-month,Yes,Bank transfer (automatic),81.7,139.86,No
CUST-0000806,Female,0,Yes,No,28,Yes,Yes,DSL,No,No,No,No,No,Yes,Two year,No,Bank transfer (automatic),71.22,1959.88,No
CUST-0000807,Female,0,Yes,Yes,29,Yes,No,Fiber optic,No,No,Yes,Yes,No,No,Month-to-month,Yes,Bank transfer (automatic),75.44,2194.73,No
CUST-0000808,Female,0,No,No,72,Yes,Yes,Fiber optic,No,No,No,Yes,No,Yes,Two year,Yes,Credit card (automatic),93.85,6756.11,No
CUST-0000809,Male,0,Yes,Yes,20,Yes,Yes,No,No internet service,No internet service,No internet service,No internet service,No internet service,No internet service,Month-to-month,Yes,Electronic check,77.65,1546.83,No
CUST-0000810,Male,0,Yes,No,2,Yes,Yes,DSL,No,No,Yes,No,No,No,One year,No,Credit card (automatic),54.83,114.33,No
CUST-0000811,Female,0,No,No,7,Yes,No,DSL,No,Yes,No,Yes,Yes,No,Two year,No,Electronic check,96.07,678.29,Yes
CUST-0000812,Female,0,Yes,Yes,0,No,No phone service,Fiber optic,No,No,No,No,No,No,Two year,Yes,Mailed check,70.29,,No
CUST-0000813,Male,0,Yes,No,47,Yes,Yes,Fiber optic,No,No,No,No,No,No,Month-to-month,No,Electronic check,79.96,3771.02,No
CUST-0000814,Female,0,Yes,No,54,Yes,No,Fiber optic,No,No,No,No,No,No,Month-to-month,Yes,Electronic check,102.31,5523.79,Yes
CUST-0000815,Female,0,Yes,No,72,Yes,No,DSL,No,No,No,No,No,Yes,Two year,No,Electronic check,56.26,4037.97,No
CUST-0000816,Female,0,Yes,No,17,No,No phone service,Fiber optic,No,No,Yes,Yes,No,No,One year,Yes,Mailed check,66.91,1135.31,No
CUST-0000817,Female,0,Yes,Yes,0,Yes,Yes,No,No internet service,No internet service,No internet service,No internet service,No internet service,No internet service,Month-to-month,Yes,Credit card (automatic),101.95,,Yes
CUST-0000818,Male,0,Yes,No,8,Yes,No,DSL,No,Yes,No,No,No,No,Month-to-month,No,Mailed check,59.21,482.87,No
CUST-0000819,Male,0,No,No,28,No,No phone service,DSL,No,Yes,No,No,No,No,Month-to-month,No,Electronic check,87.84,2445.39,No
CUST-0000820,Male,0,No,No,72,Yes,Yes,Fiber optic,Yes,Yes,No,No,Yes,No,Two year,Yes,Bank transfer (automatic),40.34,2895.94,No
CUST-0000821,Female,0,Yes,No,3,Yes,Yes,DSL,No,No,No,No,Yes,No,Two year,Yes,Electronic check,84.73,243.53,No
CUST-0000822,Male,0,No,No,4,Yes,Yes,Fiber optic,No,Yes,No,No,No,No,Two year,No,Electronic check,103.57,419.41,No
CUST-0000823,Male,1,Yes,No,38,Yes,No,DSL,No,Yes,Yes,No,No,No,Month-to-month,Yes,Credit card (automatic),61.01,2307.9,No
CUST-0000824,Male,0,Yes,No,35,Yes,No,Fiber optic,No,Yes,No,No,No,No,One year,Yes,Mailed check,93.32,3277.93,No
CUST-0000825,Female,0,Yes,No,9,No,No phone service,Fiber optic,No,No,Yes,No,No,No,Month-to-month,Yes,Credit card (automatic),82.67,733.34,No
CUST-0000826,Female,0,No,No,53,No,No phone service,Fiber optic,No,Yes,No,No,Yes,No,One year,No,Bank transfer (automatic),30.18,1570.87,No
CUST-0000827,Male,0,No,Yes,4,Yes,No,No,No internet service,No internet service,No internet service,No internet service,No internet service,No internet service,Two year,Yes,Electronic check,69.06,307.38,Yes
CUST-0000828,Male,1,No,No,72,Yes,No,No,No internet service,No internet service,No internet service,No internet service,No internet service,No internet service,Two year,Yes,Credit card (automatic),79.72,5727.87,No
CUST-0000829,Female,0,Yes,No,7,Yes,No,Fiber optic,Yes,Yes,No,No,Yes,No,Two year,No,Credit card (automatic),98.81,700.7,No
CUST-0000830,Male,1,Yes,No,2,Yes,No,Fiber optic,Yes,Yes,Yes,No,No,No,Month-to-month,Yes,Electronic check,69.71,130.6,No
CUST-0000831,Male,1,No,No,13,Yes,Yes,DSL,No,Yes,No,Yes,Yes,No,One year,Yes,Electronic check,90.94,1175.65,No
CUST-0000832,Male,0,Yes,Yes,6,Yes,Yes,Fiber optic,Yes,No,Yes,No,Yes,Yes,Month-to-month,Yes,Mailed check,56.85,340.24,No
CUST-0000833,Male,0,No,No,23,Yes,No,Fiber optic,No,Yes,Yes,No,Yes,Yes,Two year,No,Mailed check,34.1,799.03,No
CUST-0000834,Male,0,No,Yes,37,Yes,Yes,DSL,No,No,Yes,No,Yes,No,One year,Yes,Bank transfer (automatic),18.25,649.32,No
CUST-0000835,Male,0,No,No,21,Yes,No,DSL,Yes,Yes,No,No,No,No,One year,Yes,Electronic check,45.98,1009.66,No
CUST-0000836,Male,0,No,No,34,Yes,No,DSL,Yes,No,No,No,No,No,One year,Yes,Electronic check,18.25,619.56,Yes
CUST-0000837,Female,0,No,No,14,Yes,No,DSL,No,No,No,Yes,Yes,No,Two year,Yes,Mailed check,25.37,370.87,Yes
CUST-0000838,Male,0,No,No,0,Yes,Yes,Fiber optic,No,No,No,No,No,No,Month-to-month,Yes,Bank transfer (automatic),18.25,,Yes
CUST-0000839,Female,0,No,No,72,Yes,Yes,No,No internet service,No internet service,No internet service,No internet service,No internet service,No internet service,Month-to-month,Yes,Credit card (automatic),40.63,2936.98,Yes
CUST-0000840,Female,0,Yes,No,54,Yes,No,Fiber optic,No,No,No,No,No,No,Two year,Yes,Mailed check,19.8,1063.8,No
CUST-0000841,Male,1,No,No,2,Yes,No,Fiber optic,No,No,No,No,No,No,One year,No,Electronic check,53.94,109.13,No
CUST-0000842,Female,0,Yes,Yes,19,Yes,No,Fiber optic,Yes,No,No,No,No,No,Two year,No,Electronic check,65.76,1270.64,Yes
CUST-0000843,Male,0,Yes,No,32,Yes,No,Fiber optic,No,No,Yes,Yes,Yes,Yes,One year,Yes,Electronic check,18.25,549.87,No
CUST-0000844,Female,0,Yes,No,6,Yes,Yes,Fiber optic,No,Yes,No,Yes,Yes,No,Month-to-month,Yes,Electronic check,106.85,636.32,No
CUST-0000845,Male,0,Yes,No,27,No,No phone service,Fiber optic,No,No,Yes,No,Yes,Yes,Two year,No,Mailed check,105.55,2831.18,Yes
CUST-0000846,Male,0,No,No,24,Yes,No,DSL,No,Yes,Yes,No,No,Yes,One year,Yes,Bank transfer (automatic),59.88,1457.64,No
CUST-0000847,Male,0,No,No,7,Yes,No,Fiber optic,No,No,No,Yes,Yes,Yes,Month-to-month,Yes,Credit card (automatic),80.05,557.7,Yes
CUST-0000848,Female,0,Yes,Yes,4,Yes,No,Fiber optic,Yes,No,No,No,Yes,Yes,Two year,No,Bank transfer (automatic),70.84,313.18,No
CUST-0000849,Male,0,Yes,Yes,45,Yes,Yes,DSL,Yes,Yes,Yes,No,No,No,Two year,No,Electronic check,47.25,2170.36,Yes
CUST-0000850,Female,0,No,No,12,Yes,Yes,DSL,Yes,No,No,No,Yes,Yes,Month-to-month,Yes,Credit card (automatic),21.52,231.7,No
CUST-0000851,Male,0,No,Yes,8,No,No phone service,DSL,Yes,No,No,Yes,No,No,Two year,Yes,Credit card (automatic),46.24,339.1,Yes
CUST-0000852,Female,0,No,Yes,42,Yes,No,Fiber optic,No,Yes,Yes,No,No,No,One year,No,Mailed check,48.65,2019.11,Yes
CUST-0000853,Male,1,Yes,No,42,Yes,No,Fiber optic,Yes,No,Yes,No,No,Yes,Month-to-month,Yes,Mailed check,100.98,4245.71,No
CUST-0000854,Female,0,No,No,10,Yes,No,DSL,No,Yes,No,No,Yes,No,Two year,Yes,Mailed check,103.27,1047.88,Yes
CUST-0000855,Male,0,No,No,65,Yes,No,DSL,No,No,No,No,Yes,No,Month-to-month,Yes,Mailed check,29.39,1845.89,Yes
CUST-0000856,Male,0,Yes,Yes,37,Yes,No,DSL,No,No,No,No,No,No,One year,Yes,Electronic check,63.89,2380.83,No
CUST-0000857,Male,1,Yes,No,13,Yes,No,No,No internet service,No internet service,No internet service,No internet service,No internet service,No internet service,Two year,Yes,Credit card (automatic),76.18,1023.61,No
CUST-0000858,Male,0,Yes,No,17,Yes,Yes,DSL,No,No,No,No,Yes,Yes,Two year,No,Credit card (automatic),118.75,2025.9,Yes
CUST-0000859,Female,0,Yes,No,41,Yes,No,DSL,No,No,Yes,Yes,No,No,Month-to-month,Yes,Electronic check,18.25,707.97,No
CUST-0000860,Male,0,No,No,7,Yes,No,Fiber optic,Yes,Yes,No,No,No,No,Month-to-month,Yes,Bank transfer (automatic),118.75,843.63,No
CUST-0000861,Female,0,Yes,No,20,Yes,No,DSL,No,No,No,No,No,No,Month-to-month,Yes,Electronic check,59.75,1185.04,No
CUST-0000862,Male,0,Yes,No,33,Yes,No,Fiber optic,Yes,No,Yes,Yes,Yes,Yes,Month-to-month,No,Bank transfer (automatic),41.48,1353.67,No
CUST-0000863,Female,1,Yes,No,24,Yes,Yes,DSL,No,Yes,No,No,No,No,Two year,Yes,Credit card (automatic),30.72,747.24,No
CUST-0000864,Male,0,Yes,No,29,Yes,Yes,No,No internet service,No internet service,No internet service,No internet service,No internet service,No internet service,Two year,Yes,Mailed check,37.47,1109.47,Yes
CUST-0000865,Male,0,No,No,25,Yes,Yes,No,No internet service,No internet service,No internet service,No internet service,No internet service,No internet service,One year,Yes,Electronic check,102.36,2542.58,No
CUST-0000866,Female,0,Yes,Yes,7,Yes,Yes,Fiber optic,No,No,Yes,No,Yes,Yes,Two year,Yes,Bank transfer (automatic),100.6,711.09,No
CUST-0000867,Male,0,No,No,16,Yes,No,Fiber optic,No,No,No,No,Yes,No,Month-to-month,Yes,Electronic check,66.73,1104.46,No
CUST-0000868,Male,1,Yes,No,24,Yes,No,Fiber optic,No,Yes,No,Yes,Yes,Yes,Two year,No,Credit card (automatic),71.84,1728.24,No
CUST-0000869,Female,0,No,No,48,Yes,No,No,No internet service,No internet service,No internet service,No internet service,No internet service,No internet service,One year,Yes,Bank transfer (automatic),74.02,3515.57,Yes
CUST-0000870,Female,0,No,No,33,Yes,Yes,Fiber optic,Yes,Yes,No,No,No,No,One year,Yes,Credit card (automatic),18.25,630.39,No
CUST-0000871,Male,0,No,No,17,Yes,No,DSL,No,No,No,No,Yes,Yes,Month-to-month,No,Mailed check,29.38,501.78,No
CUST-0000872,Male,0,No,No,72,Yes,No,DSL,Yes,No,Yes,No,Yes,No,Month-to-month,No,Electronic check,117.77,8482.76,No
CUST-0000873,Female,0,No,Yes,3,Yes,No,DSL,No,No,No,No,No,Yes,Month-to-month,Yes,Credit card (automatic),97.94,317.36,No
CUST-0000874,Male,0,Yes,No,7,Yes,Yes,Fiber optic,No,No,No,Yes,No,No,Month-to-month,Yes,Credit card (automatic),79.1,570.99,No
CUST-0000875,Male,0,No,No,13,No,No phone service,DSL,Yes,No,No,No,Yes,Yes,Month-to-month,No,Electronic check,32.01,417.61,No
CUST-0000876,Male,0,No,No,8,Yes,Yes,Fiber optic,Yes,Yes,No,Yes,No,Yes,One year,Yes,Credit card (automatic),77.67,641.33,No
CUST-0000877,Female,0,No,No,31,Yes,No,Fiber optic,No,No,No,No,Yes,No,Two year,Yes,Credit card (automatic),69.94,2183.58,No
CUST-0000878,Female,0,Yes,No,1,Yes,No,No,No internet service,No internet service,No internet service,No internet service,No internet service,No internet service,Month-to-month,Yes,Mailed check,62.7,43.65,No
CUST-0000879,Male,0,Yes,No,6,Yes,No,Fiber optic,No,No,No,No,Yes,Yes,Month-to-month,Yes,Credit card (automatic),96.7,577.25,No
CUST-0000880,Male,0,No,No,11,Yes,Yes,Fiber optic,No,No,Yes,No,Yes,No,Two year,Yes,Mailed check,51.31,600.64,Yes
CUST-0000881,Male,0,Yes,No,36,No,No phone service,Fiber optic,Yes,No,No,No,No,No,Month-to-month,Yes,Electronic check,67.73,2414.91,Yes
CUST-0000882,Female,1,Yes,No,66,Yes,No,No,No internet service,No internet service,No internet service,No internet service,No internet service,No internet service,Month-to-month,Yes,Mailed check,46.92,3128.69,No
CUST-0000883,Male,0,Yes,No,51,Yes,Yes,DSL,No,Yes,No,No,No,Yes,Month-to-month,No,Credit card (automatic),79.31,4062.55,No
CUST-0000884,Male,1,No,No,6,Yes,Yes,DSL,Yes,No,Yes,No,No,No,Month-to-month,Yes,Mailed check,32.41,186.19,Yes
CUST-0000885,Female,1,No,Yes,26,Yes,No,Fiber optic,No,No,No,Yes,Yes,No,Month-to-month,No,Electronic check,55.67,1435.86,No
CUST-0000886,Male,0,No,No,0,Yes,Yes,Fiber optic,No,No,No,No,No,Yes,Two year,Yes,Mailed check,82.56,,No
CUST-0000887,Female,0,Yes,No,11,Yes,Yes,Fiber optic,No,No,Yes,No,Yes,No,Month-to-month,Yes,Electronic check,48.62,546.31,No
CUST-0000888,Male,0,Yes,No,52,No,No phone service,Fiber optic,Yes,Yes,No,No,No,Yes,Month-to-month,Yes,Bank transfer (automatic),61.24,3197.79,Yes
CUST-0000889,Male,0,Yes,No,19,Yes,Yes,DSL,No,Yes,No,No,Yes,Yes,Month-to-month,Yes,Bank transfer (automatic),118.75,2234.6,No
CUST-0000890,Male,0,No,No,5,Yes,No,DSL,Yes,No,No,No,Yes,No,Two year,No,Bank transfer (automatic),106.07,511.55,No
CUST-0000891,Female,0,No,Yes,18,Yes,Yes,No,No internet service,No internet service,No internet service,No internet service,No internet service,No internet service,Month-to-month,Yes,Electronic check,87.05,1587.43,No
CUST-0000892,Female,0,Yes,No,7,Yes,No,DSL,Yes,No,Yes,No,No,No,Month-to-month,No,Credit card (automatic),71.07,521.13,No
CUST-0000893,Female,0,No,No,15,Yes,No,Fiber optic,No,No,Yes,No,No,No,Month-to-month,No,Credit card (automatic),62.8,949.22,Yes
CUST-0000894,Male,0,No,No,21,Yes,Yes,No,No internet service,No internet service,No internet service,No internet service,No internet service,No internet service,One year,Yes,Electronic check,37.78,787.29,Yes
CUST-0000895,Female,0,Yes,No,13,Yes,No,DSL,No,No,No,No,Yes,No,Month-to-month,Yes,Credit card (automatic),34.12,424.71,No
CUST-0000896,Male,0,Yes,Yes,72,Yes,No,DSL,Yes,No,Yes,No,No,No,One year,Yes,Mailed check,40.44,2902.72,No
CUST-0000897,Male,0,No,Yes,26,No,No phone service,DSL,No,No,No,No,No,Yes,Month-to-month,Yes,Mailed check,79.1,2061.46,No
CUST-0000898,Female,0,Yes,No,59,Yes,No,Fiber optic,Yes,No,No,Yes,No,Yes,Month-to-month,Yes,Electronic check,59.32,3494.31,No
CUST-0000899,Male,0,No,No,45,Yes,Yes,DSL,No,No,No,Yes,Yes,No,Month-to-month,No,Credit card (automatic),55.33,2469.25,No
CUST-0000900,Male,1,Yes,No,34,Yes,No,DSL,No,No,Yes,No,Yes,No,Month-to-month,Yes,Credit card (automatic),59.1,2009.05,Yes
CUST-0000901,Male,0,No,No,21,Yes,No,DSL,Yes,No,No,No,No,No,One year,Yes,Bank transfer (automatic),18.25,380.32,No
CUST-0000902,Male,0,No,Yes,0,Yes,Yes,DSL,No,No,Yes,No,No,Yes,One year,Yes,Electronic check,46.88,,No
CUST-0000903,Male,0,No,No,30,Yes,No,DSL,Yes,No,No,Yes,No,No,Month-to-month,Yes,Mailed check,52.58,1561.44,No
CUST-0000904,Female,0,No,No,14,Yes,No,DSL,No,Yes,Yes,No,No,Yes,Two year,Yes,Electronic check,18.25,253.07,Yes
CUST-0000905,Male,0,No,No,4,No,No phone service,DSL,Yes,No,No,No,Yes,No,Month-to-month,Yes,Mailed check,77.28,291.88,No
CUST-0000906,Female,1,No,No,18,Yes,Yes,Fiber optic,No,Yes,Yes,No,Yes,Yes,Month-to-month,No,Bank transfer (automatic),76.54,1373.31,No
CUST-0000907,Female,0,Yes,No,42,Yes,No,DSL,No,Yes,Yes,Yes,No,No,Two year,No,Electronic check,102.14,4282.64,Yes
CUST-0000908,Male,1,Yes,No,72,No,No phone service,Fiber optic,No,No,Yes,Yes,No,Yes,One year,No,Electronic check,62.86,4533.94,No
CUST-0000909,Male,0,No,Yes,14,Yes,No,Fiber optic,No,No,No,No,No,No,One year,No,Bank transfer (automatic),49.17,677.45,No
CUST-0000910,Male,0,No,No,25,Yes,No,No,No internet service,No internet service,No internet service,No internet service,No internet service,No internet service,Two year,Yes,Electronic check,42.46,1069.01,Yes
CUST-0000911,Female,0,Yes,No,60,No,No phone service,DSL,No,Yes,No,No,No,No,Two year,Yes,Bank transfer (automatic),88.35,5320.04,No
CUST-0000912,Male,1,Yes,No,13,Yes,No,DSL,No,Yes,No,No,No,Yes,Month-to-month,Yes,Electronic check,87.35,1124.41,No
CUST-0000913,Female,0,No,No,4,Yes,No,No,No internet service,No internet service,No internet service,No internet service,No internet service,No internet service,Month-to-month,No,Credit card (automatic),76.22,297.73,No
CUST-0000914,Male,0,Yes,No,10,Yes,No,No,No internet service,No internet service,No internet service,No internet service,No internet service,No internet service,One year,No,Credit card (automatic),55.78,534.54,No
CUST-0000915,Female,0,No,No,72,Yes,No,DSL,No,No,No,No,No,No,Month-to-month,Yes,Credit card (automatic),115.46,8316.07,No
CUST-0000916,Male,0,No,No,5,No,No phone service,DSL,No,No,No,No,No,No,Month-to-month,No,Electronic check,60.85,308.38,No
CUST-0000917,Male,0,No,Yes,12,Yes,No,No,No internet service,No internet service,No internet service,No internet service,No internet service,No internet service,Month-to-month,Yes,Credit card (automatic),49.14,565.47,No
CUST-0000918,Female,1,Yes,Yes,19,Yes,Yes,DSL,Yes,No,No,No,Yes,No,Month-to-month,No,Electronic check,83.82,1603.27,Yes
CUST-0000919,Female,0,Yes,Yes,60,Yes,Yes,No,No internet service,No internet service,No internet service,No internet service,No internet service,No internet service,One year,Yes,Credit card (automatic),50.12,2997.58,Yes
CUST-0000920,Male,0,Yes,No,72,Yes,Yes,No,No internet service,No internet service,No internet service,No internet service,No internet service,No internet service,One year,No,Mailed check,23.94,1700.6,No
CUST-0000921,Female,0,Yes,Yes,17,Yes,No,DSL,Yes,Yes,No,No,No,No,One year,Yes,Credit card (automatic),118.75,2023.74,No
CUST-0000922,Male,0,No,No,72,No,No phone service,No,No internet service,No internet service,No internet service,No internet service,No internet service,No internet service,Month-to-month,Yes,Electronic check,88.11,6344.31,No
CUST-0000923,Female,0,No,Yes,5,Yes,Yes,Fiber optic,No,No,No,No,Yes,No,Two year,Yes,Bank transfer (automatic),67.32,345.99,No
CUST-0000924,Female,0,Yes,No,5,Yes,No,No,No internet service,No internet service,No internet service,No internet service,No internet service,No internet service,Month-to-month,Yes,Credit card (automatic),69.03,329.33,No
CUST-0000925,Male,0,Yes,No,72,Yes,No,Fiber optic,No,No,Yes,No,Yes,No,One year,Yes,Bank transfer (automatic),29.96,2142.38,No
CUST-0000926,Male,0,Yes,No,22,Yes,No,DSL,No,No,No,Yes,No,Yes,Month-to-month,Yes,Bank transfer (automatic),67.3,1484.07,No
CUST-0000927,Male,1,No,Yes,6,Yes,Yes,Fiber optic,No,Yes,Yes,No,Yes,Yes,Month-to-month,No,Bank transfer (automatic),57.08,321.34,Yes
CUST-0000928,Female,1,Yes,Yes,21,Yes,Yes,DSL,Yes,No,No,No,Yes,No,Two year,No,Credit card (automatic),48.6,1045.38,Yes
CUST-0000929,Female,0,No,No,48,Yes,No,No,No internet service,No internet service,No internet service,No internet service,No internet service,No internet service,Two year,Yes,Bank transfer (automatic),29.52,1454.0,No
CUST-0000930,Male,0,No,No,56,Yes,No,Fiber optic,No,Yes,Yes,No,No,No,Two year,Yes,Mailed check,30.64,1669.02,Yes
CUST-0000931,Male,1,No,No,63,Yes,No,DSL,No,Yes,No,No,No,No,Two year,Yes,Electronic check,64.47,4080.83,No
CUST-0000932,Female,0,No,No,26,Yes,No,DSL,Yes,No,Yes,Yes,No,Yes,Month-to-month,No,Bank transfer (automatic),62.99,1616.85,No
CUST-0000933,Female,0,Yes,No,64,Yes,Yes,No,No internet service,No internet service,No internet service,No internet service,No internet service,No internet service,One year,No,Electronic check,70.21,4504.68,Yes
CUST-0000934,Female,1,No,Yes,22,No,No phone service,DSL,Yes,No,Yes,No,No,No,Two year,Yes,Electronic check,48.47,1057.43,No
CUST-0000935,Male,0,Yes,No,29,Yes,No,No,No internet service,No internet service,No internet service,No internet service,No internet service,No internet service,One year,No,Bank transfer (automatic),42.61,1246.42,No
CUST-0000936,Male,0,No,No,45,Yes,Yes,DSL,No,No,Yes,No,Yes,No,Two year,No,Mailed check,88.19,3961.08,No
CUST-0000937,Male,0,Yes,Yes,17,Yes,No,Fiber optic,No,No,No,No,Yes,No,One year,No,Electronic check,72.98,1239.59,No
CUST-0000938,Female,0,No,No,2,Yes,No,No,No internet service,No internet service,No internet service,No internet service,No internet service,No internet service,One year,Yes,Bank transfer (automatic),83.22,130.02,No
CUST-0000939,Male,0,Yes,No,13,Yes,No,DSL,No,No,No,Yes,Yes,Yes,Two year,Yes,Credit card (automatic),107.41,1448.52,No
CUST-0000940,Female,0,No,No,31,Yes,No,DSL,No,No,Yes,Yes,Yes,No,Month-to-month,Yes,Electronic check,61.4,1879.12,No
CUST-0000941,Male,0,Yes,Yes,6,Yes,No,No,No internet service,No internet service,No internet service,No internet service,No internet service,No internet service,Two year,Yes,Mailed check,29.51,169.57,No
CUST-0000942,Female,0,No,No,5,Yes,No,Fiber optic,Yes,Yes,Yes,No,No,No,Month-to-month,No,Electronic check,37.78,208.42,No
CUST-0000943,Female,0,No,No,11,Yes,No,Fiber optic,No,Yes,No,No,No,No,One year,No,Credit card (automatic),41.53,498.71,Yes
CUST-0000944,Female,0,Yes,Yes,1,Yes,Yes,No,No internet service,No internet service,No internet service,No internet service,No internet service,No internet service,Month-to-month,Yes,Electronic check,47.25,81.98,No
CUST-0000945,Male,0,No,Yes,43,Yes,Yes,Fiber optic,No,Yes,No,Yes,Yes,No,Month-to-month,No,Mailed check,56.63,2392.97,No
CUST-0000946,Male,0,No,No,9,No,No phone service,No,No internet service,No internet service,No internet service,No internet service,No internet service,No internet service,Month-to-month,Yes,Credit card (automatic),92.96,854.99,Yes
CUST-0000947,Male,1,Yes,No,4,Yes,Yes,Fiber optic,No,No,No,No,No,No,Month-to-month,Yes,Bank transfer (automatic),35.94,151.42,No
CUST-0000948,Female,0,No,No,38,Yes,No,Fiber optic,No,No,No,No,Yes,No,One year,Yes,Credit card (automatic),55.54,2125.14,No
CUST-0000949,Female,0,No,No,59,Yes,Yes,DSL,No,No,Yes,Yes,Yes,No,One year,Yes,Electronic check,75.26,4425.73,No
CUST-0000950,Female,0,No,No,0,Yes,No,No,No internet service,No internet service,No internet service,No internet service,No internet service,No internet service,Two year,No,Electronic check,73.69,,No
CUST-0000951,Female,0,Yes,No,8,Yes,Yes,No,No internet service,No internet service,No internet service,No internet service,No internet service,No internet service,Month-to-month,No,Mailed check,62.46,514.67,No
CUST-0000952,Female,0,Yes,No,72,Yes,No,DSL,No,No,No,No,No,No,Two year,Yes,Bank transfer (automatic),88.7,6392.61,No
CUST-0000953,Male,0,No,No,15,Yes,No,Fiber optic,No,Yes,No,No,No,Yes,Month-to-month,No,Electronic check,76.11,1166.91,No
CUST-0000954,Female,0,Yes,No,72,Yes,Yes,Fiber optic,No,Yes,Yes,No,Yes,No,Two year,No,Electronic check,118.75,8541.67,No
CUST-0000955,Male,0,No,No,10,Yes,Yes,Fiber optic,Yes,Yes,Yes,No,No,Yes,One year,No,Credit card (automatic),18.25,195.27,No
CUST-0000956,Male,1,Yes,Yes,7,Yes,No,No,No internet service,No internet service,No internet service,No internet service,No internet service,No internet service,Two year,Yes,Electronic check,71.84,492.94,No
CUST-0000957,Female,0,Yes,No,7,Yes,Yes,DSL,Yes,Yes,Yes,Yes,No,No,Month-to-month,No,Bank transfer (automatic),18.25,134.01,No
CUST-0000958,Male,0,No,No,2,No,No phone service,No,No internet service,No internet service,No internet service,No internet service,No internet service,No internet service,Month-to-month,Yes,Bank transfer (automatic),79.92,149.82,Yes
CUST-0000959,Male,0,No,No,72,Yes,Yes,DSL,Yes,No,Yes,No,No,No,Month-to-month,Yes,Electronic check,101.48,7309.87,Yes
CUST-0000960,Female,0,No,No,72,Yes,Yes,Fiber optic,No,No,No,No,Yes,No,Month-to-month,No,Bank transfer (automatic),74.28,5368.96,No
CUST-0000961,Male,1,Yes,No,72,Yes,No,Fiber optic,No,No,No,Yes,Yes,No,Two year,Yes,Electronic check,118.75,8552.62,No
CUST-0000962,Female,0,Yes,No,61,Yes,No,DSL,No,Yes,No,No,No,No,Month-to-month,Yes,Electronic check,33.23,2003.49,Yes
CUST-0000963,Male,0,Yes,No,60,Yes,No,Fiber optic,No,No,Yes,No,No,Yes,Month-to-month,No,Mailed check,74.27,4447.09,No
CUST-0000964,Male,0,No,No,34,Yes,Yes,No,No internet service,No internet service,No internet service,No internet service,No internet service,No internet service,Month-to-month,Yes,Credit card (automatic),67.03,2296.84,No
CUST-0000965,Male,0,No,Yes,55,Yes,Yes,DSL,Yes,No,Yes,Yes,No,Yes,One year,Yes,Credit card (automatic),77.9,4293.7,No
CUST-0000966,Male,0,No,No,7,Yes,Yes,DSL,Yes,No,No,No,Yes,Yes,Month-to-month,Yes,Mailed check,74.27,532.74,Yes
CUST-0000967,Female,0,Yes,No,15,Yes,Yes,Fiber optic,Yes,Yes,No,Yes,No,No,One year,Yes,Credit card (automatic),88.04,1285.68,No
CUST-0000968,Male,1,No,No,32,Yes,No,Fiber optic,No,Yes,No,No,Yes,No,One year,Yes,Credit card (automatic),25.63,798.15,No
CUST-0000969,Female,0,Yes,No,66,Yes,Yes,No,No internet service,No internet service,No internet service,No internet service,No internet service,No internet service,Two year,Yes,Mailed check,97.32,6455.23,No
CUST-0000970,Male,0,No,No,34,Yes,Yes,DSL,No,Yes,Yes,No,No,Yes,Month-to-month,No,Electronic check,49.7,1721.09,No
CUST-0000971,Female,0,Yes,No,58,Yes,No,No,No internet service,No internet service,No internet service,No internet service,No internet service,No internet service,Month-to-month,No,Electronic check,91.47,5317.13,No
CUST-0000972,Female,0,No,Yes,20,No,No phone service,Fiber optic,Yes,No,Yes,Yes,No,No,Month-to-month,Yes,Mailed check,90.53,1832.13,No
CUST-0000973,Female,0,Yes,No,40,Yes,No,DSL,Yes,Yes,No,Yes,Yes,No,Two year,No,Mailed check,36.71,1432.93,No
CUST-0000974,Male,0,Yes,Yes,72,Yes,No,No,No internet service,No internet service,No internet service,No internet service,No internet service,No internet service,Month-to-month,Yes,Bank transfer (automatic),52.94,3822.17,Yes
CUST-0000975,Male,0,Yes,No,5,Yes,Yes,DSL,No,No,No,No,Yes,No,Month-to-month,Yes,Bank transfer (automatic),36.88,138.72,Yes
CUST-0000976,Male,0,Yes,Yes,72,Yes,No,Fiber optic,Yes,No,Yes,No,No,No,One year,No,Mailed check,49.55,3593.26,No
CUST-0000977,Female,1,Yes,No,23,Yes,No,No,No internet service,No internet service,No internet service,No internet service,No internet service,No internet service,One year,No,Electronic check,87.66,2035.66,Yes
CUST-0000978,Male,0,Yes,Yes,32,Yes,No,Fiber optic,No,No,No,No,No,No,One year,Yes,Mailed check,88.25,2805.75,Yes
CUST-0000979,Male,1,Yes,No,67,Yes,No,Fiber optic,Yes,No,Yes,No,Yes,No,Month-to-month,No,Mailed check,89.17,5969.81,No
CUST-0000980,Female,0,No,No,16,Yes,No,Fiber optic,No,Yes,No,No,No,Yes,Month-to-month,No,Bank transfer (automatic),58.67,958.63,No
CUST-0000981,Male,0,Yes,Yes,17,Yes,Yes,DSL,No,No,No,No,No,Yes,Month-to-month,No,Electronic check,18.25,300.92,No
CUST-0000982,Female,0,No,No,23,Yes,Yes,Fiber optic,No,No,Yes,No,No,No,Month-to-month,Yes,Electronic check,64.5,1458.27,No
CUST-0000983,Male,0,Yes,No,0,Yes,Yes,No,No internet service,No internet service,No internet service,No internet service,No internet service,No internet service,One year,Yes,Electronic check,105.09,,Yes
CUST-0000984,Male,0,No,No,21,Yes,No,Fiber optic,No,Yes,No,No,No,No,Month-to-month,Yes,Mailed check,97.63,2070.42,Yes
CUST-0000985,Female,0,No,No,11,Yes,No,No,No internet service,No internet service,No internet service,No internet service,No internet service,No internet service,Two year,No,Bank transfer (automatic),39.74,447.96,No
CUST-0000986,Male,0,Yes,No,72,Yes,Yes,Fiber optic,No,No,No,No,No,No,Month-to-month,Yes,Credit card (automatic),110.47,7960.93,No
CUST-0000987,Female,0,No,No,2,Yes,Yes,Fiber optic,No,Yes,No,No,Yes,No,Month-to-month,No,Bank transfer (automatic),34.62,81.45,No
CUST-0000988,Male,0,Yes,No,19,Yes,No,Fiber optic,No,No,No,Yes,No,No,Two year,Yes,Bank transfer (automatic),65.91,1249.92,No
CUST-0000989,Male,0,No,No,72,No,No phone service,DSL,No,No,No,No,No,No,Month-to-month,No,Electronic check,39.69,2854.17,Yes
CUST-0000990,Female,0,No,No,72,Yes,Yes,No,No internet service,No internet service,No internet service,No internet service,No internet service,No internet service,Month-to-month,Yes,Credit card (automatic),118.75,8551.53,No
CUST-0000991,Female,0,Yes,No,38,Yes,Yes,No,No internet service,No internet service,No internet service,No internet service,No internet service,No internet service,Month-to-month,Yes,Electronic check,63.73,2441.32,No
CUST-0000992,Female,0,Yes,No,28,Yes,Yes,No,No internet service,No internet service,No internet service,No internet service,No internet service,No internet service,Month-to-month,No,Mailed check,23.22,647.84,No
CUST-0000993,Male,0,Yes,Yes,10,Yes,No,Fiber optic,No,No,Yes,No,Yes,No,One year,Yes,Electronic check,103.84,1045.11,No
CUST-0000994,Female,0,Yes,No,14,Yes,No,No,No internet service,No internet service,No internet service,No internet service,No internet service,No internet service,One year,Yes,Bank transfer (automatic),26.25,373.71,No
CUST-0000995,Male,1,No,No,3,Yes,Yes,Fiber optic,Yes,No,Yes,No,Yes,No,Month-to-month,Yes,Electronic check,53.4,158.73,No
CUST-0000996,Male,0,Yes,No,49,Yes,No,Fiber optic,No,Yes,Yes,Yes,No,No,Month-to-month,Yes,Bank transfer (automatic),103.09,5044.86,No
CUST-0000997,Female,1,Yes,Yes,12,Yes,Yes,No,No internet service,No internet service,No internet service,No internet service,No internet service,No internet service,One year,No,Electronic check,53.67,643.72,Yes
CUST-0000998,Male,1,Yes,Yes,35,Yes,No,Fiber optic,No,No,Yes,Yes,No,No,Two year,Yes,Electronic check,75.99,2693.74,No
CUST-0000999,Female,0,Yes,No,14,Yes,Yes,Fiber optic,No,No,No,No,No,No,Month-to-month,Yes,Bank transfer (automatic),34.56,490.66,No
CUST-0001000,Male,0,Yes,No,19,Yes,No,DSL,No,No,No,Yes,Yes,Yes,Month-to-month,Yes,Electronic check,118.75,2298.11,No
CUST-0001001,Male,0,No,No,25,No,No phone service,No,No internet service,No internet service,No internet service,No internet service,No internet service,No internet service,Month-to-month,No,Credit card (automatic),25.5,649.28,No
CUST-0001002,Female,0,Yes,No,51,Yes,Yes,DSL,No,No,Yes,Yes,No,No,Month-to-month,Yes,Electronic check,46.85,2358.48,No
CUST-0001003,Female,0,No,Yes,7,Yes,No,DSL,No,Yes,Yes,Yes,No,Yes,Month-to-month,Yes,Mailed check,56.97,400.53,Yes
CUST-0001004,Female,0,Yes,No,16,Yes,Yes,DSL,No,No,No,No,Yes,No,One year,Yes,Credit card (automatic),18.25,273.22,Yes
CUST-0001005,Female,0,Yes,No,4,Yes,No,Fiber optic,No,Yes,No,No,No,No,Month-to-month,No,Mailed check,70.25,312.24,Yes
CUST-0001006,Female,1,No,No,2,Yes,Yes,DSL,No,No,No,No,No,No,Month-to-month,Yes,Electronic check,101.21,181.77,No
CUST-0001007,Female,0,Yes,No,29,Yes,Yes,Fiber optic,No,Yes,No,No,Yes,No,Month-to-month,Yes,Credit card (automatic),115.54,3351.3,No
CUST-0001008,Female,0,Yes,Yes,6,Yes,No,DSL,Yes,No,No,No,No,Yes,Two year,Yes,Mailed check,82.0,460.22,No
CUST-0001009,Male,0,No,Yes,1,Yes,No,Fiber optic,No,Yes,No,Yes,No,Yes,Two year,No,Bank transfer (automatic),39.21,46.1,No
CUST-0001010,Male,1,No,No,72,Yes,No,DSL,Yes,No,No,No,No,Yes,Month-to-month,No,Credit card (automatic),20.18,1460.56,Yes
CUST-0001011,Male,0,Yes,No,24,Yes,Yes,DSL,Yes,No,No,Yes,No,No,Month-to-month,No,Electronic check,118.75,2874.64,No
CUST-0001012,Female,0,No,No,4,Yes,No,No,No internet service,No internet service,No internet service,No internet service,No internet service,No internet service,Month-to-month,Yes,Bank transfer (automatic),99.12,410.44,No
CUST-0001013,Female,0,No,Yes,1,Yes,Yes,Fiber optic,Yes,Yes,No,Yes,No,No,Two year,No,Bank transfer (automatic),111.37,99.15,No
CUST-0001014,Male,0,Yes,Yes,4,Yes,No,DSL,No,Yes,No,No,Yes,No,One year,No,Mailed check,73.99,340.44,Yes
CUST-0001015,Female,0,Yes,No,20,Yes,No,No,No internet service,No internet service,No internet service,No internet service,No internet service,No internet service,Month-to-month,No,Bank transfer (automatic),100.58,2008.12,No
CUST-0001016,Female,0,Yes,No,35,No,No phone service,DSL,No,Yes,No,No,No,No,Two year,No,Credit card (automatic),59.62,2035.57,No
CUST-0001017,Male,0,Yes,No,32,No,No phone service,DSL,No,Yes,No,No,No,No,Month-to-month,Yes,Electronic check,27.08,859.57,No
CUST-0001018,Female,0,No,Yes,4,Yes,No,Fiber optic,Yes,No,No,No,No,No,Month-to-month,Yes,Electronic check,26.97,116.36,No
CUST-0001019,Female,0,No,No,32,Yes,Yes,DSL,No,Yes,No,No,Yes,Yes,Month-to-month,Yes,Electronic check,62.81,2018.42,No
CUST-0001020,Male,1,No,No,16,Yes,Yes,DSL,Yes,Yes,No,No,No,Yes,Month-to-month,Yes,Credit card (automatic),69.7,1139.71,No
CUST-0001021,Female,0,Yes,No,20,Yes,No,No,No internet service,No internet service,No internet service,No internet service,No internet service,No internet service,Month-to-month,Yes,Electronic check,71.53,1410.52,No
CUST-0001022,Male,1,Yes,No,51,Yes,Yes,DSL,No,Yes,No,No,No,No,One year,Yes,Mailed check,24.1,1244.03,Yes
CUST-0001023,Female,0,No,No,12,Yes,Yes,DSL,Yes,Yes,No,No,Yes,No,Two year,No,Mailed check,72.53,864.2,No
CUST-0001024,Female,0,Yes,No,5,Yes,No,No,No internet service,No internet service,No internet service,No internet service,No internet service,No internet service,Two year,Yes,Electronic check,18.25,46.12,No
CUST-0001025,Female,0,No,Yes,66,Yes,No,Fiber optic,Yes,Yes,No,Yes,No,No,Two year,Yes,Mailed check,71.62,4737.07,No
CUST-0001026,Male,0,No,No,7,Yes,No,DSL,Yes,Yes,No,No,No,Yes,Two year,Yes,Electronic check,39.53,258.66,Yes
CUST-0001027,Female,0,No,No,11,Yes,No,Fiber optic,Yes,No,No,No,No,No,Month-to-month,No,Credit card (automatic),51.41,563.5,No
CUST-0001028,Female,0,Yes,No,39,Yes,No,DSL,Yes,No,No,No,Yes,No,Month-to-month,No,Credit card (automatic),107.45,4195.83,Yes
CUST-0001029,Male,0,Yes,No,36,Yes,No,Fiber optic,No,Yes,Yes,Yes,No,No,Month-to-month,Yes,Mailed check,70.07,2474.93,Yes
CUST-0001030,Female,0,No,No,51,Yes,No,Fiber optic,Yes,No,No,Yes,Yes,Yes,Month-to-month,Yes,Mailed check,59.04,3033.86,No
CUST-0001031,Male,0,No,No,6,Yes,No,No,No internet service,No internet service,No internet service,No internet service,No internet service,No internet service,Two year,Yes,Electronic check,68.82,398.68,No
CUST-0001032,Female,0,No,No,13,Yes,Yes,DSL,No,No,No,No,No,No,Month-to-month,No,Mailed check,102.76,1324.85,Yes
CUST-0001033,Male,0,Yes,Yes,4,Yes,No,Fiber optic,No,No,No,No,No,No,Two year,Yes,Mailed check,95.52,388.86,Yes
CUST-0001034,Male,0,No,No,24,Yes,No,DSL,No,Yes,Yes,No,No,No,Month-to-month,Yes,Mailed check,118.75,2790.57,No
CUST-0001035,Male,0,No,No,11,Yes,Yes,Fiber optic,No,No,Yes,No,No,No,Month-to-month,Yes,Mailed check,34.62,401.0,No
CUST-0001036,Female,0,Yes,Yes,37,No,No phone service,DSL,No,Yes,No,No,No,No,Two year,No,Electronic check,55.64,2056.91,No
CUST-0001037,Male,0,No,No,0,Yes,No,Fiber optic,Yes,No,No,No,No,Yes,Two year,No,Electronic check,93.56,,No
CUST-0001038,Female,0,No,Yes,1,Yes,No,Fiber optic,No,No,No,Yes,Yes,Yes,One year,No,Mailed check,99.04,92.37,No
CUST-0001039,Male,0,Yes,No,18,No,No phone service,No,No internet service,No internet service,No internet service,No internet service,No internet service,No internet service,Month-to-month,Yes,Mailed check,74.39,1299.68,No
CUST-0001040,Male,0,Yes,Yes,72,Yes,Yes,No,No internet service,No internet service,No internet service,No internet service,No internet service,No internet service,Month-to-month,Yes,Electronic check,95.06,6817.59,Yes
CUST-0001041,Female,0,No,No,70,No,No phone service,Fiber optic,No,Yes,Yes,No,Yes,No,Month-to-month,No,Bank transfer (automatic),61.6,4309.93,No
CUST-0001042,Female,0,Yes,No,72,Yes,Yes,DSL,No,Yes,No,No,Yes,No,Two year,Yes,Electronic check,48.63,3479.66,No
CUST-0001043,Male,0,No,No,17,Yes,No,Fiber optic,Yes,No,No,No,No,No,Month-to-month,Yes,Electronic check,71.16,1173.82,No
CUST-0001044,Female,1,Yes,Yes,1,Yes,No,No,No internet service,No internet service,No internet service,No internet service,No internet service,No internet service,Month-to-month,No,Bank transfer (automatic),38.28,41.37,No
CUST-0001045,Female,0,Yes,Yes,11,Yes,No,DSL,No,Yes,Yes,No,Yes,Yes,Two year,No,Electronic check,73.3,795.68,No
CUST-0001046,Female,0,No,No,36,Yes,No,Fiber optic,No,No,No,No,Yes,Yes,One year,Yes,Electronic check,55.8,1996.3,No
CUST-0001047,Male,1,No,No,4,Yes,No,DSL,No,No,Yes,No,No,Yes,One year,Yes,Electronic check,18.25,50.5,No
CUST-0001048,Male,1,Yes,No,11,Yes,Yes,DSL,No,Yes,Yes,No,Yes,No,Two year,Yes,Credit card (automatic),91.52,1018.0,No
CUST-0001049,Female,0,No,Yes,1,Yes,Yes,DSL,No,No,Yes,Yes,No,No,One year,No,Electronic check,70.08,55.2,No
CUST-0001050,Male,0,Yes,No,20,Yes,Yes,No,No internet service,No internet service,No internet service,No internet service,No internet service,No internet service,Month-to-month,Yes,Credit card (automatic),59.06,1153.61,Yes
CUST-0001051,Female,1,Yes,Yes,7,Yes,No,DSL,Yes,No,No,No,Yes,No,Month-to-month,No,Bank transfer (automatic),82.25,580.59,No
CUST-0001052,Female,0,Yes,No,3,Yes,Yes,DSL,No,Yes,No,No,No,Yes,Month-to-month,Yes,Credit card (automatic),85.72,245.05,Yes
CUST-0001053,Female,1,Yes,No,16,Yes,No,No,No internet service,No internet service,No internet service,No internet service,No internet service,No internet service,Month-to-month,No,Bank transfer (automatic),91.51,1450.72,No
CUST-0001054,Female,0,No,No,13,Yes,Yes,Fiber optic,No,Yes,Yes,No,Yes,Yes,Month-to-month,Yes,Electronic check,41.97,544.96,Yes
CUST-0001055,Female,0,No,No,24,Yes,Yes,Fiber optic,No,No,Yes,No,No,Yes,Month-to-month,Yes,Bank transfer (automatic),32.26,785.87,No
CUST-0001056,Male,0,No,No,44,Yes,No,DSL,Yes,No,No,No,No,Yes,Month-to-month,Yes,Bank transfer (automatic),38.9,1694.33,No
CUST-0001057,Female,0,No,No,3,Yes,Yes,Fiber optic,No,No,No,Yes,Yes,No,Month-to-month,No,Bank transfer (automatic),118.75,356.66,Yes
CUST-0001058,Male,0,Yes,No,50,Yes,No,DSL,No,No,No,No,No,No,Month-to-month,Yes,Bank transfer (automatic),35.55,1786.12,No
CUST-0001059,Male,1,No,No,0,Yes,No,Fiber optic,No,Yes,No,No,No,Yes,One year,No,Electronic check,96.78,,No
CUST-0001060,Female,0,No,No,18,Yes,Yes,Fiber optic,Yes,No,No,No,No,Yes,Two year,Yes,Electronic check,32.04,576.32,Yes
CUST-0001061,Female,0,No,No,28,Yes,No,Fiber optic,No,No,No,No,Yes,No,One year,Yes,Credit card (automatic),29.29,804.19,No
CUST-0001062,Female,0,No,Yes,72,Yes,No,Fiber optic,No,No,No,No,No,No,Month-to-month,Yes,Credit card (automatic),18.25,1300.4,Yes
CUST-0001063,Female,0,No,Yes,27,Yes,No,No,No internet service,No internet service,No internet service,No internet service,No internet service,No internet service,Month-to-month,No,Mailed check,21.17,610.6,Yes
CUST-0001064,Male,0,Yes,Yes,5,Yes,Yes,Fiber optic,No,Yes,No,No,Yes,No,Month-to-month,Yes,Credit card (automatic),55.86,293.16,No
CUST-0001065,Male,0,No,Yes,23,No,No phone service,Fiber optic,No,No,No,No,No,No,Month-to-month,Yes,Electronic check,71.25,1641.2,No
CUST-0001066,Female,0,No,Yes,16,Yes,Yes,DSL,No,No,No,No,Yes,No,Two year,No,Mailed check,76.58,1224.28,No
CUST-0001067,Male,0,No,No,20,Yes,Yes,No,No internet service,No internet service,No internet service,No internet service,No internet service,No internet service,Month-to-month,No,Mailed check,77.02,1517.46,No
CUST-0001068,Male,0,Yes,Yes,7,Yes,Yes,Fiber optic,Yes,No,No,No,Yes,No,Month-to-month,Yes,Bank transfer (automatic),83.53,584.23,No
CUST-0001069,Male,0,No,No,22,Yes,No,Fiber optic,No,Yes,No,No,No,No,One year,No,Credit card (automatic),54.09,1186.27,No
CUST-0001070,Male,1,No,No,5,Yes,No,Fiber optic,Yes,Yes,No,No,Yes,No,Month-to-month,No,Bank transfer (automatic),18.25,78.4,No
CUST-0001071,Male,0,Yes,Yes,43,Yes,No,No,No internet service,No internet service,No internet service,No internet service,No internet service,No internet service,Month-to-month,Yes,Bank transfer (automatic),61.15,2615.65,No
CUST-0001072,Male,0,No,Yes,28,Yes,No,No,No internet service,No internet service,No internet service,No internet service,No internet service,No internet service,One year,No,Credit card (automatic),44.84,1270.51,Yes
CUST-0001073,Male,0,Yes,Yes,2,Yes,No,DSL,No,No,Yes,No,No,Yes,Month-to-month,Yes,Bank transfer (automatic),83.67,151.8,No
CUST-0001074,Male,0,Yes,Yes,70,Yes,No,Fiber optic,No,No,No,Yes,Yes,No,Two year,Yes,Electronic check,87.77,6096.2,No
CUST-0001075,Female,0,Yes,No,30,Yes,Yes,DSL,No,Yes,Yes,No,No,Yes,One year,No,Bank transfer (automatic),43.63,1312.11,No
CUST-0001076,Male,0,No,No,12,Yes,No,DSL,Yes,Yes,No,Yes,No,No,Month-to-month,No,Bank transfer (automatic),90.85,1078.15,No
CUST-0001077,Male,0,Yes,Yes,1,Yes,No,No,No internet service,No internet service,No internet service,No internet service,No internet service,No internet service,Month-to-month,Yes,Credit card (automatic),61.95,69.18,No
CUST-0001078,Female,0,No,No,32,Yes,No,DSL,Yes,No,No,No,No,No,One year,No,Mailed check,37.01,1169.91,No
CUST-0001079,Male,0,Yes,Yes,14,Yes,No,DSL,No,No,No,Yes,No,No,One year,Yes,Electronic check,118.75,1647.12,No
CUST-0001080,Female,0,Yes,No,72,Yes,No,Fiber optic,No,No,No,Yes,Yes,Yes,Month-to-month,Yes,Electronic check,53.8,3874.58,Yes
CUST-0001081,Female,0,Yes,No,1,No,No phone service,No,No internet service,No internet service,No internet service,No internet service,No internet service,No internet service,Month-to-month,Yes,Credit card (automatic),87.0,93.66,No
CUST-0001082,Male,0,Yes,No,1,Yes,No,DSL,No,Yes,No,No,No,No,One year,Yes,Credit card (automatic),103.85,113.66,No
CUST-0001083,Male,0,No,No,72,Yes,Yes,DSL,No,No,Yes,No,No,No,Month-to-month,Yes,Electronic check,81.25,5840.61,Yes
CUST-0001084,Female,0,No,Yes,72,Yes,Yes,DSL,No,No,No,No,No,Yes,Month-to-month,No,Bank transfer (automatic),51.04,3671.07,Yes
CUST-0001085,Female,1,Yes,No,0,Yes,No,DSL,No,No,No,No,No,Yes,Month-to-month,Yes,Mailed check,56.15,,Yes
CUST-0001086,Male,1,Yes,No,40,Yes,No,DSL,No,No,No,No,No,Yes,Month-to-month,No,Bank transfer (automatic),18.25,727.71,Yes
CUST-0001087,Female,0,No,No,8,No,No phone service,No,No internet service,No internet service,No internet service,No internet service,No internet service,No internet service,Two year,No,Electronic check,36.97,323.14,Yes
CUST-0001088,Male,0,Yes,Yes,38,Yes,No,DSL,No,No,No,No,Yes,No,Month-to-month,Yes,Credit card (automatic),88.74,3361.23,No
CUST-0001089,Female,0,No,No,64,Yes,No,Fiber optic,Yes,Yes,Yes,No,No,Yes,Month-to-month,No,Mailed check,60.57,3888.73,Yes
CUST-0001090,Male,1,No,No,3,No,No phone service,No,No internet service,No internet service,No internet service,No internet service,No internet service,No internet service,Two year,Yes,Bank transfer (automatic),80.43,268.54,No
CUST-0001091,Female,0,Yes,No,8,Yes,No,Fiber optic,No,No,Yes,No,No,No,Month-to-month,Yes,Mailed check,28.78,258.3,No
CUST-0001092,Female,0,Yes,Yes,0,Yes,Yes,DSL,Yes,No,Yes,Yes,Yes,Yes,Month-to-month,Yes,Credit card (automatic),56.7,,No
CUST-0001093,Female,0,No,No,1,Yes,No,Fiber optic,No,No,Yes,No,No,Yes,Month-to-month,Yes,Bank transfer (automatic),77.0,113.05,No
CUST-0001094,Female,0,Yes,Yes,0,Yes,Yes,No,No internet service,No internet service,No internet service,No internet service,No internet service,No internet service,Two year,Yes,Electronic check,62.79,,No
CUST-0001095,Male,1,Yes,No,51,Yes,No,DSL,No,No,No,No,No,No,Month-to-month,No,Mailed check,117.56,5985.65,Yes
CUST-0001096,Male,0,Yes,No,11,Yes,No,DSL,No,Yes,Yes,No,Yes,No,Month-to-month,Yes,Credit card (automatic),47.04,508.36,No
CUST-0001097,Male,0,No,No,21,Yes,No,DSL,No,Yes,No,Yes,No,Yes,One year,Yes,Electronic check,66.33,1435.14,No
CUST-0001098,Male,0,No,No,49,Yes,No,Fiber optic,No,No,Yes,No,Yes,No,Month-to-month,No,Credit card (automatic),71.06,3477.63,Yes
CUST-0001099,Female,0,Yes,No,21,No,No phone service,DSL,No,Yes,Yes,No,No,Yes,One year,No,Bank transfer (automatic),36.71,768.01,No
CUST-0001100,Male,0,No,No,17,Yes,Yes,Fiber optic,No,No,Yes,Yes,Yes,No,One year,No,Electronic check,26.13,445.51,No
CUST-0001101,Male,0,Yes,Yes,0,Yes,No,Fiber optic,No,Yes,No,Yes,No,No,Month-to-month,No,Credit card (automatic),73.12,,Yes
CUST-0001102,Female,1,No,No,26,Yes,Yes,Fiber optic,Yes,No,No,No,Yes,No,Month-to-month,Yes,Mailed check,89.01,2326.3,No
CUST-0001103,Female,0,Yes,No,4,Yes,No,Fiber optic,No,Yes,Yes,No,No,Yes,Month-to-month,Yes,Credit card (automatic),81.82,312.36,No
CUST-0001104,Female,0,No,Yes,46,Yes,Yes,DSL,No,No,No,Yes,Yes,Yes,One year,Yes,Electronic check,86.4,3980.8,No
CUST-0001105,Female,1,No,No,9,Yes,Yes,Fiber optic,No,Yes,Yes,No,No,Yes,Two year,Yes,Credit card (automatic),48.5,412.76,No
CUST-0001106,Male,0,Yes,Yes,35,Yes,No,Fiber optic,No,No,Yes,No,No,Yes,Month-to-month,Yes,Bank transfer (automatic),40.28,1390.91,No
CUST-0001107,Male,0,Yes,No,33,No,No phone service,Fiber optic,No,No,Yes,No,No,No,Month-to-month,Yes,Bank transfer (automatic),57.52,1901.4,No
CUST-0001108,Female,0,Yes,No,30,Yes,Yes,DSL,Yes,No,Yes,Yes,No,No,Month-to-month,Yes,Bank transfer (automatic),104.48,3147.97,No
CUST-0001109,Female,0,Yes,No,9,Yes,No,Fiber optic,No,Yes,No,No,Yes,No,Month-to-month,No,Bank transfer (automatic),85.78,810.86,No
CUST-0001110,Male,0,Yes,No,9,Yes,No,Fiber optic,No,No,No,Yes,No,No,Month-to-month,No,Credit card (automatic),26.45,217.46,Yes
CUST-0001111,Female,1,No,Yes,63,Yes,No,Fiber optic,No,No,Yes,Yes,Yes,No,One year,Yes,Credit card (automatic),80.37,5085.02,No
CUST-0001112,Male,0,No,No,0,Yes,No,DSL,No,No,Yes,Yes,Yes,No,Month-to-month,Yes,Mailed check,118.75,,No
CUST-0001113,Male,0,Yes,Yes,6,No,No phone service,DSL,Yes,No,No,No,No,Yes,Month-to-month,Yes,Bank transfer (automatic),100.05,578.12,No
CUST-0001114,Female,0,No,No,30,Yes,Yes,Fiber optic,No,No,Yes,Yes,Yes,No,One year,No,Electronic check,44.62,1337.56,Yes
CUST-0001115,Female,0,No,No,54,No,No phone service,Fiber optic,No,No,No,No,No,Yes,Month-to-month,Yes,Mailed check,96.76,5247.55,No
CUST-0001116,Female,0,No,No,14,Yes,No,Fiber optic,No,Yes,No,No,Yes,Yes,Month-to-month,Yes,Electronic check,70.76,992.95,No
CUST-0001117,Male,0,Yes,Yes,33,Yes,No,Fiber optic,No,No,Yes,No,Yes,No,Month-to-month,No,Electronic check,45.97,1523.84,No
CUST-0001118,Female,1,Yes,No,26,Yes,Yes,DSL,Yes,Yes,Yes,No,No,Yes,Two year,Yes,Bank transfer (automatic),77.17,2023.47,No
CUST-0001119,Male,0,No,No,2,No,No phone service,DSL,No,No,Yes,No,No,No,Month-to-month,No,Electronic check,104.24,212.88,Yes
CUST-0001120,Male,0,Yes,No,31,Yes,Yes,Fiber optic,No,No,No,Yes,Yes,No,Month-to-month,Yes,Credit card (automatic),43.64,1377.23,No
CUST-0001121,Female,0,No,Yes,53,Yes,Yes,Fiber optic,No,Yes,No,Yes,No,No,Month-to-month,Yes,Mailed check,76.66,4069.75,No
CUST-0001122,Female,0,No,No,72,Yes,Yes,Fiber optic,No,No,No,No,No,Yes,One year,Yes,Credit card (automatic),40.01,2931.68,No
CUST-0001123,Female,0,Yes,Yes,0,Yes,Yes,No,No internet service,No internet service,No internet service,No internet service,No internet service,No internet service,Two year,Yes,Mailed check,30.49,,No
CUST-0001124,Female,0,Yes,No,34,Yes,No,Fiber optic,No,No,No,Yes,No,No,Two year,Yes,Credit card (automatic),42.47,1455.29,No
CUST-0001125,Female,0,No,No,17,Yes,Yes,DSL,No,No,No,Yes,No,No,Month-to-month,Yes,Credit card (automatic),38.53,647.78,No
CUST-0001126,Female,0,No,Yes,0,Yes,Yes,Fiber optic,No,No,No,No,No,No,Two year,No,Mailed check,67.57,,No
CUST-0001127,Male,0,No,Yes,30,Yes,Yes,Fiber optic,No,No,Yes,Yes,No,No,Month-to-month,Yes,Credit card (automatic),40.9,1186.76,No
CUST-0001128,Male,0,Yes,No,4,Yes,No,Fiber optic,No,Yes,No,No,Yes,Yes,Month-to-month,Yes,Electronic check,114.42,409.56,No
CUST-0001129,Male,0,No,No,15,Yes,No,No,No internet service,No internet service,No internet service,No internet service,No internet service,No internet service,Two year,Yes,Mailed check,41.01,611.84,No
CUST-0001130,Male,0,No,Yes,9,Yes,Yes,Fiber optic,No,No,Yes,No,No,Yes,Two year,Yes,Mailed check,70.29,669.99,Yes
CUST-0001131,Female,0,No,No,14,Yes,No,Fiber optic,No,No,No,Yes,No,Yes,Month-to-month,No,Bank transfer (automatic),107.81,1528.05,Yes
CUST-0001132,Male,0,Yes,No,21,Yes,No,No,No internet service,No internet service,No internet service,No internet service,No internet service,No internet service,Month-to-month,Yes,Mailed check,55.39,1170.78,No
CUST-0001133,Male,0,Yes,No,14,Yes,No,DSL,No,Yes,No,No,Yes,No,Two year,Yes,Electronic check,74.65,1037.57,No
CUST-0001134,Male,0,Yes,Yes,25,Yes,Yes,DSL,Yes,No,No,No,No,No,Month-to-month,No,Electronic check,118.75,2993.2,No
CUST-0001135,Female,0,No,Yes,8,Yes,No,DSL,No,No,Yes,No,Yes,No,Two year,Yes,Credit card (automatic),75.89,623.27,Yes
CUST-0001136,Male,0,No,No,32,Yes,Yes,DSL,No,No,No,Yes,No,No,One year,Yes,Bank transfer (automatic),26.29,810.88,No
CUST-0001137,Female,0,No,No,61,Yes,No,DSL,No,No,Yes,Yes,Yes,Yes,Month-to-month,Yes,Electronic check,83.69,5123.2,Yes
CUST-0001138,Male,0,No,No,8,Yes,Yes,No,No internet service,No internet service,No internet service,No internet service,No internet service,No internet service,Month-to-month,No,Credit card (automatic),118.75,937.43,Yes
CUST-0001139,Male,0,Yes,No,22,Yes,Yes,No,No internet service,No internet service,No internet service,No internet service,No internet service,No internet service,Month-to-month,No,Bank transfer (automatic),44.98,992.33,Yes
CUST-0001140,Female,0,Yes,No,33,Yes,No,Fiber optic,No,No,No,Yes,Yes,No,Month-to-month,No,Bank transfer (automatic),105.25,3451.04,No
CUST-0001141,Female,1,Yes,Yes,26,Yes,No,Fiber optic,No,Yes,No,Yes,Yes,No,One year,Yes,Mailed check,82.8,2192.28,No
CUST-0001142,Male,0,Yes,No,14,Yes,No,DSL,No,No,No,Yes,No,Yes,Month-to-month,Yes,Bank transfer (automatic),60.39,823.52,No
CUST-0001143,Female,0,No,No,32,Yes,No,Fiber optic,No,No,Yes,Yes,No,No,Month-to-month,Yes,Bank transfer (automatic),77.01,2483.87,No
CUST-0001144,Female,0,No,No,0,Yes,Yes,DSL,Yes,No,Yes,No,No,No,Month-to-month,Yes,Bank transfer (automatic),18.26,,Yes
CUST-0001145,Male,1,Yes,No,14,Yes,No,Fiber optic,No,No,Yes,No,Yes,Yes,One year,No,Mailed check,40.81,581.29,No
CUST-0001146,Female,0,No,No,24,Yes,No,Fiber optic,Yes,Yes,No,No,Yes,No,Month-to-month,Yes,Mailed check,67.99,1637.9,Yes
CUST-0001147,Female,0,No,No,0,Yes,Yes,Fiber optic,No,No,Yes,No,No,No,Month-to-month,Yes,Electronic check,67.5,,Yes
CUST-0001148,Female,1,Yes,Yes,22,Yes,No,DSL,No,No,Yes,No,No,Yes,Month-to-month,Yes,Electronic check,68.93,1513.08,No
CUST-0001149,Female,0,Yes,No,33,Yes,Yes,DSL,No,No,No,Yes,Yes,Yes,Month-to-month,Yes,Credit card (automatic),83.87,2744.98,Yes
CUST-0001150,Female,0,Yes,No,45,Yes,No,Fiber optic,No,Yes,Yes,No,No,No,Two year,Yes,Bank transfer (automatic),94.4,4258.75,No
CUST-0001151,Female,0,Yes,No,3,Yes,No,Fiber optic,No,Yes,No,No,Yes,No,Two year,Yes,Credit card (automatic),51.72,164.59,No
CUST-0001152,Female,0,No,No,72,Yes,No,DSL,No,No,No,Yes,Yes,No,Month-to-month,Yes,Mailed check,32.87,2352.96,No
CUST-0001153,Female,0,Yes,No,29,Yes,Yes,DSL,Yes,No,Yes,Yes,No,No,Month-to-month,Yes,Mailed check,68.89,2003.01,No
CUST-0001154,Female,0,Yes,No,14,Yes,No,No,No internet service,No internet service,No internet service,No internet service,No internet service,No internet service,Month-to-month,Yes,Credit card (automatic),35.19,494.85,Yes
CUST-0001155,Female,0,No,No,9,Yes,No,DSL,No,No,No,Yes,Yes,Yes,Month-to-month,No,Electronic check,50.25,436.5,No
CUST-0001156,Female,0,No,No,27,Yes,No,Fiber optic,No,No,No,No,No,No,Two year,Yes,Bank transfer (automatic),106.94,2887.18,No
CUST-0001157,Male,0,Yes,No,68,Yes,Yes,DSL,Yes,Yes,No,No,No,No,Two year,Yes,Bank transfer (automatic),26.87,1873.4,No
CUST-0001158,Female,0,No,No,23,No,No phone service,Fiber optic,Yes,Yes,No,No,No,No,Month-to-month,Yes,Electronic check,67.74,1547.87,No
CUST-0001159,Female,0,Yes,No,34,Yes,No,Fiber optic,No,No,No,No,Yes,No,One year,No,Electronic check,84.51,2842.17,No
CUST-0001160,Male,1,Yes,No,14,Yes,No,No,No internet service,No internet service,No internet service,No internet service,No internet service,No internet service,Two year,No,Mailed check,35.08,467.71,No
CUST-0001161,Female,0,No,No,15,Yes,No,Fiber optic,No,No,No,Yes,Yes,No,Month-to-month,No,Electronic check,77.93,1165.78,No
CUST-0001162,Male,0,Yes,Yes,10,Yes,Yes,DSL,Yes,No,Yes,No,No,No,Two year,No,Electronic check,115.67,1167.06,No
CUST-0001163,Male,0,No,No,39,Yes,No,No,No internet service,No internet service,No internet service,No internet service,No internet service,No internet service,Two year,Yes,Electronic check,57.44,2220.5,No
CUST-0001164,Female,0,Yes,No,14,Yes,No,Fiber optic,No,No,No,No,No,No,Month-to-month,No,Electronic check,87.78,1235.26,No
CUST-0001165,Male,0,Yes,Yes,6,Yes,Yes,No,No internet service,No internet service,No internet service,No internet service,No internet service,No internet service,Two year,No,Credit card (automatic),93.11,550.24,No
CUST-0001166,Female,0,No,Yes,14,Yes,Yes,Fiber optic,Yes,No,No,No,Yes,Yes,Month-to-month,Yes,Mailed check,93.19,1300.8,Yes
CUST-0001167,Female,0,Yes,Yes,61,Yes,Yes,Fiber optic,No,No,No,No,Yes,No,Month-to-month,No,Credit card (automatic),103.06,6251.86,No
CUST-0001168,Female,0,No,No,42,Yes,No,No,No internet service,No internet service,No internet service,No internet service,No internet service,No internet service,Two year,No,Credit card (automatic),60.38,2530.27,No
CUST-0001169,Male,0,No,No,13,Yes,No,Fiber optic,Yes,Yes,No,No,Yes,Yes,Two year,Yes,Electronic check,118.75,1520.75,No
CUST-0001170,Male,0,No,Yes,72,Yes,No,Fiber optic,No,Yes,No,No,Yes,No,Month-to-month,No,Credit card (automatic),78.64,5665.52,No
CUST-0001171,Female,0,No,No,2,Yes,No,Fiber optic,No,No,Yes,No,No,No,Month-to-month,Yes,Electronic check,67.19,133.78,No
CUST-0001172,Female,0,Yes,Yes,1,Yes,Yes,Fiber optic,Yes,No,No,No,Yes,No,One year,Yes,Mailed check,58.73,100.5,Yes
CUST-0001173,Female,0,No,No,4,Yes,No,Fiber optic,No,No,No,No,Yes,No,Month-to-month,No,Electronic check,85.87,330.69,No
CUST-0001174,Male,0,No,No,3,Yes,No,No,No internet service,No internet service,No internet service,No internet service,No internet service,No internet service,Month-to-month,No,Mailed check,72.56,236.76,No
CUST-0001175,Female,0,No,No,2,Yes,No,Fiber optic,No,No,No,No,No,No,Month-to-month,No,Electronic check,55.71,113.24,No
CUST-0001176,Female,0,No,No,34,Yes,Yes,Fiber optic,No,No,Yes,No,No,No,One year,No,Credit card (automatic),54.28,1868.4,No
CUST-0001177,Female,0,No,No,29,Yes,No,Fiber optic,Yes,Yes,Yes,No,Yes,No,Month-to-month,Yes,Electronic check,18.25,570.27,No
CUST-0001178,Male,1,Yes,No,33,No,No phone service,DSL,No,No,No,No,No,Yes,Month-to-month,Yes,Mailed check,56.7,1867.59,No
CUST-0001179,Female,0,No,Yes,37,Yes,No,DSL,No,No,No,No,Yes,Yes,One year,Yes,Electronic check,94.09,3473.32,No
CUST-0001180,Female,0,Yes,No,45,Yes,No,DSL,No,Yes,No,No,No,No,Month-to-month,No,Bank transfer (automatic),90.12,4056.65,No
CUST-0001181,Female,1,Yes,No,7,Yes,Yes,Fiber optic,Yes,No,Yes,No,Yes,No,Month-to-month,Yes,Mailed check,54.96,339.65,Yes
CUST-0001182,Male,0,No,No,31,Yes,No,No,No internet service,No internet service,No internet service,No internet service,No internet service,No internet service,One year,Yes,Electronic check,84.82,2631.42,Yes
CUST-0001183,Female,0,Yes,No,27,Yes,No,Fiber optic,Yes,Yes,No,Yes,No,No,Month-to-month,No,Mailed check,31.2,821.41,No
CUST-0001184,Female,0,Yes,Yes,72,Yes,Yes,No,No internet service,No internet service,No internet service,No internet service,No internet service,No internet service,Month-to-month,No,Mailed check,60.39,4337.32,Yes
CUST-0001185,Male,0,Yes,No,8,Yes,No,DSL,No,Yes,Yes,Yes,No,No,Month-to-month,Yes,Credit card (automatic),48.75,380.31,No
CUST-0001186,Female,0,No,No,1,Yes,No,Fiber optic,No,No,No,No,No,Yes,Month-to-month,Yes,Bank transfer (automatic),40.74,56.75,No
CUST-0001187,Female,0,Yes,Yes,33,Yes,Yes,DSL,No,No,No,No,No,No,Month-to-month,Yes,Credit card (automatic),118.75,3919.29,Yes
CUST-0001188,Male,0,No,No,43,Yes,No,DSL,Yes,No,No,No,No,No,Two year,No,Electronic check,96.99,4161.34,No
CUST-0001189,Male,0,Yes,No,10,Yes,Yes,No,No internet service,No internet service,No internet service,No internet service,No internet service,No internet service,Two year,No,Electronic check,49.86,486.91,No
CUST-0001190,Female,0,No,No,27,Yes,No,DSL,No,No,No,Yes,No,Yes,Month-to-month,No,Electronic check,66.21,1778.44,No
CUST-0001191,Male,0,Yes,Yes,1,No,No phone service,DSL,Yes,No,No,Yes,Yes,No,Two year,No,Credit card (automatic),18.25,49.04,Yes
CUST-0001192,Female,0,No,No,72,Yes,Yes,DSL,Yes,Yes,No,No,No,Yes,Month-to-month,Yes,Electronic check,99.86,7178.65,No
CUST-0001193,Male,0,Yes,No,3,Yes,Yes,No,No internet service,No internet service,No internet service,No internet service,No internet service,No internet service,Month-to-month,Yes,Mailed check,71.77,235.75,No
CUST-0001194,Female,0,No,Yes,2,Yes,No,Fiber optic,No,No,No,Yes,Yes,Yes,Month-to-month,No,Electronic check,69.4,128.82,No
CUST-0001195,Male,0,No,No,1,Yes,Yes,DSL,No,No,No,No,Yes,No,One year,Yes,Bank transfer (automatic),102.24,36.34,Yes
CUST-0001196,Female,0,No,No,17,Yes,No,DSL,Yes,No,No,No,Yes,No,Month-to-month,Yes,Mailed check,93.75,1546.76,No
CUST-0001197,Female,0,No,No,3,Yes,No,DSL,Yes,No,No,Yes,No,Yes,One year,No,Bank transfer (automatic),107.07,305.33,Yes
CUST-0001198,Female,0,Yes,No,43,Yes,No,DSL,No,Yes,No,No,Yes,No,One year,No,Electronic check,18.25,804.2,No
CUST-0001199,Female,0,No,No,72,Yes,Yes,No,No internet service,No internet service,No internet service,No internet service,No internet service,No internet service,Two year,Yes,Mailed check,78.18,5620.55,No
CUST-0001200,Male,0,No,Yes,9,Yes,No,No,No internet service,No internet service,No internet service,No internet service,No internet service,No internet service,Two year,No,Electronic check,66.02,573.84,No
CUST-0001201,Female,0,No,No,31,Yes,No,No,No internet service,No internet service,No internet service,No internet service,No internet service,No internet service,Two year,Yes,Electronic check,37.15,1146.54,No
CUST-0001202,Male,0,No,No,1,Yes,Yes,No,No internet service,No internet service,No internet service,No internet service,No internet service,No internet service,Month-to-month,Yes,Electronic check,93.37,105.6,Yes
CUST-0001203,Male,0,No,Yes,15,No,No phone service,No,No internet service,No internet service,No internet service,No internet service,No internet service,No internet service,Month-to-month,No,Mailed check,67.5,993.73,No
CUST-0001204,Male,0,No,No,11,Yes,No,No,No internet service,No internet service,No internet service,No internet service,No internet service,No internet service,Month-to-month,Yes,Credit card (automatic),94.64,1042.01,Yes
CUST-0001205,Male,0,Yes,No,8,Yes,No,No,No internet service,No internet service,No internet service,No internet service,No internet service,No internet service,Month-to-month,Yes,Mailed check,73.74,572.72,No
CUST-0001206,Female,1,No,No,33,No,No phone service,No,No internet service,No internet service,No internet service,No internet service,No internet service,No internet service,Month-to-month,No,Credit card (automatic),55.45,1855.13,No
CUST-0001207,Female,0,No,No,4,Yes,Yes,Fiber optic,No,No,No,Yes,No,No,Month-to-month,Yes,Bank transfer (automatic),39.98,198.59,No
CUST-0001208,Male,1,No,No,63,Yes,No,DSL,No,No,Yes,No,Yes,No,Two year,Yes,Bank transfer (automatic),66.3,4186.32,Yes
CUST-0001209,Male,1,Yes,Yes,34,Yes,No,Fiber optic,No,No,No,No,No,No,One year,Yes,Credit card (automatic),56.38,1897.78,No
CUST-0001210,Female,0,No,No,39,No,No phone service,Fiber optic,No,Yes,No,No,No,No,One year,No,Bank transfer (automatic),18.25,698.9,No
CUST-0001211,Male,0,No,No,72,Yes,Yes,Fiber optic,Yes,No,No,Yes,No,Yes,One year,No,Electronic check,35.95,2584.77,No
CUST-0001212,Male,0,Yes,No,72,Yes,Yes,Fiber optic,Yes,No,Yes,No,No,Yes,Month-to-month,No,Credit card (automatic),33.65,2383.56,No
CUST-0001213,Male,1,No,No,25,Yes,Yes,Fiber optic,No,Yes,Yes,Yes,No,No,Month-to-month,No,Mailed check,76.63,1933.11,Yes
CUST-0001214,Female,0,Yes,No,21,Yes,Yes,DSL,No,Yes,Yes,Yes,No,No,Month-to-month,Yes,Electronic check,43.76,876.68,No
CUST-0001215,Female,1,No,No,13,Yes,Yes,DSL,No,No,Yes,No,No,Yes,One year,No,Credit card (automatic),62.57,777.01,No
CUST-0001216,Male,0,Yes,Yes,40,No,No phone service,No,No internet service,No internet service,No internet service,No internet service,No internet service,No internet service,Month-to-month,Yes,Bank transfer (automatic),60.33,2395.96,No
CUST-0001217,Male,0,Yes,Yes,24,Yes,Yes,Fiber optic,No,No,No,No,Yes,No,Two year,No,Electronic check,57.01,1342.82,No
CUST-0001218,Female,0,Yes,Yes,72,Yes,Yes,DSL,No,Yes,Yes,Yes,Yes,No,Month-to-month,Yes,Credit card (automatic),21.52,1567.82,No
CUST-0001219,Female,0,No,No,8,Yes,No,No,No internet service,No internet service,No internet service,No internet service,No internet service,No internet service,Month-to-month,No,Mailed check,44.04,352.03,No
CUST-0001220,Male,0,Yes,Yes,11,Yes,Yes,DSL,No,No,No,No,No,No,Month-to-month,No,Electronic check,94.06,1036.04,No
CUST-0001221,Female,0,No,No,12,Yes,Yes,Fiber optic,No,No,No,No,Yes,No,One year,No,Mailed check,100.32,1216.35,No
CUST-0001222,Male,0,No,Yes,52,Yes,Yes,DSL,No,Yes,No,No,No,No,One year,Yes,Credit card (automatic),54.71,2887.58,No
CUST-0001223,Male,0,No,No,3,Yes,No,No,No internet service,No internet service,No internet service,No internet service,No internet service,No internet service,Two year,No,Electronic check,33.19,82.53,No
CUST-0001224,Female,0,Yes,No,19,Yes,No,Fiber optic,No,No,Yes,Yes,Yes,Yes,One year,Yes,Electronic check,38.53,730.54,No
CUST-0001225,Male,0,No,No,17,Yes,No,Fiber optic,Yes,No,Yes,No,Yes,No,Month-to-month,Yes,Electronic check,76.21,1314.27,No
CUST-0001226,Female,0,No,No,2,Yes,No,No,No internet service,No internet service,No internet service,No internet service,No internet service,No internet service,Month-to-month,Yes,Electronic check,89.12,153.26,No
CUST-0001227,Male,0,Yes,Yes,16,Yes,No,No,No internet service,No internet service,No internet service,No internet service,No internet service,No internet service,Month-to-month,Yes,Electronic check,39.93,651.86,Yes
CUST-0001228,Male,0,Yes,No,23,Yes,No,Fiber optic,No,No,No,No,No,No,Month-to-month,Yes,Mailed check,97.51,2220.86,No
CUST-0001229,Female,0,Yes,Yes,2,Yes,Yes,No,No internet service,No internet service,No internet service,No internet service,No internet service,No internet service,Month-to-month,Yes,Credit card (automatic),56.09,115.25,No
CUST-0001230,Male,0,No,No,22,Yes,Yes,Fiber optic,Yes,No,No,No,Yes,No,One year,Yes,Electronic check,48.33,1064.19,No
CUST-0001231,Female,0,Yes,No,72,Yes,No,Fiber optic,No,Yes,Yes,Yes,Yes,No,Month-to-month,Yes,Bank transfer (automatic),21.53,1544.22,No
CUST-0001232,Male,0,Yes,No,72,Yes,No,Fiber optic,No,No,No,No,Yes,No,Two year,No,Bank transfer (automatic),54.5,3903.4,Yes
CUST-0001233,Male,0,No,No,24,Yes,Yes,DSL,Yes,No,No,Yes,No,Yes,Month-to-month,Yes,Electronic check,59.45,1442.0,Yes
CUST-0001234,Male,0,No,No,23,Yes,Yes,DSL,No,No,No,Yes,Yes,Yes,Month-to-month,Yes,Bank transfer (automatic),50.84,1181.77,No
CUST-0001235,Female,0,No,No,10,Yes,No,No,No internet service,No internet service,No internet service,No internet service,No internet service,No internet service,Two year,Yes,Mailed check,108.27,1062.45,No
CUST-0001236,Male,0,No,No,72,Yes,Yes,DSL,No,Yes,Yes,No,Yes,No,Month-to-month,No,Electronic check,64.92,4697.5,No
CUST-0001237,Female,0,Yes,No,10,Yes,No,Fiber optic,No,No,No,No,Yes,No,Two year,No,Electronic check,48.44,492.7,Yes
CUST-0001238,Male,0,No,No,19,Yes,Yes,DSL,Yes,No,Yes,Yes,No,No,Month-to-month,Yes,Mailed check,78.23,1504.89,No
CUST-0001239,Female,1,Yes,Yes,0,Yes,Yes,Fiber optic,Yes,No,Yes,Yes,No,Yes,Two year,Yes,Electronic check,97.86,,No
CUST-0001240,Male,1,No,No,13,Yes,No,DSL,No,No,No,No,No,No,One year,Yes,Electronic check,61.91,792.87,No
CUST-0001241,Female,0,No,No,2,Yes,No,No,No internet service,No internet service,No internet service,No internet service,No internet service,No internet service,One year,No,Bank transfer (automatic),64.05,113.39,No
CUST-0001242,Female,0,Yes,Yes,43,Yes,Yes,No,No internet service,No internet service,No internet service,No internet service,No internet service,No internet service,Month-to-month,No,Bank transfer (automatic),45.13,1966.02,Yes
CUST-0001243,Female,1,No,No,26,Yes,No,No,No internet service,No internet service,No internet service,No internet service,No internet service,No internet service,Two year,Yes,Credit card (automatic),103.45,2690.13,No
CUST-0001244,Female,0,No,No,27,Yes,Yes,Fiber optic,Yes,No,Yes,No,No,No,Month-to-month,Yes,Electronic check,64.96,1735.63,Yes
CUST-0001245,Female,0,Yes,No,10,Yes,No,No,No internet service,No internet service,No internet service,No internet service,No internet service,No internet service,Month-to-month,Yes,Credit card (automatic),36.16,349.12,No
CUST-0001246,Female,0,No,No,53,Yes,Yes,Fiber optic,Yes,Yes,No,No,No,No,Two year,No,Bank transfer (automatic),64.5,3387.74,Yes
CUST-0001247,Male,0,No,No,0,Yes,No,Fiber optic,Yes,Yes,No,No,Yes,Yes,Two year,Yes,Bank transfer (automatic),84.03,,No
CUST-0001248,Male,1,No,Yes,12,Yes,No,DSL,No,No,Yes,No,No,Yes,Two year,No,Credit card (automatic),118.49,1453.24,No
CUST-0001249,Female,0,No,Yes,34,Yes,Yes,No,No internet service,No internet service,No internet service,No internet service,No internet service,No internet service,Month-to-month,Yes,Electronic check,18.25,586.8,No
CUST-0001250,Female,0,No,No,72,Yes,Yes,DSL,Yes,Yes,No,No,No,No,Month-to-month,No,Credit card (automatic),56.26,4045.31,No
CUST-0001251,Female,0,Yes,No,8,Yes,No,Fiber optic,Yes,No,Yes,No,No,Yes,One year,Yes,Bank transfer (automatic),57.15,445.56,No
CUST-0001252,Male,0,Yes,No,24,Yes,Yes,No,No internet service,No internet service,No internet service,No internet service,No internet service,No internet service,Month-to-month,Yes,Electronic check,18.25,416.73,No
CUST-0001253,Male,1,Yes,No,24,Yes,No,Fiber optic,No,Yes,No,No,No,Yes,Month-to-month,Yes,Bank transfer (automatic),78.47,1888.13,No
CUST-0001254,Male,0,Yes,Yes,66,Yes,Yes,DSL,Yes,Yes,Yes,Yes,No,No,Month-to-month,Yes,Mailed check,61.92,4122.03,No
CUST-0001255,Female,0,No,No,1,Yes,No,Fiber optic,Yes,Yes,No,No,Yes,No,Two year,Yes,Electronic check,44.36,51.51,No
CUST-0001256,Male,0,Yes,Yes,17,Yes,No,Fiber optic,No,No,No,No,Yes,Yes,Two year,No,Bank transfer (automatic),53.68,999.2,No
CUST-0001257,Male,0,Yes,Yes,6,Yes,Yes,DSL,Yes,No,Yes,No,Yes,No,Month-to-month,Yes,Mailed check,87.95,536.54,No
CUST-0001258,Male,0,Yes,No,0,Yes,No,Fiber optic,No,Yes,Yes,No,Yes,Yes,Month-to-month,No,Electronic check,18.25,,No
CUST-0001259,Male,0,No,Yes,5,Yes,No,No,No internet service,No internet service,No internet service,No internet service,No internet service,No internet service,Month-to-month,No,Bank transfer (automatic),105.31,510.8,No
CUST-0001260,Female,0,No,No,72,Yes,No,No,No internet service,No internet service,No internet service,No internet service,No internet service,No internet service,One year,Yes,Electronic check,51.83,3758.41,Yes
CUST-0001261,Male,0,Yes,Yes,7,Yes,No,Fiber optic,No,No,No,No,Yes,Yes,Month-to-month,No,Mailed check,18.25,123.39,Yes
CUST-0001262,Female,0,No,Yes,72,Yes,Yes,DSL,No,No,No,No,No,Yes,One year,Yes,Electronic check,62.9,4541.38,No
CUST-0001263,Male,0,Yes,No,7,Yes,Yes,Fiber optic,No,Yes,No,No,No,Yes,One year,No,Mailed check,93.05,647.78,No
CUST-0001264,Male,0,No,No,72,No,No phone service,Fiber optic,No,No,No,No,No,Yes,Two year,Yes,Electronic check,63.73,4601.95,No
CUST-0001265,Male,0,Yes,Yes,34,Yes,No,No,No internet service,No internet service,No internet service,No internet service,No internet service,No internet service,Two year,Yes,Mailed check,76.28,2554.54,Yes
CUST-0001266,Male,0,No,No,3,No,No phone service,No,No internet service,No internet service,No internet service,No internet service,No internet service,No internet service,Month-to-month,No,Electronic check,91.68,297.61,No
CUST-0001267,Male,0,No,No,27,Yes,Yes,No,No internet service,No internet service,No internet service,No internet service,No internet service,No internet service,Month-to-month,No,Electronic check,98.55,2675.31,No
CUST-0001268,Male,0,No,No,12,Yes,No,Fiber optic,No,Yes,No,No,No,No,Month-to-month,Yes,Electronic check,114.55,1357.57,No
CUST-0001269,Female,0,Yes,Yes,15,Yes,No,Fiber optic,No,No,Yes,No,Yes,Yes,One year,Yes,Mailed check,81.84,1234.59,No
CUST-0001270,Male,0,No,No,18,Yes,No,DSL,No,Yes,No,No,Yes,No,One year,Yes,Credit card (automatic),24.55,436.44,No
CUST-0001271,Female,0,No,No,17,Yes,No,Fiber optic,No,No,No,No,No,No,Month-to-month,Yes,Mailed check,105.05,1744.14,Yes
CUST-0001272,Female,0,No,Yes,34,Yes,Yes,No,No internet service,No internet service,No internet service,No internet service,No internet service,No internet service,Month-to-month,No,Mailed check,118.75,4006.49,No
CUST-0001273,Female,0,Yes,Yes,46,Yes,No,Fiber optic,No,No,No,No,No,Yes,Month-to-month,Yes,Bank transfer (automatic),45.0,2058.51,Yes
CUST-0001274,Male,1,Yes,No,12,Yes,No,Fiber optic,No,Yes,No,Yes,No,No,Month-to-month,Yes,Credit card (automatic),62.81,737.18,Yes
CUST-0001275,Male,0,No,Yes,72,Yes,Yes,DSL,No,No,No,No,No,Yes,One year,No,Electronic check,45.55,3286.64,No
CUST-0001276,Male,1,Yes,No,72,Yes,Yes,DSL,No,Yes,Yes,No,No,Yes,Month-to-month,No,Credit card (automatic),85.92,6208.59,Yes
CUST-0001277,Male,0,Yes,Yes,1,Yes,Yes,Fiber optic,No,Yes,No,Yes,Yes,Yes,Two year,Yes,Electronic check,21.66,12.37,Yes
CUST-0001278,Female,0,Yes,No,0,Yes,No,No,No internet service,No internet service,No internet service,No internet service,No internet service,No internet service,Month-to-month,No,Credit card (automatic),31.07,,Yes
CUST-0001279,Male,0,No,No,17,Yes,No,DSL,No,Yes,No,Yes,No,No,One year,Yes,Credit card (automatic),59.18,977.58,No
CUST-0001280,Male,0,Yes,Yes,28,Yes,No,DSL,Yes,Yes,Yes,Yes,No,Yes,One year,No,Bank transfer (automatic),79.69,2232.2,Yes
CUST-0001281,Female,0,No,No,10,Yes,Yes,Fiber optic,Yes,Yes,Yes,No,Yes,Yes,Month-to-month,No,Mailed check,62.39,636.68,No
CUST-0001282,Female,0,Yes,No,9,Yes,No,DSL,No,Yes,Yes,No,No,Yes,One year,No,Mailed check,63.1,551.58,No
CUST-0001283,Female,0,Yes,Yes,36,Yes,Yes,DSL,No,No,No,Yes,Yes,Yes,Month-to-month,No,Credit card (automatic),83.59,3016.94,No
CUST-0001284,Male,0,Yes,No,29,Yes,No,DSL,No,No,Yes,Yes,No,Yes,Month-to-month,Yes,Electronic check,96.52,2815.39,Yes
CUST-0001285,Male,1,Yes,No,5,No,No phone service,Fiber optic,Yes,No,No,Yes,No,Yes,One year,No,Credit card (automatic),70.08,306.07,No
CUST-0001286,Female,1,No,No,69,Yes,Yes,Fiber optic,No,No,No,Yes,No,No,Month-to-month,Yes,Electronic check,110.41,7634.27,No
CUST-0001287,Male,0,No,Yes,36,Yes,No,No,No internet service,No internet service,No internet service,No internet service,No internet service,No internet service,Month-to-month,Yes,Credit card (automatic),18.25,635.17,Yes
CUST-0001288,Male,0,No,No,14,Yes,Yes,Fiber optic,No,No,No,Yes,No,No,One year,Yes,Credit card (automatic),51.98,742.65,No
CUST-0001289,Male,0,Yes,No,36,Yes,Yes,Fiber optic,No,Yes,No,Yes,No,No,Month-to-month,Yes,Mailed check,18.25,690.91,No
CUST-0001290,Male,0,No,No,3,Yes,No,DSL,Yes,No,Yes,No,No,Yes,Month-to-month,No,Bank transfer (automatic),73.26,187.97,No
CUST-0001291,Male,0,No,No,20,Yes,Yes,Fiber optic,Yes,Yes,No,No,Yes,No,Two year,Yes,Electronic check,79.03,1576.1,No
CUST-0001292,Male,0,No,Yes,5,Yes,No,Fiber optic,Yes,No,No,No,Yes,No,Month-to-month,No,Bank transfer (automatic),41.29,211.62,No
CUST-0001293,Female,0,No,No,1,Yes,Yes,DSL,No,No,No,Yes,No,No,One year,No,Bank transfer (automatic),47.79,71.59,No
CUST-0001294,Female,1,Yes,No,13,Yes,No,Fiber optic,No,No,No,Yes,No,No,Month-to-month,No,Electronic check,18.25,218.57,No
CUST-0001295,Female,0,No,Yes,5,No,No phone service,DSL,No,No,Yes,Yes,No,No,One year,Yes,Mailed check,88.66,435.0,No
CUST-0001296,Male,0,Yes,Yes,32,Yes,No,Fiber optic,Yes,No,No,Yes,No,Yes,Month-to-month,No,Bank transfer (automatic),18.73,577.66,No
CUST-0001297,Male,0,Yes,Yes,35,Yes,Yes,Fiber optic,No,Yes,Yes,No,Yes,No,Two year,No,Electronic check,113.54,3985.26,No
CUST-0001298,Male,0,No,No,5,Yes,No,Fiber optic,No,No,No,No,Yes,Yes,Month-to-month,Yes,Bank transfer (automatic),44.9,171.66,Yes
CUST-0001299,Female,0,No,No,0,Yes,No,No,No internet service,No internet service,No internet service,No internet service,No internet service,No internet service,Month-to-month,No,Credit card (automatic),66.27,,No
CUST-0001300,Female,0,No,No,50,No,No phone service,No,No internet service,No internet service,No internet service,No internet service,No internet service,No internet service,Month-to-month,Yes,Mailed check,102.04,5114.17,Yes
CUST-0001301,Male,0,Yes,No,0,Yes,No,No,No internet service,No internet service,No internet service,No internet service,No internet service,No internet service,One year,No,Mailed check,62.14,,No
CUST-0001302,Female,1,Yes,No,13,No,No phone service,No,No internet service,No internet service,No internet service,No internet service,No internet service,No internet service,Month-to-month,Yes,Electronic check,61.63,792.44,No
CUST-0001303,Male,0,Yes,No,21,Yes,Yes,DSL,Yes,No,No,No,No,No,Month-to-month,No,Electronic check,91.87,1928.5,No
CUST-0001304,Female,0,No,Yes,54,Yes,Yes,Fiber optic,No,No,No,No,No,Yes,One year,Yes,Credit card (automatic),33.57,1783.58,No
CUST-0001305,Female,0,Yes,Yes,58,Yes,Yes,DSL,No,Yes,No,No,No,No,Month-to-month,No,Bank transfer (automatic),49.71,2883.52,No
CUST-0001306,Female,0,No,Yes,41,Yes,No,DSL,No,No,Yes,No,Yes,Yes,Month-to-month,Yes,Electronic check,77.22,3166.23,Yes
CUST-0001307,Female,0,Yes,No,9,Yes,Yes,Fiber optic,No,Yes,No,No,No,Yes,Month-to-month,Yes,Credit card (automatic),60.9,529.55,No
CUST-0001308,Female,0,No,No,40,No,No phone service,No,No internet service,No internet service,No internet service,No internet service,No internet service,No internet service,Month-to-month,Yes,Electronic check,18.25,759.91,No
CUST-0001309,Male,0,No,No,9,Yes,No,Fiber optic,No,Yes,Yes,No,No,No,Month-to-month,No,Credit card (automatic),32.39,257.67,No
CUST-0001310,Female,1,Yes,No,7,Yes,Yes,Fiber optic,No,No,Yes,No,No,No,Month-to-month,Yes,Mailed check,118.75,819.58,No
CUST-0001311,Male,0,Yes,No,25,Yes,No,Fiber optic,No,No,Yes,Yes,Yes,No,Month-to-month,Yes,Mailed check,65.47,1677.08,No
CUST-0001312,Female,0,No,No,36,Yes,No,Fiber optic,No,No,Yes,Yes,No,Yes,One year,Yes,Mailed check,70.44,2508.29,No
CUST-0001313,Female,0,No,No,1,Yes,No,No,No internet service,No internet service,No internet service,No internet service,No internet service,No internet service,Month-to-month,Yes,Electronic check,81.07,99.12,No
CUST-0001314,Female,0,No,Yes,1,Yes,No,DSL,Yes,No,No,No,No,Yes,One year,Yes,Bank transfer (automatic),107.59,99.25,No
CUST-0001315,Male,0,No,No,49,Yes,Yes,No,No internet service,No internet service,No internet service,No internet service,No internet service,No internet service,Month-to-month,No,Bank transfer (automatic),28.27,1403.74,No
CUST-0001316,Female,0,Yes,No,62,Yes,Yes,DSL,Yes,No,Yes,No,No,Yes,Month-to-month,Yes,Bank transfer (automatic),61.95,3840.05,No
CUST-0001317,Female,0,No,Yes,29,Yes,No,No,No internet service,No internet service,No internet service,No internet service,No internet service,No internet service,Month-to-month,No,Credit card (automatic),52.61,1539.41,No
CUST-0001318,Female,0,Yes,Yes,17,Yes,Yes,DSL,No,Yes,Yes,Yes,No,No,Two year,Yes,Mailed check,78.67,1336.25,No
CUST-0001319,Male,0,No,No,59,Yes,No,Fiber optic,No,No,No,No,No,Yes,Month-to-month,Yes,Bank transfer (automatic),30.79,1817.69,Yes
CUST-0001320,Male,0,Yes,No,41,Yes,No,No,No internet service,No internet service,No internet service,No internet service,No internet service,No internet service,Month-to-month,No,Mailed check,88.35,3620.93,No
CUST-0001321,Male,0,No,No,27,Yes,Yes,Fiber optic,No,Yes,No,No,No,No,Two year,Yes,Credit card (automatic),59.41,1607.3,No
CUST-0001322,Male,0,Yes,Yes,12,Yes,Yes,Fiber optic,No,No,No,Yes,No,No,One year,Yes,Credit card (automatic),67.01,798.85,No
CUST-0001323,Female,0,Yes,No,7,Yes,No,Fiber optic,No,No,No,No,Yes,No,Month-to-month,Yes,Mailed check,81.28,571.6,No
CUST-0001324,Male,0,Yes,No,17,Yes,Yes,DSL,No,Yes,Yes,No,No,No,Month-to-month,Yes,Bank transfer (automatic),40.17,663.22,Yes
CUST-0001325,Female,0,No,No,10,Yes,Yes,DSL,No,No,Yes,Yes,Yes,Yes,Two year,Yes,Electronic check,103.83,1013.89,Yes
CUST-0001326,Male,0,No,No,13,Yes,Yes,DSL,No,Yes,No,No,No,No,One year,Yes,Bank transfer (automatic),118.75,1523.65,No
CUST-0001327,Male,0,No,No,23,Yes,Yes,DSL,Yes,No,No,No,No,Yes,Month-to-month,Yes,Electronic check,97.22,2259.6,No
CUST-0001328,Female,0,Yes,Yes,5,Yes,Yes,No,No internet service,No internet service,No internet service,No internet service,No internet service,No internet service,Month-to-month,No,Credit card (automatic),118.75,592.64,No
CUST-0001329,Female,0,No,No,52,Yes,Yes,No,No internet service,No internet service,No internet service,No internet service,No internet service,No internet service,Month-to-month,No,Bank transfer (automatic),66.54,3445.18,No
CUST-0001330,Male,0,No,No,5,Yes,Yes,DSL,No,No,Yes,Yes,No,No,Two year,Yes,Credit card (automatic),81.2,426.21,No
CUST-0001331,Female,0,Yes,No,20,Yes,No,No,No internet service,No internet service,No internet service,No internet service,No internet service,No internet service,One year,No,Bank transfer (automatic),47.6,937.1,No
CUST-0001332,Female,0,Yes,No,43,Yes,Yes,DSL,No,No,No,Yes,No,Yes,One year,Yes,Electronic check,83.13,3535.64,No
CUST-0001333,Male,0,Yes,No,21,Yes,Yes,DSL,No,No,No,No,No,No,Month-to-month,No,Mailed check,100.51,2113.73,No
CUST-0001334,Female,0,Yes,No,14,Yes,No,Fiber optic,No,Yes,No,No,No,No,Two year,No,Mailed check,26.61,363.11,No
CUST-0001335,Female,0,Yes,No,20,Yes,No,DSL,No,Yes,No,Yes,No,No,Month-to-month,No,Credit card (automatic),43.08,841.04,Yes
CUST-0001336,Female,0,No,No,60,Yes,Yes,DSL,No,No,Yes,No,No,Yes,Month-to-month,Yes,Mailed check,71.49,4309.8,No
CUST-0001337,Male,0,Yes,Yes,72,Yes,No,Fiber optic,No,Yes,No,No,No,Yes,Two year,Yes,Mailed check,110.7,7989.78,Yes
CUST-0001338,Female,0,No,No,31,Yes,Yes,No,No internet service,No internet service,No internet service,No internet service,No internet service,No internet service,Month-to-month,No,Bank transfer (automatic),70.4,2182.45,No
CUST-0001339,Male,0,No,No,50,Yes,Yes,Fiber optic,No,Yes,No,Yes,No,No,Month-to-month,Yes,Bank transfer (automatic),21.96,1061.73,No
CUST-0001340,Male,0,No,No,0,Yes,No,DSL,Yes,Yes,Yes,No,Yes,No,Month-to-month,Yes,Bank transfer (automatic),45.57,,No
CUST-0001341,Male,1,No,No,67,No,No phone service,Fiber optic,No,Yes,No,No,Yes,No,Two year,Yes,Mailed check,38.84,2610.81,No
CUST-0001342,Male,0,Yes,No,72,No,No phone service,Fiber optic,No,Yes,Yes,Yes,No,No,One year,No,Bank transfer (automatic),70.57,5087.13,No
CUST-0001343,Female,0,No,No,27,Yes,No,Fiber optic,No,Yes,No,No,No,Yes,Month-to-month,No,Credit card (automatic),59.24,1612.09,No
CUST-0001344,Female,1,Yes,No,44,Yes,Yes,No,No internet service,No internet service,No internet service,No internet service,No internet service,No internet service,Month-to-month,No,Electronic check,26.67,1168.36,No
CUST-0001345,Female,0,No,No,23,Yes,Yes,No,No internet service,No internet service,No internet service,No internet service,No internet service,No internet service,Month-to-month,Yes,Electronic check,63.35,1443.84,No
CUST-0001346,Male,0,No,No,10,Yes,Yes,No,No internet service,No internet service,No internet service,No internet service,No internet service,No internet service,One year,Yes,Bank transfer (automatic),68.32,689.39,Yes
CUST-0001347,Male,0,No,No,61,Yes,Yes,Fiber optic,No,No,No,No,No,Yes,Month-to-month,Yes,Electronic check,57.78,3529.63,No
CUST-0001348,Male,0,No,Yes,29,Yes,No,Fiber optic,No,No,No,Yes,Yes,No,Two year,No,Electronic check,103.08,2986.83,No
CUST-0001349,Female,0,Yes,No,27,Yes,Yes,Fiber optic,No,No,No,Yes,Yes,No,Month-to-month,Yes,Bank transfer (automatic),63.73,1754.01,No
CUST-0001350,Male,1,Yes,No,34,Yes,Yes,Fiber optic,No,No,No,Yes,Yes,No,Month-to-month,Yes,Mailed check,98.45,3345.39,Yes
CUST-0001351,Female,0,No,Yes,62,Yes,No,DSL,Yes,No,Yes,Yes,Yes,No,Month-to-month,Yes,Electronic check,115.26,7126.91,No
CUST-0001352,Female,0,Yes,No,42,Yes,Yes,Fiber optic,Yes,No,No,No,No,Yes,Two year,Yes,Mailed check,53.88,2231.78,No
CUST-0001353,Male,0,No,No,7,Yes,Yes,DSL,Yes,No,Yes,Yes,Yes,No,Two year,Yes,Electronic check,62.1,425.73,Yes
CUST-0001354,Female,0,Yes,No,20,No,No phone service,No,No internet service,No internet service,No internet service,No internet service,No internet service,No internet service,Month-to-month,Yes,Mailed check,69.27,1348.53,Yes
CUST-0001355,Male,0,No,Yes,72,Yes,No,DSL,No,Yes,No,No,Yes,No,Month-to-month,Yes,Electronic check,118.75,8561.94,No
CUST-0001356,Female,1,Yes,No,25,Yes,Yes,No,No internet service,No internet service,No internet service,No internet service,No internet service,No internet service,Month-to-month,Yes,Electronic check,36.45,892.51,No
CUST-0001357,Female,1,No,No,72,Yes,No,Fiber optic,No,No,No,No,No,No,Month-to-month,Yes,Electronic check,23.06,1668.48,No
CUST-0001358,Male,0,No,No,53,Yes,Yes,Fiber optic,Yes,No,No,No,Yes,No,Month-to-month,Yes,Bank transfer (automatic),81.42,4320.79,No
CUST-0001359,Male,1,Yes,No,35,No,No phone service,DSL,No,No,No,Yes,Yes,Yes,Two year,Yes,Credit card (automatic),89.44,3161.88,No
CUST-0001360,Female,0,Yes,No,13,Yes,Yes,Fiber optic,Yes,No,No,Yes,Yes,No,Two year,Yes,Mailed check,36.61,474.42,No
CUST-0001361,Female,0,Yes,No,11,Yes,Yes,DSL,No,Yes,No,Yes,No,Yes,Month-to-month,No,Electronic check,39.71,469.9,No
CUST-0001362,Male,0,Yes,No,32,Yes,No,Fiber optic,No,No,No,No,Yes,Yes,Month-to-month,Yes,Credit card (automatic),42.59,1335.94,No
CUST-0001363,Female,0,Yes,Yes,18,Yes,No,DSL,Yes,No,No,No,Yes,Yes,Two year,Yes,Credit card (automatic),92.29,1648.9,No
CUST-0001364,Female,0,Yes,No,51,Yes,Yes,Fiber optic,No,No,No,No,No,Yes,Month-to-month,Yes,Electronic check,118.75,6053.03,No
CUST-0001365,Female,0,No,No,45,No,No phone service,No,No internet service,No internet service,No internet service,No internet service,No internet service,No internet service,Month-to-month,No,Electronic check,118.75,5363.35,No
CUST-0001366,Male,0,Yes,No,11,Yes,Yes,Fiber optic,No,No,Yes,Yes,No,No,Month-to-month,No,Electronic check,68.47,801.17,No
CUST-0001367,Female,0,No,No,38,Yes,No,DSL,No,No,Yes,No,Yes,No,Month-to-month,No,Credit card (automatic),18.25,650.09,No
CUST-0001368,Female,0,No,No,21,No,No phone service,Fiber optic,Yes,No,No,No,No,No,One year,Yes,Credit card (automatic),34.12,767.73,Yes
CUST-0001369,Male,1,Yes,No,12,Yes,No,No,No internet service,No internet service,No internet service,No internet service,No internet service,No internet service,Month-to-month,No,Electronic check,58.23,710.35,No
CUST-0001370,Male,0,Yes,No,17,Yes,No,Fiber optic,No,No,No,Yes,Yes,No,Month-to-month,Yes,Electronic check,68.99,1175.61,No
CUST-0001371,Female,0,No,No,72,Yes,Yes,DSL,No,No,No,Yes,Yes,No,Two year,Yes,Electronic check,86.08,6194.71,No
CUST-0001372,Male,0,Yes,No,14,No,No phone service,DSL,Yes,No,No,Yes,No,No,Two year,No,Electronic check,93.19,1285.61,Yes
CUST-0001373,Female,0,No,Yes,10,Yes,No,Fiber optic,No,No,No,No,No,No,Month-to-month,Yes,Credit card (automatic),98.84,979.87,Yes
CUST-0001374,Male,0,No,Yes,13,No,No phone service,DSL,Yes,Yes,No,No,No,No,Two year,Yes,Electronic check,20.29,254.72,No
CUST-0001375,Male,0,Yes,No,7,Yes,Yes,Fiber optic,No,No,Yes,No,Yes,Yes,Two year,No,Mailed check,20.38,121.23,No
CUST-0001376,Female,0,No,No,25,Yes,No,Fiber optic,No,No,No,No,No,No,Month-to-month,No,Electronic check,68.81,1734.42,No
CUST-0001377,Male,0,Yes,No,5,Yes,No,DSL,No,No,Yes,No,Yes,No,Month-to-month,Yes,Bank transfer (automatic),56.85,274.0,No
CUST-0001378,Female,0,Yes,No,54,Yes,No,Fiber optic,No,Yes,No,No,No,Yes,One year,Yes,Electronic check,33.18,1799.06,No
CUST-0001379,Male,0,No,No,8,Yes,No,No,No internet service,No internet service,No internet service,No internet service,No internet service,No internet service,Two year,Yes,Electronic check,39.85,331.92,Yes
CUST-0001380,Female,0,No,Yes,29,No,No phone service,Fiber optic,Yes,No,Yes,No,No,No,Two year,No,Credit card (automatic),86.37,2518.86,Yes
CUST-0001381,Male,0,No,No,4,Yes,No,DSL,No,No,Yes,Yes,No,No,Month-to-month,No,Electronic check,71.38,284.56,No
CUST-0001382,Male,0,No,No,72,Yes,Yes,Fiber optic,No,Yes,Yes,Yes,No,No,Month-to-month,No,Electronic check,96.21,6918.53,No
CUST-0001383,Female,0,No,No,19,Yes,Yes,DSL,No,Yes,No,Yes,No,No,One year,No,Mailed check,70.31,1354.43,Yes
CUST-0001384,Male,0,No,No,55,Yes,Yes,No,No internet service,No internet service,No internet service,No internet service,No internet service,No internet service,Month-to-month,No,Mailed check,23.99,1334.32,No
CUST-0001385,Female,1,Yes,No,46,Yes,Yes,No,No internet service,No internet service,No internet service,No internet service,No internet service,No internet service,Two year,No,Bank transfer (automatic),43.63,2000.01,No
CUST-0001386,Male,0,No,No,40,No,No phone service,No,No internet service,No internet service,No internet service,No internet service,No internet service,No internet service,Month-to-month,No,Electronic check,45.78,1798.17,Yes
CUST-0001387,Female,0,No,No,56,Yes,Yes,Fiber optic,Yes,No,Yes,No,Yes,No,Month-to-month,No,Mailed check,73.28,4061.39,No
CUST-0001388,Male,0,Yes,No,3,Yes,No,Fiber optic,No,No,No,No,No,No,Month-to-month,Yes,Electronic check,31.05,124.38,Yes
CUST-0001389,Female,0,No,No,36,Yes,No,No,No internet service,No internet service,No internet service,No internet service,No internet service,No internet service,Two year,Yes,Credit card (automatic),87.89,3168.11,No
CUST-0001390,Male,0,Yes,Yes,9,Yes,No,DSL,Yes,No,No,No,No,No,Month-to-month,Yes,Mailed check,18.25,142.36,No
CUST-0001391,Male,1,No,No,49,Yes,No,DSL,Yes,No,Yes,No,Yes,No,Two year,Yes,Electronic check,18.25,857.63,No
CUST-0001392,Male,1,No,No,72,Yes,No,Fiber optic,No,No,Yes,No,No,Yes,Month-to-month,Yes,Bank transfer (automatic),64.75,4686.38,No
CUST-0001393,Male,0,No,Yes,72,Yes,Yes,No,No internet service,No internet service,No internet service,No internet service,No internet service,No internet service,Two year,No,Electronic check,41.04,2951.22,No
CUST-0001394,Female,0,Yes,Yes,3,Yes,No,Fiber optic,No,No,No,Yes,Yes,No,Two year,No,Credit card (automatic),52.5,181.34,No
CUST-0001395,Male,0,No,No,14,No,No phone service,Fiber optic,No,No,Yes,No,No,Yes,Two year,Yes,Electronic check,100.13,1395.88,No
CUST-0001396,Female,0,Yes,No,14,Yes,No,Fiber optic,No,No,No,No,Yes,No,One year,No,Credit card (automatic),21.64,345.85,No
CUST-0001397,Male,0,No,Yes,4,Yes,No,Fiber optic,Yes,No,Yes,No,No,No,Month-to-month,No,Credit card (automatic),97.11,411.49,Yes
CUST-0001398,Male,0,No,No,3,Yes,Yes,DSL,Yes,Yes,Yes,No,Yes,No,Month-to-month,Yes,Electronic check,73.09,193.28,Yes
CUST-0001399,Female,0,No,No,15,Yes,Yes,Fiber optic,No,No,Yes,No,Yes,No,One year,No,Electronic check,47.62,745.11,No
CUST-0001400,Female,0,No,No,72,Yes,Yes,Fiber optic,No,Yes,No,No,No,No,Month-to-month,Yes,Bank transfer (automatic),50.76,3631.09,Yes
CUST-0001401,Male,0,No,No,26,Yes,Yes,Fiber optic,Yes,No,No,No,No,No,Month-to-month,Yes,Electronic check,80.95,2112.55,Yes
CUST-0001402,Male,0,Yes,Yes,31,No,No phone service,Fiber optic,No,Yes,No,Yes,No,No,Month-to-month,No,Mailed check,80.82,2522.45,Yes
CUST-0001403,Male,0,Yes,No,20,Yes,No,Fiber optic,No,No,Yes,No,No,Yes,Month-to-month,Yes,Electronic check,44.46,880.33,No
CUST-0001404,Female,0,No,No,34,Yes,Yes,No,No internet service,No internet service,No internet service,No internet service,No internet service,No internet service,One year,Yes,Mailed check,77.55,2610.84,No
CUST-0001405,Female,1,No,No,72,Yes,No,Fiber optic,No,Yes,No,No,No,Yes,Two year,Yes,Electronic check,58.14,4154.39,No
CUST-0001406,Male,0,Yes,No,28,Yes,No,Fiber optic,No,No,No,No,Yes,No,Two year,No,Electronic check,90.42,2526.03,Yes
CUST-0001407,Female,0,No,No,2,Yes,No,Fiber optic,No,No,No,No,Yes,Yes,Month-to-month,Yes,Electronic check,35.71,85.83,Yes
CUST-0001408,Female,0,Yes,No,21,Yes,Yes,No,No internet service,No internet service,No internet service,No internet service,No internet service,No internet service,Month-to-month,No,Electronic check,52.89,1120.3,No
CUST-0001409,Female,0,Yes,No,72,Yes,Yes,Fiber optic,No,Yes,Yes,No,Yes,No,Month-to-month,Yes,Mailed check,18.25,1317.2,No
CUST-0001410,Female,0,No,No,15,Yes,Yes,DSL,Yes,Yes,No,No,No,Yes,Two year,Yes,Electronic check,83.83,1257.53,Yes
CUST-0001411,Male,0,Yes,Yes,28,Yes,No,DSL,No,No,Yes,No,Yes,No,Month-to-month,Yes,Credit card (automatic),78.18,2190.19,No
CUST-0001412,Male,1,Yes,No,3,Yes,No,DSL,No,No,No,Yes,No,No,Month-to-month,No,Mailed check,38.29,90.97,No
CUST-0001413,Male,0,Yes,Yes,4,Yes,No,DSL,Yes,Yes,No,No,No,No,Month-to-month,Yes,Electronic check,100.51,442.15,No
CUST-0001414,Male,0,No,No,66,Yes,Yes,Fiber optic,No,No,No,No,No,No,One year,No,Electronic check,29.31,1951.31,No
CUST-0001415,Female,0,No,No,11,Yes,Yes,No,No internet service,No internet service,No internet service,No internet service,No internet service,No internet service,Month-to-month,Yes,Electronic check,80.05,899.74,No
CUST-0001416,Female,1,No,No,11,Yes,No,Fiber optic,No,No,No,No,No,No,Month-to-month,Yes,Mailed check,100.87,1098.36,No
CUST-0001417,Male,0,Yes,No,15,Yes,No,DSL,No,No,Yes,No,No,No,Month-to-month,Yes,Mailed check,63.05,942.73,No
CUST-0001418,Male,1,No,No,72,Yes,No,DSL,No,No,No,Yes,Yes,Yes,Month-to-month,Yes,Credit card (automatic),59.2,4255.22,No
CUST-0001419,Male,1,No,No,2,Yes,No,Fiber optic,Yes,Yes,No,No,No,No,Two year,No,Bank transfer (automatic),76.5,154.94,No
CUST-0001420,Female,0,No,No,54,Yes,No,Fiber optic,Yes,No,No,No,No,No,Month-to-month,No,Mailed check,77.66,4216.07,No
CUST-0001421,Male,0,No,No,13,Yes,Yes,No,No internet service,No internet service,No internet service,No internet service,No internet service,No internet service,One year,Yes,Electronic check,79.19,1039.35,Yes
CUST-0001422,Female,1,Yes,No,60,Yes,Yes,No,No internet service,No internet service,No internet service,No internet service,No internet service,No internet service,Two year,Yes,Mailed check,36.9,2177.6,No
CUST-0001423,Male,0,Yes,No,72,Yes,Yes,No,No internet service,No internet service,No internet service,No internet service,No internet service,No internet service,Month-to-month,No,Mailed check,46.24,3345.95,No
CUST-0001424,Male,0,Yes,No,13,Yes,No,Fiber optic,No,No,No,No,No,No,Month-to-month,Yes,Credit card (automatic),86.43,1078.6,No
CUST-0001425,Female,0,Yes,No,4,Yes,Yes,Fiber optic,No,No,Yes,Yes,Yes,No,Month-to-month,No,Bank transfer (automatic),79.97,321.0,No
CUST-0001426,Female,0,No,No,4,Yes,No,DSL,No,Yes,Yes,Yes,No,No,Two year,Yes,Mailed check,71.81,280.63,Yes
CUST-0001427,Male,0,No,No,45,No,No phone service,DSL,No,No,No,Yes,No,No,Month-to-month,Yes,Electronic check,45.24,2021.73,No
CUST-0001428,Female,0,No,Yes,5,Yes,No,DSL,No,No,Yes,Yes,Yes,No,Month-to-month,No,Bank transfer (automatic),18.25,48.48,No
CUST-0001429,Female,0,Yes,No,9,Yes,No,DSL,Yes,No,No,Yes,Yes,Yes,One year,No,Electronic check,35.06,312.12,Yes
CUST-0001430,Female,0,Yes,No,7,Yes,Yes,DSL,Yes,Yes,Yes,Yes,No,No,Month-to-month,No,Mailed check,59.72,413.57,No
CUST-0001431,Male,0,Yes,No,14,Yes,Yes,No,No internet service,No internet service,No internet service,No internet service,No internet service,No internet service,Two year,Yes,Bank transfer (automatic),95.08,1311.33,No
CUST-0001432,Female,1,Yes,No,2,Yes,No,Fiber optic,No,Yes,No,No,No,No,One year,Yes,Electronic check,33.19,65.89,No
CUST-0001433,Male,0,Yes,No,62,Yes,No,No,No internet service,No internet service,No internet service,No internet service,No internet service,No internet service,Two year,No,Electronic check,63.33,3915.8,No
CUST-0001434,Female,0,No,No,62,Yes,No,No,No internet service,No internet service,No internet service,No internet service,No internet service,No internet service,Month-to-month,Yes,Mailed check,47.95,2978.53,No
CUST-0001435,Male,0,Yes,No,17,Yes,Yes,No,No internet service,No internet service,No internet service,No internet service,No internet service,No internet service,Month-to-month,No,Bank transfer (automatic),93.26,1589.44,No
CUST-0001436,Male,0,No,No,30,Yes,Yes,No,No internet service,No internet service,No internet service,No internet service,No internet service,No internet service,Two year,Yes,Credit card (automatic),91.82,2758.51,No
CUST-0001437,Male,1,Yes,No,32,Yes,No,Fiber optic,No,Yes,No,Yes,Yes,Yes,Two year,No,Electronic check,68.31,2209.47,No
CUST-0001438,Female,0,No,Yes,44,Yes,No,Fiber optic,Yes,No,No,No,No,Yes,Month-to-month,No,Electronic check,89.51,3899.52,No
CUST-0001439,Male,0,No,Yes,23,No,No phone service,Fiber optic,No,Yes,No,Yes,No,No,Month-to-month,No,Credit card (automatic),84.09,1923.67,No
CUST-0001440,Female,1,Yes,Yes,22,Yes,Yes,No,No internet service,No internet service,No internet service,No internet service,No internet service,No internet service,Month-to-month,Yes,Bank transfer (automatic),43.76,945.62,No
CUST-0001441,Female,1,No,No,31,Yes,No,No,No internet service,No internet service,No internet service,No internet service,No internet service,No internet service,Two year,Yes,Electronic check,105.6,3273.9,No
CUST-0001442,Male,0,No,Yes,38,Yes,No,No,No internet service,No internet service,No internet service,No internet service,No internet service,No internet service,Two year,Yes,Credit card (automatic),65.45,2508.7,No
CUST-0001443,Female,0,No,No,13,Yes,No,Fiber optic,Yes,No,Yes,No,No,Yes,Month-to-month,Yes,Electronic check,39.54,542.63,Yes
CUST-0001444,Male,0,No,No,12,Yes,No,Fiber optic,No,No,Yes,No,No,Yes,Month-to-month,No,Mailed check,47.3,553.22,No
CUST-0001445,Female,0,Yes,No,10,Yes,Yes,No,No internet service,No internet service,No internet service,No internet service,No internet service,No internet service,Month-to-month,Yes,Mailed check,65.19,654.98,Yes
CUST-0001446,Male,0,No,Yes,25,Yes,No,No,No internet service,No internet service,No internet service,No internet service,No internet service,No internet service,Month-to-month,Yes,Electronic check,118.75,2992.44,No
CUST-0001447,Female,0,No,No,14,Yes,Yes,Fiber optic,No,No,Yes,Yes,No,Yes,Month-to-month,Yes,Bank transfer (automatic),44.4,592.61,No
CUST-0001448,Female,0,Yes,No,24,Yes,Yes,Fiber optic,No,No,Yes,No,Yes,Yes,Month-to-month,No,Electronic check,58.64,1364.29,Yes
CUST-0001449,Female,0,Yes,No,16,Yes,Yes,No,No internet service,No internet service,No internet service,No internet service,No internet service,No internet service,Month-to-month,No,Electronic check,75.78,1221.55,No
CUST-0001450,Female,0,No,No,57,Yes,Yes,Fiber optic,No,No,No,Yes,No,No,Month-to-month,Yes,Credit card (automatic),23.93,1377.62,No
CUST-0001451,Male,1,Yes,No,2,Yes,No,No,No internet service,No internet service,No internet service,No internet service,No internet service,No internet service,Month-to-month,No,Bank transfer (automatic),47.8,83.74,No
CUST-0001452,Female,0,No,No,27,Yes,No,DSL,Yes,No,Yes,No,Yes,Yes,Two year,Yes,Credit card (automatic),90.66,2467.42,No
CUST-0001453,Female,1,No,No,27,No,No phone service,Fiber optic,No,No,No,No,No,Yes,One year,Yes,Mailed check,46.59,1284.78,No
CUST-0001454,Female,1,No,Yes,15,Yes,No,Fiber optic,No,No,No,No,No,No,Two year,No,Mailed check,95.72,1437.18,No
CUST-0001455,Male,0,Yes,No,17,Yes,Yes,Fiber optic,No,No,Yes,No,Yes,No,One year,Yes,Electronic check,18.25,314.44,No
CUST-0001456,Female,0,Yes,No,51,Yes,No,DSL,No,No,No,No,No,Yes,One year,Yes,Mailed check,81.91,4158.98,Yes
CUST-0001457,Female,0,Yes,No,10,Yes,No,DSL,Yes,No,No,No,No,No,Month-to-month,No,Electronic check,23.08,248.3,No
CUST-0001458,Female,0,No,No,65,Yes,No,No,No internet service,No internet service,No internet service,No internet service,No internet service,No internet service,Month-to-month,Yes,Mailed check,75.65,4922.76,No
CUST-0001459,Male,0,No,No,72,No,No phone service,DSL,No,No,No,Yes,No,No,Two year,No,Mailed check,62.09,4501.68,No
CUST-0001460,Female,0,No,Yes,33,Yes,No,DSL,No,No,Yes,No,Yes,Yes,Month-to-month,Yes,Electronic check,106.2,3482.64,No
CUST-0001461,Male,1,No,No,47,Yes,Yes,Fiber optic,Yes,No,Yes,No,No,No,Month-to-month,Yes,Credit card (automatic),71.25,3352.79,No
CUST-0001462,Female,0,Yes,No,30,Yes,Yes,Fiber optic,No,No,Yes,Yes,No,Yes,Month-to-month,Yes,Mailed check,85.72,2588.76,No
CUST-0001463,Male,0,Yes,No,23,Yes,No,No,No internet service,No internet service,No internet service,No internet service,No internet service,No internet service,Two year,Yes,Electronic check,73.6,1717.05,Yes
CUST-0001464,Female,0,No,No,72,Yes,Yes,Fiber optic,No,No,No,No,Yes,Yes,Month-to-month,Yes,Mailed check,73.03,5251.94,No
CUST-0001465,Female,0,No,Yes,10,Yes,No,Fiber optic,No,No,Yes,No,Yes,No,Month-to-month,Yes,Mailed check,118.75,1180.72,Yes
CUST-0001466,Male,1,Yes,No,5,Yes,No,Fiber optic,No,Yes,Yes,Yes,No,No,One year,No,Mailed check,71.3,362.94,No
CUST-0001467,Female,0,Yes,Yes,10,Yes,Yes,No,No internet service,No internet service,No internet service,No internet service,No internet service,No internet service,Two year,No,Mailed check,52.83,548.01,No
CUST-0001468,Male,0,Yes,No,30,Yes,No,DSL,No,No,Yes,No,No,No,Month-to-month,Yes,Credit card (automatic),66.09,1974.4,Yes
CUST-0001469,Female,0,Yes,No,6,Yes,No,Fiber optic,No,No,Yes,Yes,Yes,No,Month-to-month,Yes,Electronic check,18.25,99.35,Yes
CUST-0001470,Female,0,No,No,72,Yes,Yes,No,No internet service,No internet service,No internet service,No internet service,No internet service,No internet service,Two year,Yes,Credit card (automatic),44.72,3238.42,No
CUST-0001471,Female,0,No,No,16,Yes,No,Fiber optic,Yes,No,Yes,No,No,Yes,Month-to-month,Yes,Mailed check,27.56,439.51,No
CUST-0001472,Female,0,No,No,60,Yes,Yes,Fiber optic,No,No,No,No,No,No,Month-to-month,Yes,Mailed check,45.16,2682.79,No
CUST-0001473,Female,0,No,No,9,Yes,No,DSL,No,No,No,Yes,Yes,Yes,Month-to-month,Yes,Bank transfer (automatic),24.85,224.05,No
CUST-0001474,Male,1,No,Yes,12,Yes,No,Fiber optic,No,No,No,Yes,Yes,Yes,Month-to-month,Yes,Bank transfer (automatic),109.34,1306.73,No
CUST-0001475,Male,1,No,No,1,Yes,Yes,DSL,No,No,Yes,No,Yes,Yes,Month-to-month,Yes,Electronic check,110.82,133.36,No
CUST-0001476,Female,0,Yes,No,9,Yes,No,DSL,No,No,No,No,No,No,One year,No,Bank transfer (automatic),56.04,489.05,No
CUST-0001477,Female,1,No,No,21,Yes,No,Fiber optic,No,No,No,No,No,No,One year,Yes,Electronic check,34.3,728.46,No
CUST-0001478,Female,0,Yes,No,72,Yes,Yes,No,No internet service,No internet service,No internet service,No internet service,No internet service,No internet service,One year,No,Electronic check,50.96,3672.34,Yes
CUST-0001479,Female,0,Yes,No,15,Yes,Yes,DSL,No,Yes,Yes,No,No,No,Month-to-month,Yes,Mailed check,95.47,1434.1,No
CUST-0001480,Male,0,Yes,No,32,Yes,Yes,DSL,Yes,No,No,No,No,Yes,Two year,No,Bank transfer (automatic),29.52,976.7,No
CUST-0001481,Female,0,No,Yes,17,Yes,Yes,DSL,No,No,No,No,No,No,Month-to-month,Yes,Bank transfer (automatic),74.62,1304.54,No
CUST-0001482,Male,0,Yes,No,1,Yes,Yes,No,No internet service,No internet service,No internet service,No internet service,No internet service,No internet service,Month-to-month,Yes,Bank transfer (automatic),40.27,54.32,No
CUST-0001483,Female,0,Yes,No,22,Yes,Yes,Fiber optic,No,Yes,No,No,No,No,Month-to-month,No,Mailed check,90.06,1978.3,No
CUST-0001484,Male,0,Yes,No,2,Yes,Yes,Fiber optic,Yes,Yes,No,No,No,Yes,Two year,Yes,Electronic check,104.63,214.44,No
CUST-0001485,Male,0,No,Yes,68,Yes,Yes,No,No internet service,No internet service,No internet service,No internet service,No internet service,No internet service,One year,Yes,Bank transfer (automatic),106.94,7286.84,Yes
CUST-0001486,Male,0,No,No,44,Yes,No,DSL,No,No,No,No,No,Yes,One year,No,Credit card (automatic),27.09,1196.75,No
CUST-0001487,Male,0,No,Yes,15,Yes,No,Fiber optic,No,Yes,No,No,No,No,Two year,Yes,Credit card (automatic),49.34,748.25,Yes
CUST-0001488,Female,1,Yes,No,32,Yes,No,DSL,No,No,No,No,No,Yes,Month-to-month,Yes,Mailed check,92.26,2922.78,No
CUST-0001489,Male,0,Yes,Yes,3,Yes,Yes,DSL,No,Yes,No,No,Yes,No,Month-to-month,No,Mailed check,55.23,185.61,No
CUST-0001490,Male,0,No,No,38,Yes,No,DSL,No,No,Yes,No,No,No,Two year,No,Credit card (automatic),80.8,3107.87,No
CUST-0001491,Male,0,Yes,Yes,55,Yes,No,Fiber optic,No,No,Yes,No,No,Yes,Month-to-month,Yes,Electronic check,56.17,3101.47,No
CUST-0001492,Male,0,No,No,55,Yes,No,Fiber optic,Yes,No,No,No,No,No,Month-to-month,No,Bank transfer (automatic),28.15,1552.75,No
CUST-0001493,Male,0,No,No,10,Yes,No,DSL,No,No,No,Yes,No,Yes,Month-to-month,Yes,Electronic check,26.27,333.73,No
CUST-0001494,Male,0,No,Yes,9,Yes,No,DSL,Yes,No,No,No,No,Yes,One year,Yes,Electronic check,65.33,569.41,No
CUST-0001495,Female,1,No,Yes,23,Yes,Yes,DSL,Yes,No,Yes,Yes,No,No,One year,Yes,Electronic check,58.61,1373.63,No
CUST-0001496,Female,0,Yes,Yes,72,Yes,Yes,DSL,No,No,No,No,Yes,No,Two year,Yes,Electronic check,100.68,7235.69,No
CUST-0001497,Female,1,Yes,No,72,Yes,No,DSL,No,Yes,Yes,No,Yes,Yes,Month-to-month,Yes,Electronic check,52.35,3798.17,No
CUST-0001498,Male,0,No,No,14,Yes,Yes,DSL,No,No,No,Yes,No,No,Month-to-month,Yes,Credit card (automatic),29.75,384.26,No
CUST-0001499,Male,0,Yes,No,48,Yes,No,No,No internet service,No internet service,No internet service,No internet service,No internet service,No internet service,Two year,Yes,Credit card (automatic),87.02,4206.24,No
CUST-0001500,Female,0,Yes,No,72,Yes,Yes,Fiber optic,No,Yes,No,Yes,No,Yes,Month-to-month,No,Bank transfer (automatic),51.95,3750.57,No
CUST-0001501,Female,0,Yes,Yes,9,Yes,No,Fiber optic,No,Yes,No,Yes,Yes,No,One year,Yes,Bank transfer (automatic),18.43,153.87,No
CUST-0001502,Male,0,Yes,No,56,Yes,No,No,No internet service,No internet service,No internet service,No internet service,No internet service,No internet service,Month-to-month,No,Electronic check,75.66,4215.59,Yes
CUST-0001503,Male,0,Yes,No,9,No,No phone service,Fiber optic,No,Yes,Yes,No,No,No,Two year,Yes,Electronic check,43.43,412.42,No
CUST-0001504,Male,0,Yes,No,13,Yes,Yes,Fiber optic,No,No,No,No,No,No,Two year,Yes,Bank transfer (automatic),18.25,288.17,No
CUST-0001505,Male,0,No,No,7,Yes,Yes,Fiber optic,No,Yes,Yes,No,No,Yes,Month-to-month,Yes,Credit card (automatic),78.56,555.49,No
CUST-0001506,Male,0,No,No,22,Yes,No,Fiber optic,No,Yes,No,No,No,No,Month-to-month,No,Bank transfer (automatic),41.57,908.5,No
CUST-0001507,Female,0,No,No,59,Yes,No,No,No internet service,No internet service,No internet service,No internet service,No internet service,No internet service,Two year,Yes,Electronic check,92.76,5491.78,No
CUST-0001508,Female,1,No,No,24,Yes,No,DSL,No,Yes,No,No,No,Yes,Two year,Yes,Electronic check,58.76,1357.14,No
CUST-0001509,Female,0,Yes,Yes,4,Yes,Yes,DSL,No,No,Yes,Yes,No,No,Month-to-month,No,Mailed check,54.32,251.44,No
CUST-0001510,Female,0,Yes,No,9,Yes,Yes,DSL,No,Yes,Yes,Yes,Yes,No,Month-to-month,Yes,Bank transfer (automatic),118.75,1081.3,No
CUST-0001511,Female,0,Yes,Yes,26,Yes,Yes,No,No internet service,No internet service,No internet service,No internet service,No internet service,No internet service,Month-to-month,Yes,Bank transfer (automatic),69.62,1832.51,No
CUST-0001512,Female,0,No,No,28,Yes,Yes,Fiber optic,Yes,Yes,No,Yes,No,Yes,Two year,No,Bank transfer (automatic),56.7,1602.1,No
CUST-0001513,Female,0,No,No,27,Yes,No,No,No internet service,No internet service,No internet service,No internet service,No internet service,No internet service,Month-to-month,Yes,Electronic check,69.98,1906.64,Yes
CUST-0001514,Male,0,Yes,Yes,2,Yes,Yes,Fiber optic,No,No,No,No,No,No,One year,Yes,Bank transfer (automatic),69.82,132.25,No
CUST-0001515,Male,0,Yes,Yes,44,Yes,No,Fiber optic,No,No,Yes,Yes,Yes,No,Month-to-month,No,Bank transfer (automatic),115.46,5062.03,Yes
CUST-0001516,Male,0,No,No,72,No,No phone service,Fiber optic,No,Yes,No,No,No,No,Month-to-month,Yes,Electronic check,49.63,3540.9,No
CUST-0001517,Female,0,No,Yes,22,Yes,Yes,Fiber optic,Yes,Yes,No,Yes,Yes,No,One year,No,Mailed check,73.12,1623.64,Yes
CUST-0001518,Female,0,No,No,40,Yes,No,Fiber optic,No,No,Yes,No,No,Yes,Month-to-month,Yes,Electronic check,58.76,2325.07,Yes
CUST-0001519,Male,1,Yes,Yes,72,Yes,No,Fiber optic,Yes,No,No,No,No,Yes,Month-to-month,Yes,Bank transfer (automatic),92.25,6658.43,Yes
CUST-0001520,Female,0,Yes,No,32,Yes,Yes,Fiber optic,No,No,Yes,No,No,Yes,Two year,No,Electronic check,76.56,2451.28,No
CUST-0001521,Male,1,No,No,35,Yes,No,DSL,No,No,No,Yes,Yes,Yes,Month-to-month,Yes,Electronic check,50.81,1746.86,No
CUST-0001522,Female,0,No,Yes,40,Yes,Yes,Fiber optic,Yes,Yes,No,No,No,Yes,One year,No,Mailed check,61.44,2439.89,No
CUST-0001523,Male,0,No,No,9,Yes,No,Fiber optic,No,No,No,Yes,No,Yes,One year,No,Electronic check,77.92,741.9,Yes
CUST-0001524,Male,1,No,No,27,No,No phone service,No,No internet service,No internet service,No internet service,No internet service,No internet service,No internet service,Month-to-month,No,Electronic check,33.23,912.79,No
CUST-0001525,Male,1,No,No,59,Yes,No,No,No internet service,No internet service,No internet service,No internet service,No internet service,No internet service,Month-to-month,Yes,Electronic check,81.77,4786.19,Yes
CUST-0001526,Male,0,No,No,11,Yes,Yes,Fiber optic,No,No,No,No,No,No,Month-to-month,Yes,Bank transfer (automatic),38.44,420.58,No
CUST-0001527,Male,0,Yes,Yes,72,Yes,No,DSL,No,No,No,No,No,No,One year,Yes,Credit card (automatic),97.68,7028.6,Yes
CUST-0001528,Male,0,Yes,Yes,30,Yes,No,No,No internet service,No internet service,No internet service,No internet service,No internet service,No internet service,Two year,Yes,Mailed check,98.39,2943.3,No
CUST-0001529,Female,0,No,No,17,Yes,Yes,DSL,No,No,No,Yes,No,No,Two year,No,Bank transfer (automatic),19.56,284.87,Yes
CUST-0001530,Female,0,Yes,Yes,31,Yes,No,Fiber optic,Yes,No,No,Yes,No,Yes,One year,Yes,Electronic check,77.22,2405.95,No
CUST-0001531,Male,0,No,No,16,Yes,No,DSL,No,No,No,Yes,Yes,No,Month-to-month,Yes,Credit card (automatic),56.26,914.87,No
CUST-0001532,Female,1,No,No,58,Yes,No,Fiber optic,No,No,No,Yes,No,No,Month-to-month,No,Mailed check,51.67,2978.47,No
CUST-0001533,Female,0,No,No,21,Yes,Yes,Fiber optic,Yes,No,Yes,No,Yes,No,Two year,Yes,Mailed check,62.1,1239.02,No
CUST-0001534,Male,0,Yes,No,72,Yes,No,Fiber optic,No,Yes,Yes,No,Yes,No,One year,Yes,Credit card (automatic),68.63,4941.71,Yes
CUST-0001535,Male,0,Yes,No,22,No,No phone service,No,No internet service,No internet service,No internet service,No internet service,No internet service,No internet service,Month-to-month,No,Electronic check,18.25,439.54,Yes
CUST-0001536,Male,0,No,No,34,Yes,Yes,Fiber optic,Yes,No,Yes,No,No,No,Two year,Yes,Mailed check,18.25,618.2,Yes
CUST-0001537,Male,0,No,Yes,72,Yes,Yes,Fiber optic,Yes,Yes,No,Yes,No,No,Two year,No,Mailed check,106.06,7614.47,No
CUST-0001538,Female,0,No,No,5,Yes,Yes,Fiber optic,No,Yes,No,No,No,No,One year,Yes,Bank transfer (automatic),61.83,338.68,Yes
CUST-0001539,Male,0,Yes,No,42,Yes,Yes,DSL,Yes,Yes,No,Yes,Yes,Yes,Month-to-month,No,Bank transfer (automatic),61.56,2620.71,Yes
CUST-0001540,Female,1,Yes,Yes,4,Yes,Yes,Fiber optic,Yes,No,No,No,Yes,No,Month-to-month,Yes,Bank transfer (automatic),37.95,140.56,Yes
CUST-0001541,Female,0,No,No,58,Yes,Yes,Fiber optic,No,No,No,No,No,No,Two year,No,Credit card (automatic),54.13,3153.32,Yes
CUST-0001542,Male,0,No,No,29,Yes,No,Fiber optic,No,Yes,No,No,No,No,Month-to-month,Yes,Credit card (automatic),31.88,922.85,Yes
CUST-0001543,Female,0,No,No,72,Yes,Yes,Fiber optic,No,No,No,No,Yes,No,Two year,No,Electronic check,57.12,4115.24,No
CUST-0001544,Male,1,Yes,Yes,64,Yes,Yes,Fiber optic,No,No,No,No,No,Yes,Two year,Yes,Mailed check,55.82,3567.95,No
CUST-0001545,Female,0,Yes,No,2,Yes,No,Fiber optic,No,Yes,Yes,No,No,Yes,Month-to-month,Yes,Mailed check,53.37,85.3,No
CUST-0001546,Male,0,Yes,No,4,Yes,Yes,Fiber optic,Yes,No,No,No,Yes,Yes,One year,Yes,Bank transfer (automatic),63.71,230.92,Yes
CUST-0001547,Female,0,No,No,29,Yes,Yes,Fiber optic,Yes,No,No,No,No,No,Month-to-month,No,Electronic check,60.01,1719.75,No
CUST-0001548,Female,1,No,No,23,Yes,Yes,No,No internet service,No internet service,No internet service,No internet service,No internet service,No internet service,One year,Yes,Electronic check,87.55,2010.9,Yes
CUST-0001549,Male,0,Yes,Yes,5,Yes,No,Fiber optic,No,No,No,Yes,No,No,Month-to-month,No,Electronic check,97.42,502.33,No
CUST-0001550,Female,0,Yes,No,4,Yes,Yes,DSL,Yes,Yes,No,No,No,No,One year,No,Credit card (automatic),67.34,305.04,No
CUST-0001551,Female,1,No,No,26,Yes,Yes,Fiber optic,No,No,Yes,Yes,No,Yes,Month-to-month,Yes,Credit card (automatic),41.26,1077.87,No
CUST-0001552,Female,0,Yes,No,1,Yes,No,Fiber optic,No,No,No,No,No,Yes,Month-to-month,Yes,Electronic check,68.94,52.51,No
CUST-0001553,Female,0,No,Yes,66,Yes,Yes,DSL,Yes,Yes,No,Yes,No,No,Month-to-month,No,Credit card (automatic),49.1,3231.76,No
CUST-0001554,Female,0,No,No,52,No,No phone service,Fiber optic,No,Yes,No,No,No,No,Month-to-month,No,Credit card (automatic),80.22,4197.63,No
CUST-0001555,Male,0,Yes,Yes,49,Yes,Yes,Fiber optic,Yes,No,No,Yes,Yes,Yes,One year,No,Bank transfer (automatic),18.25,930.84,Yes
CUST-0001556,Male,0,Yes,No,0,Yes,No,Fiber optic,No,Yes,No,Yes,Yes,No,One year,Yes,Electronic check,59.33,,No
CUST-0001557,Female,0,No,No,1,Yes,No,No,No internet service,No internet service,No internet service,No internet service,No internet service,No internet service,One year,No,Electronic check,98.95,82.37,Yes
CUST-0001558,Male,0,Yes,No,25,Yes,No,No,No internet service,No internet service,No internet service,No internet service,No internet service,No internet service,One year,Yes,Electronic check,74.66,1866.66,Yes
CUST-0001559,Female,0,Yes,Yes,72,Yes,No,DSL,No,Yes,Yes,No,No,No,Two year,No,Electronic check,111.18,8043.27,No
CUST-0001560,Female,1,No,Yes,13,Yes,No,Fiber optic,No,No,No,No,No,No,One year,No,Credit card (automatic),18.25,255.78,No
CUST-0001561,Male,0,No,No,13,Yes,No,Fiber optic,Yes,No,No,No,Yes,No,Month-to-month,Yes,Electronic check,40.46,524.17,Yes
CUST-0001562,Male,0,No,No,4,Yes,Yes,DSL,No,No,Yes,No,Yes,No,Month-to-month,Yes,Bank transfer (automatic),48.17,207.47,No
CUST-0001563,Female,0,Yes,No,35,Yes,No,DSL,No,No,Yes,No,No,Yes,Month-to-month,Yes,Bank transfer (automatic),69.12,2440.02,No
CUST-0001564,Male,0,Yes,No,33,Yes,Yes,DSL,No,No,No,No,No,Yes,Month-to-month,Yes,Mailed check,92.6,3043.37,Yes
CUST-0001565,Female,0,Yes,No,3,Yes,No,DSL,No,Yes,Yes,No,No,No,Month-to-month,Yes,Electronic check,48.54,137.36,Yes
CUST-0001566,Male,0,Yes,No,20,Yes,Yes,No,No internet service,No internet service,No internet service,No internet service,No internet service,No internet service,Month-to-month,Yes,Mailed check,30.62,627.46,No
CUST-0001567,Female,1,No,No,35,Yes,No,DSL,Yes,No,No,No,No,No,One year,No,Electronic check,41.9,1451.34,Yes
CUST-0001568,Male,0,Yes,Yes,21,Yes,No,DSL,No,Yes,No,Yes,Yes,Yes,Two year,Yes,Credit card (automatic),68.89,1460.7,No
CUST-0001569,Female,1,No,No,35,Yes,Yes,DSL,No,Yes,No,No,No,No,Month-to-month,Yes,Credit card (automatic),45.5,1613.5,No
CUST-0001570,Male,1,Yes,No,54,Yes,No,Fiber optic,No,No,No,No,No,Yes,Two year,Yes,Credit card (automatic),59.79,3222.46,Yes
CUST-0001571,Female,0,Yes,No,37,Yes,Yes,DSL,Yes,No,No,No,Yes,No,Month-to-month,Yes,Credit card (automatic),26.69,980.49,No
CUST-0001572,Male,0,No,Yes,30,Yes,Yes,DSL,No,No,No,No,Yes,Yes,One year,Yes,Bank transfer (automatic),103.18,3085.57,No
CUST-0001573,Female,1,Yes,No,61,Yes,No,Fiber optic,No,Yes,No,No,Yes,Yes,Month-to-month,Yes,Mailed check,77.81,4764.85,No
CUST-0001574,Female,1,Yes,No,72,Yes,Yes,DSL,No,Yes,No,Yes,No,No,Month-to-month,Yes,Mailed check,69.23,5011.58,No
CUST-0001575,Male,0,Yes,No,15,Yes,No,Fiber optic,No,No,No,No,Yes,No,Month-to-month,Yes,Electronic check,26.16,397.22,No
CUST-0001576,Male,0,Yes,No,6,Yes,Yes,Fiber optic,No,No,No,No,No,Yes,Month-to-month,Yes,Bank transfer (automatic),93.34,543.66,No
CUST-0001577,Male,0,No,No,54,Yes,No,DSL,Yes,No,No,No,No,No,Month-to-month,Yes,Credit card (automatic),54.03,2906.54,No
CUST-0001578,Female,1,Yes,No,7,Yes,No,DSL,No,No,No,No,Yes,No,One year,Yes,Bank transfer (automatic),115.8,817.51,No
CUST-0001579,Female,0,No,No,72,Yes,No,DSL,Yes,Yes,No,No,No,No,Month-to-month,No,Credit card (automatic),56.77,4043.74,Yes
CUST-0001580,Female,0,No,Yes,0,Yes,No,No,No internet service,No internet service,No internet service,No internet service,No internet service,No internet service,Two year,Yes,Credit card (automatic),66.67,,No
CUST-0001581,Male,1,No,Yes,72,Yes,Yes,DSL,Yes,Yes,Yes,Yes,Yes,Yes,Two year,No,Bank transfer (automatic),35.59,2553.37,No
CUST-0001582,Male,0,Yes,Yes,28,Yes,Yes,No,No internet service,No internet service,No internet service,No internet service,No internet service,No internet service,Month-to-month,Yes,Bank transfer (automatic),32.42,936.98,No
CUST-0001583,Female,0,No,No,47,Yes,No,No,No internet service,No internet service,No internet service,No internet service,No internet service,No internet service,One year,Yes,Electronic check,95.21,4463.11,No
CUST-0001584,Male,0,Yes,No,16,Yes,No,Fiber optic,No,No,Yes,Yes,No,Yes,One year,Yes,Electronic check,60.5,931.05,No
CUST-0001585,Female,1,No,No,72,Yes,No,Fiber optic,No,Yes,Yes,No,Yes,No,One year,Yes,Credit card (automatic),107.7,7765.63,No
CUST-0001586,Male,0,No,Yes,8,Yes,No,Fiber optic,No,Yes,Yes,No,Yes,No,One year,No,Bank transfer (automatic),37.07,328.39,Yes
CUST-0001587,Female,0,Yes,Yes,9,Yes,Yes,Fiber optic,Yes,Yes,No,No,No,Yes,Two year,Yes,Credit card (automatic),30.01,270.97,No
CUST-0001588,Male,0,No,Yes,1,Yes,No,Fiber optic,Yes,Yes,Yes,No,No,No,Two year,Yes,Electronic check,48.09,30.29,No
CUST-0001589,Male,0,No,Yes,72,Yes,No,Fiber optic,No,Yes,No,No,No,No,Two year,Yes,Bank transfer (automatic),18.25,1302.27,No
CUST-0001590,Female,0,No,Yes,19,Yes,Yes,DSL,No,No,Yes,No,No,No,Two year,Yes,Electronic check,57.73,1074.89,Yes
CUST-0001591,Female,0,Yes,No,35,Yes,No,Fiber optic,No,Yes,No,No,No,No,One year,Yes,Mailed check,91.12,3244.54,No
CUST-0001592,Female,0,No,No,37,Yes,Yes,Fiber optic,No,No,No,Yes,Yes,No,Month-to-month,No,Mailed check,97.01,3570.88,No
CUST-0001593,Male,0,No,No,66,Yes,No,DSL,Yes,No,No,No,No,No,Month-to-month,No,Electronic check,18.25,1208.75,No
CUST-0001594,Male,0,Yes,No,34,Yes,Yes,No,No internet service,No internet service,No internet service,No internet service,No internet service,No internet service,Two year,Yes,Credit card (automatic),18.25,613.59,No
CUST-0001595,Female,0,No,No,26,Yes,No,DSL,No,Yes,Yes,Yes,No,No,Two year,No,Electronic check,45.35,1201.71,No
CUST-0001596,Female,0,Yes,No,39,Yes,Yes,No,No internet service,No internet service,No internet service,No internet service,No internet service,No internet service,Month-to-month,No,Credit card (automatic),18.25,709.86,No
CUST-0001597,Male,0,Yes,No,44,Yes,Yes,Fiber optic,No,No,Yes,No,No,Yes,Two year,Yes,Bank transfer (automatic),94.81,4158.22,Yes
CUST-0001598,Male,0,No,No,6,Yes,No,Fiber optic,Yes,No,No,No,Yes,Yes,Two year,Yes,Electronic check,60.13,400.04,Yes
CUST-0001599,Male,0,No,Yes,3,No,No phone service,No,No internet service,No internet service,No internet service,No internet service,No internet service,No internet service,Month-to-month,No,Bank transfer (automatic),49.96,133.34,Yes
CUST-0001600,Female,0,No,Yes,2,Yes,Yes,No,No internet service,No internet service,No internet service,No internet service,No internet service,No internet service,One year,Yes,Credit card (automatic),93.35,196.04,Yes
CUST-0001601,Male,0,No,Yes,14,Yes,No,Fiber optic,No,No,No,No,Yes,No,Two year,Yes,Bank transfer (automatic),67.79,940.09,No
CUST-0001602,Male,0,Yes,No,22,Yes,Yes,Fiber optic,No,No,No,Yes,Yes,No,Two year,Yes,Electronic check,41.66,904.47,No
CUST-0001603,Male,0,Yes,Yes,30,Yes,Yes,DSL,Yes,Yes,Yes,Yes,No,No,Month-to-month,No,Electronic check,36.61,1073.07,No
CUST-0001604,Male,0,No,No,72,Yes,Yes,Fiber optic,No,No,No,Yes,No,Yes,Two year,Yes,Electronic check,31.53,2258.76,Yes
CUST-0001605,Male,0,Yes,Yes,12,Yes,No,No,No internet service,No internet service,No internet service,No internet service,No internet service,No internet service,Month-to-month,Yes,Bank transfer (automatic),74.98,903.78,No
CUST-0001606,Female,0,No,No,45,Yes,No,DSL,No,No,Yes,No,No,Yes,Month-to-month,No,Electronic check,81.33,3636.25,Yes
CUST-0001607,Male,0,No,Yes,24,Yes,Yes,DSL,No,Yes,No,No,No,Yes,Month-to-month,Yes,Bank transfer (automatic),112.74,2723.72,No
CUST-0001608,Female,0,Yes,No,7,Yes,No,Fiber optic,Yes,No,Yes,No,No,No,Month-to-month,No,Electronic check,28.75,204.86,Yes
CUST-0001609,Male,0,Yes,Yes,30,Yes,Yes,Fiber optic,Yes,No,Yes,No,No,Yes,Two year,No,Bank transfer (automatic),81.72,2427.77,No
CUST-0001610,Female,0,No,Yes,72,Yes,Yes,Fiber optic,No,No,No,No,No,No,Month-to-month,No,Mailed check,33.34,2404.04,No
CUST-0001611,Female,0,No,No,4,Yes,No,Fiber optic,No,No,No,Yes,Yes,Yes,Month-to-month,Yes,Credit card (automatic),70.18,289.31,No
CUST-0001612,Female,0,No,No,22,No,No phone service,Fiber optic,Yes,No,No,No,No,Yes,Month-to-month,No,Mailed check,49.39,1096.17,No
CUST-0001613,Female,0,No,Yes,1,Yes,No,Fiber optic,No,Yes,No,No,Yes,Yes,Month-to-month,Yes,Electronic check,70.64,69.63,Yes
CUST-0001614,Male,0,No,No,12,Yes,Yes,Fiber optic,No,No,No,No,No,Yes,Two year,Yes,Bank transfer (automatic),93.23,1132.08,No
CUST-0001615,Male,0,Yes,No,31,Yes,No,No,No internet service,No internet service,No internet service,No internet service,No internet service,No internet service,One year,No,Electronic check,86.1,2658.49,No
CUST-0001616,Female,0,Yes,No,58,Yes,No,No,No internet service,No internet service,No internet service,No internet service,No internet service,No internet service,One year,Yes,Electronic check,18.25,1049.17,No
CUST-0001617,Female,1,Yes,No,41,Yes,Yes,Fiber optic,No,Yes,No,No,Yes,No,Month-to-month,Yes,Credit card (automatic),27.9,1132.48,Yes
CUST-0001618,Female,0,Yes,No,19,Yes,Yes,DSL,No,No,Yes,No,No,Yes,Month-to-month,Yes,Bank transfer (automatic),34.9,644.0,No
CUST-0001619,Female,0,Yes,Yes,72,Yes,Yes,Fiber optic,No,Yes,No,Yes,Yes,Yes,Two year,No,Electronic check,104.56,7527.5,Yes
CUST-0001620,Female,0,Yes,No,11,No,No phone service,No,No internet service,No internet service,No internet service,No internet service,No internet service,No internet service,Two year,Yes,Credit card (automatic),111.46,1245.86,Yes
CUST-0001621,Male,0,Yes,No,44,Yes,No,Fiber optic,No,Yes,No,No,Yes,No,Month-to-month,No,Electronic check,86.17,3767.11,No
CUST-0001622,Male,0,Yes,No,20,No,No phone service,No,No internet service,No internet service,No internet service,No internet service,No internet service,No internet service,Month-to-month,Yes,Bank transfer (automatic),43.03,908.42,No
CUST-0001623,Female,0,No,No,72,Yes,Yes,Fiber optic,No,No,No,Yes,No,No,Month-to-month,Yes,Electronic check,106.26,7622.84,Yes
CUST-0001624,Female,0,No,No,51,No,No phone service,No,No internet service,No internet service,No internet service,No internet service,No internet service,No internet service,One year,Yes,Mailed check,56.21,2874.91,No
CUST-0001625,Male,0,Yes,No,72,Yes,Yes,DSL,No,No,Yes,Yes,No,Yes,Month-to-month,Yes,Electronic check,50.88,3693.03,No
CUST-0001626,Female,0,No,No,7,No,No phone service,Fiber optic,No,No,Yes,No,No,No,One year,Yes,Mailed check,18.25,177.07,Yes
CUST-0001627,Male,0,Yes,No,35,Yes,Yes,Fiber optic,Yes,Yes,No,No,No,No,Month-to-month,Yes,Electronic check,108.09,3797.87,Yes
CUST-0001628,Female,1,No,No,42,Yes,No,No,No internet service,No internet service,No internet service,No internet service,No internet service,No internet service,Two year,Yes,Mailed check,71.66,3028.65,Yes
CUST-0001629,Male,0,Yes,No,43,Yes,No,Fiber optic,No,No,No,No,No,No,Month-to-month,No,Electronic check,56.04,2405.13,Yes
CUST-0001630,Male,0,No,Yes,22,Yes,No,DSL,Yes,No,No,Yes,Yes,No,Month-to-month,No,Credit card (automatic),83.8,1859.32,No
CUST-0001631,Female,0,Yes,No,0,Yes,Yes,No,No internet service,No internet service,No internet service,No internet service,No internet service,No internet service,Month-to-month,Yes,Credit card (automatic),54.85,,Yes
CUST-0001632,Male,0,No,No,9,Yes,No,Fiber optic,No,No,No,Yes,Yes,Yes,Month-to-month,No,Electronic check,81.02,724.84,No
CUST-0001633,Female,0,Yes,No,12,Yes,No,DSL,No,No,Yes,Yes,Yes,No,Two year,Yes,Credit card (automatic),68.77,822.26,No
CUST-0001634,Female,0,No,No,61,No,No phone service,Fiber optic,No,Yes,No,No,No,No,Month-to-month,No,Credit card (automatic),42.84,2613.15,Yes
CUST-0001635,Female,0,Yes,No,58,Yes,Yes,Fiber optic,Yes,Yes,No,Yes,No,No,Two year,Yes,Bank transfer (automatic),27.43,1597.32,No
CUST-0001636,Male,0,Yes,No,3,Yes,No,Fiber optic,No,No,No,No,Yes,No,Two year,Yes,Mailed check,94.96,253.48,Yes
CUST-0001637,Male,0,No,No,72,No,No phone service,No,No internet service,No internet service,No internet service,No internet service,No internet service,No internet service,Two year,No,Credit card (automatic),18.25,1336.89,No
CUST-0001638,Male,0,Yes,Yes,6,Yes,Yes,Fiber optic,Yes,No,No,No,No,No,Two year,Yes,Credit card (automatic),24.35,146.25,No
CUST-0001639,Female,0,No,Yes,17,Yes,No,Fiber optic,No,No,No,No,No,No,Two year,No,Mailed check,36.58,598.49,No
CUST-0001640,Female,0,Yes,No,7,Yes,Yes,DSL,Yes,No,No,No,No,Yes,One year,No,Bank transfer (automatic),43.04,310.94,No
CUST-0001641,Female,0,Yes,No,62,Yes,No,Fiber optic,No,No,No,No,Yes,No,One year,Yes,Credit card (automatic),66.07,4116.29,No
CUST-0001642,Female,0,No,No,44,Yes,No,DSL,Yes,Yes,No,No,Yes,No,Month-to-month,Yes,Credit card (automatic),61.35,2677.06,No
CUST-0001643,Female,0,Yes,No,13,Yes,Yes,DSL,No,No,Yes,No,No,Yes,One year,Yes,Credit card (automatic),25.25,342.72,No
CUST-0001644,Female,0,Yes,No,36,Yes,Yes,DSL,Yes,No,No,No,No,No,Month-to-month,Yes,Credit card (automatic),49.53,1771.41,No
CUST-0001645,Male,0,No,No,6,Yes,Yes,DSL,No,No,No,No,Yes,Yes,Two year,Yes,Mailed check,95.94,576.29,No
CUST-0001646,Female,0,No,No,15,Yes,Yes,DSL,No,No,Yes,No,Yes,No,Two year,No,Credit card (automatic),66.01,992.3,No
CUST-0001647,Male,0,No,No,15,Yes,Yes,Fiber optic,Yes,Yes,No,No,Yes,Yes,Month-to-month,Yes,Electronic check,81.94,1224.86,No
CUST-0001648,Female,0,Yes,No,8,Yes,No,DSL,Yes,No,Yes,No,No,No,One year,No,Electronic check,23.99,182.93,No
CUST-0001649,Female,0,No,No,66,Yes,No,DSL,Yes,No,No,No,No,Yes,One year,Yes,Electronic check,58.54,3870.77,No
CUST-0001650,Female,0,Yes,No,36,Yes,No,No,No internet service,No internet service,No internet service,No internet service,No internet service,No internet service,Month-to-month,Yes,Mailed check,86.32,3081.11,No
CUST-0001651,Male,0,Yes,No,10,Yes,No,Fiber optic,No,Yes,No,No,No,Yes,Month-to-month,No,Bank transfer (automatic),67.38,666.83,Yes
CUST-0001652,Male,0,No,No,8,Yes,Yes,Fiber optic,No,Yes,Yes,No,No,Yes,Month-to-month,No,Electronic check,33.78,232.25,Yes
CUST-0001653,Male,0,Yes,Yes,0,Yes,Yes,DSL,Yes,No,No,No,Yes,No,One year,Yes,Mailed check,76.02,,No
CUST-0001654,Male,1,Yes,Yes,13,Yes,No,Fiber optic,No,No,No,No,Yes,No,Month-to-month,Yes,Bank transfer (automatic),64.67,819.19,No
CUST-0001655,Male,0,Yes,Yes,23,Yes,Yes,Fiber optic,No,No,No,No,Yes,No,Month-to-month,Yes,Electronic check,52.4,1192.51,No
CUST-0001656,Female,0,No,Yes,10,No,No phone service,Fiber optic,No,No,No,No,Yes,No,Month-to-month,Yes,Electronic check,80.31,802.86,No
CUST-0001657,Female,0,No,Yes,38,No,No phone service,Fiber optic,No,No,Yes,Yes,No,No,Two year,Yes,Electronic check,38.34,1467.04,No
CUST-0001658,Male,1,No,No,16,Yes,No,Fiber optic,No,No,Yes,Yes,No,No,Two year,Yes,Bank transfer (automatic),55.52,924.92,Yes
CUST-0001659,Male,0,Yes,No,12,Yes,No,No,No internet service,No internet service,No internet service,No internet service,No internet service,No internet service,One year,No,Credit card (automatic),58.16,703.16,No
CUST-0001660,Male,0,No,No,72,Yes,No,No,No internet service,No internet service,No internet service,No internet service,No internet service,No internet service,One year,Yes,Mailed check,88.09,6310.78,No
CUST-0001661,Female,0,No,No,9,Yes,Yes,DSL,Yes,Yes,No,Yes,Yes,Yes,Two year,No,Mailed check,67.27,592.18,Yes
CUST-0001662,Female,0,Yes,No,16,Yes,No,Fiber optic,No,No,No,Yes,No,No,Month-to-month,Yes,Electronic check,49.41,771.27,No
CUST-0001663,Female,0,Yes,No,15,Yes,Yes,DSL,No,Yes,Yes,Yes,Yes,No,Month-to-month,No,Credit card (automatic),44.3,638.16,No
CUST-0001664,Male,0,Yes,No,8,Yes,No,Fiber optic,Yes,No,No,Yes,Yes,No,Month-to-month,No,Credit card (automatic),21.99,200.17,No
CUST-0001665,Female,0,Yes,No,7,No,No phone service,Fiber optic,No,No,Yes,No,No,No,Month-to-month,No,Mailed check,40.56,289.54,No
CUST-0001666,Female,0,No,No,11,Yes,No,Fiber optic,No,No,No,Yes,No,No,Month-to-month,No,Credit card (automatic),62.96,702.28,No
CUST-0001667,Male,0,Yes,No,63,Yes,No,Fiber optic,No,No,Yes,No,Yes,No,One year,No,Mailed check,18.25,1119.96,No
CUST-0001668,Female,0,Yes,No,46,Yes,No,Fiber optic,No,Yes,No,Yes,Yes,Yes,One year,No,Mailed check,61.87,2851.15,No
CUST-0001669,Male,0,No,Yes,36,Yes,No,Fiber optic,No,Yes,No,No,No,No,Month-to-month,No,Bank transfer (automatic),34.82,1267.73,No
CUST-0001670,Female,0,No,No,19,No,No phone service,DSL,No,Yes,No,Yes,No,No,Month-to-month,No,Electronic check,90.69,1725.67,No
CUST-0001671,Male,0,No,Yes,22,Yes,Yes,Fiber optic,No,No,Yes,Yes,Yes,No,Month-to-month,Yes,Credit card (automatic),57.98,1267.84,No
CUST-0001672,Female,1,Yes,Yes,9,Yes,No,No,No internet service,No internet service,No internet service,No internet service,No internet service,No internet service,Month-to-month,No,Electronic check,62.7,590.88,Yes
CUST-0001673,Female,1,Yes,No,2,Yes,No,DSL,No,Yes,Yes,No,No,Yes,Month-to-month,Yes,Credit card (automatic),32.88,88.53,No
CUST-0001674,Female,0,Yes,No,12,Yes,No,DSL,No,No,No,No,Yes,Yes,Month-to-month,No,Credit card (automatic),46.16,551.13,Yes
CUST-0001675,Female,0,Yes,No,21,Yes,Yes,No,No internet service,No internet service,No internet service,No internet service,No internet service,No internet service,Month-to-month,No,Mailed check,57.11,1205.05,No
CUST-0001676,Male,1,Yes,No,1,No,No phone service,Fiber optic,No,No,Yes,No,No,No,Month-to-month,Yes,Bank transfer (automatic),77.15,74.69,No
CUST-0001677,Male,0,No,No,2,Yes,No,Fiber optic,No,Yes,No,No,No,No,One year,Yes,Mailed check,57.95,84.07,No
CUST-0001678,Male,0,Yes,No,9,Yes,No,Fiber optic,No,Yes,Yes,Yes,No,No,Month-to-month,No,Bank transfer (automatic),48.05,410.98,No
CUST-0001679,Male,0,Yes,Yes,14,Yes,Yes,No,No internet service,No internet service,No internet service,No internet service,No internet service,No internet service,Month-to-month,Yes,Electronic check,42.18,567.18,Yes
CUST-0001680,Female,0,Yes,No,15,Yes,Yes,No,No internet service,No internet service,No internet service,No internet service,No internet service,No internet service,Month-to-month,Yes,Bank transfer (automatic),71.53,1088.77,No
CUST-0001681,Male,0,No,No,4,Yes,No,DSL,Yes,No,No,No,Yes,No,Month-to-month,No,Mailed check,56.93,204.43,Yes
CUST-0001682,Female,1,No,No,8,Yes,Yes,Fiber optic,Yes,Yes,No,Yes,Yes,Yes,One year,Yes,Electronic check,27.54,210.92,No
CUST-0001683,Female,0,No,Yes,9,Yes,No,Fiber optic,No,No,No,No,No,No,Month-to-month,No,Credit card (automatic),71.63,650.16,Yes
CUST-0001684,Female,0,Yes,Yes,2,Yes,No,DSL,No,Yes,No,No,No,Yes,Month-to-month,Yes,Credit card (automatic),118.75,224.55,No
CUST-0001685,Male,0,Yes,No,12,Yes,Yes,Fiber optic,Yes,No,No,Yes,No,No,One year,Yes,Electronic check,51.63,636.25,No
CUST-0001686,Female,0,Yes,No,2,Yes,No,Fiber optic,No,Yes,No,No,No,Yes,Month-to-month,No,Credit card (automatic),72.18,141.81,Yes
CUST-0001687,Female,0,Yes,No,38,Yes,Yes,No,No internet service,No internet service,No internet service,No internet service,No internet service,No internet service,Month-to-month,No,Bank transfer (automatic),62.98,2371.48,Yes
CUST-0001688,Male,0,No,No,15,Yes,No,No,No internet service,No internet service,No internet service,No internet service,No internet service,No internet service,One year,Yes,Electronic check,65.54,1012.81,No
CUST-0001689,Female,0,No,Yes,12,Yes,No,DSL,No,No,Yes,No,Yes,Yes,Two year,No,Mailed check,118.07,1432.09,Yes
CUST-0001690,Female,0,No,No,4,No,No phone service,No,No internet service,No internet service,No internet service,No internet service,No internet service,No internet service,Month-to-month,Yes,Mailed check,28.06,125.0,Yes
CUST-0001691,Male,0,No,No,8,Yes,No,Fiber optic,No,No,No,No,Yes,Yes,Month-to-month,No,Electronic check,71.93,578.37,No
CUST-0001692,Male,0,No,Yes,8,Yes,No,DSL,No,No,No,Yes,No,No,Month-to-month,No,Mailed check,65.33,526.31,No
CUST-0001693,Male,1,Yes,No,72,Yes,No,Fiber optic,No,No,No,Yes,Yes,No,Month-to-month,Yes,Mailed check,23.13,1667.32,No
CUST-0001694,Male,0,No,No,57,Yes,No,No,No internet service,No internet service,No internet service,No internet service,No internet service,No internet service,Month-to-month,Yes,Mailed check,78.56,4463.11,No
CUST-0001695,Male,0,Yes,No,0,Yes,No,Fiber optic,No,No,Yes,No,No,No,Two year,No,Electronic check,18.25,,No
CUST-0001696,Male,0,No,Yes,30,Yes,No,No,No internet service,No internet service,No internet service,No internet service,No internet service,No internet service,Month-to-month,Yes,Bank transfer (automatic),85.09,2552.6,No
CUST-0001697,Male,0,Yes,No,9,No,No phone service,Fiber optic,No,No,No,No,No,No,Month-to-month,Yes,Electronic check,56.48,509.25,Yes
CUST-0001698,Male,0,Yes,No,3,Yes,No,Fiber optic,No,Yes,No,No,Yes,No,One year,Yes,Electronic check,67.65,220.28,No
CUST-0001699,Female,0,No,No,39,Yes,No,DSL,No,Yes,No,No,No,Yes,Month-to-month,No,Electronic check,75.91,2947.03,No
CUST-0001700,Female,0,Yes,Yes,4,Yes,No,DSL,No,Yes,Yes,No,No,No,One year,No,Bank transfer (automatic),18.25,117.94,Yes
CUST-0001701,Female,0,Yes,No,18,Yes,No,Fiber optic,Yes,Yes,No,No,No,No,One year,Yes,Credit card (automatic),82.16,1492.7,No
CUST-0001702,Male,0,Yes,No,32,Yes,No,Fiber optic,No,No,Yes,Yes,Yes,Yes,Month-to-month,No,Credit card (automatic),79.19,2537.24,No
CUST-0001703,Male,0,Yes,No,25,Yes,Yes,Fiber optic,No,No,No,No,No,Yes,One year,Yes,Credit card (automatic),58.23,1447.26,No
CUST-0001704,Female,0,No,No,72,Yes,No,Fiber optic,Yes,No,Yes,No,Yes,No,Two year,Yes,Electronic check,86.72,6228.1,No
CUST-0001705,Male,0,No,No,49,No,No phone service,No,No internet service,No internet service,No internet service,No internet service,No internet service,No internet service,One year,Yes,Mailed check,114.61,5624.2,No
CUST-0001706,Male,0,Yes,Yes,47,Yes,No,DSL,Yes,No,No,No,No,Yes,One year,Yes,Mailed check,115.43,5421.71,No
CUST-0001707,Female,0,Yes,No,14,Yes,No,Fiber optic,No,No,Yes,Yes,No,No,One year,No,Mailed check,118.75,1664.49,Yes
CUST-0001708,Male,0,No,Yes,0,Yes,No,Fiber optic,Yes,Yes,Yes,No,Yes,No,One year,Yes,Electronic check,20.29,,No
CUST-0001709,Female,0,Yes,Yes,42,Yes,No,DSL,No,No,No,No,Yes,No,Month-to-month,No,Credit card (automatic),58.46,2440.0,Yes
CUST-0001710,Female,0,Yes,No,72,Yes,Yes,No,No internet service,No internet service,No internet service,No internet service,No internet service,No internet service,Two year,No,Electronic check,68.15,4905.1,No
CUST-0001711,Male,0,Yes,Yes,16,Yes,No,Fiber optic,No,Yes,Yes,Yes,Yes,Yes,Two year,No,Mailed check,63.04,1021.68,No
CUST-0001712,Male,1,No,No,72,No,No phone service,DSL,No,Yes,No,Yes,Yes,No,One year,No,Mailed check,94.18,6790.88,Yes
CUST-0001713,Female,1,Yes,No,4,Yes,Yes,No,No internet service,No internet service,No internet service,No internet service,No internet service,No internet service,Two year,Yes,Mailed check,24.89,85.88,Yes
CUST-0001714,Male,0,Yes,No,11,Yes,No,No,No internet service,No internet service,No internet service,No internet service,No internet service,No internet service,One year,Yes,Bank transfer (automatic),36.37,407.64,No
CUST-0001715,Male,0,No,No,5,Yes,Yes,No,No internet service,No internet service,No internet service,No internet service,No internet service,No internet service,Month-to-month,Yes,Credit card (automatic),52.97,266.28,Yes
CUST-0001716,Female,0,Yes,No,20,Yes,No,Fiber optic,Yes,Yes,No,No,Yes,Yes,Month-to-month,No,Credit card (automatic),69.65,1400.82,No
CUST-0001717,Male,0,No,Yes,51,Yes,No,No,No internet service,No internet service,No internet service,No internet service,No internet service,No internet service,One year,Yes,Credit card (automatic),65.69,3339.69,No
CUST-0001718,Female,0,Yes,No,13,Yes,Yes,DSL,No,No,Yes,No,No,No,Two year,Yes,Mailed check,73.06,957.43,Yes
CUST-0001719,Female,0,Yes,Yes,72,Yes,No,Fiber optic,No,No,No,Yes,Yes,No,One year,Yes,Electronic check,80.99,5826.85,Yes
CUST-0001720,Male,0,Yes,No,25,Yes,Yes,DSL,No,No,Yes,No,No,Yes,Month-to-month,No,Electronic check,88.82,2216.11,No
CUST-0001721,Male,1,Yes,No,20,Yes,No,Fiber optic,No,No,No,No,No,No,Month-to-month,Yes,Electronic check,82.98,1688.63,Yes
CUST-0001722,Male,0,No,No,49,Yes,No,No,No internet service,No internet service,No internet service,No internet service,No internet service,No internet service,One year,No,Bank transfer (automatic),57.5,2819.52,Yes
CUST-0001723,Male,0,No,Yes,3,Yes,No,No,No internet service,No internet service,No internet service,No internet service,No internet service,No internet service,One year,No,Mailed check,54.1,157.3,Yes
CUST-0001724,Male,0,Yes,Yes,47,Yes,No,No,No internet service,No internet service,No internet service,No internet service,No internet service,No internet service,Two year,No,Bank transfer (automatic),49.91,2374.09,No
CUST-0001725,Female,0,Yes,No,8,Yes,Yes,Fiber optic,No,Yes,No,No,No,No,Month-to-month,Yes,Mailed check,108.23,862.22,No
CUST-0001726,Male,0,Yes,No,10,Yes,Yes,No,No internet service,No internet service,No internet service,No internet service,No internet service,No internet service,Two year,No,Credit card (automatic),27.61,293.55,No
CUST-0001727,Female,0,No,No,29,No,No phone service,Fiber optic,No,No,Yes,No,Yes,Yes,Month-to-month,Yes,Bank transfer (automatic),81.76,2387.95,No
CUST-0001728,Female,0,No,No,72,Yes,No,DSL,No,Yes,No,No,No,Yes,Month-to-month,No,Credit card (automatic),59.44,4274.86,No
CUST-0001729,Female,0,Yes,Yes,27,Yes,Yes,Fiber optic,No,No,No,No,No,Yes,Month-to-month,No,Electronic check,118.75,3181.37,No
CUST-0001730,Female,0,No,Yes,33,Yes,Yes,Fiber optic,No,Yes,No,No,No,No,Two year,No,Electronic check,31.38,1065.23,Yes
CUST-0001731,Male,0,No,No,47,Yes,Yes,DSL,Yes,No,Yes,Yes,No,Yes,Month-to-month,Yes,Mailed check,30.92,1450.12,No
CUST-0001732,Female,1,No,No,9,Yes,Yes,No,No internet service,No internet service,No internet service,No internet service,No internet service,No internet service,Month-to-month,Yes,Mailed check,118.75,1089.3,No
CUST-0001733,Female,0,Yes,Yes,56,Yes,No,Fiber optic,No,No,No,No,No,No,Month-to-month,No,Mailed check,42.89,2396.53,No
CUST-0001734,Male,1,Yes,No,17,Yes,No,No,No internet service,No internet service,No internet service,No internet service,No internet service,No internet service,One year,No,Credit card (automatic),71.86,1221.49,No
CUST-0001735,Male,0,Yes,No,6,Yes,No,Fiber optic,No,Yes,No,No,No,No,Month-to-month,No,Bank transfer (automatic),18.25,91.86,Yes
CUST-0001736,Female,0,No,Yes,13,Yes,Yes,DSL,No,No,No,No,Yes,Yes,Month-to-month,Yes,Electronic check,65.46,823.9,No
CUST-0001737,Male,0,No,No,9,No,No phone service,DSL,Yes,No,No,No,Yes,No,Month-to-month,No,Bank transfer (automatic),53.02,519.03,No
CUST-0001738,Male,0,No,No,8,Yes,No,No,No internet service,No internet service,No internet service,No internet service,No internet service,No internet service,One year,Yes,Electronic check,73.37,616.72,No
CUST-0001739,Male,1,Yes,No,10,Yes,No,DSL,Yes,No,No,Yes,Yes,No,Two year,No,Mailed check,53.62,541.37,Yes
CUST-0001740,Male,0,Yes,No,6,Yes,Yes,Fiber optic,Yes,Yes,No,Yes,Yes,No,One year,Yes,Credit card (automatic),53.71,354.08,No
CUST-0001741,Female,0,Yes,Yes,35,Yes,No,DSL,No,No,No,No,Yes,No,Two year,No,Electronic check,109.0,3787.04,No
CUST-0001742,Female,0,No,No,27,Yes,No,Fiber optic,No,No,No,No,Yes,No,Two year,Yes,Credit card (automatic),95.58,2622.38,No
CUST-0001743,Female,0,Yes,No,33,Yes,No,DSL,No,No,No,No,Yes,No,Month-to-month,Yes,Electronic check,70.56,2303.89,No
CUST-0001744,Male,0,Yes,No,13,Yes,No,DSL,No,Yes,No,Yes,No,No,Two year,Yes,Electronic check,104.59,1360.81,No
CUST-0001745,Male,0,No,No,46,Yes,No,Fiber optic,No,No,No,No,No,No,Month-to-month,Yes,Mailed check,98.25,4555.22,No
CUST-0001746,Male,0,Yes,No,4,Yes,No,DSL,No,No,No,No,No,No,Month-to-month,Yes,Credit card (automatic),94.82,372.82,No
CUST-0001747,Male,0,Yes,No,27,Yes,Yes,Fiber optic,No,Yes,No,Yes,No,Yes,Month-to-month,Yes,Electronic check,117.71,3163.11,No
CUST-0001748,Male,1,Yes,Yes,10,Yes,Yes,Fiber optic,No,Yes,Yes,Yes,No,Yes,One year,No,Electronic check,66.48,670.91,No
CUST-0001749,Female,0,No,No,23,Yes,Yes,Fiber optic,No,Yes,No,No,No,No,One year,Yes,Mailed check,88.06,2052.09,No
CUST-0001750,Male,0,No,No,12,Yes,No,Fiber optic,No,No,No,Yes,Yes,No,Month-to-month,No,Bank transfer (automatic),85.62,1036.23,Yes
CUST-0001751,Female,0,No,No,50,Yes,No,Fiber optic,No,Yes,No,No,No,No,Two year,Yes,Bank transfer (automatic),45.61,2286.35,Yes
CUST-0001752,Male,0,No,No,71,Yes,No,No,No internet service,No internet service,No internet service,No internet service,No internet service,No internet service,Month-to-month,Yes,Electronic check,75.32,5308.24,Yes
CUST-0001753,Male,0,No,No,43,Yes,Yes,Fiber optic,No,No,Yes,No,No,No,Two year,No,Mailed check,79.54,3403.75,No
CUST-0001754,Male,0,No,No,6,Yes,Yes,Fiber optic,No,No,Yes,No,No,No,Two year,No,Electronic check,83.27,493.1,Yes
CUST-0001755,Female,0,No,No,10,Yes,Yes,No,No internet service,No internet service,No internet service,No internet service,No internet service,No internet service,One year,Yes,Mailed check,26.81,257.05,Yes
CUST-0001756,Female,0,No,No,72,Yes,Yes,No,No internet service,No internet service,No internet service,No internet service,No internet service,No internet service,One year,Yes,Credit card (automatic),18.25,1293.12,No
CUST-0001757,Female,0,Yes,No,18,Yes,Yes,Fiber optic,No,No,Yes,No,No,Yes,Two year,Yes,Credit card (automatic),70.22,1259.51,No
CUST-0001758,Male,0,Yes,No,72,Yes,Yes,No,No internet service,No internet service,No internet service,No internet service,No internet service,No internet service,Month-to-month,Yes,Credit card (automatic),65.3,4698.82,No
CUST-0001759,Male,0,Yes,Yes,15,Yes,Yes,DSL,Yes,Yes,Yes,No,Yes,No,One year,Yes,Mailed check,85.44,1261.93,No
CUST-0001760,Female,0,No,No,72,No,No phone service,No,No internet service,No internet service,No internet service,No internet service,No internet service,No internet service,Month-to-month,Yes,Bank transfer (automatic),79.7,5759.06,No
CUST-0001761,Male,1,No,No,72,No,No phone service,DSL,No,No,No,No,Yes,Yes,Month-to-month,Yes,Credit card (automatic),65.55,4711.99,No
CUST-0001762,Female,0,No,No,34,Yes,Yes,Fiber optic,No,No,Yes,No,No,No,Month-to-month,No,Mailed check,21.04,722.0,No
CUST-0001763,Male,1,Yes,Yes,0,Yes,Yes,No,No internet service,No internet service,No internet service,No internet service,No internet service,No internet service,One year,No,Mailed check,47.55,,No
CUST-0001764,Male,0,Yes,No,16,Yes,No,DSL,No,No,No,No,No,No,Month-to-month,No,Bank transfer (automatic),67.06,1081.16,No
CUST-0001765,Male,0,Yes,Yes,72,No,No phone service,DSL,No,No,No,Yes,No,No,One year,No,Mailed check,57.93,4135.9,No
CUST-0001766,Male,0,No,No,69,Yes,No,Fiber optic,No,No,No,No,Yes,Yes,Month-to-month,No,Bank transfer (automatic),55.49,3817.97,No
CUST-0001767,Female,0,Yes,Yes,6,No,No phone service,Fiber optic,No,No,No,No,No,Yes,Month-to-month,No,Mailed check,73.11,408.34,Yes
CUST-0001768,Male,0,No,No,16,Yes,No,DSL,Yes,Yes,No,No,Yes,No,One year,No,Bank transfer (automatic),76.42,1209.88,No
CUST-0001769,Male,0,Yes,Yes,57,Yes,Yes,Fiber optic,No,Yes,No,No,No,Yes,Month-to-month,No,Credit card (automatic),109.7,6226.41,No
CUST-0001770,Male,1,Yes,Yes,27,Yes,Yes,Fiber optic,No,Yes,No,Yes,No,Yes,Two year,No,Mailed check,62.53,1696.51,Yes
CUST-0001771,Male,0,No,No,60,Yes,No,DSL,No,Yes,Yes,No,No,No,Month-to-month,Yes,Mailed check,89.3,5373.38,No
CUST-0001772,Female,0,Yes,Yes,56,No,No phone service,Fiber optic,Yes,No,Yes,No,No,No,Month-to-month,Yes,Credit card (automatic),65.94,3710.61,No
CUST-0001773,Female,0,Yes,No,72,Yes,No,DSL,Yes,Yes,No,No,No,No,Two year,Yes,Mailed check,45.6,3274.82,No
CUST-0001774,Female,0,No,No,3,Yes,No,DSL,No,Yes,No,No,No,Yes,Month-to-month,No,Mailed check,53.94,163.75,No
CUST-0001775,Female,0,Yes,No,5,Yes,Yes,Fiber optic,No,Yes,Yes,No,Yes,No,Two year,Yes,Credit card (automatic),62.2,306.78,No
CUST-0001776,Male,0,No,Yes,2,Yes,Yes,No,No internet service,No internet service,No internet service,No internet service,No internet service,No internet service,Month-to-month,Yes,Electronic check,46.48,64.34,Yes
CUST-0001777,Female,0,No,No,72,Yes,Yes,Fiber optic,Yes,Yes,No,No,Yes,No,One year,Yes,Bank transfer (automatic),59.28,4297.01,No
CUST-0001778,Male,0,Yes,No,20,Yes,Yes,DSL,Yes,No,No,No,No,Yes,Month-to-month,No,Electronic check,94.31,1850.56,No
CUST-0001779,Male,1,No,No,2,Yes,Yes,Fiber optic,No,Yes,No,No,No,Yes,Month-to-month,No,Mailed check,49.73,73.69,No
CUST-0001780,Female,0,Yes,No,12,Yes,Yes,No,No internet service,No internet service,No internet service,No internet service,No internet service,No internet service,Two year,Yes,Electronic check,25.16,276.54,No
CUST-0001781,Male,0,No,Yes,13,Yes,No,Fiber optic,Yes,Yes,Yes,No,No,Yes,Month-to-month,Yes,Mailed check,77.13,1016.35,No
CUST-0001782,Female,1,No,No,53,Yes,Yes,Fiber optic,No,Yes,Yes,No,No,Yes,One year,Yes,Credit card (automatic),75.33,3961.6,Yes
CUST-0001783,Male,0,No,No,42,Yes,Yes,No,No internet service,No internet service,No internet service,No internet service,No internet service,No internet service,Month-to-month,Yes,Mailed check,69.23,2903.77,No
CUST-0001784,Female,0,Yes,No,37,No,No phone service,Fiber optic,Yes,No,No,No,No,No,One year,Yes,Bank transfer (automatic),77.94,2902.17,No
CUST-0001785,Female,0,Yes,No,0,Yes,Yes,No,No internet service,No internet service,No internet service,No internet service,No internet service,No internet service,Month-to-month,Yes,Electronic check,31.2,,No
CUST-0001786,Female,0,Yes,No,72,Yes,Yes,Fiber optic,No,No,No,Yes,No,No,Two year,No,Credit card (automatic),62.68,4489.02,Yes
CUST-0001787,Female,0,No,No,7,Yes,Yes,DSL,No,No,No,Yes,No,Yes,Month-to-month,Yes,Credit card (automatic),45.48,306.41,No
CUST-0001788,Female,0,No,No,31,Yes,No,DSL,Yes,Yes,Yes,No,No,Yes,Month-to-month,Yes,Credit card (automatic),113.81,3499.28,No
CUST-0001789,Male,0,Yes,No,2,Yes,Yes,Fiber optic,No,No,No,Yes,Yes,No,Month-to-month,No,Bank transfer (automatic),59.89,98.46,Yes
CUST-0001790,Female,0,No,No,2,Yes,Yes,Fiber optic,No,No,Yes,No,No,No,Month-to-month,Yes,Mailed check,68.43,155.76,No
CUST-0001791,Male,0,Yes,No,0,Yes,No,Fiber optic,No,Yes,No,No,Yes,No,Month-to-month,No,Electronic check,18.25,,No
CUST-0001792,Female,1,Yes,No,26,Yes,Yes,DSL,No,No,No,No,No,Yes,Month-to-month,Yes,Credit card (automatic),18.25,490.85,No
CUST-0001793,Female,0,Yes,No,31,Yes,Yes,No,No internet service,No internet service,No internet service,No internet service,No internet service,No internet service,Month-to-month,No,Mailed check,108.1,3360.27,Yes
CUST-0001794,Female,0,Yes,Yes,1,Yes,Yes,No,No internet service,No internet service,No internet service,No internet service,No internet service,No internet service,One year,Yes,Mailed check,63.9,91.69,No
CUST-0001795,Male,0,Yes,No,10,Yes,Yes,Fiber optic,No,Yes,Yes,Yes,Yes,Yes,Month-to-month,No,Electronic check,46.51,446.56,No
CUST-0001796,Male,1,No,No,61,Yes,No,Fiber optic,No,Yes,No,No,No,Yes,Month-to-month,Yes,Credit card (automatic),48.84,2960.14,Yes
CUST-0001797,Female,0,Yes,No,3,Yes,No,DSL,No,No,Yes,Yes,No,No,One year,Yes,Mailed check,70.5,192.34,No
CUST-0001798,Male,0,Yes,Yes,7,Yes,Yes,Fiber optic,Yes,Yes,No,Yes,No,No,Month-to-month,Yes,Electronic check,70.9,497.46,No
CUST-0001799,Male,1,No,No,17,Yes,No,Fiber optic,No,No,Yes,Yes,No,No,Month-to-month,Yes,Electronic check,50.27,889.51,No
CUST-0001800,Male,0,Yes,No,59,Yes,Yes,Fiber optic,No,No,No,Yes,No,No,One year,Yes,Bank transfer (automatic),70.18,4117.27,No
CUST-0001801,Female,1,No,No,9,Yes,Yes,Fiber optic,Yes,Yes,No,No,Yes,Yes,One year,Yes,Credit card (automatic),47.65,433.42,No
CUST-0001802,Female,0,Yes,No,72,Yes,Yes,Fiber optic,No,No,Yes,No,Yes,No,One year,Yes,Mailed check,74.27,5348.99,Yes
CUST-0001803,Male,0,No,Yes,14,Yes,No,DSL,No,No,Yes,No,No,No,Month-to-month,Yes,Credit card (automatic),98.34,1364.6,No
CUST-0001804,Male,1,No,No,15,Yes,Yes,DSL,No,No,No,No,Yes,No,Month-to-month,Yes,Electronic check,54.48,800.31,No
CUST-0001805,Male,0,Yes,No,4,Yes,No,No,No internet service,No internet service,No internet service,No internet service,No internet service,No internet service,Two year,Yes,Mailed check,67.25,252.24,No
CUST-0001806,Female,0,No,No,36,Yes,No,DSL,No,No,No,No,No,Yes,One year,Yes,Mailed check,55.79,1944.18,No
CUST-0001807,Female,0,No,No,8,Yes,No,DSL,Yes,No,No,No,No,No,Two year,No,Electronic check,18.25,137.24,No
CUST-0001808,Male,1,No,Yes,31,Yes,Yes,Fiber optic,Yes,Yes,No,No,No,No,Month-to-month,No,Electronic check,91.67,2864.45,No
CUST-0001809,Male,0,Yes,No,8,Yes,Yes,DSL,Yes,No,No,No,Yes,Yes,One year,No,Electronic check,48.5,377.72,Yes
CUST-0001810,Male,0,Yes,Yes,15,Yes,Yes,Fiber optic,Yes,No,Yes,No,Yes,No,Month-to-month,No,Credit card (automatic),50.8,739.59,Yes
CUST-0001811,Female,0,No,No,62,Yes,No,Fiber optic,No,No,No,No,No,Yes,Two year,Yes,Mailed check,77.99,4791.98,No
CUST-0001812,Female,0,No,No,42,Yes,No,DSL,No,No,No,No,Yes,Yes,Month-to-month,Yes,Credit card (automatic),116.08,4903.94,No
CUST-0001813,Male,0,Yes,No,5,Yes,No,DSL,No,No,Yes,Yes,No,Yes,Month-to-month,Yes,Credit card (automatic),86.5,449.56,No
CUST-0001814,Male,0,Yes,No,29,No,No phone service,DSL,No,Yes,Yes,Yes,No,No,Two year,No,Electronic check,58.09,1691.97,No
CUST-0001815,Male,0,Yes,No,31,Yes,No,Fiber optic,No,No,No,No,No,No,Month-to-month,No,Mailed check,86.13,2624.19,No
CUST-0001816,Female,0,Yes,No,3,Yes,Yes,No,No internet service,No internet service,No internet service,No internet service,No internet service,No internet service,One year,No,Mailed check,80.0,261.05,No
CUST-0001817,Male,0,Yes,No,20,Yes,No,DSL,Yes,No,No,Yes,Yes,No,Month-to-month,Yes,Credit card (automatic),61.53,1230.72,No
CUST-0001818,Female,0,Yes,No,9,Yes,No,Fiber optic,No,No,No,No,No,No,Month-to-month,No,Bank transfer (automatic),93.81,821.81,No
CUST-0001819,Female,0,Yes,Yes,20,Yes,Yes,No,No internet service,No internet service,No internet service,No internet service,No internet service,No internet service,Month-to-month,No,Mailed check,87.96,1712.19,No
CUST-0001820,Male,1,Yes,No,48,Yes,Yes,DSL,No,No,No,No,Yes,Yes,Month-to-month,No,Mailed check,118.75,5736.58,No
CUST-0001821,Male,0,No,No,5,Yes,No,Fiber optic,No,No,No,No,No,No,One year,No,Credit card (automatic),54.01,286.82,Yes
CUST-0001822,Male,0,Yes,No,4,Yes,Yes,Fiber optic,Yes,No,Yes,Yes,Yes,No,Month-to-month,No,Electronic check,66.76,261.36,No
CUST-0001823,Female,0,Yes,No,10,Yes,No,Fiber optic,No,Yes,No,No,No,Yes,Month-to-month,Yes,Mailed check,114.98,1105.44,Yes
CUST-0001824,Female,0,Yes,No,72,Yes,No,No,No internet service,No internet service,No internet service,No internet service,No internet service,No internet service,Two year,Yes,Electronic check,43.22,3095.47,No
CUST-0001825,Female,0,No,No,44,No,No phone service,Fiber optic,No,No,No,Yes,Yes,No,Month-to-month,Yes,Bank transfer (automatic),54.8,2389.85,No
CUST-0001826,Female,0,No,Yes,0,Yes,No,DSL,Yes,Yes,No,Yes,Yes,Yes,Month-to-month,No,Credit card (automatic),57.3,,No
CUST-0001827,Male,0,No,No,16,No,No phone service,Fiber optic,No,Yes,Yes,Yes,No,No,Two year,Yes,Mailed check,70.22,1128.96,No
CUST-0001828,Female,1,Yes,Yes,9,Yes,Yes,DSL,No,No,Yes,No,Yes,No,Month-to-month,Yes,Credit card (automatic),91.87,833.46,No
CUST-0001829,Female,0,No,Yes,32,Yes,No,DSL,No,No,No,No,No,No,Two year,Yes,Credit card (automatic),80.95,2603.82,Yes
CUST-0001830,Male,0,Yes,Yes,19,Yes,No,No,No internet service,No internet service,No internet service,No internet service,No internet service,No internet service,Month-to-month,No,Credit card (automatic),32.58,626.13,No
CUST-0001831,Female,0,Yes,No,72,Yes,No,Fiber optic,Yes,No,No,Yes,No,Yes,Two year,Yes,Bank transfer (automatic),74.96,5430.18,No
CUST-0001832,Female,1,No,No,7,Yes,No,Fiber optic,Yes,No,No,No,Yes,Yes,Two year,Yes,Bank transfer (automatic),95.18,673.94,No
CUST-0001833,Female,0,No,No,28,Yes,No,DSL,No,No,Yes,No,No,Yes,Two year,Yes,Mailed check,96.54,2719.12,No
CUST-0001834,Female,0,No,No,38,Yes,No,DSL,Yes,No,Yes,Yes,Yes,Yes,Month-to-month,Yes,Credit card (automatic),118.75,4551.88,Yes
CUST-0001835,Female,0,No,No,55,Yes,No,DSL,No,No,Yes,No,No,Yes,One year,No,Credit card (automatic),93.47,5151.98,Yes
CUST-0001836,Female,0,No,Yes,16,Yes,Yes,No,No internet service,No internet service,No internet service,No internet service,No internet service,No internet service,Two year,No,Electronic check,20.6,317.54,No
CUST-0001837,Male,0,Yes,Yes,37,Yes,Yes,No,No internet service,No internet service,No internet service,No internet service,No internet service,No internet service,Month-to-month,Yes,Electronic check,65.11,2419.95,No
CUST-0001838,Male,0,Yes,No,11,No,No phone service,Fiber optic,No,Yes,No,No,No,No,Month-to-month,Yes,Electronic check,53.83,577.88,No
CUST-0001839,Female,0,Yes,No,18,Yes,Yes,DSL,Yes,No,No,Yes,Yes,No,Month-to-month,No,Bank transfer (automatic),54.48,965.04,Yes
CUST-0001840,Male,0,No,Yes,72,Yes,No,Fiber optic,Yes,No,No,Yes,No,No,One year,Yes,Electronic check,60.82,4395.59,No
CUST-0001841,Male,0,Yes,No,72,Yes,Yes,No,No internet service,No internet service,No internet service,No internet service,No internet service,No internet service,Month-to-month,No,Mailed check,86.26,6172.24,No
CUST-0001842,Male,0,No,No,40,Yes,No,No,No internet service,No internet service,No internet service,No internet service,No internet service,No internet service,One year,Yes,Bank transfer (automatic),49.49,1975.34,No
CUST-0001843,Male,0,Yes,No,15,Yes,No,Fiber optic,Yes,No,No,Yes,Yes,No,Month-to-month,No,Bank transfer (automatic),58.85,889.87,Yes
CUST-0001844,Female,0,Yes,Yes,54,No,No phone service,Fiber optic,No,Yes,No,No,Yes,No,Month-to-month,Yes,Bank transfer (automatic),18.25,993.59,No
CUST-0001845,Female,0,Yes,No,0,Yes,No,Fiber optic,No,Yes,No,Yes,No,Yes,One year,Yes,Credit card (automatic),18.25,,No
CUST-0001846,Male,0,Yes,No,3,Yes,Yes,DSL,No,Yes,Yes,No,Yes,No,Month-to-month,No,Electronic check,80.51,226.9,Yes
CUST-0001847,Male,0,No,No,34,Yes,No,Fiber optic,No,Yes,No,No,No,No,One year,Yes,Bank transfer (automatic),82.5,2841.43,No
CUST-0001848,Male,0,Yes,No,11,Yes,No,Fiber optic,No,Yes,No,Yes,No,No,Two year,Yes,Bank transfer (automatic),66.4,726.02,Yes
CUST-0001849,Female,0,Yes,Yes,72,Yes,No,Fiber optic,Yes,Yes,No,Yes,No,Yes,One year,Yes,Electronic check,108.52,7802.87,No
CUST-0001850,Female,1,Yes,No,18,Yes,Yes,Fiber optic,No,No,Yes,No,Yes,Yes,Month-to-month,Yes,Electronic check,74.29,1360.51,No
CUST-0001851,Male,0,Yes,No,17,Yes,No,Fiber optic,Yes,No,Yes,No,Yes,No,Two year,Yes,Bank transfer (automatic),18.25,286.33,No
CUST-0001852,Female,0,Yes,No,36,Yes,Yes,Fiber optic,No,No,No,No,Yes,Yes,Month-to-month,No,Electronic check,89.47,3220.39,No
CUST-0001853,Female,0,Yes,No,46,Yes,No,DSL,No,Yes,No,No,No,Yes,Month-to-month,Yes,Electronic check,18.25,813.62,No
CUST-0001854,Female,0,No,No,20,Yes,No,No,No internet service,No internet service,No internet service,No internet service,No internet service,No internet service,Month-to-month,Yes,Credit card (automatic),117.94,2337.99,No
CUST-0001855,Female,0,Yes,Yes,7,Yes,No,Fiber optic,No,No,No,Yes,Yes,No,Month-to-month,Yes,Electronic check,106.38,738.85,No
CUST-0001856,Male,0,Yes,Yes,47,Yes,Yes,Fiber optic,No,Yes,No,No,No,No,Month-to-month,No,Electronic check,118.75,5586.66,No
CUST-0001857,Female,1,No,No,12,Yes,Yes,Fiber optic,No,No,Yes,No,Yes,No,Two year,Yes,Credit card (automatic),99.76,1214.45,No
CUST-0001858,Male,0,Yes,Yes,6,Yes,Yes,No,No internet service,No internet service,No internet service,No internet service,No internet service,No internet service,Month-to-month,No,Electronic check,92.44,535.0,No
CUST-0001859,Female,1,Yes,Yes,31,Yes,No,Fiber optic,No,No,Yes,Yes,No,Yes,Month-to-month,Yes,Electronic check,105.1,3290.64,No
CUST-0001860,Female,0,No,No,3,Yes,No,Fiber optic,Yes,Yes,No,Yes,Yes,No,One year,No,Electronic check,70.9,211.81,No
CUST-0001861,Female,0,Yes,No,72,Yes,No,No,No internet service,No internet service,No internet service,No internet service,No internet service,No internet service,Month-to-month,Yes,Bank transfer (automatic),31.4,2252.34,Yes
CUST-0001862,Female,0,No,Yes,32,Yes,Yes,No,No internet service,No internet service,No internet service,No internet service,No internet service,No internet service,Two year,Yes,Electronic check,89.86,2894.38,Yes
CUST-0001863,Male,0,No,No,72,Yes,Yes,Fiber optic,No,Yes,No,Yes,No,No,Two year,No,Credit card (automatic),104.46,7530.71,No
CUST-0001864,Female,0,No,Yes,13,Yes,No,DSL,No,No,No,Yes,Yes,No,Month-to-month,No,Mailed check,111.79,1443.18,No
CUST-0001865,Female,0,No,Yes,72,Yes,No,No,No internet service,No internet service,No internet service,No internet service,No internet service,No internet service,One year,No,Mailed check,31.6,2282.15,No
CUST-0001866,Female,0,Yes,No,5,Yes,Yes,No,No internet service,No internet service,No internet service,No internet service,No internet service,No internet service,Month-to-month,No,Electronic check,18.25,89.93,No
CUST-0001867,Male,1,Yes,Yes,1,Yes,No,DSL,No,Yes,No,No,No,No,One year,No,Electronic check,86.6,81.5,No
CUST-0001868,Male,0,Yes,No,1,Yes,No,Fiber optic,Yes,No,No,No,Yes,No,Month-to-month,No,Credit card (automatic),92.05,60.04,Yes
CUST-0001869,Male,0,Yes,No,20,Yes,No,Fiber optic,No,Yes,No,No,Yes,No,Month-to-month,Yes,Credit card (automatic),23.41,459.08,Yes
CUST-0001870,Female,1,No,No,2,Yes,No,DSL,No,No,Yes,Yes,No,No,One year,Yes,Electronic check,52.32,119.78,Yes
CUST-0001871,Female,0,No,Yes,22,Yes,No,DSL,No,Yes,No,Yes,Yes,No,Month-to-month,Yes,Electronic check,68.12,1509.1,No
CUST-0001872,Male,0,No,No,12,Yes,Yes,Fiber optic,Yes,Yes,No,No,No,No,One year,Yes,Mailed check,58.02,707.67,No
CUST-0001873,Female,0,No,Yes,13,Yes,No,No,No internet service,No internet service,No internet service,No internet service,No internet service,No internet service,Two year,Yes,Mailed check,32.12,414.78,No
CUST-0001874,Female,0,Yes,Yes,32,Yes,No,DSL,Yes,No,Yes,Yes,No,No,Month-to-month,No,Bank transfer (automatic),94.4,3046.23,No
CUST-0001875,Female,0,No,No,5,Yes,Yes,No,No internet service,No internet service,No internet service,No internet service,No internet service,No internet service,Month-to-month,Yes,Credit card (automatic),68.77,342.73,No
CUST-0001876,Female,0,No,No,46,Yes,Yes,No,No internet service,No internet service,No internet service,No internet service,No internet service,No internet service,Month-to-month,Yes,Bank transfer (automatic),76.93,3525.6,No
CUST-0001877,Female,0,No,Yes,27,Yes,Yes,No,No internet service,No internet service,No internet service,No internet service,No internet service,No internet service,Month-to-month,Yes,Bank transfer (automatic),86.48,2348.73,Yes
CUST-0001878,Female,0,Yes,Yes,72,Yes,No,Fiber optic,Yes,Yes,No,Yes,Yes,Yes,Two year,Yes,Electronic check,118.75,8558.68,No
CUST-0001879,Male,0,No,No,14,Yes,Yes,Fiber optic,No,Yes,No,No,Yes,Yes,Month-to-month,Yes,Mailed check,54.42,763.18,No
CUST-0001880,Female,0,Yes,No,72,Yes,No,Fiber optic,No,No,No,No,No,Yes,Month-to-month,Yes,Mailed check,104.7,7580.47,No
CUST-0001881,Female,0,No,No,27,Yes,No,No,No internet service,No internet service,No internet service,No internet service,No internet service,No internet service,Two year,No,Bank transfer (automatic),83.16,2295.25,No
CUST-0001882,Female,0,No,No,72,Yes,Yes,Fiber optic,Yes,No,No,Yes,No,No,Month-to-month,Yes,Electronic check,42.47,3070.64,Yes
CUST-0001883,Female,0,Yes,No,0,Yes,No,DSL,No,Yes,No,No,No,No,Two year,Yes,Credit card (automatic),66.58,,No
CUST-0001884,Female,0,No,Yes,41,Yes,No,DSL,No,Yes,Yes,No,No,No,One year,Yes,Bank transfer (automatic),96.11,3931.79,No
CUST-0001885,Male,0,No,No,54,No,No phone service,Fiber optic,Yes,No,No,Yes,No,Yes,Two year,No,Mailed check,67.94,3666.64,No
CUST-0001886,Male,0,Yes,Yes,1,Yes,Yes,No,No internet service,No internet service,No internet service,No internet service,No internet service,No internet service,One year,Yes,Bank transfer (automatic),88.23,105.88,Yes
CUST-0001887,Male,1,No,Yes,27,Yes,Yes,Fiber optic,No,Yes,No,No,No,No,Two year,No,Electronic check,53.62,1430.44,Yes
CUST-0001888,Male,0,No,No,51,Yes,Yes,Fiber optic,No,No,No,Yes,No,No,Month-to-month,Yes,Mailed check,22.24,1125.79,Yes
CUST-0001889,Female,0,No,No,26,No,No phone service,DSL,No,Yes,No,No,Yes,No,One year,Yes,Bank transfer (automatic),27.79,720.41,Yes
CUST-0001890,Female,0,No,Yes,2,Yes,No,No,No internet service,No internet service,No internet service,No internet service,No internet service,No internet service,Month-to-month,Yes,Credit card (automatic),55.83,93.66,Yes
CUST-0001891,Male,0,Yes,No,37,Yes,No,Fiber optic,No,No,Yes,No,No,Yes,Two year,Yes,Mailed check,90.88,3327.61,No
CUST-0001892,Male,0,No,No,2,Yes,No,No,No internet service,No internet service,No internet service,No internet service,No internet service,No internet service,Month-to-month,No,Bank transfer (automatic),79.05,106.0,No
CUST-0001893,Female,0,Yes,Yes,54,Yes,No,Fiber optic,Yes,No,No,No,No,No,One year,No,Mailed check,84.36,4548.8,Yes
CUST-0001894,Male,0,Yes,Yes,1,No,No phone service,Fiber optic,No,No,No,No,No,Yes,Month-to-month,No,Mailed check,43.33,32.85,Yes
CUST-0001895,Female,1,No,Yes,4,Yes,No,Fiber optic,No,Yes,Yes,No,Yes,No,Two year,Yes,Mailed check,52.03,214.61,No
CUST-0001896,Female,0,No,No,10,Yes,No,DSL,No,No,No,Yes,No,Yes,Month-to-month,Yes,Bank transfer (automatic),37.96,349.13,No
CUST-0001897,Female,0,No,No,32,Yes,Yes,DSL,No,Yes,No,No,No,Yes,Two year,No,Bank transfer (automatic),45.96,1439.19,No
CUST-0001898,Male,0,No,No,72,Yes,No,DSL,Yes,No,Yes,No,Yes,Yes,One year,No,Electronic check,109.52,7900.28,No
CUST-0001899,Male,0,No,No,4,No,No phone service,Fiber optic,No,Yes,Yes,No,No,Yes,Two year,No,Electronic check,80.14,310.6,No
CUST-0001900,Female,1,Yes,Yes,4,Yes,No,Fiber optic,No,No,No,No,No,No,Month-to-month,Yes,Bank transfer (automatic),52.72,211.35,Yes
CUST-0001901,Female,1,No,Yes,14,Yes,No,DSL,Yes,Yes,Yes,No,No,Yes,Month-to-month,No,Electronic check,39.1,574.36,No
CUST-0001902,Male,0,Yes,Yes,57,Yes,Yes,Fiber optic,Yes,Yes,No,No,Yes,No,Month-to-month,No,Bank transfer (automatic),39.04,2195.5,No
CUST-0001903,Female,1,No,Yes,20,Yes,No,Fiber optic,No,Yes,Yes,No,No,Yes,Month-to-month,No,Credit card (automatic),55.08,1111.87,Yes
CUST-0001904,Male,0,No,Yes,12,Yes,Yes,Fiber optic,No,No,No,No,Yes,No,Month-to-month,Yes,Credit card (automatic),89.24,1062.52,No
CUST-0001905,Female,1,No,No,26,Yes,No,DSL,No,No,No,Yes,Yes,Yes,Month-to-month,Yes,Credit card (automatic),29.26,743.04,No
CUST-0001906,Male,0,Yes,Yes,9,Yes,Yes,Fiber optic,No,Yes,No,No,No,Yes,One year,Yes,Mailed check,106.01,960.63,No
CUST-0001907,Female,0,No,No,16,Yes,Yes,Fiber optic,No,Yes,Yes,No,No,No,Month-to-month,Yes,Electronic check,110.71,1775.97,No
CUST-0001908,Male,0,No,No,12,Yes,Yes,DSL,No,No,Yes,No,Yes,Yes,Month-to-month,No,Electronic check,71.72,878.53,No
CUST-0001909,Male,0,No,No,52,Yes,Yes,Fiber optic,Yes,Yes,Yes,No,No,No,Two year,Yes,Credit card (automatic),71.67,3723.1,Yes
CUST-0001910,Male,0,Yes,Yes,72,Yes,Yes,DSL,Yes,No,Yes,No,Yes,No,Month-to-month,Yes,Mailed check,83.92,6024.93,No
CUST-0001911,Male,0,No,No,45,Yes,No,No,No internet service,No internet service,No internet service,No internet service,No internet service,No internet service,Month-to-month,Yes,Electronic check,22.11,965.11,No
CUST-0001912,Female,0,No,No,18,Yes,No,No,No internet service,No internet service,No internet service,No internet service,No internet service,No internet service,Month-to-month,No,Mailed check,18.25,306.35,No
CUST-0001913,Female,0,No,Yes,22,Yes,Yes,Fiber optic,No,Yes,No,No,No,No,One year,Yes,Credit card (automatic),71.4,1555.19,No
CUST-0001914,Male,0,No,No,4,No,No phone service,DSL,No,Yes,No,No,No,Yes,Two year,No,Mailed check,29.51,84.45,No
CUST-0001915,Male,1,Yes,No,43,No,No phone service,Fiber optic,Yes,No,Yes,No,Yes,Yes,Two year,No,Bank transfer (automatic),43.78,1862.11,Yes
CUST-0001916,Female,0,Yes,No,29,Yes,Yes,Fiber optic,No,No,Yes,No,Yes,Yes,Two year,No,Electronic check,65.93,1914.98,No
CUST-0001917,Female,1,Yes,No,72,Yes,No,Fiber optic,No,No,Yes,No,Yes,Yes,Month-to-month,No,Electronic check,18.25,1284.26,No
CUST-0001918,Female,0,Yes,No,7,Yes,No,DSL,Yes,No,Yes,No,No,No,One year,Yes,Credit card (automatic),82.92,605.73,No
CUST-0001919,Male,0,No,No,45,Yes,No,DSL,No,Yes,Yes,No,No,Yes,One year,Yes,Electronic check,69.53,3145.2,No
CUST-0001920,Male,0,Yes,No,36,Yes,No,DSL,No,No,Yes,Yes,No,No,Two year,Yes,Credit card (automatic),106.65,3840.17,No
CUST-0001921,Female,0,Yes,No,9,Yes,Yes,Fiber optic,Yes,Yes,No,No,Yes,No,Two year,No,Credit card (automatic),18.25,193.67,No
CUST-0001922,Male,0,Yes,No,35,Yes,Yes,No,No internet service,No internet service,No internet service,No internet service,No internet service,No internet service,Month-to-month,Yes,Electronic check,61.46,2124.18,Yes
CUST-0001923,Female,0,No,Yes,72,Yes,No,Fiber optic,No,Yes,No,No,No,No,Month-to-month,Yes,Credit card (automatic),40.36,2890.43,Yes
CUST-0001924,Male,0,Yes,No,72,Yes,Yes,DSL,No,Yes,Yes,No,No,No,Month-to-month,No,Credit card (automatic),96.63,6923.0,No
CUST-0001925,Female,0,Yes,No,40,Yes,No,DSL,No,No,No,No,Yes,No,Month-to-month,Yes,Credit card (automatic),85.33,3399.6,No
CUST-0001926,Male,0,Yes,Yes,1,Yes,Yes,Fiber optic,No,Yes,No,No,Yes,Yes,Month-to-month,Yes,Credit card (automatic),91.24,85.69,No
CUST-0001927,Female,0,Yes,No,65,Yes,Yes,DSL,No,No,No,No,No,No,Month-to-month,Yes,Credit card (automatic),74.39,4835.91,No
CUST-0001928,Male,0,No,No,34,Yes,Yes,DSL,No,No,No,No,Yes,No,One year,No,Bank transfer (automatic),56.59,1958.0,No
CUST-0001929,Female,0,Yes,No,11,Yes,No,DSL,No,No,No,Yes,Yes,No,One year,Yes,Mailed check,77.19,845.36,Yes
CUST-0001930,Male,0,No,Yes,6,Yes,No,Fiber optic,No,No,Yes,No,No,No,Two year,Yes,Electronic check,50.01,313.21,Yes
CUST-0001931,Female,0,No,Yes,3,No,No phone service,Fiber optic,Yes,Yes,No,No,No,No,One year,Yes,Electronic check,99.3,290.09,No
CUST-0001932,Female,0,No,No,1,Yes,No,No,No internet service,No internet service,No internet service,No internet service,No internet service,No internet service,Month-to-month,Yes,Bank transfer (automatic),36.59,46.99,No
CUST-0001933,Female,0,No,No,44,No,No phone service,Fiber optic,No,No,No,Yes,No,No,One year,Yes,Electronic check,69.01,3025.03,No
CUST-0001934,Female,0,No,No,8,Yes,Yes,DSL,No,No,No,No,No,Yes,Month-to-month,Yes,Mailed check,70.67,552.53,Yes
CUST-0001935,Female,0,No,No,0,Yes,Yes,Fiber optic,No,No,No,Yes,No,Yes,Month-to-month,No,Electronic check,59.72,,No
CUST-0001936,Female,0,No,Yes,16,Yes,No,DSL,No,No,No,No,Yes,Yes,Month-to-month,No,Credit card (automatic),65.08,1056.54,No
CUST-0001937,Male,0,Yes,Yes,21,Yes,No,Fiber optic,Yes,No,No,No,No,Yes,One year,No,Electronic check,75.39,1585.0,Yes
CUST-0001938,Female,0,Yes,No,5,Yes,No,DSL,No,Yes,No,Yes,No,No,Two year,No,Electronic check,51.04,286.11,No
CUST-0001939,Male,0,No,Yes,1,Yes,Yes,DSL,No,No,No,No,No,No,One year,Yes,Bank transfer (automatic),83.0,76.41,No
CUST-0001940,Male,0,No,No,6,Yes,No,Fiber optic,No,No,No,No,No,No,Month-to-month,Yes,Bank transfer (automatic),40.48,250.95,No
CUST-0001941,Male,0,No,Yes,36,Yes,No,DSL,No,No,No,Yes,Yes,No,Month-to-month,Yes,Mailed check,30.43,1086.24,Yes
CUST-0001942,Male,0,No,No,2,Yes,Yes,DSL,No,No,Yes,No,No,Yes,Two year,Yes,Mailed check,20.24,28.83,No
CUST-0001943,Female,0,Yes,No,25,Yes,Yes,DSL,No,No,Yes,No,No,No,One year,Yes,Credit card (automatic),30.51,755.41,No
CUST-0001944,Female,0,No,No,5,Yes,No,Fiber optic,No,No,Yes,No,No,Yes,One year,Yes,Mailed check,74.97,385.74,Yes
CUST-0001945,Female,1,Yes,No,6,Yes,Yes,DSL,No,Yes,No,No,No,No,Two year,No,Electronic check,61.39,302.1,No
CUST-0001946,Female,0,Yes,No,15,Yes,No,Fiber optic,No,Yes,No,No,No,No,Two year,No,Credit card (automatic),72.06,1065.4,No
CUST-0001947,Male,0,No,No,3,Yes,Yes,Fiber optic,Yes,No,No,No,No,Yes,Month-to-month,No,Credit card (automatic),60.2,229.69,Yes
CUST-0001948,Male,0,Yes,No,6,Yes,No,DSL,No,No,Yes,No,Yes,Yes,Month-to-month,Yes,Mailed check,18.25,146.82,No
CUST-0001949,Male,0,No,No,13,Yes,Yes,No,No internet service,No internet service,No internet service,No internet service,No internet service,No internet service,Month-to-month,Yes,Electronic check,76.85,977.89,No
CUST-0001950,Male,0,No,No,12,Yes,Yes,No,No internet service,No internet service,No internet service,No internet service,No internet service,No internet service,Two year,Yes,Electronic check,47.43,556.57,Yes
CUST-0001951,Male,0,Yes,No,44,Yes,No,No,No internet service,No internet service,No internet service,No internet service,No internet service,No internet service,Month-to-month,No,Credit card (automatic),61.31,2729.15,Yes
CUST-0001952,Male,0,No,No,2,No,No phone service,Fiber optic,Yes,Yes,No,No,No,Yes,Month-to-month,No,Bank transfer (automatic),118.75,228.27,No
CUST-0001953,Female,0,No,No,63,Yes,No,Fiber optic,No,No,No,Yes,Yes,No,One year,Yes,Electronic check,29.75,1896.25,No
CUST-0001954,Female,0,Yes,No,54,No,No phone service,Fiber optic,No,No,Yes,No,No,Yes,Two year,No,Bank transfer (automatic),73.22,3969.4,No
CUST-0001955,Female,1,Yes,No,46,Yes,Yes,DSL,No,No,No,Yes,Yes,No,Month-to-month,No,Credit card (automatic),105.67,4863.93,Yes
CUST-0001956,Female,0,No,No,11,Yes,No,DSL,No,Yes,No,No,Yes,Yes,One year,Yes,Electronic check,76.25,830.86,Yes
CUST-0001957,Female,1,Yes,Yes,55,Yes,Yes,DSL,No,No,No,Yes,No,No,Two year,Yes,Mailed check,59.12,3277.04,No
CUST-0001958,Male,1,No,No,6,Yes,No,Fiber optic,No,No,No,No,Yes,No,One year,Yes,Mailed check,95.59,555.68,No
CUST-0001959,Female,0,Yes,No,4,Yes,No,DSL,Yes,No,No,No,No,Yes,Month-to-month,Yes,Credit card (automatic),87.35,348.97,No
CUST-0001960,Female,0,No,No,1,Yes,No,Fiber optic,No,No,No,Yes,Yes,No,One year,Yes,Electronic check,118.75,123.46,No
CUST-0001961,Male,0,No,No,72,Yes,No,DSL,No,Yes,Yes,No,Yes,Yes,Two year,Yes,Electronic check,18.25,1313.5,No
CUST-0001962,Male,0,Yes,No,11,Yes,Yes,Fiber optic,Yes,No,No,Yes,No,Yes,Month-to-month,No,Mailed check,88.39,989.26,No
CUST-0001963,Female,0,No,Yes,72,Yes,No,Fiber optic,No,No,Yes,No,Yes,Yes,Two year,Yes,Credit card (automatic),45.91,3308.12,No
CUST-0001964,Male,0,No,No,10,Yes,No,DSL,Yes,No,No,Yes,No,Yes,Month-to-month,Yes,Credit card (automatic),98.28,983.1,No
CUST-0001965,Female,0,No,No,72,Yes,No,DSL,Yes,No,No,Yes,No,Yes,Two year,Yes,Mailed check,31.91,2300.94,No
CUST-0001966,Female,0,No,Yes,72,Yes,Yes,DSL,No,Yes,No,No,No,Yes,Two year,Yes,Electronic check,118.75,8534.62,No
CUST-0001967,Male,0,No,Yes,72,Yes,Yes,DSL,No,Yes,Yes,No,No,Yes,One year,Yes,Credit card (automatic),27.98,2014.51,No
CUST-0001968,Male,0,No,No,21,No,No phone service,Fiber optic,No,No,No,No,Yes,No,Month-to-month,Yes,Electronic check,21.93,444.86,No
CUST-0001969,Male,0,No,No,64,Yes,No,No,No internet service,No internet service,No internet service,No internet service,No internet service,No internet service,One year,No,Mailed check,18.25,1126.13,No
CUST-0001970,Male,0,No,No,72,Yes,No,Fiber optic,No,No,No,No,No,No,Month-to-month,Yes,Bank transfer (automatic),21.92,1597.38,No
CUST-0001971,Male,0,Yes,No,12,Yes,No,No,No internet service,No internet service,No internet service,No internet service,No internet service,No internet service,One year,Yes,Electronic check,80.83,970.05,No
CUST-0001972,Female,0,No,No,17,Yes,No,No,No internet service,No internet service,No internet service,No internet service,No internet service,No internet service,Month-to-month,No,Mailed check,116.85,1983.19,No
CUST-0001973,Male,0,Yes,Yes,40,Yes,Yes,Fiber optic,No,Yes,Yes,No,No,Yes,One year,Yes,Mailed check,25.87,1051.78,No
CUST-0001974,Female,0,Yes,No,11,Yes,Yes,DSL,No,No,Yes,No,Yes,No,Month-to-month,Yes,Credit card (automatic),65.96,700.7,No
CUST-0001975,Male,0,Yes,Yes,44,Yes,No,No,No internet service,No internet service,No internet service,No internet service,No internet service,No internet service,Month-to-month,Yes,Mailed check,18.25,808.16,Yes
CUST-0001976,Female,0,Yes,No,2,Yes,No,Fiber optic,No,No,Yes,Yes,No,Yes,Month-to-month,No,Credit card (automatic),18.25,61.95,No
CUST-0001977,Male,0,Yes,No,23,Yes,No,No,No internet service,No internet service,No internet service,No internet service,No internet service,No internet service,Month-to-month,Yes,Electronic check,48.83,1161.06,No
CUST-0001978,Male,0,Yes,No,4,Yes,No,Fiber optic,No,No,No,Yes,Yes,No,Month-to-month,Yes,Mailed check,117.21,458.13,Yes
CUST-0001979,Female,1,Yes,No,11,Yes,No,Fiber optic,Yes,No,Yes,No,Yes,No,One year,No,Bank transfer (automatic),18.25,197.31,Yes
CUST-0001980,Female,0,No,No,9,Yes,Yes,No,No internet service,No internet service,No internet service,No internet service,No internet service,No internet service,Month-to-month,No,Electronic check,79.37,717.61,Yes
CUST-0001981,Male,0,Yes,No,58,Yes,No,Fiber optic,Yes,Yes,Yes,No,Yes,No,Month-to-month,Yes,Credit card (automatic),21.92,1248.34,No
CUST-0001982,Female,0,Yes,Yes,6,Yes,Yes,Fiber optic,No,Yes,No,No,No,No,Month-to-month,Yes,Credit card (automatic),30.02,190.33,No
CUST-0001983,Male,0,Yes,Yes,52,Yes,Yes,Fiber optic,No,No,No,No,No,Yes,One year,Yes,Bank transfer (automatic),54.3,2831.44,No
CUST-0001984,Male,0,Yes,No,50,Yes,No,No,No internet service,No internet service,No internet service,No internet service,No internet service,No internet service,One year,Yes,Mailed check,71.85,3595.3,No
CUST-0001985,Male,0,Yes,No,22,Yes,No,Fiber optic,No,No,No,No,Yes,Yes,Month-to-month,Yes,Bank transfer (automatic),18.25,421.18,No
CUST-0001986,Male,1,No,No,8,Yes,No,Fiber optic,Yes,No,No,Yes,Yes,Yes,Month-to-month,Yes,Electronic check,73.49,573.38,No
CUST-0001987,Female,0,No,Yes,8,Yes,No,Fiber optic,No,No,No,No,No,No,Month-to-month,No,Electronic check,77.14,604.31,No
CUST-0001988,Male,0,No,No,20,Yes,Yes,Fiber optic,No,No,No,Yes,No,No,Month-to-month,Yes,Mailed check,34.23,726.56,No
CUST-0001989,Male,0,No,No,0,Yes,Yes,DSL,Yes,No,No,No,No,No,One year,Yes,Mailed check,38.92,,Yes
CUST-0001990,Female,0,Yes,No,24,Yes,Yes,DSL,No,Yes,No,No,Yes,Yes,Month-to-month,No,Mailed check,32.41,778.06,No
CUST-0001991,Female,0,Yes,No,72,Yes,Yes,DSL,Yes,Yes,Yes,Yes,No,Yes,One year,No,Electronic check,104.43,7541.72,No
CUST-0001992,Male,0,Yes,No,5,Yes,Yes,No,No internet service,No internet service,No internet service,No internet service,No internet service,No internet service,Month-to-month,Yes,Electronic check,78.21,412.18,No
CUST-0001993,Female,0,No,No,27,Yes,Yes,DSL,No,No,No,No,No,Yes,One year,Yes,Credit card (automatic),50.6,1388.56,No
CUST-0001994,Male,0,Yes,Yes,72,Yes,Yes,Fiber optic,No,No,No,No,No,Yes,Two year,Yes,Credit card (automatic),61.67,4442.79,Yes
CUST-0001995,Female,1,No,Yes,63,Yes,Yes,No,No internet service,No internet service,No internet service,No internet service,No internet service,No internet service,Two year,No,Electronic check,104.39,6573.49,No
CUST-0001996,Female,0,Yes,Yes,60,No,No phone service,DSL,Yes,No,Yes,No,No,Yes,Two year,No,Electronic check,97.48,5835.78,No
CUST-0001997,Female,0,Yes,No,55,No,No phone service,DSL,Yes,No,Yes,Yes,No,No,Month-to-month,No,Electronic check,108.34,5956.65,No
CUST-0001998,Male,0,No,Yes,11,Yes,No,No,No internet service,No internet service,No internet service,No internet service,No internet service,No internet service,Month-to-month,No,Credit card (automatic),76.08,854.12,No
CUST-0001999,Male,0,No,No,70,Yes,No,Fiber optic,No,Yes,Yes,No,No,No,Month-to-month,Yes,Electronic check,66.75,4675.44,No
CUST-0002000,Male,1,No,No,72,Yes,No,DSL,No,No,No,No,No,Yes,Month-to-month,Yes,Credit card (automatic),19.2,1372.86,No
CUST-0002001,Male,0,No,No,21,Yes,Yes,No,No internet service,No internet service,No internet service,No internet service,No internet service,No internet service,Month-to-month,Yes,Electronic check,87.25,1838.76,No
CUST-0002002,Male,0,No,No,14,Yes,No,No,No internet service,No internet service,No internet service,No internet service,No internet service,No internet service,Two year,No,Mailed check,114.71,1586.6,Yes
CUST-0002003,Female,0,No,Yes,17,Yes,No,No,No internet service,No internet service,No internet service,No internet service,No internet service,No internet service,One year,Yes,Credit card (automatic),50.33,859.38,No
CUST-0002004,Male,0,No,Yes,13,Yes,Yes,DSL,Yes,No,No,Yes,Yes,No,Month-to-month,Yes,Electronic check,107.12,1370.74,Yes
CUST-0002005,Male,0,Yes,Yes,7,Yes,No,Fiber optic,No,No,No,No,Yes,No,Month-to-month,Yes,Electronic check,53.09,378.06,No
CUST-0002006,Female,1,No,No,30,Yes,No,Fiber optic,No,Yes,No,No,Yes,No,Month-to-month,No,Bank transfer (automatic),88.36,2656.73,No
CUST-0002007,Male,0,No,No,26,Yes,Yes,Fiber optic,No,Yes,No,No,No,No,Month-to-month,No,Credit card (automatic),77.37,2026.98,Yes
CUST-0002008,Female,0,Yes,Yes,19,Yes,No,DSL,No,No,No,No,Yes,No,Month-to-month,No,Bank transfer (automatic),49.29,953.95,Yes
CUST-0002009,Male,0,No,No,3,Yes,No,DSL,No,No,No,No,Yes,No,One year,Yes,Bank transfer (automatic),53.75,158.66,No
CUST-0002010,Male,0,No,No,51,Yes,No,Fiber optic,No,No,No,No,Yes,No,Month-to-month,Yes,Mailed check,45.79,2340.73,No
CUST-0002011,Male,0,No,No,6,Yes,Yes,Fiber optic,No,No,Yes,No,Yes,Yes,Month-to-month,Yes,Credit card (automatic),33.53,193.46,Yes
CUST-0002012,Male,0,Yes,Yes,3,Yes,No,DSL,No,No,No,No,Yes,Yes,Month-to-month,Yes,Electronic check,73.44,218.37,No
CUST-0002013,Female,1,Yes,No,31,Yes,Yes,Fiber optic,No,Yes,Yes,No,Yes,No,Month-to-month,No,Electronic check,46.03,1424.91,Yes
CUST-0002014,Male,1,No,No,16,Yes,No,Fiber optic,No,No,Yes,No,No,Yes,Month-to-month,No,Credit card (automatic),75.52,1205.12,No
CUST-0002015,Female,0,No,No,1,Yes,No,DSL,No,Yes,No,No,No,Yes,Month-to-month,Yes,Electronic check,102.56,124.73,Yes
CUST-0002016,Male,0,Yes,No,14,Yes,No,Fiber optic,Yes,No,No,No,Yes,Yes,Month-to-month,No,Electronic check,66.86,951.96,No
CUST-0002017,Male,0,No,No,47,Yes,Yes,Fiber optic,Yes,No,Yes,No,No,Yes,Month-to-month,Yes,Credit card (automatic),51.37,2389.77,No
CUST-0002018,Female,1,Yes,Yes,30,Yes,Yes,Fiber optic,Yes,No,No,No,No,Yes,Month-to-month,Yes,Bank transfer (automatic),93.55,2801.54,No
CUST-0002019,Male,1,No,No,14,No,No phone service,DSL,No,No,No,Yes,No,Yes,Month-to-month,Yes,Bank transfer (automatic),46.01,665.39,No
CUST-0002020,Female,0,Yes,No,6,Yes,No,DSL,No,No,Yes,No,No,Yes,Month-to-month,Yes,Bank transfer (automatic),73.12,418.72,No
CUST-0002021,Female,0,Yes,No,31,Yes,Yes,Fiber optic,No,No,Yes,No,No,No,Month-to-month,Yes,Bank transfer (automatic),18.25,546.58,No
CUST-0002022,Female,0,No,No,69,Yes,No,No,No internet service,No internet service,No internet service,No internet service,No internet service,No internet service,Month-to-month,Yes,Bank transfer (automatic),90.84,6291.09,Yes
CUST-0002023,Female,0,Yes,No,33,Yes,Yes,DSL,No,No,Yes,Yes,Yes,No,Two year,No,Electronic check,86.5,2874.9,No
CUST-0002024,Male,0,Yes,No,53,No,No phone service,Fiber optic,Yes,No,No,No,No,No,Month-to-month,Yes,Credit card (automatic),18.25,972.42,No
CUST-0002025,Male,0,Yes,No,23,Yes,Yes,DSL,No,No,Yes,Yes,No,Yes,Month-to-month,No,Electronic check,38.06,854.43,No
CUST-0002026,Male,0,Yes,No,40,No,No phone service,DSL,No,Yes,Yes,No,Yes,Yes,Month-to-month,Yes,Mailed check,31.19,1238.88,No
CUST-0002027,Female,0,Yes,No,72,Yes,No,DSL,No,No,No,No,No,No,Month-to-month,No,Mailed check,57.66,4115.54,Yes
CUST-0002028,Female,1,No,No,47,No,No phone service,No,No internet service,No internet service,No internet service,No internet service,No internet service,No internet service,Two year,No,Credit card (automatic),21.7,1042.37,No
CUST-0002029,Male,0,No,No,72,Yes,No,DSL,No,Yes,Yes,Yes,Yes,No,Two year,Yes,Mailed check,67.7,4885.35,Yes
CUST-0002030,Female,0,No,No,18,Yes,No,DSL,No,Yes,No,No,No,Yes,Month-to-month,No,Mailed check,118.75,2144.04,Yes
CUST-0002031,Male,0,No,Yes,72,Yes,No,Fiber optic,Yes,No,No,No,No,No,Two year,No,Credit card (automatic),63.83,4578.82,No
CUST-0002032,Female,0,Yes,No,31,Yes,Yes,DSL,No,No,No,No,Yes,No,One year,No,Credit card (automatic),100.33,3100.99,No
CUST-0002033,Male,0,Yes,No,65,Yes,Yes,DSL,No,No,No,Yes,Yes,No,Two year,Yes,Credit card (automatic),66.46,4330.35,No
CUST-0002034,Female,0,Yes,No,1,No,No phone service,DSL,No,Yes,No,No,No,Yes,Month-to-month,No,Electronic check,21.62,9.71,No
CUST-0002035,Female,0,No,No,34,Yes,No,No,No internet service,No internet service,No internet service,No internet service,No internet service,No internet service,One year,Yes,Electronic check,60.2,2078.47,No
CUST-0002036,Male,0,No,No,60,Yes,No,DSL,No,No,No,Yes,No,Yes,Month-to-month,Yes,Bank transfer (automatic),18.25,1076.22,No
CUST-0002037,Male,0,Yes,No,6,No,No phone service,No,No internet service,No internet service,No internet service,No internet service,No internet service,No internet service,Two year,Yes,Bank transfer (automatic),70.05,420.27,No
CUST-0002038,Male,0,Yes,No,34,Yes,Yes,DSL,No,Yes,No,Yes,No,Yes,One year,No,Mailed check,56.93,1942.43,No
CUST-0002039,Male,0,No,No,55,Yes,No,DSL,No,No,No,Yes,Yes,No,Month-to-month,No,Bank transfer (automatic),118.75,6516.21,No
CUST-0002040,Male,0,No,Yes,10,Yes,No,No,No internet service,No internet service,No internet service,No internet service,No internet service,No internet service,Two year,Yes,Electronic check,84.41,867.1,No
CUST-0002041,Female,0,No,No,16,No,No phone service,Fiber optic,No,Yes,No,No,No,Yes,Two year,No,Credit card (automatic),58.96,937.44,No
CUST-0002042,Female,0,Yes,No,26,Yes,Yes,Fiber optic,No,Yes,No,No,Yes,No,Month-to-month,Yes,Mailed check,45.09,1185.29,No
CUST-0002043,Female,0,No,Yes,23,Yes,Yes,Fiber optic,No,Yes,No,No,Yes,Yes,Month-to-month,No,Bank transfer (automatic),78.88,1827.26,Yes
CUST-0002044,Male,0,Yes,No,1,Yes,Yes,DSL,No,No,No,Yes,Yes,No,Two year,No,Mailed check,18.25,-17.57,No
CUST-0002045,Female,1,No,No,3,Yes,Yes,Fiber optic,Yes,No,No,No,No,No,Month-to-month,Yes,Mailed check,67.78,210.6,No
CUST-0002046,Female,0,No,No,3,Yes,No,Fiber optic,No,No,No,Yes,Yes,No,One year,Yes,Credit card (automatic),53.94,131.35,No
CUST-0002047,Male,0,No,No,9,Yes,Yes,DSL,No,Yes,No,Yes,Yes,Yes,Month-to-month,No,Electronic check,56.81,518.57,No
CUST-0002048,Female,0,Yes,No,9,Yes,No,No,No internet service,No internet service,No internet service,No internet service,No internet service,No internet service,Month-to-month,No,Credit card (automatic),43.27,389.98,No
CUST-0002049,Female,0,Yes,No,43,Yes,No,Fiber optic,No,No,No,No,Yes,No,Month-to-month,No,Mailed check,114.51,4896.11,Yes
CUST-0002050,Male,0,Yes,No,27,Yes,Yes,DSL,No,No,Yes,Yes,No,Yes,Two year,Yes,Bank transfer (automatic),66.15,1768.97,Yes
CUST-0002051,Male,0,Yes,No,46,Yes,No,DSL,No,No,No,No,No,No,Month-to-month,No,Electronic check,97.97,4549.46,No
CUST-0002052,Male,0,No,No,2,Yes,No,No,No internet service,No internet service,No internet service,No internet service,No internet service,No internet service,Month-to-month,Yes,Mailed check,50.75,108.64,No
CUST-0002053,Male,1,No,No,21,Yes,No,Fiber optic,Yes,No,No,No,Yes,No,Two year,No,Credit card (automatic),50.14,1078.92,No
CUST-0002054,Female,0,Yes,Yes,12,Yes,No,Fiber optic,Yes,No,No,No,No,Yes,Month-to-month,No,Electronic check,106.66,1270.59,Yes
CUST-0002055,Female,0,Yes,Yes,60,Yes,No,No,No internet service,No internet service,No internet service,No internet service,No internet service,No internet service,Two year,Yes,Mailed check,88.43,5301.72,No
CUST-0002056,Female,1,Yes,Yes,39,Yes,Yes,Fiber optic,No,Yes,No,No,Yes,Yes,Month-to-month,No,Bank transfer (automatic),47.79,1850.83,Yes
CUST-0002057,Male,0,No,No,65,Yes,Yes,Fiber optic,No,No,No,No,No,No,Two year,Yes,Electronic check,94.31,6130.13,Yes
CUST-0002058,Male,0,No,No,1,Yes,Yes,DSL,No,No,Yes,No,Yes,Yes,Month-to-month,Yes,Mailed check,30.58,5.5,Yes
CUST-0002059,Female,0,Yes,Yes,40,Yes,Yes,Fiber optic,No,No,No,Yes,Yes,No,Month-to-month,Yes,Credit card (automatic),97.51,3915.55,Yes
CUST-0002060,Female,0,Yes,Yes,24,Yes,No,Fiber optic,Yes,No,No,No,No,Yes,One year,Yes,Bank transfer (automatic),83.64,2018.03,No
CUST-0002061,Male,0,No,No,55,Yes,Yes,No,No internet service,No internet service,No internet service,No internet service,No internet service,No internet service,Month-to-month,No,Mailed check,62.08,3410.36,Yes
CUST-0002062,Female,0,No,No,22,No,No phone service,DSL,Yes,No,No,Yes,No,Yes,Month-to-month,Yes,Bank transfer (automatic),73.66,1615.79,No
CUST-0002063,Female,0,Yes,Yes,24,Yes,No,DSL,No,No,No,No,Yes,No,Month-to-month,Yes,Electronic check,33.24,796.03,No
CUST-0002064,Male,0,No,Yes,1,Yes,No,DSL,Yes,Yes,No,Yes,No,No,Month-to-month,Yes,Credit card (automatic),53.75,50.58,No
CUST-0002065,Male,0,No,Yes,35,Yes,No,Fiber optic,No,Yes,No,No,Yes,No,Month-to-month,No,Credit card (automatic),105.61,3714.26,No
CUST-0002066,Female,0,No,No,10,Yes,Yes,DSL,No,No,No,Yes,No,No,Two year,No,Electronic check,100.79,1044.08,No
CUST-0002067,Male,0,No,Yes,0,No,No phone service,No,No internet service,No internet service,No internet service,No internet service,No internet service,No internet service,Month-to-month,Yes,Electronic check,34.28,,Yes
CUST-0002068,Male,1,Yes,No,2,Yes,No,No,No internet service,No internet service,No internet service,No internet service,No internet service,No internet service,One year,Yes,Electronic check,76.08,182.55,No
CUST-0002069,Male,0,No,No,72,Yes,Yes,Fiber optic,No,Yes,No,No,No,No,Month-to-month,No,Electronic check,18.25,1310.55,No
CUST-0002070,Male,0,Yes,No,13,Yes,Yes,DSL,No,No,No,No,Yes,No,Two year,Yes,Bank transfer (automatic),108.05,1368.17,Yes
CUST-0002071,Female,0,Yes,Yes,64,No,No phone service,DSL,No,No,No,No,Yes,No,Month-to-month,No,Mailed check,73.79,4736.08,No
CUST-0002072,Female,0,Yes,No,72,Yes,No,No,No internet service,No internet service,No internet service,No internet service,No internet service,No internet service,Month-to-month,No,Electronic check,50.89,3649.95,No
CUST-0002073,Male,0,Yes,No,72,Yes,Yes,DSL,No,No,No,No,No,No,Month-to-month,Yes,Mailed check,18.25,1318.75,Yes
CUST-0002074,Female,0,Yes,No,68,Yes,No,Fiber optic,No,No,Yes,Yes,Yes,Yes,One year,Yes,Bank transfer (automatic),60.48,4069.93,No
CUST-0002075,Female,1,No,Yes,72,Yes,No,Fiber optic,Yes,Yes,No,No,No,No,Month-to-month,Yes,Electronic check,118.75,8547.9,No
CUST-0002076,Female,1,No,No,10,Yes,Yes,No,No internet service,No internet service,No internet service,No internet service,No internet service,No internet service,One year,Yes,Electronic check,55.59,589.33,Yes
CUST-0002077,Male,1,No,No,5,Yes,No,DSL,No,Yes,No,No,No,No,Two year,No,Mailed check,73.3,347.79,Yes
CUST-0002078,Male,1,Yes,Yes,32,Yes,Yes,DSL,Yes,No,No,Yes,No,Yes,Month-to-month,No,Bank transfer (automatic),56.39,1809.04,No
CUST-0002079,Female,0,Yes,No,21,Yes,Yes,Fiber optic,No,No,No,Yes,No,Yes,Two year,No,Electronic check,48.5,1027.64,No
CUST-0002080,Female,0,No,No,3,Yes,Yes,DSL,No,No,No,No,No,No,Month-to-month,No,Electronic check,76.6,222.95,No
CUST-0002081,Male,1,Yes,No,36,Yes,No,Fiber optic,No,No,No,No,Yes,No,Month-to-month,Yes,Credit card (automatic),110.27,3984.6,No
CUST-0002082,Male,0,No,Yes,26,Yes,No,DSL,Yes,Yes,No,No,No,Yes,Month-to-month,Yes,Electronic check,77.8,2031.95,No
CUST-0002083,Male,1,Yes,Yes,63,Yes,Yes,Fiber optic,Yes,Yes,No,No,Yes,No,Two year,No,Electronic check,66.05,4144.71,Yes
CUST-0002084,Female,0,No,No,30,Yes,Yes,Fiber optic,Yes,Yes,Yes,No,Yes,Yes,Month-to-month,No,Credit card (automatic),50.58,1491.12,Yes
CUST-0002085,Female,0,Yes,No,27,Yes,No,Fiber optic,Yes,Yes,Yes,No,No,No,Month-to-month,Yes,Mailed check,68.85,1841.86,No
CUST-0002086,Male,0,No,No,18,Yes,No,No,No internet service,No internet service,No internet service,No internet service,No internet service,No internet service,One year,No,Mailed check,49.08,861.91,Yes
CUST-0002087,Male,1,No,No,19,Yes,Yes,No,No internet service,No internet service,No internet service,No internet service,No internet service,No internet service,Two year,Yes,Credit card (automatic),57.02,1088.97,No
CUST-0002088,Female,0,No,No,72,Yes,No,Fiber optic,No,No,No,No,Yes,No,Month-to-month,Yes,Bank transfer (automatic),92.58,6685.61,No
CUST-0002089,Female,0,No,No,4,Yes,No,Fiber optic,No,No,No,No,Yes,No,Month-to-month,Yes,Credit card (automatic),76.23,309.85,No
CUST-0002090,Male,0,Yes,Yes,18,Yes,Yes,Fiber optic,Yes,No,Yes,No,No,Yes,Month-to-month,Yes,Electronic check,63.15,1138.85,No
CUST-0002091,Female,0,No,No,34,Yes,Yes,DSL,Yes,No,No,Yes,No,No,Month-to-month,Yes,Bank transfer (automatic),18.25,659.93,No
CUST-0002092,Female,0,Yes,No,18,Yes,Yes,Fiber optic,No,No,No,No,No,Yes,Month-to-month,Yes,Mailed check,53.75,927.41,No
CUST-0002093,Male,0,No,No,10,Yes,No,DSL,No,No,No,Yes,No,No,Month-to-month,No,Credit card (automatic),118.75,1184.54,No
CUST-0002094,Female,0,Yes,Yes,10,Yes,Yes,DSL,Yes,No,Yes,No,No,No,Month-to-month,Yes,Mailed check,92.39,944.4,No
CUST-0002095,Male,0,No,Yes,8,Yes,No,Fiber optic,No,Yes,Yes,No,No,Yes,Month-to-month,No,Bank transfer (automatic),95.7,764.23,No
CUST-0002096,Female,0,No,Yes,13,No,No phone service,Fiber optic,No,No,Yes,Yes,Yes,Yes,One year,No,Electronic check,40.82,531.67,No
CUST-0002097,Female,0,Yes,No,65,Yes,No,DSL,Yes,Yes,No,No,Yes,No,Two year,Yes,Electronic check,113.65,7374.22,Yes
CUST-0002098,Female,0,Yes,No,22,Yes,Yes,Fiber optic,No,No,No,No,No,No,Month-to-month,Yes,Electronic check,40.66,913.08,No
CUST-0002099,Female,0,Yes,Yes,8,Yes,No,No,No internet service,No internet service,No internet service,No internet service,No internet service,No internet service,Month-to-month,No,Bank transfer (automatic),69.36,545.66,Yes
CUST-0002100,Male,1,No,Yes,15,Yes,No,Fiber optic,No,Yes,No,No,Yes,Yes,Month-to-month,No,Credit card (automatic),39.36,610.38,No
CUST-0002101,Female,0,Yes,Yes,3,Yes,No,Fiber optic,No,No,Yes,Yes,Yes,Yes,Two year,No,Credit card (automatic),110.26,361.31,No
CUST-0002102,Female,0,No,No,72,Yes,No,DSL,Yes,No,No,No,No,Yes,Two year,Yes,Electronic check,84.75,6094.42,No
CUST-0002103,Male,0,No,Yes,16,Yes,No,No,No internet service,No internet service,No internet service,No internet service,No internet service,No internet service,Month-to-month,Yes,Credit card (automatic),101.65,1613.6,No
CUST-0002104,Female,0,No,No,72,Yes,No,DSL,No,Yes,Yes,No,No,Yes,Month-to-month,No,Credit card (automatic),18.25,1296.8,Yes
CUST-0002105,Female,0,No,No,13,Yes,Yes,No,No internet service,No internet service,No internet service,No internet service,No internet service,No internet service,Month-to-month,Yes,Credit card (automatic),71.24,939.13,Yes
CUST-0002106,Male,0,Yes,No,57,Yes,Yes,No,No internet service,No internet service,No internet service,No internet service,No internet service,No internet service,Two year,Yes,Electronic check,32.94,1889.5,Yes
CUST-0002107,Female,0,No,No,9,Yes,No,Fiber optic,No,Yes,No,Yes,No,No,Month-to-month,No,Bank transfer (automatic),64.48,586.25,No
CUST-0002108,Female,0,No,No,2,Yes,No,No,No internet service,No internet service,No internet service,No internet service,No internet service,No internet service,One year,No,Mailed check,18.25,29.28,No
CUST-0002109,Male,0,No,No,1,Yes,Yes,Fiber optic,Yes,No,Yes,Yes,No,No,One year,Yes,Bank transfer (automatic),35.58,48.76,No
CUST-0002110,Female,0,No,No,29,Yes,No,No,No internet service,No internet service,No internet service,No internet service,No internet service,No internet service,Month-to-month,No,Mailed check,34.14,1013.85,No
CUST-0002111,Male,0,No,No,11,Yes,No,Fiber optic,No,No,Yes,No,No,Yes,Month-to-month,Yes,Bank transfer (automatic),18.25,150.35,No
CUST-0002112,Male,0,Yes,No,18,Yes,Yes,DSL,Yes,Yes,Yes,Yes,Yes,Yes,Two year,No,Electronic check,50.0,935.37,No
CUST-0002113,Male,0,No,No,54,Yes,No,DSL,No,No,No,Yes,Yes,Yes,Month-to-month,No,Electronic check,96.38,5179.97,No
CUST-0002114,Female,1,No,No,9,Yes,Yes,Fiber optic,No,Yes,No,Yes,No,Yes,Two year,Yes,Credit card (automatic),71.79,656.28,No
CUST-0002115,Female,0,No,No,11,Yes,No,No,No internet service,No internet service,No internet service,No internet service,No internet service,No internet service,Month-to-month,No,Bank transfer (automatic),35.35,406.24,No
CUST-0002116,Male,0,No,No,59,Yes,Yes,No,No internet service,No internet service,No internet service,No internet service,No internet service,No internet service,Two year,No,Credit card (automatic),60.28,3560.36,Yes
CUST-0002117,Male,0,Yes,No,21,Yes,No,No,No internet service,No internet service,No internet service,No internet service,No internet service,No internet service,One year,Yes,Credit card (automatic),66.6,1396.21,No
CUST-0002118,Female,1,No,Yes,56,Yes,Yes,DSL,No,No,No,No,No,No,Month-to-month,Yes,Electronic check,96.47,5386.83,Yes
CUST-0002119,Male,0,No,No,15,Yes,Yes,Fiber optic,No,No,Yes,Yes,No,No,One year,No,Bank transfer (automatic),100.72,1519.09,No
CUST-0002120,Female,0,Yes,No,16,Yes,Yes,Fiber optic,No,No,Yes,Yes,No,Yes,Month-to-month,Yes,Mailed check,67.26,1089.56,No
CUST-0002121,Female,0,No,No,5,Yes,No,Fiber optic,Yes,No,No,Yes,No,Yes,Month-to-month,No,Electronic check,68.26,345.24,No
CUST-0002122,Female,1,Yes,No,72,Yes,Yes,DSL,No,No,No,Yes,No,No,Two year,Yes,Credit card (automatic),108.97,7810.83,No
CUST-0002123,Female,0,No,Yes,72,Yes,No,Fiber optic,Yes,No,No,Yes,No,Yes,Month-to-month,Yes,Bank transfer (automatic),20.02,1455.02,No
CUST-0002124,Male,1,Yes,No,72,Yes,Yes,Fiber optic,Yes,No,No,No,No,Yes,Month-to-month,Yes,Electronic check,51.89,3733.21,No
CUST-0002125,Female,0,No,No,16,Yes,No,Fiber optic,Yes,No,Yes,No,Yes,Yes,One year,Yes,Bank transfer (automatic),20.84,331.75,No
CUST-0002126,Female,0,Yes,Yes,54,Yes,No,Fiber optic,No,No,No,No,No,No,One year,Yes,Bank transfer (automatic),40.37,2182.82,No
CUST-0002127,Female,0,No,No,17,No,No phone service,Fiber optic,Yes,Yes,No,Yes,Yes,Yes,Month-to-month,Yes,Electronic check,104.65,1777.35,No
CUST-0002128,Male,0,Yes,Yes,19,Yes,Yes,DSL,No,No,No,No,No,No,Two year,Yes,Credit card (automatic),93.47,1746.37,Yes
CUST-0002129,Female,1,Yes,Yes,56,Yes,Yes,No,No internet service,No internet service,No internet service,No internet service,No internet service,No internet service,One year,Yes,Bank transfer (automatic),51.95,2900.38,No
CUST-0002130,Male,0,No,Yes,6,No,No phone service,DSL,No,No,No,Yes,No,No,Month-to-month,No,Credit card (automatic),42.99,261.59,Yes
CUST-0002131,Male,0,Yes,No,7,Yes,No,Fiber optic,No,No,No,No,No,No,Month-to-month,Yes,Mailed check,70.23,476.52,No
CUST-0002132,Male,0,No,No,12,Yes,Yes,DSL,Yes,No,No,No,No,No,Month-to-month,No,Electronic check,82.25,1007.25,Yes
CUST-0002133,Female,0,No,Yes,49,No,No phone service,Fiber optic,No,Yes,No,No,No,Yes,Month-to-month,Yes,Credit card (automatic),58.61,2899.1,No
CUST-0002134,Female,0,No,No,14,Yes,Yes,No,No internet service,No internet service,No internet service,No internet service,No internet service,No internet service,One year,Yes,Mailed check,67.36,975.25,No
CUST-0002135,Female,0,No,Yes,14,Yes,Yes,DSL,Yes,No,No,Yes,Yes,Yes,Month-to-month,Yes,Bank transfer (automatic),82.23,1179.17,No
CUST-0002136,Female,0,Yes,No,72,Yes,No,No,No internet service,No internet service,No internet service,No internet service,No internet service,No internet service,One year,Yes,Bank transfer (automatic),61.36,4388.08,No
CUST-0002137,Male,0,Yes,Yes,15,Yes,Yes,DSL,No,No,No,No,No,No,Two year,Yes,Electronic check,84.14,1263.45,Yes
CUST-0002138,Female,0,No,Yes,9,Yes,No,DSL,No,Yes,Yes,No,No,No,Two year,Yes,Mailed check,84.61,779.54,No
CUST-0002139,Male,0,Yes,Yes,31,Yes,No,No,No internet service,No internet service,No internet service,No internet service,No internet service,No internet service,Month-to-month,Yes,Electronic check,61.01,1896.23,Yes
CUST-0002140,Female,0,No,No,51,Yes,Yes,Fiber optic,No,Yes,Yes,No,No,No,One year,Yes,Electronic check,69.67,3586.22,No
CUST-0002141,Female,0,Yes,No,2,Yes,No,DSL,Yes,No,No,No,No,Yes,Two year,Yes,Electronic check,63.67,88.82,Yes
CUST-0002142,Female,0,No,No,30,Yes,No,No,No internet service,No internet service,No internet service,No internet service,No internet service,No internet service,Month-to-month,Yes,Bank transfer (automatic),73.46,2217.47,Yes
CUST-0002143,Female,0,Yes,Yes,1,Yes,Yes,Fiber optic,No,No,Yes,No,No,No,Month-to-month,No,Electronic check,50.29,26.97,No
CUST-0002144,Male,0,No,No,23,Yes,Yes,DSL,Yes,No,No,No,No,Yes,Month-to-month,Yes,Mailed check,90.02,2076.86,No
CUST-0002145,Male,0,Yes,No,9,Yes,Yes,No,No internet service,No internet service,No internet service,No internet service,No internet service,No internet service,Month-to-month,Yes,Mailed check,48.86,386.9,No
CUST-0002146,Female,1,Yes,Yes,11,Yes,No,Fiber optic,Yes,Yes,No,Yes,No,Yes,Month-to-month,No,Bank transfer (automatic),70.15,783.44,No
CUST-0002147,Male,0,No,Yes,20,Yes,No,DSL,No,No,No,No,No,No,Two year,Yes,Credit card (automatic),18.25,406.68,No
CUST-0002148,Male,1,Yes,Yes,72,Yes,No,No,No internet service,No internet service,No internet service,No internet service,No internet service,No internet service,One year,No,Electronic check,69.45,5009.76,No
CUST-0002149,Male,0,No,No,39,Yes,No,Fiber optic,No,No,Yes,No,No,No,Month-to-month,No,Mailed check,87.73,3432.27,Yes
CUST-0002150,Female,1,No,No,72,No,No phone service,Fiber optic,No,Yes,No,No,Yes,No,Month-to-month,No,Mailed check,35.89,2576.29,No
CUST-0002151,Male,0,Yes,No,34,Yes,Yes,No,No internet service,No internet service,No internet service,No internet service,No internet service,No internet service,Two year,Yes,Bank transfer (automatic),18.25,640.22,No
CUST-0002152,Male,0,No,Yes,0,No,No phone service,No,No internet service,No internet service,No internet service,No internet service,No internet service,No internet service,Month-to-month,No,Mailed check,47.22,,Yes
CUST-0002153,Female,0,Yes,No,9,Yes,Yes,DSL,Yes,Yes,Yes,No,Yes,No,Month-to-month,Yes,Electronic check,18.25,161.69,Yes
CUST-0002154,Female,0,No,No,72,Yes,Yes,No,No internet service,No internet service,No internet service,No internet service,No internet service,No internet service,Two year,No,Bank transfer (automatic),48.99,3522.6,No
CUST-0002155,Male,1,No,Yes,33,Yes,No,Fiber optic,Yes,No,No,No,No,Yes,Month-to-month,No,Bank transfer (automatic),29.0,973.99,No
CUST-0002156,Male,0,No,No,72,Yes,No,Fiber optic,No,No,No,No,Yes,No,Month-to-month,No,Bank transfer (automatic),56.43,4058.59,No
CUST-0002157,Male,0,Yes,No,5,Yes,No,No,No internet service,No internet service,No internet service,No internet service,No internet service,No internet service,Month-to-month,Yes,Mailed check,60.5,330.55,No
CUST-0002158,Male,1,Yes,Yes,11,Yes,Yes,Fiber optic,Yes,No,No,No,No,No,Month-to-month,Yes,Electronic check,87.24,952.91,No
CUST-0002159,Male,0,No,No,14,No,No phone service,DSL,Yes,Yes,Yes,No,Yes,Yes,One year,Yes,Bank transfer (automatic),117.24,1640.37,No
CUST-0002160,Female,0,Yes,No,12,Yes,No,Fiber optic,Yes,No,Yes,Yes,No,No,Month-to-month,Yes,Electronic check,56.8,693.25,No
CUST-0002161,Female,0,Yes,No,9,Yes,No,Fiber optic,No,No,Yes,Yes,Yes,No,Month-to-month,Yes,Credit card (automatic),57.86,531.85,Yes
CUST-0002162,Female,1,No,No,18,Yes,No,DSL,No,No,Yes,Yes,Yes,Yes,Month-to-month,Yes,Bank transfer (automatic),56.26,1013.82,No
CUST-0002163,Male,0,No,Yes,32,Yes,Yes,No,No internet service,No internet service,No internet service,No internet service,No internet service,No internet service,Month-to-month,No,Mailed check,62.6,2001.84,No
CUST-0002164,Female,0,Yes,No,11,Yes,No,No,No internet service,No internet service,No internet service,No internet service,No internet service,No internet service,Two year,Yes,Bank transfer (automatic),28.97,346.49,Yes
CUST-0002165,Male,0,Yes,No,2,Yes,No,Fiber optic,No,No,Yes,No,No,No,Month-to-month,Yes,Credit card (automatic),113.46,197.23,Yes
CUST-0002166,Female,0,Yes,No,39,Yes,No,Fiber optic,No,Yes,Yes,No,Yes,No,Two year,Yes,Mailed check,84.5,3321.62,No
CUST-0002167,Female,0,Yes,No,19,Yes,Yes,DSL,No,No,No,Yes,No,Yes,Month-to-month,No,Electronic check,99.27,1847.45,Yes
CUST-0002168,Male,1,Yes,No,26,Yes,Yes,No,No internet service,No internet service,No internet service,No internet service,No internet service,No internet service,Month-to-month,No,Mailed check,88.13,2301.99,No
CUST-0002169,Female,1,Yes,Yes,19,Yes,No,Fiber optic,Yes,No,Yes,No,Yes,No,Month-to-month,No,Bank transfer (automatic),91.66,1735.63,No
CUST-0002170,Male,0,No,Yes,70,Yes,Yes,DSL,No,No,Yes,No,No,No,Two year,Yes,Bank transfer (automatic),77.19,5390.01,Yes
CUST-0002171,Female,0,No,Yes,26,Yes,Yes,No,No internet service,No internet service,No internet service,No internet service,No internet service,No internet service,One year,Yes,Bank transfer (automatic),104.88,2772.28,No
CUST-0002172,Male,0,Yes,Yes,72,Yes,Yes,No,No internet service,No internet service,No internet service,No internet service,No internet service,No internet service,Month-to-month,Yes,Bank transfer (automatic),67.25,4822.84,No
CUST-0002173,Male,0,Yes,Yes,22,No,No phone service,Fiber optic,Yes,Yes,No,No,Yes,Yes,Month-to-month,No,Credit card (automatic),70.5,1530.0,Yes
CUST-0002174,Female,0,No,No,11,Yes,Yes,DSL,Yes,No,No,No,No,Yes,Month-to-month,Yes,Mailed check,46.45,495.64,No
CUST-0002175,Male,1,Yes,No,14,Yes,Yes,DSL,No,No,No,No,No,No,One year,No,Electronic check,62.58,909.45,No
CUST-0002176,Female,1,No,No,23,Yes,No,Fiber optic,No,No,No,Yes,Yes,Yes,Month-to-month,Yes,Electronic check,85.44,1970.24,No
CUST-0002177,Male,0,No,No,24,Yes,Yes,Fiber optic,Yes,Yes,Yes,Yes,No,Yes,Month-to-month,Yes,Electronic check,55.2,1325.48,Yes
CUST-0002178,Female,0,No,No,37,Yes,No,Fiber optic,No,No,No,No,No,No,Month-to-month,Yes,Electronic check,38.35,1402.28,No
CUST-0002179,Female,0,Yes,Yes,8,Yes,No,No,No internet service,No internet service,No internet service,No internet service,No internet service,No internet service,One year,Yes,Electronic check,99.24,760.03,Yes
CUST-0002180,Female,0,No,No,34,Yes,No,Fiber optic,No,No,No,No,No,Yes,Month-to-month,No,Electronic check,67.34,2277.32,No
CUST-0002181,Male,0,No,No,48,Yes,Yes,Fiber optic,No,No,Yes,No,Yes,No,Month-to-month,Yes,Electronic check,66.63,3192.91,No
CUST-0002182,Male,1,No,Yes,36,Yes,No,No,No internet service,No internet service,No internet service,No internet service,No internet service,No internet service,Month-to-month,No,Electronic check,109.43,3933.77,Yes
CUST-0002183,Male,1,No,No,21,No,No phone service,Fiber optic,Yes,No,No,No,No,Yes,Month-to-month,No,Electronic check,21.56,454.12,No
CUST-0002184,Male,0,Yes,Yes,72,Yes,Yes,No,No internet service,No internet service,No internet service,No internet service,No internet service,No internet service,Month-to-month,Yes,Electronic check,89.05,6419.22,No
CUST-0002185,Female,1,Yes,Yes,16,Yes,No,No,No internet service,No internet service,No internet service,No internet service,No internet service,No internet service,Two year,No,Bank transfer (automatic),26.49,404.26,No
CUST-0002186,Female,0,No,Yes,3,Yes,Yes,DSL,No,No,Yes,No,No,Yes,Month-to-month,Yes,Electronic check,18.25,59.14,Yes
CUST-0002187,Female,0,No,No,55,Yes,Yes,No,No internet service,No internet service,No internet service,No internet service,No internet service,No internet service,One year,Yes,Electronic check,60.19,3296.83,No
CUST-0002188,Female,0,No,No,7,Yes,No,DSL,No,No,No,Yes,No,No,Two year,No,Electronic check,110.6,769.65,No
CUST-0002189,Female,0,No,No,39,Yes,Yes,No,No internet service,No internet service,No internet service,No internet service,No internet service,No internet service,One year,Yes,Credit card (automatic),51.57,2041.37,Yes
CUST-0002190,Female,1,Yes,No,6,Yes,No,Fiber optic,No,Yes,No,No,No,Yes,Month-to-month,No,Mailed check,86.47,491.12,No
CUST-0002191,Male,0,Yes,Yes,0,Yes,No,Fiber optic,Yes,No,No,No,No,No,Month-to-month,No,Mailed check,48.19,,No
CUST-0002192,Female,0,No,No,5,No,No phone service,DSL,No,Yes,No,No,No,Yes,Two year,No,Electronic check,43.64,240.2,No
CUST-0002193,Female,0,Yes,No,15,Yes,Yes,DSL,Yes,Yes,Yes,Yes,No,No,One year,Yes,Mailed check,49.88,716.03,No
CUST-0002194,Female,0,No,Yes,3,Yes,No,DSL,Yes,Yes,No,Yes,No,No,Month-to-month,Yes,Bank transfer (automatic),34.22,87.24,No
CUST-0002195,Male,0,Yes,No,7,Yes,No,No,No internet service,No internet service,No internet service,No internet service,No internet service,No internet service,One year,Yes,Bank transfer (automatic),83.48,574.34,Yes
CUST-0002196,Male,0,No,Yes,46,Yes,No,Fiber optic,Yes,Yes,No,Yes,No,Yes,Two year,Yes,Mailed check,23.39,1052.43,No
CUST-0002197,Male,0,No,Yes,47,Yes,No,Fiber optic,Yes,No,No,No,Yes,Yes,Month-to-month,Yes,Mailed check,64.79,3053.04,No
CUST-0002198,Female,0,Yes,No,54,No,No phone service,No,No internet service,No internet service,No internet service,No internet service,No internet service,No internet service,Month-to-month,Yes,Bank transfer (automatic),54.84,2948.43,No
CUST-0002199,Female,0,Yes,No,58,No,No phone service,DSL,No,No,Yes,No,Yes,Yes,Month-to-month,No,Credit card (automatic),18.25,1022.2,Yes
CUST-0002200,Male,0,No,No,17,Yes,Yes,Fiber optic,No,No,No,No,No,No,Month-to-month,No,Electronic check,33.72,570.91,No
CUST-0002201,Female,0,No,No,64,Yes,No,Fiber optic,No,Yes,No,No,No,Yes,One year,No,Credit card (automatic),70.16,4485.13,No
CUST-0002202,Male,0,No,No,23,No,No phone service,DSL,No,No,Yes,No,No,No,Month-to-month,Yes,Mailed check,54.51,1246.25,No
CUST-0002203,Male,1,Yes,No,20,Yes,No,No,No internet service,No internet service,No internet service,No internet service,No internet service,No internet service,Two year,Yes,Credit card (automatic),81.0,1590.77,Yes
CUST-0002204,Male,0,Yes,No,40,Yes,Yes,Fiber optic,No,Yes,No,No,Yes,Yes,One year,No,Electronic check,59.59,2395.21,No
CUST-0002205,Female,0,Yes,No,7,Yes,No,DSL,No,No,No,No,Yes,Yes,Two year,Yes,Electronic check,67.64,456.46,No
CUST-0002206,Female,0,Yes,No,49,Yes,No,Fiber optic,No,Yes,Yes,No,No,Yes,Month-to-month,Yes,Electronic check,82.64,4050.38,No
CUST-0002207,Male,0,No,No,17,Yes,Yes,No,No internet service,No internet service,No internet service,No internet service,No internet service,No internet service,Month-to-month,Yes,Electronic check,30.62,540.23,No
CUST-0002208,Female,0,No,No,4,Yes,No,DSL,Yes,No,No,No,No,No,Month-to-month,Yes,Mailed check,18.25,62.0,No
CUST-0002209,Male,0,Yes,No,4,Yes,No,Fiber optic,No,No,No,No,No,No,Month-to-month,Yes,Electronic check,94.52,409.05,No
CUST-0002210,Female,0,Yes,No,5,Yes,No,No,No internet service,No internet service,No internet service,No internet service,No internet service,No internet service,One year,No,Bank transfer (automatic),30.23,133.03,No
CUST-0002211,Female,0,Yes,No,70,No,No phone service,No,No internet service,No internet service,No internet service,No internet service,No internet service,No internet service,Month-to-month,No,Electronic check,18.25,1323.87,No
CUST-0002212,Female,0,No,Yes,72,Yes,Yes,Fiber optic,No,No,No,Yes,No,Yes,One year,No,Bank transfer (automatic),97.04,6970.83,No
CUST-0002213,Male,0,No,No,14,Yes,No,DSL,No,No,No,Yes,Yes,No,Month-to-month,No,Electronic check,33.21,455.95,No
CUST-0002214,Female,0,No,No,11,Yes,No,Fiber optic,No,No,No,No,No,Yes,Month-to-month,Yes,Credit card (automatic),66.65,746.34,No
CUST-0002215,Female,0,Yes,No,7,Yes,No,Fiber optic,Yes,Yes,No,No,Yes,Yes,One year,Yes,Electronic check,70.48,486.15,Yes
CUST-0002216,Male,0,No,No,55,Yes,Yes,DSL,No,No,No,No,No,Yes,Month-to-month,Yes,Credit card (automatic),118.75,6543.3,No
CUST-0002217,Female,0,Yes,Yes,7,Yes,No,Fiber optic,No,No,No,No,No,No,Month-to-month,No,Electronic check,20.37,136.23,Yes
CUST-0002218,Male,0,Yes,No,72,Yes,No,Fiber optic,Yes,No,No,No,No,No,Two year,Yes,Electronic check,87.61,6311.09,No
CUST-0002219,Female,0,No,Yes,35,Yes,Yes,No,No internet service,No internet service,No internet service,No internet service,No internet service,No internet service,One year,Yes,Electronic check,60.26,2106.09,No
CUST-0002220,Male,0,No,No,72,Yes,Yes,DSL,No,Yes,Yes,No,Yes,No,Two year,Yes,Credit card (automatic),115.33,8321.3,No
CUST-0002221,Female,0,Yes,No,25,Yes,No,DSL,No,No,Yes,No,Yes,No,One year,Yes,Mailed check,73.37,1808.5,No
CUST-0002222,Female,0,Yes,No,37,Yes,No,Fiber optic,No,No,Yes,No,No,No,One year,Yes,Electronic check,44.18,1630.3,No
CUST-0002223,Male,0,Yes,No,30,Yes,Yes,Fiber optic,No,No,No,Yes,No,No,Month-to-month,Yes,Bank transfer (automatic),58.8,1766.6,No
CUST-0002224,Male,0,Yes,No,56,Yes,No,Fiber optic,No,Yes,No,Yes,Yes,Yes,Two year,Yes,Mailed check,114.86,6449.64,No
CUST-0002225,Male,0,No,Yes,57,Yes,Yes,DSL,No,No,No,No,Yes,Yes,Two year,Yes,Credit card (automatic),65.07,3680.29,No
CUST-0002226,Male,0,No,Yes,28,Yes,No,DSL,Yes,Yes,No,No,No,No,Month-to-month,Yes,Bank transfer (automatic),51.06,1447.99,No
CUST-0002227,Male,0,Yes,No,32,Yes,Yes,Fiber optic,No,No,No,No,No,No,Two year,Yes,Mailed check,95.37,3056.6,Yes
CUST-0002228,Female,0,Yes,Yes,72,Yes,Yes,No,No internet service,No internet service,No internet service,No internet service,No internet service,No internet service,Two year,Yes,Electronic check,50.49,3612.37,Yes
CUST-0002229,Male,0,Yes,Yes,72,Yes,No,No,No internet service,No internet service,No internet service,No internet service,No internet service,No internet service,One year,Yes,Mailed check,50.46,3644.69,No
CUST-0002230,Male,0,No,No,34,Yes,No,Fiber optic,Yes,No,Yes,No,Yes,Yes,Month-to-month,Yes,Mailed check,55.76,1886.25,No
CUST-0002231,Female,0,Yes,No,0,Yes,No,No,No internet service,No internet service,No internet service,No internet service,No internet service,No internet service,Month-to-month,Yes,Bank transfer (automatic),97.38,,Yes
CUST-0002232,Male,0,No,No,3,Yes,Yes,Fiber optic,No,No,Yes,No,No,No,Two year,No,Electronic check,59.64,175.1,No
CUST-0002233,Female,0,Yes,Yes,62,Yes,No,Fiber optic,No,No,No,Yes,Yes,No,Month-to-month,Yes,Bank transfer (automatic),92.68,5773.38,No
CUST-0002234,Female,0,No,Yes,2,Yes,Yes,DSL,Yes,No,No,No,Yes,Yes,One year,No,Electronic check,50.14,131.61,Yes
CUST-0002235,Female,0,No,No,7,Yes,Yes,No,No internet service,No internet service,No internet service,No internet service,No internet service,No internet service,Month-to-month,Yes,Credit card (automatic),57.99,390.65,No
CUST-0002236,Female,0,No,No,8,Yes,Yes,Fiber optic,Yes,No,Yes,No,Yes,Yes,Month-to-month,Yes,Credit card (automatic),36.74,300.11,No
CUST-0002237,Female,0,No,No,29,Yes,Yes,Fiber optic,No,No,Yes,No,No,Yes,Month-to-month,Yes,Electronic check,18.25,567.27,No
CUST-0002238,Male,0,No,Yes,27,Yes,No,DSL,No,Yes,Yes,No,No,No,Two year,No,Mailed check,56.52,1564.48,No
CUST-0002239,Male,1,No,Yes,10,Yes,Yes,Fiber optic,No,No,No,Yes,No,No,Month-to-month,No,Mailed check,54.58,530.95,No
CUST-0002240,Male,0,Yes,Yes,7,Yes,No,DSL,No,Yes,No,No,No,No,Two year,Yes,Credit card (automatic),85.62,622.84,No
CUST-0002241,Female,0,Yes,No,46,Yes,No,DSL,Yes,No,No,No,Yes,Yes,One year,Yes,Bank transfer (automatic),69.23,3188.72,No
CUST-0002242,Male,1,Yes,Yes,72,Yes,Yes,No,No internet service,No internet service,No internet service,No internet service,No internet service,No internet service,Two year,No,Electronic check,69.64,4996.51,No
CUST-0002243,Female,0,No,No,1,Yes,No,DSL,Yes,No,No,No,Yes,Yes,Month-to-month,Yes,Mailed check,43.14,25.6,Yes
CUST-0002244,Female,0,No,Yes,4,No,No phone service,Fiber optic,Yes,No,No,No,Yes,Yes,Two year,No,Electronic check,89.28,378.57,Yes
CUST-0002245,Female,0,Yes,No,32,No,No phone service,DSL,No,Yes,No,No,Yes,No,One year,No,Bank transfer (automatic),92.25,2979.41,No
CUST-0002246,Female,0,No,Yes,52,Yes,No,No,No internet service,No internet service,No internet service,No internet service,No internet service,No internet service,One year,No,Bank transfer (automatic),18.25,979.09,Yes
CUST-0002247,Male,0,No,No,50,Yes,No,Fiber optic,No,No,No,No,No,Yes,Two year,Yes,Mailed check,58.44,2924.84,No
CUST-0002248,Female,0,No,Yes,40,Yes,No,DSL,No,No,No,No,No,Yes,Month-to-month,No,Credit card (automatic),30.43,1215.23,No
CUST-0002249,Female,0,No,No,69,Yes,Yes,No,No internet service,No internet service,No internet service,No internet service,No internet service,No internet service,Month-to-month,Yes,Electronic check,83.89,5796.27,No
CUST-0002250,Male,0,No,No,7,Yes,Yes,No,No internet service,No internet service,No internet service,No internet service,No internet service,No internet service,One year,No,Credit card (automatic),59.0,386.83,No
CUST-0002251,Male,0,Yes,Yes,3,Yes,No,No,No internet service,No internet service,No internet service,No internet service,No internet service,No internet service,Month-to-month,No,Electronic check,50.56,152.18,No
CUST-0002252,Female,1,Yes,No,30,Yes,Yes,DSL,Yes,Yes,No,Yes,Yes,No,Two year,Yes,Credit card (automatic),76.38,2323.73,Yes
CUST-0002253,Female,1,No,No,55,Yes,No,Fiber optic,Yes,No,Yes,No,Yes,No,One year,Yes,Electronic check,97.54,5366.96,No
CUST-0002254,Female,1,Yes,No,27,Yes,No,No,No internet service,No internet service,No internet service,No internet service,No internet service,No internet service,One year,Yes,Electronic check,37.02,1019.73,No
CUST-0002255,Female,0,Yes,No,72,Yes,Yes,No,No internet service,No internet service,No internet service,No internet service,No internet service,No internet service,Two year,No,Credit card (automatic),106.84,7704.17,No
CUST-0002256,Female,1,No,No,50,No,No phone service,No,No internet service,No internet service,No internet service,No internet service,No internet service,No internet service,Two year,No,Bank transfer (automatic),71.86,3565.28,No
CUST-0002257,Female,0,No,Yes,38,No,No phone service,Fiber optic,No,No,No,No,No,Yes,Month-to-month,Yes,Mailed check,52.02,1990.8,Yes
CUST-0002258,Male,0,No,Yes,1,Yes,No,Fiber optic,No,Yes,Yes,No,Yes,Yes,Month-to-month,Yes,Mailed check,32.53,45.12,No
CUST-0002259,Male,0,Yes,No,3,No,No phone service,No,No internet service,No internet service,No internet service,No internet service,No internet service,No internet service,One year,No,Electronic check,49.58,154.35,No
CUST-0002260,Male,1,No,No,49,Yes,No,DSL,No,No,No,Yes,Yes,Yes,One year,Yes,Bank transfer (automatic),109.13,5351.09,No
CUST-0002261,Female,0,Yes,Yes,7,Yes,No,Fiber optic,Yes,Yes,No,No,No,No,Month-to-month,Yes,Mailed check,32.68,236.3,No
CUST-0002262,Female,0,Yes,No,0,Yes,Yes,No,No internet service,No internet service,No internet service,No internet service,No internet service,No internet service,Month-to-month,Yes,Mailed check,82.02,,Yes
CUST-0002263,Female,0,No,Yes,72,Yes,No,DSL,No,Yes,No,Yes,No,Yes,Month-to-month,No,Mailed check,33.59,2404.58,No
CUST-0002264,Male,0,Yes,No,70,Yes,No,DSL,Yes,Yes,Yes,No,Yes,No,Two year,Yes,Bank transfer (automatic),79.15,5517.67,No
CUST-0002265,Female,0,Yes,No,7,Yes,No,DSL,No,No,No,Yes,Yes,Yes,Month-to-month,No,Credit card (automatic),72.29,496.05,No
CUST-0002266,Female,0,No,No,48,Yes,No,No,No internet service,No internet service,No internet service,No internet service,No internet service,No internet service,Month-to-month,Yes,Credit card (automatic),111.86,5354.41,No
CUST-0002267,Female,0,Yes,Yes,1,Yes,Yes,Fiber optic,No,Yes,No,No,No,No,One year,No,Credit card (automatic),42.61,28.47,Yes
CUST-0002268,Female,0,No,No,10,Yes,Yes,Fiber optic,No,Yes,No,Yes,No,Yes,Month-to-month,Yes,Electronic check,61.12,612.57,No
CUST-0002269,Male,0,No,No,31,Yes,No,No,No internet service,No internet service,No internet service,No internet service,No internet service,No internet service,Month-to-month,Yes,Electronic check,33.2,1010.35,No
CUST-0002270,Female,0,No,No,46,Yes,Yes,Fiber optic,Yes,Yes,No,Yes,No,No,Month-to-month,No,Bank transfer (automatic),81.49,3785.46,No
CUST-0002271,Male,0,Yes,Yes,0,Yes,No,No,No internet service,No internet service,No internet service,No internet service,No internet service,No internet service,Month-to-month,Yes,Credit card (automatic),81.7,,No
CUST-0002272,Male,0,No,No,12,Yes,No,DSL,No,Yes,No,No,Yes,No,Two year,No,Mailed check,35.69,428.02,No
CUST-0002273,Male,0,Yes,No,7,Yes,No,Fiber optic,Yes,Yes,No,No,Yes,Yes,Month-to-month,Yes,Electronic check,18.25,145.36,No
CUST-0002274,Female,0,No,No,72,Yes,Yes,DSL,Yes,No,No,Yes,No,No,Month-to-month,Yes,Credit card (automatic),28.84,2082.83,No
CUST-0002275,Female,0,Yes,No,35,No,No phone service,DSL,No,Yes,Yes,Yes,No,Yes,Two year,No,Bank transfer (automatic),18.25,632.24,Yes
CUST-0002276,Female,0,Yes,No,16,Yes,Yes,DSL,No,No,Yes,Yes,Yes,Yes,Month-to-month,Yes,Electronic check,34.8,562.26,Yes
CUST-0002277,Female,0,No,Yes,2,Yes,No,Fiber optic,No,No,Yes,Yes,No,Yes,Month-to-month,Yes,Bank transfer (automatic),27.46,78.02,No
CUST-0002278,Female,0,Yes,No,29,No,No phone service,No,No internet service,No internet service,No internet service,No internet service,No internet service,No internet service,One year,Yes,Electronic check,66.38,1926.39,No
CUST-0002279,Female,1,Yes,No,32,Yes,No,Fiber optic,No,No,No,No,Yes,No,Two year,No,Mailed check,48.42,1550.36,Yes
CUST-0002280,Male,0,Yes,No,54,Yes,No,DSL,No,No,No,No,No,No,One year,Yes,Electronic check,55.88,3058.48,Yes
CUST-0002281,Male,0,No,No,10,Yes,Yes,No,No internet service,No internet service,No internet service,No internet service,No internet service,No internet service,Month-to-month,No,Bank transfer (automatic),59.79,645.05,Yes
CUST-0002282,Male,0,Yes,Yes,72,Yes,Yes,DSL,No,No,No,No,Yes,No,Month-to-month,No,Electronic check,66.91,4819.49,No
CUST-0002283,Male,1,Yes,No,18,Yes,Yes,No,No internet service,No internet service,No internet service,No internet service,No internet service,No internet service,Two year,Yes,Electronic check,58.23,1066.12,Yes
CUST-0002284,Male,0,Yes,No,11,Yes,Yes,No,No internet service,No internet service,No internet service,No internet service,No internet service,No internet service,Month-to-month,Yes,Electronic check,64.33,716.03,No
CUST-0002285,Male,0,No,No,13,Yes,No,Fiber optic,No,Yes,No,No,No,Yes,One year,No,Bank transfer (automatic),52.87,695.39,Yes
CUST-0002286,Male,0,No,No,23,Yes,No,DSL,No,Yes,No,Yes,No,Yes,Month-to-month,No,Bank transfer (automatic),58.39,1352.92,No
CUST-0002287,Female,0,Yes,No,72,Yes,Yes,Fiber optic,No,No,Yes,No,Yes,No,Month-to-month,No,Electronic check,18.25,1328.45,Yes
CUST-0002288,Male,0,Yes,No,42,Yes,No,No,No internet service,No internet service,No internet service,No internet service,No internet service,No internet service,Two year,Yes,Electronic check,18.25,744.11,No
CUST-0002289,Male,0,Yes,No,27,Yes,No,Fiber optic,Yes,Yes,No,No,No,No,One year,Yes,Electronic check,76.76,2064.87,Yes
CUST-0002290,Male,0,Yes,No,5,Yes,Yes,DSL,Yes,No,Yes,No,Yes,No,Month-to-month,Yes,Electronic check,52.85,250.95,Yes
CUST-0002291,Female,0,Yes,No,5,Yes,Yes,No,No internet service,No internet service,No internet service,No internet service,No internet service,No internet service,One year,No,Mailed check,83.8,413.84,Yes
CUST-0002292,Male,0,Yes,No,22,Yes,No,Fiber optic,No,Yes,No,No,Yes,Yes,Month-to-month,Yes,Credit card (automatic),80.3,1774.05,No
CUST-0002293,Male,0,No,Yes,41,Yes,Yes,DSL,No,No,No,Yes,Yes,Yes,Two year,Yes,Electronic check,58.1,2392.39,No
CUST-0002294,Female,0,No,No,44,Yes,No,No,No internet service,No internet service,No internet service,No internet service,No internet service,No internet service,Month-to-month,No,Electronic check,65.32,2859.45,No
CUST-0002295,Male,1,Yes,No,8,Yes,No,No,No internet service,No internet service,No internet service,No internet service,No internet service,No internet service,Month-to-month,Yes,Credit card (automatic),91.89,722.31,Yes
CUST-0002296,Male,0,No,No,3,Yes,No,Fiber optic,No,No,No,No,Yes,No,One year,Yes,Mailed check,67.64,192.89,No
CUST-0002297,Male,0,No,No,15,Yes,Yes,DSL,No,Yes,No,No,Yes,No,Two year,No,Bank transfer (automatic),68.54,997.71,No
CUST-0002298,Male,0,No,Yes,72,No,No phone service,Fiber optic,No,Yes,Yes,No,Yes,Yes,One year,Yes,Mailed check,18.25,1296.98,No
CUST-0002299,Male,0,No,No,25,Yes,No,DSL,No,No,Yes,Yes,No,No,Month-to-month,Yes,Credit card (automatic),65.62,1640.04,No
CUST-0002300,Male,1,Yes,Yes,12,Yes,Yes,DSL,No,No,Yes,No,Yes,Yes,One year,Yes,Mailed check,118.75,1420.63,No
CUST-0002301,Female,0,Yes,Yes,12,Yes,Yes,No,No internet service,No internet service,No internet service,No internet service,No internet service,No internet service,Month-to-month,No,Credit card (automatic),68.94,815.0,No
CUST-0002302,Female,0,No,No,4,Yes,No,No,No internet service,No internet service,No internet service,No internet service,No internet service,No internet service,Month-to-month,Yes,Mailed check,100.01,429.14,No
CUST-0002303,Female,1,Yes,No,20,Yes,No,Fiber optic,No,No,No,No,No,No,Two year,Yes,Credit card (automatic),75.56,1531.92,No
CUST-0002304,Male,0,Yes,No,50,Yes,No,Fiber optic,No,Yes,No,No,No,No,Month-to-month,Yes,Electronic check,53.72,2690.89,Yes
CUST-0002305,Female,1,Yes,Yes,72,Yes,No,DSL,No,Yes,No,No,No,Yes,Month-to-month,Yes,Bank transfer (automatic),68.13,4945.51,No
CUST-0002306,Male,0,Yes,No,22,Yes,No,Fiber optic,No,Yes,Yes,No,No,No,One year,No,Electronic check,118.75,2552.02,Yes
CUST-0002307,Male,1,No,No,5,Yes,Yes,DSL,No,No,No,No,No,No,One year,No,Credit card (automatic),118.75,570.83,No
CUST-0002308,Female,0,Yes,Yes,36,Yes,No,DSL,No,Yes,No,No,No,Yes,Month-to-month,Yes,Credit card (automatic),64.0,2262.97,Yes
CUST-0002309,Male,0,Yes,No,45,Yes,Yes,Fiber optic,No,No,No,Yes,No,Yes,Two year,Yes,Electronic check,28.16,1277.62,No
CUST-0002310,Male,1,Yes,Yes,2,Yes,Yes,No,No internet service,No internet service,No internet service,No internet service,No internet service,No internet service,Month-to-month,No,Mailed check,89.83,180.51,No
CUST-0002311,Female,0,Yes,No,60,Yes,No,Fiber optic,No,Yes,No,No,Yes,No,Two year,No,Mailed check,83.19,5010.37,No
CUST-0002312,Female,0,No,No,56,Yes,No,Fiber optic,No,No,No,Yes,No,Yes,Month-to-month,Yes,Bank transfer (automatic),77.71,4327.86,Yes
CUST-0002313,Male,0,Yes,No,20,Yes,No,DSL,Yes,Yes,No,No,Yes,No,Month-to-month,No,Mailed check,55.85,1129.4,No
CUST-0002314,Female,0,No,No,26,Yes,Yes,Fiber optic,No,No,No,No,No,Yes,Month-to-month,Yes,Credit card (automatic),18.25,479.39,No
CUST-0002315,Female,0,No,No,39,Yes,Yes,Fiber optic,Yes,Yes,Yes,No,No,No,Two year,No,Electronic check,37.41,1456.35,No
CUST-0002316,Male,1,No,No,36,Yes,No,DSL,No,No,Yes,No,Yes,No,Two year,Yes,Bank transfer (automatic),48.14,1729.96,No
CUST-0002317,Male,0,Yes,No,0,Yes,Yes,DSL,Yes,No,Yes,No,No,Yes,Month-to-month,No,Electronic check,82.69,,No
CUST-0002318,Male,0,Yes,No,4,Yes,Yes,DSL,No,Yes,No,No,No,No,Two year,Yes,Credit card (automatic),26.08,62.38,No
CUST-0002319,Male,0,No,No,5,Yes,No,Fiber optic,No,No,Yes,Yes,No,Yes,Two year,No,Electronic check,71.14,354.62,No
CUST-0002320,Male,0,No,No,45,Yes,Yes,DSL,Yes,No,No,No,Yes,No,One year,No,Credit card (automatic),18.25,833.22,No
CUST-0002321,Female,0,Yes,Yes,18,Yes,No,No,No internet service,No internet service,No internet service,No internet service,No internet service,No internet service,Two year,Yes,Bank transfer (automatic),118.75,2189.61,No
CUST-0002322,Female,0,Yes,Yes,25,Yes,No,No,No internet service,No internet service,No internet service,No internet service,No internet service,No internet service,Month-to-month,Yes,Credit card (automatic),84.88,2150.65,No
CUST-0002323,Female,0,No,No,47,Yes,No,DSL,No,No,No,Yes,No,No,Month-to-month,Yes,Electronic check,48.71,2281.41,Yes
CUST-0002324,Male,0,No,Yes,13,Yes,No,Fiber optic,No,Yes,No,No,No,No,Month-to-month,Yes,Mailed check,79.37,1049.12,No
CUST-0002325,Female,0,Yes,No,44,Yes,Yes,Fiber optic,No,Yes,No,No,No,No,One year,Yes,Electronic check,43.53,1942.04,No
CUST-0002326,Female,0,No,No,18,Yes,No,No,No internet service,No internet service,No internet service,No internet service,No internet service,No internet service,One year,Yes,Electronic check,54.49,1009.46,No
CUST-0002327,Female,0,No,No,15,Yes,Yes,DSL,Yes,No,Yes,Yes,Yes,No,Two year,No,Bank transfer (automatic),32.32,483.96,Yes
CUST-0002328,Male,0,No,No,12,Yes,Yes,Fiber optic,No,No,No,No,No,No,Month-to-month,No,Credit card (automatic),98.7,1176.67,No
CUST-0002329,Female,0,No,No,72,Yes,No,Fiber optic,No,No,No,No,No,Yes,Month-to-month,Yes,Electronic check,84.64,6103.27,No
CUST-0002330,Male,0,Yes,Yes,47,Yes,Yes,Fiber optic,Yes,Yes,Yes,No,Yes,Yes,Month-to-month,No,Mailed check,90.54,4242.26,No
CUST-0002331,Male,1,No,No,0,No,No phone service,DSL,No,No,Yes,No,No,No,Two year,Yes,Mailed check,112.35,,No
CUST-0002332,Male,0,No,No,72,Yes,Yes,DSL,No,No,Yes,No,Yes,Yes,Two year,Yes,Electronic check,88.88,6397.31,No
CUST-0002333,Female,0,No,Yes,47,Yes,Yes,DSL,No,Yes,No,No,No,Yes,Month-to-month,Yes,Bank transfer (automatic),28.8,1342.46,No
CUST-0002334,Female,0,Yes,Yes,5,No,No phone service,DSL,No,No,Yes,Yes,Yes,No,One year,Yes,Electronic check,49.26,266.97,No
CUST-0002335,Male,0,No,Yes,2,Yes,No,DSL,Yes,No,Yes,No,Yes,No,Month-to-month,Yes,Credit card (automatic),50.49,89.28,Yes
CUST-0002336,Male,1,Yes,Yes,11,Yes,Yes,Fiber optic,Yes,No,No,No,No,No,Month-to-month,Yes,Mailed check,45.99,523.6,No
CUST-0002337,Male,0,Yes,Yes,31,Yes,No,Fiber optic,No,No,No,No,Yes,No,One year,Yes,Credit card (automatic),49.77,1528.55,No
CUST-0002338,Male,0,No,No,30,Yes,Yes,Fiber optic,No,Yes,Yes,Yes,Yes,Yes,Month-to-month,No,Bank transfer (automatic),36.82,1114.6,No
CUST-0002339,Male,0,No,No,10,Yes,Yes,DSL,No,No,No,Yes,No,Yes,Month-to-month,Yes,Bank transfer (automatic),118.75,1150.73,Yes
CUST-0002340,Male,0,No,No,18,Yes,Yes,DSL,No,No,Yes,Yes,No,No,Month-to-month,Yes,Mailed check,61.46,1102.06,No
CUST-0002341,Female,0,Yes,Yes,7,Yes,No,No,No internet service,No internet service,No internet service,No internet service,No internet service,No internet service,Month-to-month,Yes,Credit card (automatic),76.86,542.47,Yes
CUST-0002342,Male,0,No,No,1,Yes,No,DSL,Yes,No,Yes,Yes,No,No,One year,Yes,Mailed check,84.56,110.59,No
CUST-0002343,Male,1,Yes,No,23,Yes,No,No,No internet service,No internet service,No internet service,No internet service,No internet service,No internet service,Month-to-month,Yes,Electronic check,99.48,2270.61,No
CUST-0002344,Male,1,No,No,13,Yes,No,No,No internet service,No internet service,No internet service,No internet service,No internet service,No internet service,Two year,Yes,Credit card (automatic),83.11,1074.58,No
CUST-0002345,Female,0,Yes,No,25,Yes,Yes,DSL,No,Yes,No,No,No,No,Two year,Yes,Mailed check,59.12,1485.93,No
CUST-0002346,Female,0,No,No,72,Yes,Yes,No,No internet service,No internet service,No internet service,No internet service,No internet service,No internet service,Month-to-month,Yes,Credit card (automatic),73.05,5281.56,No
CUST-0002347,Female,0,No,No,4,Yes,No,Fiber optic,No,No,No,No,No,No,One year,No,Bank transfer (automatic),52.47,211.67,No
CUST-0002348,Male,1,Yes,No,0,Yes,No,Fiber optic,No,No,Yes,Yes,No,Yes,Two year,Yes,Electronic check,67.94,,Yes
CUST-0002349,Female,1,Yes,Yes,2,Yes,Yes,No,No internet service,No internet service,No internet service,No internet service,No internet service,No internet service,One year,Yes,Credit card (automatic),105.39,201.14,No
CUST-0002350,Male,0,No,No,19,Yes,No,Fiber optic,No,No,Yes,No,Yes,No,Month-to-month,Yes,Electronic check,18.49,324.16,No
CUST-0002351,Female,0,No,No,39,Yes,No,Fiber optic,No,No,No,No,No,Yes,Month-to-month,No,Electronic check,100.64,3905.72,No
CUST-0002352,Female,0,No,Yes,27,No,No phone service,Fiber optic,No,Yes,Yes,No,No,No,Month-to-month,No,Mailed check,69.43,1903.97,No
CUST-0002353,Female,0,No,No,21,Yes,No,Fiber optic,Yes,No,No,No,Yes,No,Month-to-month,No,Bank transfer (automatic),31.71,646.89,Yes
CUST-0002354,Female,0,Yes,No,13,Yes,No,Fiber optic,No,No,No,Yes,No,No,Two year,No,Mailed check,62.77,828.32,No
CUST-0002355,Female,0,Yes,No,11,Yes,Yes,DSL,No,No,No,No,No,No,Month-to-month,No,Mailed check,33.64,342.19,No
CUST-0002356,Male,0,Yes,Yes,15,Yes,Yes,DSL,No,No,No,No,No,Yes,Month-to-month,Yes,Mailed check,63.09,917.3,No
CUST-0002357,Female,0,Yes,Yes,30,Yes,Yes,No,No internet service,No internet service,No internet service,No internet service,No internet service,No internet service,One year,Yes,Electronic check,50.97,1539.81,No
CUST-0002358,Male,0,No,No,5,Yes,Yes,DSL,Yes,No,Yes,Yes,Yes,No,One year,No,Bank transfer (automatic),77.36,383.7,Yes
CUST-0002359,Female,0,Yes,No,47,Yes,No,Fiber optic,No,Yes,No,No,Yes,Yes,One year,No,Electronic check,40.15,1881.81,No
CUST-0002360,Male,0,No,No,27,Yes,Yes,Fiber optic,No,Yes,Yes,No,Yes,Yes,Month-to-month,No,Mailed check,56.55,1501.46,No
CUST-0002361,Male,0,No,No,10,Yes,No,DSL,No,Yes,No,No,No,Yes,Month-to-month,No,Credit card (automatic),76.73,782.8,No
CUST-0002362,Male,0,No,No,22,Yes,No,DSL,No,No,Yes,No,No,Yes,Month-to-month,Yes,Credit card (automatic),61.55,1351.95,No
CUST-0002363,Male,0,No,No,72,Yes,No,DSL,No,Yes,No,No,No,No,Month-to-month,Yes,Bank transfer (automatic),67.98,4904.37,No
CUST-0002364,Male,0,Yes,No,0,Yes,No,Fiber optic,No,Yes,No,No,No,Yes,Month-to-month,Yes,Credit card (automatic),86.99,,No
CUST-0002365,Female,0,No,No,7,Yes,No,No,No internet service,No internet service,No internet service,No internet service,No internet service,No internet service,One year,Yes,Bank transfer (automatic),23.04,175.45,No
CUST-0002366,Male,0,Yes,No,19,Yes,Yes,Fiber optic,No,No,No,Yes,No,No,Month-to-month,Yes,Credit card (automatic),103.67,1983.79,No
CUST-0002367,Male,0,Yes,Yes,32,Yes,No,Fiber optic,Yes,No,No,Yes,Yes,Yes,Two year,No,Electronic check,44.21,1438.72,No
CUST-0002368,Female,0,No,No,7,Yes,Yes,Fiber optic,No,Yes,No,No,Yes,No,One year,No,Mailed check,37.96,251.08,No
CUST-0002369,Male,0,Yes,No,72,Yes,Yes,No,No internet service,No internet service,No internet service,No internet service,No internet service,No internet service,Month-to-month,Yes,Electronic check,61.56,4428.97,No
CUST-0002370,Female,0,No,No,32,Yes,No,Fiber optic,No,Yes,Yes,No,Yes,No,Month-to-month,Yes,Electronic check,40.59,1285.49,No
CUST-0002371,Female,0,No,No,67,Yes,Yes,DSL,Yes,No,No,No,No,No,Month-to-month,Yes,Electronic check,58.05,3892.96,No
CUST-0002372,Female,0,No,No,12,Yes,Yes,Fiber optic,No,No,No,Yes,No,No,Month-to-month,Yes,Electronic check,43.1,515.55,No
CUST-0002373,Female,0,Yes,No,56,Yes,No,No,No internet service,No internet service,No internet service,No internet service,No internet service,No internet service,Month-to-month,No,Bank transfer (automatic),54.82,3080.59,No
CUST-0002374,Male,0,No,No,15,Yes,No,Fiber optic,No,No,No,No,No,Yes,Two year,Yes,Mailed check,96.47,1428.32,No
CUST-0002375,Female,0,Yes,No,9,Yes,No,No,No internet service,No internet service,No internet service,No internet service,No internet service,No internet service,Two year,Yes,Electronic check,97.16,861.02,No
CUST-0002376,Male,0,No,Yes,72,Yes,Yes,DSL,No,Yes,No,No,No,No,Month-to-month,Yes,Electronic check,18.25,1318.08,No
CUST-0002377,Male,0,Yes,Yes,3,Yes,Yes,No,No internet service,No internet service,No internet service,No internet service,No internet service,No internet service,Two year,Yes,Mailed check,48.3,136.56,Yes
CUST-0002378,Female,1,No,No,72,Yes,No,DSL,Yes,Yes,Yes,No,Yes,No,Two year,Yes,Bank transfer (automatic),57.41,4133.11,No
CUST-0002379,Male,0,Yes,No,19,No,No phone service,DSL,No,Yes,No,No,No,No,One year,No,Bank transfer (automatic),41.33,790.24,No
CUST-0002380,Female,0,Yes,No,72,Yes,No,Fiber optic,No,No,Yes,No,No,No,Month-to-month,Yes,Credit card (automatic),88.31,6355.46,No
CUST-0002381,Female,0,Yes,No,24,Yes,No,DSL,No,No,Yes,Yes,No,Yes,Month-to-month,No,Bank transfer (automatic),18.25,475.64,No
CUST-0002382,Female,1,Yes,Yes,45,Yes,No,Fiber optic,Yes,No,No,No,Yes,Yes,Month-to-month,No,Electronic check,96.69,4316.66,No
CUST-0002383,Female,0,No,No,0,Yes,No,No,No internet service,No internet service,No internet service,No internet service,No internet service,No internet service,Month-to-month,No,Mailed check,91.84,,No
CUST-0002384,Male,0,Yes,No,21,Yes,Yes,No,No internet service,No internet service,No internet service,No internet service,No internet service,No internet service,One year,Yes,Mailed check,65.16,1373.54,No
CUST-0002385,Male,1,Yes,Yes,42,Yes,No,Fiber optic,No,No,Yes,No,Yes,No,Month-to-month,Yes,Credit card (automatic),56.49,2380.44,No
CUST-0002386,Female,0,No,Yes,48,Yes,No,Fiber optic,No,No,Yes,No,Yes,No,Month-to-month,Yes,Bank transfer (automatic),77.34,3688.36,Yes
CUST-0002387,Male,0,Yes,No,5,Yes,Yes,No,No internet service,No internet service,No internet service,No internet service,No internet service,No internet service,Month-to-month,No,Electronic check,56.82,272.77,No
CUST-0002388,Female,0,Yes,No,17,Yes,No,Fiber optic,No,Yes,No,No,Yes,No,One year,No,Bank transfer (automatic),37.34,638.3,No
CUST-0002389,Female,0,No,Yes,17,No,No phone service,No,No internet service,No internet service,No internet service,No internet service,No internet service,No internet service,Month-to-month,Yes,Credit card (automatic),67.9,1173.33,No
CUST-0002390,Female,0,Yes,No,3,Yes,Yes,No,No internet service,No internet service,No internet service,No internet service,No internet service,No internet service,Two year,Yes,Electronic check,81.99,250.84,Yes
CUST-0002391,Male,0,Yes,No,18,Yes,No,DSL,Yes,Yes,Yes,No,No,Yes,One year,Yes,Bank transfer (automatic),35.68,635.37,No
CUST-0002392,Male,0,Yes,No,52,Yes,Yes,DSL,No,No,No,No,No,Yes,One year,Yes,Credit card (automatic),93.27,4830.95,Yes
CUST-0002393,Male,0,Yes,No,11,Yes,No,Fiber optic,No,Yes,Yes,Yes,Yes,Yes,Month-to-month,No,Mailed check,92.27,981.39,No
CUST-0002394,Male,0,No,No,18,Yes,No,No,No internet service,No internet service,No internet service,No internet service,No internet service,No internet service,Month-to-month,Yes,Credit card (automatic),65.79,1135.59,Yes
CUST-0002395,Female,0,Yes,Yes,72,Yes,No,No,No internet service,No internet service,No internet service,No internet service,No internet service,No internet service,One year,No,Credit card (automatic),56.96,4084.19,No
CUST-0002396,Male,0,No,Yes,1,Yes,Yes,Fiber optic,No,No,Yes,Yes,No,No,Month-to-month,No,Electronic check,49.08,-7.92,No
CUST-0002397,Male,0,Yes,No,28,Yes,Yes,DSL,No,No,No,No,Yes,Yes,Two year,Yes,Mailed check,49.32,1378.69,No
CUST-0002398,Male,0,Yes,No,43,No,No phone service,DSL,No,No,Yes,No,Yes,No,One year,Yes,Credit card (automatic),59.63,2586.03,No
CUST-0002399,Female,0,Yes,No,45,Yes,Yes,No,No internet service,No internet service,No internet service,No internet service,No internet service,No internet service,Month-to-month,No,Credit card (automatic),23.34,1067.36,No
CUST-0002400,Female,0,No,No,40,Yes,Yes,Fiber optic,No,No,Yes,Yes,Yes,No,One year,No,Credit card (automatic),18.25,712.26,No
CUST-0002401,Male,0,No,No,41,Yes,Yes,Fiber optic,No,No,No,No,No,Yes,Two year,Yes,Credit card (automatic),70.69,2876.89,No
CUST-0002402,Male,0,No,Yes,1,Yes,No,No,No internet service,No internet service,No internet service,No internet service,No internet service,No internet service,Two year,No,Electronic check,18.25,45.5,No
CUST-0002403,Male,0,No,No,24,Yes,Yes,No,No internet service,No internet service,No internet service,No internet service,No internet service,No internet service,Month-to-month,No,Electronic check,62.08,1484.99,No
CUST-0002404,Male,1,Yes,Yes,48,Yes,No,Fiber optic,No,No,No,Yes,No,Yes,Month-to-month,Yes,Mailed check,90.4,4335.22,Yes
CUST-0002405,Female,0,Yes,No,3,Yes,No,Fiber optic,No,Yes,No,No,Yes,No,One year,Yes,Credit card (automatic),73.62,211.76,No
CUST-0002406,Female,0,Yes,Yes,0,Yes,No,Fiber optic,Yes,No,No,No,Yes,Yes,Two year,Yes,Mailed check,45.06,,No
CUST-0002407,Male,0,Yes,Yes,53,Yes,No,Fiber optic,No,No,No,Yes,Yes,Yes,Two year,No,Credit card (automatic),46.3,2438.19,No
CUST-0002408,Male,0,Yes,Yes,39,Yes,Yes,Fiber optic,Yes,No,Yes,No,No,Yes,One year,Yes,Electronic check,42.03,1638.47,No
CUST-0002409,Female,0,Yes,No,17,Yes,No,DSL,Yes,Yes,Yes,No,No,No,One year,Yes,Bank transfer (automatic),104.14,1759.71,No
CUST-0002410,Male,0,Yes,Yes,72,Yes,Yes,No,No internet service,No internet service,No internet service,No internet service,No internet service,No internet service,One year,Yes,Electronic check,47.61,3409.17,No
CUST-0002411,Female,0,Yes,No,46,No,No phone service,No,No internet service,No internet service,No internet service,No internet service,No internet service,No internet service,One year,No,Bank transfer (automatic),38.94,1787.35,No
CUST-0002412,Male,1,Yes,No,72,Yes,No,No,No internet service,No internet service,No internet service,No internet service,No internet service,No internet service,Two year,No,Mailed check,73.08,5290.67,Yes
CUST-0002413,Male,0,Yes,No,72,Yes,Yes,Fiber optic,No,No,No,Yes,Yes,No,One year,No,Electronic check,117.74,8458.33,Yes
CUST-0002414,Male,0,No,No,21,Yes,Yes,Fiber optic,Yes,No,No,No,Yes,Yes,Month-to-month,No,Credit card (automatic),75.93,1571.05,No
CUST-0002415,Female,1,Yes,No,44,Yes,Yes,DSL,Yes,No,No,No,Yes,Yes,Two year,No,Mailed check,61.65,2684.02,Yes
CUST-0002416,Female,0,No,No,35,Yes,No,DSL,No,No,No,No,No,No,Two year,Yes,Electronic check,47.25,1645.27,No
CUST-0002417,Male,0,No,No,53,Yes,No,Fiber optic,No,Yes,No,Yes,Yes,No,Two year,No,Electronic check,32.54,1747.08,Yes
CUST-0002418,Male,0,Yes,No,49,Yes,No,Fiber optic,No,No,Yes,No,No,No,Month-to-month,No,Electronic check,98.2,4804.77,No
CUST-0002419,Male,0,Yes,No,5,Yes,Yes,DSL,No,Yes,No,Yes,No,Yes,One year,No,Mailed check,83.81,477.46,No
CUST-0002420,Male,0,Yes,No,8,Yes,No,Fiber optic,Yes,No,No,No,No,Yes,Month-to-month,Yes,Electronic check,18.25,132.39,No
CUST-0002421,Male,0,No,No,9,Yes,No,Fiber optic,No,No,No,No,No,No,Month-to-month,No,Electronic check,66.9,587.75,No
CUST-0002422,Male,0,Yes,No,54,Yes,No,DSL,No,No,No,No,No,No,Month-to-month,Yes,Mailed check,18.25,930.69,No
CUST-0002423,Female,1,Yes,No,53,Yes,Yes,DSL,No,No,Yes,No,No,No,Month-to-month,Yes,Bank transfer (automatic),85.2,4515.19,Yes
CUST-0002424,Male,1,Yes,No,21,Yes,Yes,Fiber optic,No,No,Yes,No,Yes,No,One year,No,Bank transfer (automatic),68.25,1456.23,No
CUST-0002425,Male,1,No,Yes,27,Yes,No,Fiber optic,No,No,No,No,No,Yes,Month-to-month,No,Credit card (automatic),42.44,1139.47,Yes
CUST-0002426,Female,0,Yes,Yes,56,Yes,Yes,Fiber optic,No,No,No,Yes,Yes,No,Month-to-month,No,Mailed check,18.25,1026.36,No
CUST-0002427,Male,0,No,No,11,Yes,No,Fiber optic,No,No,No,No,No,Yes,One year,Yes,Electronic check,104.38,1151.4,No
CUST-0002428,Female,0,No,No,1,Yes,No,DSL,No,No,Yes,No,No,No,Month-to-month,No,Credit card (automatic),40.4,13.84,No
CUST-0002429,Male,0,No,Yes,21,Yes,Yes,DSL,Yes,No,Yes,No,Yes,Yes,Month-to-month,No,Electronic check,38.35,823.52,No
CUST-0002430,Female,1,No,No,72,Yes,Yes,DSL,No,Yes,No,No,Yes,No,Month-to-month,Yes,Bank transfer (automatic),18.25,1259.49,Yes
CUST-0002431,Female,0,Yes,No,50,Yes,No,DSL,No,Yes,Yes,No,Yes,Yes,One year,Yes,Bank transfer (automatic),56.97,2870.33,No
CUST-0002432,Female,1,No,No,14,Yes,Yes,No,No internet service,No internet service,No internet service,No internet service,No internet service,No internet service,Month-to-month,No,Electronic check,62.48,873.18,No
CUST-0002433,Female,0,No,No,2,No,No phone service,DSL,No,No,No,No,No,No,Two year,No,Electronic check,18.25,35.84,No
CUST-0002434,Male,1,Yes,No,32,Yes,No,DSL,No,Yes,Yes,Yes,Yes,No,Month-to-month,Yes,Electronic check,91.63,2912.52,Yes
CUST-0002435,Female,1,Yes,No,57,Yes,No,DSL,Yes,No,Yes,No,Yes,Yes,Month-to-month,Yes,Credit card (automatic),72.78,4147.89,No
CUST-0002436,Male,0,No,No,34,Yes,No,Fiber optic,Yes,No,Yes,Yes,No,No,Month-to-month,Yes,Credit card (automatic),34.95,1191.84,No
CUST-0002437,Male,0,No,No,17,Yes,No,DSL,No,No,No,No,Yes,No,One year,Yes,Electronic check,68.37,1141.46,No
CUST-0002438,Male,0,No,No,4,Yes,No,DSL,No,No,Yes,No,Yes,No,Month-to-month,Yes,Mailed check,118.75,457.88,No
CUST-0002439,Female,0,No,No,72,Yes,No,DSL,Yes,Yes,No,No,Yes,No,One year,No,Electronic check,71.29,5112.29,No
CUST-0002440,Male,0,No,No,10,Yes,No,No,No internet service,No internet service,No internet service,No internet service,No internet service,No internet service,Month-to-month,No,Electronic check,18.25,217.35,No
CUST-0002441,Female,0,Yes,Yes,8,No,No phone service,No,No internet service,No internet service,No internet service,No internet service,No internet service,No internet service,Month-to-month,Yes,Bank transfer (automatic),42.77,322.27,No
CUST-0002442,Female,1,No,Yes,54,Yes,No,Fiber optic,No,No,No,No,No,No,Month-to-month,No,Electronic check,50.77,2764.58,No
CUST-0002443,Female,0,Yes,No,72,Yes,No,DSL,No,No,No,No,Yes,No,Month-to-month,Yes,Electronic check,60.71,4384.59,No
CUST-0002444,Female,0,No,No,34,Yes,No,DSL,No,Yes,No,No,Yes,Yes,Month-to-month,No,Credit card (automatic),73.07,2513.08,No
CUST-0002445,Male,0,No,No,31,Yes,No,Fiber optic,No,Yes,Yes,No,No,No,Month-to-month,No,Electronic check,102.61,3184.8,No
CUST-0002446,Male,0,No,No,12,No,No phone service,DSL,No,No,No,Yes,Yes,Yes,Month-to-month,No,Bank transfer (automatic),84.99,1029.25,Yes
CUST-0002447,Male,0,Yes,No,0,Yes,Yes,Fiber optic,No,No,No,No,Yes,No,Month-to-month,No,Mailed check,73.69,,No
CUST-0002448,Male,0,Yes,Yes,6,Yes,No,Fiber optic,No,No,No,Yes,Yes,No,One year,Yes,Bank transfer (automatic),118.75,719.86,Yes
CUST-0002449,Male,0,Yes,No,28,Yes,No,Fiber optic,No,Yes,No,Yes,Yes,No,Month-to-month,Yes,Mailed check,30.46,881.74,No
CUST-0002450,Male,0,No,No,5,No,No phone service,Fiber optic,Yes,No,Yes,No,Yes,No,Two year,No,Bank transfer (automatic),47.15,221.83,No
CUST-0002451,Male,0,No,No,68,Yes,No,Fiber optic,No,No,Yes,No,No,Yes,Month-to-month,Yes,Bank transfer (automatic),71.11,4844.17,Yes
CUST-0002452,Female,0,Yes,Yes,6,Yes,Yes,Fiber optic,No,Yes,No,Yes,No,No,One year,No,Electronic check,90.5,566.02,Yes
CUST-0002453,Female,0,No,No,23,Yes,Yes,Fiber optic,No,No,Yes,Yes,No,No,Month-to-month,Yes,Credit card (automatic),77.61,1781.3,No
CUST-0002454,Male,0,No,No,22,Yes,Yes,Fiber optic,No,Yes,No,No,No,No,Month-to-month,No,Mailed check,45.89,1022.76,No
CUST-0002455,Female,0,Yes,No,29,Yes,Yes,Fiber optic,Yes,No,No,No,No,No,Two year,Yes,Credit card (automatic),66.03,1908.86,No
CUST-0002456,Male,1,Yes,No,12,Yes,Yes,Fiber optic,No,No,Yes,No,No,No,Two year,Yes,Mailed check,37.21,439.3,No
CUST-0002457,Male,0,No,Yes,66,Yes,No,No,No internet service,No internet service,No internet service,No internet service,No internet service,No internet service,Two year,No,Electronic check,63.53,4172.66,No
CUST-0002458,Female,0,No,No,18,No,No phone service,Fiber optic,No,No,No,No,No,Yes,Two year,Yes,Mailed check,43.13,806.84,No
CUST-0002459,Male,0,No,No,38,Yes,No,Fiber optic,No,No,No,No,Yes,Yes,Month-to-month,Yes,Electronic check,71.1,2709.11,No
CUST-0002460,Male,0,No,No,32,Yes,No,No,No internet service,No internet service,No internet service,No internet service,No internet service,No internet service,Month-to-month,No,Electronic check,118.75,3785.51,No
CUST-0002461,Female,1,No,No,3,Yes,No,Fiber optic,No,No,No,No,No,Yes,Month-to-month,No,Electronic check,18.25,58.27,No
CUST-0002462,Female,0,Yes,No,31,No,No phone service,No,No internet service,No internet service,No internet service,No internet service,No internet service,No internet service,Month-to-month,No,Electronic check,53.59,1664.99,Yes
CUST-0002463,Female,0,No,No,25,Yes,No,Fiber optic,No,Yes,Yes,Yes,No,No,One year,Yes,Credit card (automatic),71.72,1779.56,No
CUST-0002464,Female,0,Yes,No,72,Yes,Yes,Fiber optic,No,No,No,No,No,No,Month-to-month,No,Electronic check,42.02,3035.32,No
CUST-0002465,Female,0,Yes,Yes,68,No,No phone service,Fiber optic,No,No,No,No,Yes,No,One year,Yes,Bank transfer (automatic),53.74,3659.01,Yes
CUST-0002466,Male,0,Yes,No,5,No,No phone service,DSL,No,Yes,Yes,No,Yes,Yes,One year,No,Mailed check,32.96,164.2,No
CUST-0002467,Male,0,Yes,No,2,Yes,No,Fiber optic,No,No,No,No,No,No,Month-to-month,No,Mailed check,84.74,181.31,No
CUST-0002468,Male,0,No,Yes,11,No,No phone service,DSL,No,No,No,No,Yes,Yes,Month-to-month,No,Electronic check,109.07,1224.08,No
CUST-0002469,Male,0,No,Yes,72,Yes,No,Fiber optic,No,No,Yes,No,Yes,No,One year,No,Credit card (automatic),76.04,5487.45,No
CUST-0002470,Female,0,Yes,Yes,0,Yes,Yes,Fiber optic,Yes,No,No,No,No,Yes,Two year,No,Bank transfer (automatic),88.08,,Yes
CUST-0002471,Male,0,No,No,35,Yes,No,Fiber optic,Yes,Yes,No,No,Yes,No,Month-to-month,Yes,Electronic check,84.96,2943.53,No
CUST-0002472,Female,0,No,No,30,Yes,No,DSL,No,Yes,No,No,No,No,Month-to-month,Yes,Mailed check,51.2,1537.97,No
CUST-0002473,Female,0,No,Yes,33,Yes,Yes,Fiber optic,Yes,No,No,No,No,Yes,Two year,Yes,Electronic check,87.94,2870.58,No
CUST-0002474,Female,0,No,Yes,7,Yes,Yes,DSL,No,No,No,Yes,No,No,Two year,Yes,Credit card (automatic),47.23,352.58,No
CUST-0002475,Female,0,Yes,No,8,Yes,Yes,Fiber optic,No,Yes,No,No,No,No,One year,No,Mailed check,45.46,378.28,No
CUST-0002476,Female,0,No,Yes,18,Yes,No,No,No internet service,No internet service,No internet service,No internet service,No internet service,No internet service,Month-to-month,No,Electronic check,18.25,321.82,No
CUST-0002477,Male,0,No,No,3,Yes,Yes,No,No internet service,No internet service,No internet service,No internet service,No internet service,No internet service,One year,Yes,Electronic check,63.96,208.5,No
CUST-0002478,Female,0,No,No,2,Yes,No,DSL,Yes,No,No,Yes,Yes,No,Month-to-month,Yes,Mailed check,100.14,179.89,No
CUST-0002479,Male,0,No,No,2,No,No phone service,DSL,Yes,No,Yes,Yes,Yes,Yes,Two year,Yes,Electronic check,54.95,88.33,Yes
CUST-0002480,Female,1,No,No,27,Yes,Yes,No,No internet service,No internet service,No internet service,No internet service,No internet service,No internet service,Month-to-month,Yes,Bank transfer (automatic),38.47,1044.03,No
CUST-0002481,Male,0,No,No,16,Yes,Yes,DSL,No,No,No,No,No,Yes,Month-to-month,Yes,Mailed check,91.33,1447.92,No
CUST-0002482,Female,0,No,Yes,11,Yes,No,Fiber optic,No,No,No,No,No,No,Month-to-month,Yes,Bank transfer (automatic),91.47,1002.56,No
CUST-0002483,Female,0,No,No,12,No,No phone service,No,No internet service,No internet service,No internet service,No internet service,No internet service,No internet service,One year,Yes,Bank transfer (automatic),53.59,674.38,Yes
CUST-0002484,Male,1,Yes,No,7,Yes,Yes,Fiber optic,Yes,No,No,Yes,No,No,Month-to-month,No,Credit card (automatic),63.41,471.3,Yes
CUST-0002485,Male,0,Yes,Yes,16,No,No phone service,Fiber optic,No,Yes,No,No,No,No,One year,Yes,Credit card (automatic),40.14,633.89,No
CUST-0002486,Female,1,Yes,No,7,Yes,No,DSL,No,No,Yes,No,No,No,Month-to-month,No,Mailed check,36.88,244.97,Yes
CUST-0002487,Male,1,No,No,38,Yes,Yes,No,No internet service,No internet service,No internet service,No internet service,No internet service,No internet service,Month-to-month,Yes,Credit card (automatic),71.49,2667.8,No
CUST-0002488,Female,0,No,Yes,4,Yes,No,DSL,No,Yes,Yes,No,No,No,Two year,Yes,Credit card (automatic),111.98,502.78,Yes
CUST-0002489,Female,1,Yes,No,72,Yes,Yes,DSL,No,No,Yes,No,Yes,No,Month-to-month,No,Credit card (automatic),97.69,6975.07,No
CUST-0002490,Male,0,No,No,3,Yes,Yes,Fiber optic,Yes,No,Yes,No,Yes,No,Two year,Yes,Electronic check,18.25,56.08,No
CUST-0002491,Male,1,No,No,72,Yes,Yes,DSL,No,No,No,No,No,No,Month-to-month,No,Electronic check,93.97,6746.93,No
CUST-0002492,Male,0,No,No,57,Yes,No,Fiber optic,No,No,No,Yes,Yes,No,Month-to-month,Yes,Electronic check,60.29,3453.11,No
CUST-0002493,Female,0,Yes,No,36,Yes,No,Fiber optic,No,No,Yes,No,Yes,Yes,One year,No,Bank transfer (automatic),71.71,2576.87,No
CUST-0002494,Male,0,No,No,72,Yes,Yes,DSL,Yes,No,No,No,No,No,Two year,No,Mailed check,23.16,1667.73,No
CUST-0002495,Female,0,No,Yes,4,Yes,Yes,DSL,No,No,No,No,No,No,Two year,No,Electronic check,38.21,146.54,No
CUST-0002496,Male,0,No,No,6,Yes,No,DSL,No,No,No,No,No,No,Month-to-month,No,Electronic check,118.75,706.43,Yes
CUST-0002497,Female,0,No,No,9,Yes,Yes,DSL,No,Yes,No,No,Yes,No,Month-to-month,Yes,Mailed check,90.35,820.4,No
CUST-0002498,Female,0,No,No,8,Yes,No,DSL,No,Yes,No,Yes,No,Yes,One year,Yes,Bank transfer (automatic),46.55,365.24,No
CUST-0002499,Female,0,Yes,No,11,Yes,Yes,No,No internet service,No internet service,No internet service,No internet service,No internet service,No internet service,Two year,Yes,Bank transfer (automatic),44.68,498.9,No
CUST-0002500,Male,0,No,No,27,Yes,No,DSL,No,No,No,No,No,No,One year,Yes,Electronic check,40.09,1094.97,No
CUST-0002501,Female,0,Yes,No,0,Yes,Yes,DSL,No,No,Yes,Yes,Yes,Yes,Month-to-month,Yes,Credit card (automatic),100.47,,No
CUST-0002502,Female,0,Yes,No,15,Yes,No,DSL,No,Yes,No,No,No,No,Two year,No,Electronic check,55.24,860.1,No
CUST-0002503,Female,0,Yes,Yes,9,Yes,No,Fiber optic,No,No,No,No,Yes,No,Two year,Yes,Credit card (automatic),37.77,336.61,Yes
CUST-0002504,Female,0,Yes,No,29,Yes,No,Fiber optic,No,No,No,No,No,Yes,Two year,Yes,Electronic check,67.65,1960.75,Yes
CUST-0002505,Male,0,Yes,No,72,Yes,No,No,No internet service,No internet service,No internet service,No internet service,No internet service,No internet service,Month-to-month,Yes,Credit card (automatic),53.89,3848.16,No
CUST-0002506,Male,0,No,No,23,Yes,Yes,Fiber optic,Yes,Yes,No,No,No,No,Month-to-month,Yes,Credit card (automatic),63.56,1460.51,Yes
CUST-0002507,Female,1,No,No,17,Yes,No,DSL,No,Yes,No,No,Yes,No,Month-to-month,Yes,Mailed check,41.96,694.0,Yes
CUST-0002508,Male,0,Yes,No,14,Yes,Yes,DSL,No,Yes,Yes,Yes,No,No,Month-to-month,No,Bank transfer (automatic),75.19,1070.31,No
CUST-0002509,Female,1,No,No,49,No,No phone service,DSL,No,No,No,No,No,No,Month-to-month,Yes,Bank transfer (automatic),65.16,3192.81,No
CUST-0002510,Female,0,Yes,Yes,2,Yes,No,No,No internet service,No internet service,No internet service,No internet service,No internet service,No internet service,Month-to-month,Yes,Credit card (automatic),64.04,111.73,No
CUST-0002511,Male,0,Yes,Yes,72,Yes,Yes,Fiber optic,No,Yes,No,No,Yes,Yes,Month-to-month,No,Mailed check,24.06,1735.15,No
CUST-0002512,Female,0,No,Yes,17,Yes,Yes,DSL,No,Yes,No,Yes,Yes,No,Month-to-month,No,Mailed check,93.05,1593.63,No
CUST-0002513,Male,0,No,No,12,Yes,Yes,No,No internet service,No internet service,No internet service,No internet service,No internet service,No internet service,Month-to-month,Yes,Mailed check,62.32,701.5,Yes
CUST-0002514,Female,0,No,Yes,72,Yes,No,No,No internet service,No internet service,No internet service,No internet service,No internet service,No internet service,Month-to-month,No,Electronic check,98.8,7114.41,Yes
CUST-0002515,Female,0,Yes,No,72,No,No phone service,No,No internet service,No internet service,No internet service,No internet service,No internet service,No internet service,Month-to-month,No,Electronic check,92.85,6649.88,No
CUST-0002516,Female,0,No,No,32,Yes,Yes,DSL,Yes,No,Yes,No,Yes,No,Month-to-month,Yes,Credit card (automatic),45.31,1455.46,No
CUST-0002517,Male,0,No,No,0,Yes,No,DSL,Yes,No,No,Yes,No,No,Month-to-month,No,Mailed check,49.71,,No
CUST-0002518,Male,0,No,No,44,Yes,Yes,DSL,No,No,No,No,No,No,Month-to-month,Yes,Bank transfer (automatic),71.69,3161.57,No
CUST-0002519,Female,0,Yes,Yes,13,Yes,Yes,Fiber optic,No,No,No,No,No,Yes,One year,No,Electronic check,100.73,1310.29,No
CUST-0002520,Female,0,No,No,15,Yes,No,Fiber optic,No,Yes,No,No,No,Yes,Month-to-month,No,Bank transfer (automatic),27.46,430.31,No
CUST-0002521,Female,0,No,Yes,5,No,No phone service,No,No internet service,No internet service,No internet service,No internet service,No internet service,No internet service,Two year,No,Mailed check,84.8,418.7,Yes
CUST-0002522,Male,0,No,No,23,Yes,Yes,DSL,No,Yes,No,No,No,Yes,Two year,No,Credit card (automatic),22.07,531.86,No
CUST-0002523,Male,0,Yes,Yes,43,Yes,No,Fiber optic,Yes,No,No,No,No,Yes,Two year,No,Mailed check,35.37,1533.84,No
CUST-0002524,Male,0,No,No,10,Yes,Yes,No,No internet service,No internet service,No internet service,No internet service,No internet service,No internet service,Month-to-month,Yes,Credit card (automatic),44.89,467.38,No
CUST-0002525,Female,1,Yes,No,72,No,No phone service,DSL,No,No,No,No,No,No,Month-to-month,No,Electronic check,25.15,1779.4,No
CUST-0002526,Male,0,No,No,6,Yes,No,DSL,No,Yes,No,Yes,Yes,Yes,Month-to-month,Yes,Mailed check,23.33,147.41,Yes
CUST-0002527,Male,0,Yes,No,2,Yes,No,Fiber optic,No,No,No,No,No,Yes,One year,No,Electronic check,95.18,210.97,No
CUST-0002528,Female,0,Yes,Yes,33,Yes,No,Fiber optic,No,No,Yes,No,Yes,No,Two year,Yes,Electronic check,117.02,3864.22,No
CUST-0002529,Male,0,No,No,60,Yes,No,No,No internet service,No internet service,No internet service,No internet service,No internet service,No internet service,Month-to-month,Yes,Mailed check,112.14,6769.16,Yes
CUST-0002530,Female,0,Yes,No,72,Yes,Yes,No,No internet service,No internet service,No internet service,No internet service,No internet service,No internet service,Two year,Yes,Electronic check,52.01,3752.04,Yes
CUST-0002531,Female,0,Yes,No,46,No,No phone service,No,No internet service,No internet service,No internet service,No internet service,No internet service,No internet service,One year,No,Electronic check,106.22,4875.17,No
CUST-0002532,Female,0,Yes,No,7,Yes,Yes,Fiber optic,No,No,Yes,No,Yes,Yes,One year,No,Credit card (automatic),91.6,640.39,No
CUST-0002533,Male,0,Yes,Yes,72,Yes,No,DSL,Yes,Yes,No,Yes,No,No,One year,Yes,Mailed check,44.9,3271.62,Yes
CUST-0002534,Male,0,No,No,72,Yes,No,No,No internet service,No internet service,No internet service,No internet service,No internet service,No internet service,Month-to-month,Yes,Bank transfer (automatic),61.95,4494.16,No
CUST-0002535,Female,0,No,No,5,Yes,No,No,No internet service,No internet service,No internet service,No internet service,No internet service,No internet service,One year,Yes,Mailed check,96.03,460.56,No
CUST-0002536,Female,0,No,No,26,Yes,No,Fiber optic,Yes,No,Yes,Yes,No,No,Month-to-month,No,Bank transfer (automatic),59.57,1531.09,No
CUST-0002537,Female,0,Yes,No,25,Yes,Yes,DSL,No,No,No,No,No,No,Two year,Yes,Electronic check,52.18,1334.75,No
CUST-0002538,Male,0,No,No,18,Yes,No,Fiber optic,No,No,No,Yes,No,Yes,Month-to-month,Yes,Electronic check,33.42,600.29,No
CUST-0002539,Female,0,No,Yes,72,Yes,Yes,No,No internet service,No internet service,No internet service,No internet service,No internet service,No internet service,Month-to-month,Yes,Mailed check,81.6,5879.99,No
CUST-0002540,Female,0,No,Yes,1,Yes,No,DSL,No,Yes,No,Yes,No,No,One year,Yes,Bank transfer (automatic),75.65,77.49,No
CUST-0002541,Female,0,No,No,31,Yes,No,Fiber optic,Yes,Yes,Yes,No,No,Yes,One year,No,Credit card (automatic),66.35,2066.88,Yes
CUST-0002542,Female,1,No,No,7,Yes,Yes,No,No internet service,No internet service,No internet service,No internet service,No internet service,No internet service,Month-to-month,No,Bank transfer (automatic),67.16,482.54,Yes
CUST-0002543,Female,0,No,No,23,Yes,No,No,No internet service,No internet service,No internet service,No internet service,No internet service,No internet service,Month-to-month,Yes,Credit card (automatic),18.25,408.68,Yes
CUST-0002544,Female,0,Yes,No,48,Yes,No,Fiber optic,Yes,No,No,No,No,Yes,Month-to-month,Yes,Bank transfer (automatic),97.12,4677.05,No
CUST-0002545,Male,0,Yes,No,9,Yes,No,No,No internet service,No internet service,No internet service,No internet service,No internet service,No internet service,Month-to-month,Yes,Credit card (automatic),57.06,524.49,No
CUST-0002546,Male,0,No,No,15,Yes,Yes,DSL,No,Yes,No,No,No,Yes,One year,Yes,Bank transfer (automatic),64.5,1021.84,No
CUST-0002547,Male,0,No,No,72,Yes,No,DSL,Yes,No,No,No,No,No,Month-to-month,No,Bank transfer (automatic),103.88,7497.04,No
CUST-0002548,Male,0,Yes,Yes,45,Yes,No,DSL,Yes,Yes,Yes,Yes,No,No,Two year,Yes,Electronic check,38.63,1766.56,No
CUST-0002549,Male,0,Yes,No,27,Yes,No,DSL,No,No,No,Yes,No,Yes,One year,Yes,Electronic check,58.67,1580.36,Yes
CUST-0002550,Male,0,No,No,8,Yes,Yes,Fiber optic,Yes,No,Yes,No,Yes,No,Month-to-month,Yes,Electronic check,65.28,547.43,No
CUST-0002551,Male,0,No,Yes,17,Yes,No,DSL,No,No,Yes,No,No,No,Month-to-month,Yes,Electronic check,91.83,1591.39,No
CUST-0002552,Male,0,Yes,No,47,No,No phone service,Fiber optic,No,No,No,Yes,No,No,Month-to-month,Yes,Electronic check,58.45,2751.71,No
CUST-0002553,Female,0,Yes,No,54,Yes,No,Fiber optic,No,No,No,No,No,Yes,Month-to-month,Yes,Electronic check,118.75,6430.12,No
CUST-0002554,Female,0,No,No,8,Yes,Yes,Fiber optic,Yes,Yes,Yes,No,Yes,No,Month-to-month,No,Electronic check,18.25,143.97,Yes
CUST-0002555,Male,0,No,No,34,Yes,Yes,DSL,Yes,Yes,No,Yes,Yes,Yes,Month-to-month,Yes,Electronic check,59.61,1991.2,No
CUST-0002556,Female,0,Yes,Yes,3,Yes,No,DSL,No,No,No,No,Yes,Yes,Month-to-month,Yes,Mailed check,62.42,203.58,No
CUST-0002557,Female,0,No,Yes,0,Yes,No,DSL,No,No,No,No,No,Yes,One year,Yes,Electronic check,96.75,,No
CUST-0002558,Male,0,No,Yes,25,Yes,No,DSL,No,No,No,No,No,No,Two year,Yes,Electronic check,62.78,1596.87,No
CUST-0002559,Male,0,No,No,8,Yes,Yes,DSL,No,No,No,No,No,Yes,Month-to-month,No,Credit card (automatic),86.04,691.06,Yes
CUST-0002560,Male,0,No,Yes,2,Yes,Yes,DSL,No,Yes,No,No,No,Yes,Month-to-month,No,Electronic check,41.51,89.08,No
CUST-0002561,Female,0,No,No,41,No,No phone service,Fiber optic,No,No,Yes,Yes,No,No,Two year,No,Electronic check,72.27,2966.34,Yes
CUST-0002562,Female,0,Yes,No,22,Yes,Yes,DSL,Yes,No,No,Yes,Yes,No,One year,Yes,Credit card (automatic),118.75,2564.58,No
CUST-0002563,Male,0,Yes,Yes,50,Yes,No,Fiber optic,No,No,Yes,No,Yes,No,Month-to-month,No,Electronic check,30.91,1545.58,Yes
CUST-0002564,Male,0,Yes,No,34,Yes,Yes,DSL,No,No,Yes,Yes,No,No,Month-to-month,Yes,Mailed check,40.18,1383.68,No
CUST-0002565,Male,0,Yes,No,41,Yes,No,No,No internet service,No internet service,No internet service,No internet service,No internet service,No internet service,Month-to-month,No,Credit card (automatic),81.03,3324.45,Yes
CUST-0002566,Male,0,Yes,No,11,Yes,No,DSL,Yes,No,Yes,No,Yes,Yes,One year,No,Mailed check,114.99,1271.01,No
CUST-0002567,Male,0,Yes,No,9,Yes,Yes,Fiber optic,No,No,Yes,No,Yes,Yes,Month-to-month,Yes,Credit card (automatic),71.77,667.42,Yes
CUST-0002568,Male,0,No,No,29,Yes,No,Fiber optic,No,No,Yes,No,Yes,No,Two year,Yes,Bank transfer (automatic),72.71,2111.63,No
CUST-0002569,Female,0,No,No,7,Yes,No,Fiber optic,No,Yes,Yes,No,No,Yes,Month-to-month,Yes,Bank transfer (automatic),49.54,352.62,No
CUST-0002570,Female,1,No,No,54,Yes,No,Fiber optic,No,Yes,No,Yes,Yes,Yes,Two year,Yes,Bank transfer (automatic),47.49,2537.76,No
CUST-0002571,Male,0,No,Yes,23,Yes,No,Fiber optic,Yes,No,No,Yes,Yes,No,Two year,No,Electronic check,60.1,1369.67,No
CUST-0002572,Female,1,Yes,No,8,Yes,Yes,Fiber optic,No,Yes,No,No,No,Yes,One year,No,Electronic check,81.21,675.85,No
CUST-0002573,Male,1,Yes,No,31,Yes,No,Fiber optic,No,No,No,No,Yes,Yes,Month-to-month,Yes,Credit card (automatic),18.25,578.85,No
CUST-0002574,Male,0,Yes,No,72,Yes,Yes,DSL,No,Yes,Yes,No,No,No,Month-to-month,No,Credit card (automatic),105.63,7627.08,No
CUST-0002575,Male,1,No,Yes,2,Yes,No,DSL,No,No,No,No,No,No,Month-to-month,Yes,Electronic check,118.75,268.88,Yes
CUST-0002576,Female,0,Yes,No,3,Yes,No,No,No internet service,No internet service,No internet service,No internet service,No internet service,No internet service,Month-to-month,Yes,Mailed check,85.17,259.35,No
CUST-0002577,Female,0,No,No,59,Yes,No,Fiber optic,No,Yes,No,No,Yes,Yes,One year,Yes,Electronic check,21.94,1278.37,No
CUST-0002578,Female,0,No,Yes,3,Yes,Yes,Fiber optic,Yes,No,Yes,No,No,No,Two year,Yes,Electronic check,30.19,79.88,No
CUST-0002579,Male,0,Yes,No,1,Yes,Yes,DSL,No,No,Yes,No,No,Yes,One year,Yes,Mailed check,75.59,68.53,No
CUST-0002580,Female,0,Yes,Yes,13,Yes,Yes,No,No internet service,No internet service,No internet service,No internet service,No internet service,No internet service,One year,No,Bank transfer (automatic),96.62,1259.2,No
CUST-0002581,Male,0,No,Yes,20,Yes,Yes,DSL,Yes,Yes,Yes,Yes,No,Yes,Month-to-month,No,Mailed check,77.28,1529.62,No
CUST-0002582,Female,0,No,No,26,Yes,No,DSL,No,No,No,No,No,No,One year,No,Credit card (automatic),50.54,1297.12,No
CUST-0002583,Male,0,No,No,22,Yes,No,Fiber optic,No,No,No,No,No,Yes,Month-to-month,No,Electronic check,60.54,1364.86,Yes
CUST-0002584,Male,0,Yes,No,72,Yes,Yes,Fiber optic,Yes,No,No,Yes,No,Yes,Two year,Yes,Credit card (automatic),91.94,6635.53,No
CUST-0002585,Female,1,No,No,46,Yes,Yes,No,No internet service,No internet service,No internet service,No internet service,No internet service,No internet service,Month-to-month,Yes,Mailed check,18.25,871.08,No
CUST-0002586,Female,0,Yes,No,72,Yes,Yes,DSL,No,No,Yes,No,No,No,Month-to-month,Yes,Mailed check,67.52,4844.08,No
CUST-0002587,Male,0,No,No,20,Yes,No,Fiber optic,No,Yes,No,No,Yes,No,Month-to-month,Yes,Mailed check,68.12,1378.2,Yes
CUST-0002588,Female,0,No,No,2,No,No phone service,DSL,No,No,No,No,Yes,Yes,One year,No,Electronic check,29.17,94.07,No
CUST-0002589,Male,0,No,Yes,72,Yes,Yes,Fiber optic,No,Yes,Yes,No,Yes,No,One year,No,Electronic check,100.41,7226.04,Yes
CUST-0002590,Female,0,Yes,No,0,Yes,No,Fiber optic,Yes,No,Yes,No,No,Yes,Month-to-month,Yes,Mailed check,53.39,,Yes
CUST-0002591,Female,0,No,Yes,47,Yes,No,Fiber optic,No,Yes,No,No,Yes,No,Two year,Yes,Bank transfer (automatic),82.72,3900.24,No
CUST-0002592,Female,0,Yes,No,1,Yes,Yes,DSL,Yes,No,No,Yes,Yes,No,Month-to-month,No,Electronic check,64.13,77.88,No
CUST-0002593,Female,0,Yes,Yes,45,Yes,No,Fiber optic,No,No,Yes,No,No,No,Month-to-month,Yes,Mailed check,38.63,1740.2,No
CUST-0002594,Female,1,Yes,Yes,72,Yes,No,Fiber optic,No,Yes,No,No,No,No,One year,Yes,Electronic check,87.79,6330.39,Yes
CUST-0002595,Male,0,No,No,15,No,No phone service,Fiber optic,No,No,Yes,Yes,No,Yes,One year,No,Electronic check,114.68,1759.92,No
CUST-0002596,Female,0,No,No,8,Yes,No,Fiber optic,No,No,No,Yes,Yes,Yes,Month-to-month,No,Credit card (automatic),21.64,184.3,Yes
CUST-0002597,Male,0,Yes,No,8,Yes,Yes,Fiber optic,No,Yes,No,Yes,No,No,One year,No,Electronic check,65.48,559.57,No
CUST-0002598,Male,0,No,No,21,No,No phone service,No,No internet service,No internet service,No internet service,No internet service,No internet service,No internet service,Two year,No,Electronic check,31.11,638.99,No
CUST-0002599,Male,0,Yes,Yes,5,Yes,Yes,Fiber optic,Yes,No,No,No,No,Yes,Month-to-month,Yes,Mailed check,59.54,265.4,No
CUST-0002600,Male,0,Yes,No,35,Yes,No,No,No internet service,No internet service,No internet service,No internet service,No internet service,No internet service,Month-to-month,Yes,Mailed check,70.54,2475.23,No
CUST-0002601,Female,0,Yes,No,14,Yes,Yes,DSL,No,Yes,No,Yes,No,No,Month-to-month,Yes,Credit card (automatic),64.51,926.84,No
CUST-0002602,Male,0,No,No,12,Yes,No,DSL,No,No,Yes,No,No,Yes,One year,Yes,Mailed check,38.89,447.48,Yes
CUST-0002603,Female,0,No,No,19,Yes,Yes,Fiber optic,No,No,No,Yes,No,No,One year,No,Credit card (automatic),74.54,1412.65,Yes
CUST-0002604,Male,0,No,No,25,Yes,No,DSL,Yes,No,No,No,No,No,Two year,No,Electronic check,83.65,2124.12,No
CUST-0002605,Male,0,No,No,4,Yes,Yes,Fiber optic,No,No,No,No,No,Yes,One year,Yes,Credit card (automatic),27.49,137.03,No
CUST-0002606,Female,0,Yes,No,39,Yes,Yes,DSL,Yes,No,No,No,Yes,No,Month-to-month,No,Electronic check,73.23,2852.46,No
CUST-0002607,Male,0,No,No,68,Yes,No,No,No internet service,No internet service,No internet service,No internet service,No internet service,No internet service,Two year,No,Credit card (automatic),89.8,6116.99,Yes
CUST-0002608,Male,0,Yes,No,10,Yes,No,Fiber optic,Yes,Yes,No,Yes,Yes,No,Month-to-month,Yes,Credit card (automatic),99.65,1016.97,Yes
CUST-0002609,Female,0,No,No,6,Yes,Yes,Fiber optic,No,Yes,Yes,Yes,No,Yes,One year,Yes,Credit card (automatic),58.65,362.47,No
CUST-0002610,Male,0,No,No,45,Yes,Yes,No,No internet service,No internet service,No internet service,No internet service,No internet service,No internet service,Month-to-month,Yes,Credit card (automatic),18.25,855.09,Yes
CUST-0002611,Female,0,No,No,6,Yes,No,DSL,No,No,No,No,No,No,Two year,Yes,Mailed check,50.63,293.74,No
CUST-0002612,Male,0,Yes,No,1,Yes,Yes,No,No internet service,No internet service,No internet service,No internet service,No internet service,No internet service,One year,No,Credit card (automatic),118.75,130.42,Yes
CUST-0002613,Male,0,No,Yes,30,Yes,No,Fiber optic,Yes,No,No,No,No,No,Month-to-month,Yes,Electronic check,18.25,566.29,No
CUST-0002614,Female,1,Yes,No,8,Yes,Yes,DSL,Yes,No,No,Yes,Yes,Yes,Two year,Yes,Electronic check,24.45,171.57,Yes
CUST-0002615,Male,0,No,Yes,6,Yes,No,No,No internet service,No internet service,No internet service,No internet service,No internet service,No internet service,Two year,No,Electronic check,58.99,336.08,Yes
CUST-0002616,Male,0,Yes,Yes,72,Yes,No,Fiber optic,No,Yes,Yes,No,Yes,No,Month-to-month,No,Mailed check,39.31,2833.66,Yes
CUST-0002617,Male,0,Yes,Yes,11,Yes,Yes,Fiber optic,No,Yes,No,No,No,No,One year,Yes,Electronic check,39.32,457.91,No
CUST-0002618,Male,0,No,Yes,72,Yes,No,No,No internet service,No internet service,No internet service,No internet service,No internet service,No internet service,Month-to-month,Yes,Credit card (automatic),34.48,2494.24,No
CUST-0002619,Female,0,No,No,6,Yes,No,No,No internet service,No internet service,No internet service,No internet service,No internet service,No internet service,Two year,Yes,Electronic check,38.47,223.0,Yes
CUST-0002620,Male,0,Yes,No,54,No,No phone service,No,No internet service,No internet service,No internet service,No internet service,No internet service,No internet service,Two year,Yes,Credit card (automatic),46.42,2506.12,No
CUST-0002621,Female,0,No,No,22,Yes,Yes,Fiber optic,Yes,No,No,Yes,No,Yes,Month-to-month,Yes,Electronic check,83.66,1867.54,Yes
CUST-0002622,Female,0,No,No,2,Yes,Yes,Fiber optic,Yes,No,No,Yes,Yes,Yes,Month-to-month,No,Electronic check,118.75,249.63,No
CUST-0002623,Male,0,No,Yes,42,Yes,No,DSL,No,No,No,Yes,No,No,Month-to-month,No,Bank transfer (automatic),82.39,3468.99,No
CUST-0002624,Female,0,Yes,No,71,Yes,Yes,No,No internet service,No internet service,No internet service,No internet service,No internet service,No internet service,Two year,Yes,Electronic check,72.79,5170.2,Yes
CUST-0002625,Male,0,No,No,5,Yes,No,DSL,No,No,Yes,No,Yes,Yes,Two year,Yes,Bank transfer (automatic),95.91,478.61,Yes
CUST-0002626,Female,0,Yes,Yes,41,Yes,No,Fiber optic,No,No,No,Yes,Yes,No,Month-to-month,Yes,Credit card (automatic),75.31,3081.48,Yes
CUST-0002627,Male,0,No,Yes,18,No,No phone service,No,No internet service,No internet service,No internet service,No internet service,No internet service,No internet service,Month-to-month,No,Electronic check,107.87,1965.28,No
CUST-0002628,Female,0,No,No,44,Yes,No,No,No internet service,No internet service,No internet service,No internet service,No internet service,No internet service,Month-to-month,Yes,Credit card (automatic),76.18,3344.77,No
CUST-0002629,Male,0,No,Yes,40,Yes,No,No,No internet service,No internet service,No internet service,No internet service,No internet service,No internet service,Month-to-month,Yes,Credit card (automatic),18.25,757.89,Yes
CUST-0002630,Male,0,No,No,0,Yes,No,Fiber optic,No,Yes,Yes,No,Yes,Yes,One year,No,Electronic check,89.48,,Yes
CUST-0002631,Female,0,Yes,Yes,6,Yes,No,DSL,No,No,No,No,No,Yes,One year,No,Bank transfer (automatic),57.05,333.78,No
CUST-0002632,Female,0,Yes,Yes,20,Yes,Yes,No,No internet service,No internet service,No internet service,No internet service,No internet service,No internet service,Month-to-month,Yes,Electronic check,65.2,1366.24,No
CUST-0002633,Male,0,Yes,Yes,72,Yes,No,Fiber optic,No,No,No,No,No,No,One year,No,Credit card (automatic),32.06,2332.78,No
CUST-0002634,Male,1,Yes,No,13,Yes,No,No,No internet service,No internet service,No internet service,No internet service,No internet service,No internet service,Month-to-month,No,Mailed check,91.26,1164.36,No
CUST-0002635,Female,0,Yes,Yes,31,Yes,No,Fiber optic,No,No,Yes,No,No,Yes,Month-to-month,Yes,Electronic check,40.29,1269.24,Yes
CUST-0002636,Female,0,Yes,Yes,0,Yes,No,No,No internet service,No internet service,No internet service,No internet service,No internet service,No internet service,Month-to-month,Yes,Mailed check,40.53,,Yes
CUST-0002637,Female,0,No,No,39,Yes,No,Fiber optic,No,No,Yes,No,Yes,Yes,Two year,Yes,Electronic check,97.26,3809.34,No
CUST-0002638,Female,0,No,No,29,Yes,Yes,No,No internet service,No internet service,No internet service,No internet service,No internet service,No internet service,Two year,Yes,Credit card (automatic),26.99,780.73,No
CUST-0002639,Female,0,No,No,40,Yes,No,DSL,Yes,No,No,No,Yes,No,Month-to-month,Yes,Electronic check,104.39,4162.11,No
CUST-0002640,Female,0,No,No,72,Yes,No,No,No internet service,No internet service,No internet service,No internet service,No internet service,No internet service,One year,Yes,Electronic check,116.11,8384.14,No
CUST-0002641,Male,0,Yes,No,5,Yes,No,DSL,No,Yes,No,No,No,No,Two year,No,Electronic check,96.48,482.9,No
CUST-0002642,Male,0,Yes,Yes,9,Yes,No,DSL,No,No,Yes,No,Yes,No,Month-to-month,Yes,Electronic check,39.68,333.63,Yes
CUST-0002643,Female,0,No,No,72,Yes,Yes,Fiber optic,No,No,No,Yes,No,No,Month-to-month,Yes,Mailed check,65.22,4688.32,No
CUST-0002644,Female,0,No,No,5,No,No phone service,Fiber optic,Yes,No,Yes,Yes,No,No,Month-to-month,Yes,Bank transfer (automatic),66.65,304.98,No
CUST-0002645,Male,0,No,No,40,Yes,Yes,Fiber optic,No,Yes,Yes,Yes,No,Yes,Month-to-month,No,Mailed check,25.89,1019.07,No
CUST-0002646,Male,0,Yes,No,41,Yes,Yes,DSL,Yes,No,No,No,No,No,Month-to-month,Yes,Bank transfer (automatic),68.8,2840.64,No
CUST-0002647,Female,0,Yes,Yes,36,Yes,Yes,Fiber optic,No,Yes,No,No,No,Yes,Two year,Yes,Bank transfer (automatic),18.25,657.47,No
CUST-0002648,Male,1,No,No,8,Yes,Yes,No,No internet service,No internet service,No internet service,No internet service,No internet service,No internet service,Month-to-month,No,Bank transfer (automatic),61.18,515.89,Yes
CUST-0002649,Male,0,No,No,7,Yes,Yes,Fiber optic,No,Yes,No,No,Yes,No,Two year,Yes,Bank transfer (automatic),65.45,442.12,No
CUST-0002650,Male,0,No,No,35,Yes,Yes,Fiber optic,Yes,No,No,No,Yes,No,Month-to-month,No,Credit card (automatic),67.79,2347.94,Yes
CUST-0002651,Male,1,No,No,6,Yes,Yes,Fiber optic,No,Yes,No,No,No,No,One year,No,Electronic check,101.48,621.26,No
CUST-0002652,Male,0,No,No,34,Yes,Yes,No,No internet service,No internet service,No internet service,No internet service,No internet service,No internet service,Month-to-month,Yes,Credit card (automatic),39.47,1321.35,No
CUST-0002653,Male,0,No,Yes,21,No,No phone service,No,No internet service,No internet service,No internet service,No internet service,No internet service,No internet service,Two year,Yes,Mailed check,68.82,1432.38,No
CUST-0002654,Male,0,No,No,15,Yes,Yes,DSL,No,No,No,No,Yes,Yes,Month-to-month,Yes,Electronic check,61.89,917.99,No
CUST-0002655,Female,0,No,No,11,Yes,No,DSL,Yes,Yes,No,No,Yes,No,Month-to-month,No,Credit card (automatic),118.75,1313.45,No
CUST-0002656,Male,0,No,Yes,72,Yes,Yes,DSL,No,Yes,No,No,No,No,Two year,No,Bank transfer (automatic),18.25,1289.65,No
CUST-0002657,Female,0,No,No,22,Yes,No,Fiber optic,No,No,Yes,Yes,Yes,Yes,Month-to-month,Yes,Electronic check,45.11,998.24,No
CUST-0002658,Female,0,No,No,26,Yes,Yes,Fiber optic,No,No,No,No,Yes,No,Month-to-month,Yes,Electronic check,97.68,2566.39,No
CUST-0002659,Male,0,Yes,No,72,Yes,Yes,Fiber optic,Yes,Yes,No,No,No,Yes,Two year,Yes,Credit card (automatic),18.25,1308.89,No
CUST-0002660,Female,0,No,Yes,33,Yes,No,Fiber optic,No,Yes,Yes,Yes,Yes,No,One year,No,Mailed check,106.95,3520.22,No
CUST-0002661,Male,0,No,No,72,Yes,No,Fiber optic,No,Yes,No,No,Yes,No,One year,No,Electronic check,65.24,4709.0,No
CUST-0002662,Female,0,Yes,Yes,3,Yes,Yes,DSL,No,No,No,Yes,Yes,Yes,Month-to-month,No,Electronic check,57.96,176.27,No
CUST-0002663,Male,0,No,No,59,Yes,Yes,Fiber optic,Yes,No,No,Yes,No,No,Month-to-month,Yes,Mailed check,18.25,1079.48,No
CUST-0002664,Female,0,Yes,No,13,Yes,No,DSL,No,No,No,Yes,No,No,One year,Yes,Credit card (automatic),74.2,984.9,No
CUST-0002665,Female,0,No,No,53,Yes,Yes,No,No internet service,No internet service,No internet service,No internet service,No internet service,No internet service,Month-to-month,No,Electronic check,76.57,4067.67,No
CUST-0002666,Male,0,No,Yes,61,Yes,Yes,Fiber optic,No,No,No,No,No,No,Month-to-month,Yes,Electronic check,18.25,1108.93,No
CUST-0002667,Male,0,Yes,No,10,Yes,No,Fiber optic,No,No,No,No,No,Yes,Month-to-month,No,Mailed check,66.12,651.01,Yes
CUST-0002668,Female,0,Yes,No,16,Yes,No,DSL,Yes,No,Yes,Yes,Yes,No,One year,Yes,Electronic check,77.65,1261.34,No
CUST-0002669,Female,1,No,No,41,Yes,Yes,Fiber optic,No,No,Yes,Yes,Yes,No,One year,Yes,Credit card (automatic),57.71,2351.89,No
CUST-0002670,Male,0,No,No,3,Yes,No,Fiber optic,No,Yes,No,No,Yes,Yes,One year,No,Mailed check,102.23,315.75,Yes
CUST-0002671,Female,0,Yes,No,45,Yes,No,DSL,No,Yes,Yes,No,No,Yes,Month-to-month,No,Mailed check,64.46,2906.53,No
CUST-0002672,Male,0,No,No,3,Yes,Yes,Fiber optic,No,Yes,Yes,Yes,No,No,Month-to-month,Yes,Electronic check,64.05,187.61,No
CUST-0002673,Female,0,No,No,72,Yes,No,DSL,No,No,No,No,No,No,Month-to-month,No,Credit card (automatic),72.58,5189.1,No
CUST-0002674,Male,0,No,No,10,Yes,No,Fiber optic,Yes,No,No,No,Yes,Yes,One year,Yes,Mailed check,18.25,209.67,No
CUST-0002675,Female,0,Yes,No,27,Yes,No,Fiber optic,Yes,Yes,Yes,Yes,Yes,No,Month-to-month,Yes,Bank transfer (automatic),52.22,1368.21,No
CUST-0002676,Male,0,No,No,3,Yes,No,Fiber optic,No,Yes,No,No,No,No,Two year,Yes,Electronic check,18.25,8.27,Yes
CUST-0002677,Male,0,Yes,No,10,Yes,Yes,Fiber optic,No,No,No,Yes,Yes,Yes,Month-to-month,Yes,Electronic check,32.66,340.22,Yes
CUST-0002678,Male,0,No,No,16,No,No phone service,DSL,Yes,No,No,No,No,No,One year,Yes,Mailed check,54.67,890.05,No
CUST-0002679,Male,0,No,Yes,21,Yes,No,DSL,Yes,No,No,No,Yes,Yes,Two year,No,Electronic check,36.33,746.3,No
CUST-0002680,Female,0,Yes,No,0,Yes,Yes,DSL,No,No,No,No,Yes,No,One year,No,Mailed check,101.35,,No
CUST-0002681,Male,0,No,Yes,70,Yes,No,DSL,No,No,Yes,No,Yes,Yes,Month-to-month,No,Credit card (automatic),49.36,3433.61,No
CUST-0002682,Female,0,Yes,No,0,Yes,No,Fiber optic,Yes,No,No,No,No,No,Month-to-month,Yes,Mailed check,57.98,,No
CUST-0002683,Male,1,No,No,47,Yes,No,Fiber optic,No,No,No,No,No,No,One year,Yes,Electronic check,71.43,3376.11,Yes
CUST-0002684,Male,0,No,No,20,Yes,No,Fiber optic,No,No,Yes,No,Yes,No,One year,No,Bank transfer (automatic),81.67,1644.18,No
CUST-0002685,Male,0,No,No,23,Yes,No,No,No internet service,No internet service,No internet service,No internet service,No internet service,No internet service,Month-to-month,No,Electronic check,90.73,2115.55,No
CUST-0002686,Male,0,No,Yes,7,No,No phone service,Fiber optic,No,No,No,No,No,No,Month-to-month,Yes,Credit card (automatic),96.13,657.46,No
CUST-0002687,Male,0,No,No,29,Yes,No,Fiber optic,No,Yes,No,No,Yes,Yes,Month-to-month,No,Electronic check,18.25,519.87,No
CUST-0002688,Male,0,No,No,24,Yes,Yes,DSL,No,No,No,No,No,Yes,One year,Yes,Credit card (automatic),91.29,2181.7,No
CUST-0002689,Male,0,No,No,5,Yes,Yes,Fiber optic,No,No,No,No,No,No,Two year,No,Electronic check,96.09,506.25,Yes
CUST-0002690,Male,0,Yes,No,8,Yes,No,DSL,Yes,No,No,No,No,No,Two year,Yes,Credit card (automatic),118.75,952.27,No
CUST-0002691,Female,0,No,No,2,Yes,No,Fiber optic,Yes,Yes,No,No,No,No,Month-to-month,Yes,Electronic check,63.92,115.27,Yes
CUST-0002692,Female,0,No,No,2,No,No phone service,No,No internet service,No internet service,No internet service,No internet service,No internet service,No internet service,Month-to-month,No,Credit card (automatic),67.19,107.08,No
CUST-0002693,Male,0,Yes,No,0,Yes,No,Fiber optic,No,No,No,No,No,No,Month-to-month,Yes,Mailed check,83.83,,No
CUST-0002694,Male,0,Yes,No,7,No,No phone service,DSL,No,Yes,Yes,No,No,Yes,Month-to-month,Yes,Mailed check,118.75,857.56,No
CUST-0002695,Female,0,Yes,No,36,Yes,Yes,No,No internet service,No internet service,No internet service,No internet service,No internet service,No internet service,Two year,No,Credit card (automatic),66.74,2413.66,No
CUST-0002696,Female,0,Yes,Yes,12,Yes,No,DSL,No,Yes,No,Yes,Yes,No,Month-to-month,Yes,Credit card (automatic),62.91,786.54,No
CUST-0002697,Female,0,Yes,No,13,Yes,No,No,No internet service,No internet service,No internet service,No internet service,No internet service,No internet service,Two year,Yes,Bank transfer (automatic),78.66,1028.7,No
CUST-0002698,Male,0,No,No,4,Yes,Yes,No,No internet service,No internet service,No internet service,No internet service,No internet service,No internet service,One year,Yes,Credit card (automatic),25.81,101.49,No
CUST-0002699,Female,0,No,No,27,Yes,Yes,Fiber optic,No,Yes,No,No,Yes,No,One year,Yes,Credit card (automatic),94.28,2554.7,Yes
CUST-0002700,Female,1,No,No,13,Yes,Yes,DSL,No,No,No,No,Yes,Yes,Month-to-month,No,Mailed check,52.39,719.37,No
CUST-0002701,Female,0,Yes,No,36,Yes,No,No,No internet service,No internet service,No internet service,No internet service,No internet service,No internet service,Two year,No,Credit card (automatic),63.46,2272.31,No
CUST-0002702,Female,0,No,No,43,Yes,No,Fiber optic,No,Yes,No,No,No,No,Month-to-month,Yes,Mailed check,65.91,2839.18,Yes
CUST-0002703,Male,0,No,Yes,28,Yes,Yes,DSL,No,No,No,No,No,Yes,Two year,No,Credit card (automatic),118.75,3302.45,Yes
CUST-0002704,Male,0,No,No,10,Yes,Yes,Fiber optic,Yes,No,No,Yes,No,Yes,One year,Yes,Mailed check,51.99,482.46,No
CUST-0002705,Female,0,No,Yes,22,Yes,Yes,Fiber optic,Yes,Yes,No,No,No,No,Month-to-month,Yes,Bank transfer (automatic),101.97,2251.85,No
CUST-0002706,Female,0,Yes,Yes,9,Yes,Yes,DSL,Yes,No,No,No,Yes,No,One year,Yes,Bank transfer (automatic),18.25,174.02,No
CUST-0002707,Male,1,No,No,72,Yes,Yes,DSL,Yes,Yes,No,No,No,No,One year,Yes,Bank transfer (automatic),86.45,6225.98,Yes
CUST-0002708,Male,0,No,No,46,Yes,Yes,DSL,No,No,Yes,No,No,Yes,Two year,Yes,Electronic check,100.58,4619.4,No
CUST-0002709,Male,0,Yes,No,21,Yes,No,DSL,No,No,Yes,Yes,Yes,No,Month-to-month,No,Credit card (automatic),91.4,1938.15,Yes
CUST-0002710,Male,0,Yes,No,72,No,No phone service,DSL,Yes,No,No,No,Yes,Yes,Month-to-month,No,Credit card (automatic),41.44,2980.85,No
CUST-0002711,Female,0,Yes,No,25,Yes,No,DSL,No,No,No,No,No,No,Two year,Yes,Bank transfer (automatic),81.97,2058.04,No
CUST-0002712,Female,0,Yes,No,12,Yes,Yes,DSL,Yes,Yes,No,Yes,Yes,Yes,Two year,No,Electronic check,90.14,1117.28,No
CUST-0002713,Male,0,Yes,Yes,3,Yes,No,DSL,No,No,No,Yes,No,Yes,Month-to-month,No,Bank transfer (automatic),51.42,168.32,Yes
CUST-0002714,Male,0,No,No,25,Yes,No,No,No internet service,No internet service,No internet service,No internet service,No internet service,No internet service,Month-to-month,No,Mailed check,37.43,957.44,No
CUST-0002715,Male,1,No,No,63,Yes,Yes,Fiber optic,Yes,No,No,No,Yes,No,Month-to-month,Yes,Electronic check,86.28,5442.49,Yes
CUST-0002716,Male,0,No,No,64,Yes,Yes,Fiber optic,No,Yes,No,No,Yes,Yes,Month-to-month,No,Credit card (automatic),42.28,2666.04,Yes
CUST-0002717,Female,0,No,No,29,No,No phone service,Fiber optic,No,Yes,No,No,No,Yes,Month-to-month,Yes,Bank transfer (automatic),72.08,2111.08,No
CUST-0002718,Female,1,No,No,15,No,No phone service,DSL,Yes,No,No,Yes,Yes,Yes,Month-to-month,Yes,Credit card (automatic),90.46,1371.5,No
CUST-0002719,Female,0,No,No,33,Yes,Yes,No,No internet service,No internet service,No internet service,No internet service,No internet service,No internet service,Two year,Yes,Bank transfer (automatic),26.98,891.87,No
CUST-0002720,Male,1,No,No,45,Yes,No,Fiber optic,Yes,No,No,Yes,No,No,One year,Yes,Electronic check,57.26,2556.32,No
CUST-0002721,Female,1,Yes,No,16,Yes,No,Fiber optic,No,Yes,No,No,No,Yes,Month-to-month,No,Mailed check,42.9,705.9,Yes
CUST-0002722,Female,1,No,No,20,Yes,Yes,No,No internet service,No internet service,No internet service,No internet service,No internet service,No internet service,Two year,No,Credit card (automatic),71.01,1421.31,No
CUST-0002723,Female,0,No,Yes,36,Yes,No,Fiber optic,Yes,No,Yes,Yes,No,No,Two year,Yes,Electronic check,75.98,2730.16,No
CUST-0002724,Male,0,Yes,No,66,Yes,Yes,DSL,No,No,Yes,No,No,No,Month-to-month,No,Electronic check,67.07,4426.86,Yes
CUST-0002725,Male,0,No,No,50,Yes,Yes,No,No internet service,No internet service,No internet service,No internet service,No internet service,No internet service,Month-to-month,No,Electronic check,96.7,4811.36,Yes
CUST-0002726,Male,1,No,Yes,0,Yes,No,No,No internet service,No internet service,No internet service,No internet service,No internet service,No internet service,Month-to-month,Yes,Electronic check,73.09,,No
CUST-0002727,Male,0,No,No,4,Yes,Yes,No,No internet service,No internet service,No internet service,No internet service,No internet service,No internet service,One year,Yes,Mailed check,60.38,236.33,No
CUST-0002728,Male,0,Yes,No,61,Yes,No,DSL,No,Yes,No,No,No,Yes,One year,Yes,Bank transfer (automatic),69.43,4240.07,No
CUST-0002729,Male,0,No,No,57,Yes,No,No,No internet service,No internet service,No internet service,No internet service,No internet service,No internet service,Month-to-month,Yes,Credit card (automatic),76.82,4360.84,No
CUST-0002730,Male,0,Yes,Yes,15,Yes,No,Fiber optic,No,No,No,No,No,Yes,Month-to-month,No,Bank transfer (automatic),118.75,1816.76,No
CUST-0002731,Female,0,Yes,Yes,28,Yes,Yes,Fiber optic,No,No,Yes,No,Yes,No,Month-to-month,Yes,Mailed check,76.9,2156.23,No
CUST-0002732,Male,0,Yes,Yes,72,Yes,No,DSL,No,Yes,Yes,Yes,No,Yes,Month-to-month,No,Mailed check,31.17,2236.68,No
CUST-0002733,Male,0,No,No,72,Yes,No,DSL,No,No,Yes,Yes,No,Yes,One year,Yes,Electronic check,50.2,3585.3,No
CUST-0002734,Female,0,No,No,48,Yes,No,DSL,No,Yes,No,No,Yes,Yes,Two year,No,Electronic check,39.31,1891.37,No
CUST-0002735,Female,1,Yes,Yes,7,Yes,No,Fiber optic,No,No,Yes,No,Yes,No,Month-to-month,Yes,Bank transfer (automatic),48.2,335.63,No
CUST-0002736,Female,0,No,No,41,Yes,Yes,DSL,Yes,Yes,Yes,Yes,No,No,Two year,No,Electronic check,64.76,2692.82,No
CUST-0002737,Female,0,Yes,No,3,Yes,No,DSL,No,Yes,No,No,No,No,Month-to-month,Yes,Bank transfer (automatic),74.56,215.67,No
CUST-0002738,Female,0,Yes,Yes,71,Yes,Yes,No,No internet service,No internet service,No internet service,No internet service,No internet service,No internet service,Two year,Yes,Bank transfer (automatic),30.83,2198.11,Yes
CUST-0002739,Female,0,No,No,5,Yes,Yes,Fiber optic,No,Yes,No,Yes,Yes,No,Month-to-month,Yes,Credit card (automatic),113.89,559.69,Yes
CUST-0002740,Male,0,Yes,Yes,34,Yes,Yes,Fiber optic,No,No,Yes,Yes,No,No,Month-to-month,No,Electronic check,20.97,703.46,No
CUST-0002741,Male,1,No,Yes,30,Yes,Yes,Fiber optic,No,Yes,No,Yes,No,Yes,Month-to-month,Yes,Electronic check,62.08,1890.04,No
CUST-0002742,Male,0,Yes,No,48,Yes,No,Fiber optic,No,No,Yes,No,No,Yes,Two year,Yes,Electronic check,18.25,873.25,Yes
CUST-0002743,Male,0,Yes,No,25,Yes,Yes,DSL,No,Yes,No,No,No,Yes,Month-to-month,No,Credit card (automatic),71.23,1769.41,Yes
CUST-0002744,Male,0,No,No,1,Yes,No,Fiber optic,No,No,No,No,No,Yes,Two year,Yes,Mailed check,87.65,85.3,Yes
CUST-0002745,Female,0,No,No,39,Yes,No,Fiber optic,No,Yes,No,No,Yes,No,Month-to-month,Yes,Credit card (automatic),76.81,2970.92,Yes
CUST-0002746,Female,0,Yes,No,15,Yes,No,DSL,No,No,No,No,Yes,No,Month-to-month,No,Electronic check,70.74,1049.18,Yes
CUST-0002747,Female,0,No,No,12,Yes,Yes,DSL,No,No,No,No,No,Yes,Two year,No,Electronic check,91.99,1128.95,No
CUST-0002748,Male,0,No,No,72,Yes,No,Fiber optic,No,Yes,No,Yes,Yes,No,Month-to-month,No,Bank transfer (automatic),104.64,7528.6,No
CUST-0002749,Female,0,No,No,28,No,No phone service,Fiber optic,No,No,No,No,No,No,One year,Yes,Electronic check,78.07,2215.02,No
CUST-0002750,Female,0,Yes,No,39,Yes,No,DSL,No,No,No,Yes,Yes,No,Two year,No,Credit card (automatic),89.21,3485.57,No
CUST-0002751,Male,0,No,No,23,Yes,Yes,Fiber optic,No,No,Yes,Yes,No,No,Month-to-month,Yes,Mailed check,22.1,540.41,No
CUST-0002752,Female,0,No,No,47,Yes,No,Fiber optic,No,No,Yes,No,Yes,No,Month-to-month,Yes,Bank transfer (automatic),81.45,3829.96,Yes
CUST-0002753,Male,0,Yes,No,44,No,No phone service,Fiber optic,No,No,No,No,Yes,Yes,Month-to-month,No,Mailed check,62.72,2793.39,No
CUST-0002754,Male,1,No,No,34,Yes,No,No,No internet service,No internet service,No internet service,No internet service,No internet service,No internet service,Month-to-month,Yes,Electronic check,52.88,1788.53,No
CUST-0002755,Female,0,No,No,72,No,No phone service,No,No internet service,No internet service,No internet service,No internet service,No internet service,No internet service,Two year,No,Credit card (automatic),67.58,4905.62,No
CUST-0002756,Male,0,No,Yes,19,Yes,Yes,Fiber optic,Yes,No,No,No,Yes,No,Month-to-month,Yes,Credit card (automatic),104.62,2003.16,No
CUST-0002757,Male,1,No,No,39,Yes,Yes,DSL,Yes,No,No,No,No,Yes,Month-to-month,No,Credit card (automatic),61.17,2369.82,No
CUST-0002758,Female,0,No,No,51,Yes,No,Fiber optic,No,No,Yes,No,Yes,Yes,Month-to-month,Yes,Electronic check,39.96,1988.51,Yes
CUST-0002759,Female,0,No,Yes,15,Yes,Yes,Fiber optic,No,No,No,No,Yes,No,Two year,No,Credit card (automatic),22.65,339.25,No
CUST-0002760,Male,0,No,No,19,Yes,Yes,Fiber optic,No,No,Yes,No,No,No,Two year,Yes,Electronic check,81.46,1535.58,No
CUST-0002761,Male,0,No,No,72,Yes,Yes,No,No internet service,No internet service,No internet service,No internet service,No internet service,No internet service,Month-to-month,Yes,Mailed check,68.15,4938.74,Yes
CUST-0002762,Male,0,No,No,1,Yes,No,DSL,No,Yes,Yes,No,No,No,Month-to-month,No,Electronic check,39.88,54.29,No
CUST-0002763,Female,0,Yes,No,13,Yes,No,Fiber optic,Yes,Yes,Yes,No,No,No,Month-to-month,Yes,Mailed check,56.02,722.17,Yes
CUST-0002764,Male,0,Yes,No,21,Yes,Yes,DSL,No,Yes,No,No,No,Yes,One year,No,Electronic check,114.77,2409.12,No
CUST-0002765,Male,0,No,No,0,Yes,Yes,Fiber optic,Yes,No,No,Yes,Yes,No,One year,No,Electronic check,67.86,,No
CUST-0002766,Female,1,Yes,Yes,72,Yes,Yes,Fiber optic,No,No,No,Yes,No,No,Month-to-month,Yes,Electronic check,49.76,3611.42,No
CUST-0002767,Female,0,No,No,10,Yes,No,Fiber optic,No,No,No,No,Yes,Yes,Month-to-month,Yes,Credit card (automatic),53.62,543.26,Yes
CUST-0002768,Male,0,No,No,9,Yes,No,Fiber optic,No,Yes,No,No,No,Yes,Two year,Yes,Bank transfer (automatic),29.87,270.17,Yes
CUST-0002769,Male,0,No,No,54,Yes,Yes,Fiber optic,No,Yes,No,No,Yes,No,Two year,Yes,Electronic check,41.84,2258.63,No
CUST-0002770,Female,0,No,No,10,Yes,No,Fiber optic,Yes,No,No,No,Yes,Yes,Month-to-month,Yes,Mailed check,65.03,671.2,No
CUST-0002771,Male,0,No,No,34,No,No phone service,No,No internet service,No internet service,No internet service,No internet service,No internet service,No internet service,Two year,Yes,Credit card (automatic),58.08,1972.59,No
CUST-0002772,Male,1,Yes,No,55,Yes,No,Fiber optic,No,No,No,No,No,No,Two year,No,Bank transfer (automatic),93.95,5184.96,No
CUST-0002773,Female,0,No,No,50,Yes,No,No,No internet service,No internet service,No internet service,No internet service,No internet service,No internet service,Month-to-month,Yes,Bank transfer (automatic),51.15,2555.43,No
CUST-0002774,Male,0,Yes,Yes,48,Yes,No,Fiber optic,No,Yes,No,Yes,Yes,No,One year,No,Credit card (automatic),43.85,2096.99,No
CUST-0002775,Female,0,Yes,Yes,2,Yes,Yes,Fiber optic,No,No,No,No,No,No,One year,No,Bank transfer (automatic),89.06,196.14,No
CUST-0002776,Male,0,Yes,No,2,Yes,No,Fiber optic,No,Yes,Yes,Yes,Yes,No,Two year,No,Mailed check,18.32,25.18,No
CUST-0002777,Male,0,Yes,Yes,11,Yes,Yes,Fiber optic,No,No,No,No,No,Yes,Month-to-month,No,Mailed check,43.85,481.53,No
CUST-0002778,Male,0,Yes,No,1,Yes,No,Fiber optic,No,No,Yes,No,No,No,Month-to-month,No,Electronic check,43.06,66.92,No
CUST-0002779,Male,0,Yes,No,22,Yes,Yes,Fiber optic,No,Yes,Yes,Yes,Yes,No,One year,No,Electronic check,32.8,731.04,No
CUST-0002780,Male,0,No,No,16,Yes,No,Fiber optic,Yes,No,No,Yes,Yes,No,Month-to-month,No,Mailed check,40.87,684.63,Yes
CUST-0002781,Male,0,No,No,26,Yes,No,No,No internet service,No internet service,No internet service,No internet service,No internet service,No internet service,Month-to-month,Yes,Mailed check,18.25,463.15,No
CUST-0002782,Female,0,Yes,No,11,Yes,No,DSL,No,No,Yes,No,Yes,Yes,Month-to-month,Yes,Bank transfer (automatic),57.37,642.97,Yes
CUST-0002783,Female,0,Yes,No,21,Yes,No,Fiber optic,No,No,No,Yes,No,Yes,Month-to-month,Yes,Mailed check,18.25,421.84,No
CUST-0002784,Female,0,No,Yes,13,Yes,No,Fiber optic,Yes,No,No,Yes,No,No,Two year,No,Bank transfer (automatic),73.12,956.03,Yes
CUST-0002785,Female,0,No,No,6,Yes,Yes,DSL,No,No,Yes,No,No,No,Month-to-month,Yes,Electronic check,69.18,427.42,No
CUST-0002786,Male,0,No,Yes,33,Yes,No,No,No internet service,No internet service,No internet service,No internet service,No internet service,No internet service,One year,No,Electronic check,74.84,2497.86,No
CUST-0002787,Female,0,Yes,Yes,35,Yes,No,No,No internet service,No internet service,No internet service,No internet service,No internet service,No internet service,Month-to-month,Yes,Credit card (automatic),97.97,3454.16,Yes
CUST-0002788,Male,0,No,No,56,Yes,No,DSL,Yes,Yes,No,No,Yes,Yes,Month-to-month,Yes,Electronic check,39.34,2234.07,No
CUST-0002789,Female,1,No,No,66,Yes,No,Fiber optic,No,No,No,No,No,No,Two year,No,Bank transfer (automatic),99.38,6545.2,Yes
CUST-0002790,Female,0,No,Yes,39,Yes,No,Fiber optic,No,No,Yes,No,No,Yes,Two year,Yes,Mailed check,18.25,718.09,No
CUST-0002791,Female,1,Yes,No,37,Yes,No,DSL,No,Yes,No,Yes,No,No,One year,Yes,Electronic check,118.75,4406.8,Yes
CUST-0002792,Female,0,Yes,No,1,Yes,No,Fiber optic,No,Yes,No,No,No,No,Month-to-month,Yes,Electronic check,74.2,71.75,No
CUST-0002793,Female,0,Yes,Yes,3,Yes,Yes,Fiber optic,Yes,No,No,No,Yes,Yes,Month-to-month,Yes,Electronic check,101.19,283.78,Yes
CUST-0002794,Male,1,Yes,No,53,Yes,No,No,No internet service,No internet service,No internet service,No internet service,No internet service,No internet service,Month-to-month,Yes,Electronic check,46.88,2476.49,No
CUST-0002795,Male,0,No,No,8,Yes,Yes,No,No internet service,No internet service,No internet service,No internet service,No internet service,No internet service,Month-to-month,Yes,Mailed check,50.7,355.12,No
CUST-0002796,Female,0,No,No,14,Yes,No,DSL,Yes,No,Yes,No,No,No,One year,No,Bank transfer (automatic),32.67,467.24,Yes
CUST-0002797,Male,0,No,No,5,Yes,Yes,No,No internet service,No internet service,No internet service,No internet service,No internet service,No internet service,Month-to-month,Yes,Bank transfer (automatic),91.63,422.91,No
CUST-0002798,Female,1,No,Yes,6,Yes,Yes,No,No internet service,No internet service,No internet service,No internet service,No internet service,No internet service,Two year,Yes,Mailed check,78.4,458.85,Yes
CUST-0002799,Female,1,No,Yes,47,Yes,Yes,Fiber optic,No,No,No,Yes,Yes,Yes,Month-to-month,Yes,Credit card (automatic),52.34,2481.32,No
CUST-0002800,Male,0,Yes,Yes,9,Yes,Yes,DSL,No,No,No,No,No,No,Month-to-month,Yes,Credit card (automatic),91.59,820.19,Yes
CUST-0002801,Female,0,No,No,19,Yes,Yes,Fiber optic,No,No,No,Yes,No,Yes,One year,Yes,Electronic check,18.25,354.49,No
CUST-0002802,Female,0,No,Yes,5,Yes,No,DSL,No,No,No,No,No,Yes,Two year,Yes,Bank transfer (automatic),49.04,288.51,No
CUST-0002803,Female,0,Yes,Yes,36,Yes,Yes,Fiber optic,No,No,Yes,No,No,No,Month-to-month,Yes,Electronic check,20.21,727.96,No
CUST-0002804,Female,1,Yes,Yes,41,Yes,Yes,DSL,Yes,Yes,No,Yes,No,No,Two year,Yes,Bank transfer (automatic),107.31,4410.33,No
CUST-0002805,Female,0,No,No,14,Yes,Yes,Fiber optic,No,No,No,Yes,Yes,Yes,One year,Yes,Mailed check,58.47,838.81,No
CUST-0002806,Female,0,No,Yes,49,Yes,Yes,Fiber optic,No,No,Yes,No,Yes,No,Month-to-month,Yes,Bank transfer (automatic),82.52,4032.9,No
CUST-0002807,Female,0,Yes,No,8,Yes,No,Fiber optic,No,No,Yes,No,Yes,Yes,Two year,No,Bank transfer (automatic),99.59,772.49,No
CUST-0002808,Male,0,No,No,37,Yes,No,DSL,No,Yes,Yes,Yes,No,Yes,Month-to-month,No,Electronic check,101.83,3786.73,No
CUST-0002809,Male,1,No,No,41,Yes,No,Fiber optic,No,No,Yes,No,Yes,Yes,One year,No,Mailed check,52.24,2155.99,No
CUST-0002810,Female,0,No,Yes,72,Yes,Yes,Fiber optic,No,No,No,No,Yes,Yes,Month-to-month,Yes,Electronic check,64.54,4638.49,No
CUST-0002811,Male,0,Yes,Yes,8,Yes,Yes,DSL,No,Yes,No,No,No,No,Month-to-month,No,Electronic check,95.74,748.82,No
CUST-0002812,Female,1,Yes,No,3,Yes,Yes,Fiber optic,No,Yes,No,Yes,No,No,Two year,Yes,Bank transfer (automatic),33.61,120.91,No
CUST-0002813,Female,0,No,No,9,Yes,No,DSL,No,Yes,No,Yes,No,No,One year,Yes,Credit card (automatic),43.64,400.06,No
CUST-0002814,Male,0,No,No,4,Yes,No,Fiber optic,Yes,No,Yes,No,No,Yes,One year,Yes,Mailed check,60.33,235.27,No
CUST-0002815,Female,0,Yes,Yes,5,Yes,No,Fiber optic,No,No,No,Yes,Yes,No,Two year,No,Bank transfer (automatic),70.42,373.99,No
CUST-0002816,Female,0,Yes,Yes,13,Yes,Yes,Fiber optic,Yes,Yes,No,Yes,No,No,Month-to-month,Yes,Bank transfer (automatic),91.32,1178.64,Yes
CUST-0002817,Male,0,Yes,No,17,Yes,Yes,DSL,No,No,Yes,No,No,No,Month-to-month,No,Credit card (automatic),94.15,1560.25,No
CUST-0002818,Male,1,Yes,No,72,Yes,Yes,DSL,Yes,No,Yes,No,No,No,Two year,Yes,Credit card (automatic),33.07,2371.71,No
CUST-0002819,Male,0,No,No,6,Yes,No,DSL,Yes,Yes,No,No,Yes,Yes,Two year,Yes,Credit card (automatic),49.08,282.71,No
CUST-0002820,Male,1,No,No,72,Yes,Yes,No,No internet service,No internet service,No internet service,No internet service,No internet service,No internet service,Month-to-month,No,Credit card (automatic),43.01,3089.06,No
CUST-0002821,Female,0,Yes,No,53,Yes,No,Fiber optic,No,No,Yes,No,No,No,Month-to-month,Yes,Electronic check,48.77,2575.75,Yes
CUST-0002822,Male,0,Yes,No,68,Yes,No,No,No internet service,No internet service,No internet service,No internet service,No internet service,No internet service,One year,No,Electronic check,51.11,3431.19,No
CUST-0002823,Female,0,No,No,72,Yes,No,No,No internet service,No internet service,No internet service,No internet service,No internet service,No internet service,Month-to-month,No,Bank transfer (automatic),43.77,3168.98,No
CUST-0002824,Male,0,Yes,No,44,Yes,Yes,No,No internet service,No internet service,No internet service,No internet service,No internet service,No internet service,Two year,Yes,Credit card (automatic),21.86,947.86,No
CUST-0002825,Male,0,No,No,49,Yes,Yes,Fiber optic,No,No,Yes,No,Yes,No,Month-to-month,Yes,Electronic check,93.57,4546.05,No
CUST-0002826,Female,1,No,No,18,Yes,No,DSL,No,Yes,Yes,Yes,Yes,Yes,One year,No,Electronic check,95.28,1727.24,No
CUST-0002827,Female,0,No,No,22,Yes,No,No,No internet service,No internet service,No internet service,No internet service,No internet service,No internet service,Two year,Yes,Electronic check,18.25,350.38,No
CUST-0002828,Male,0,Yes,No,72,Yes,No,DSL,No,Yes,No,No,No,Yes,One year,Yes,Credit card (automatic),74.51,5353.48,No
CUST-0002829,Male,0,Yes,Yes,15,Yes,Yes,Fiber optic,No,No,No,No,Yes,No,Month-to-month,Yes,Bank transfer (automatic),118.75,1812.9,No
CUST-0002830,Male,0,No,No,1,Yes,No,No,No internet service,No internet service,No internet service,No internet service,No internet service,No internet service,Month-to-month,No,Bank transfer (automatic),78.79,44.82,No
CUST-0002831,Male,0,Yes,No,46,Yes,No,Fiber optic,Yes,No,No,No,Yes,Yes,One year,Yes,Electronic check,111.74,5165.17,Yes
CUST-0002832,Female,0,Yes,No,27,Yes,No,DSL,No,No,No,Yes,No,No,Two year,Yes,Mailed check,100.29,2700.7,No
CUST-0002833,Male,0,No,Yes,53,Yes,Yes,Fiber optic,No,Yes,No,No,Yes,No,Month-to-month,Yes,Electronic check,29.39,1562.01,No
CUST-0002834,Male,0,No,No,2,No,No phone service,No,No internet service,No internet service,No internet service,No internet service,No internet service,No internet service,Month-to-month,No,Electronic check,82.42,183.4,Yes
CUST-0002835,Male,0,No,Yes,31,Yes,Yes,No,No internet service,No internet service,No internet service,No internet service,No internet service,No internet service,Month-to-month,No,Credit card (automatic),18.25,544.38,No
CUST-0002836,Female,0,Yes,No,9,Yes,No,Fiber optic,Yes,Yes,No,No,No,Yes,One year,Yes,Bank transfer (automatic),57.58,496.26,Yes
CUST-0002837,Female,0,No,No,72,Yes,Yes,No,No internet service,No internet service,No internet service,No internet service,No internet service,No internet service,Month-to-month,No,Mailed check,63.36,4539.9,No
CUST-0002838,Male,0,No,Yes,3,Yes,Yes,DSL,No,No,Yes,No,Yes,Yes,One year,Yes,Credit card (automatic),118.75,341.62,No
CUST-0002839,Female,0,Yes,Yes,59,Yes,Yes,DSL,Yes,No,Yes,Yes,No,No,Month-to-month,Yes,Mailed check,83.16,4901.2,No
CUST-0002840,Male,0,No,No,2,Yes,No,Fiber optic,No,No,No,Yes,Yes,No,Month-to-month,Yes,Electronic check,33.94,32.83,No
CUST-0002841,Male,1,Yes,Yes,0,Yes,No,DSL,No,No,Yes,No,Yes,No,Two year,Yes,Credit card (automatic),85.14,,Yes
CUST-0002842,Female,0,Yes,No,8,Yes,No,Fiber optic,No,No,No,Yes,No,No,Month-to-month,No,Electronic check,86.5,707.19,Yes
CUST-0002843,Female,0,Yes,No,12,Yes,No,DSL,No,Yes,No,No,No,No,Month-to-month,No,Credit card (automatic),68.08,798.2,No
CUST-0002844,Female,1,No,Yes,31,No,No phone service,Fiber optic,No,No,Yes,No,No,Yes,Month-to-month,No,Bank transfer (automatic),82.16,2525.93,No
CUST-0002845,Female,0,No,No,4,Yes,Yes,DSL,No,No,No,No,Yes,No,Two year,Yes,Bank transfer (automatic),118.75,466.34,Yes
CUST-0002846,Male,0,Yes,Yes,18,Yes,No,DSL,No,No,No,Yes,No,No,Two year,No,Electronic check,56.99,1031.86,No
CUST-0002847,Female,0,Yes,No,7,No,No phone service,No,No internet service,No internet service,No internet service,No internet service,No internet service,No internet service,Two year,Yes,Mailed check,74.28,515.17,No
CUST-0002848,Male,0,Yes,No,61,Yes,No,DSL,Yes,Yes,Yes,Yes,No,No,Month-to-month,No,Mailed check,97.87,6008.19,Yes
CUST-0002849,Female,0,Yes,No,1,Yes,Yes,DSL,No,No,No,No,Yes,No,Month-to-month,Yes,Credit card (automatic),39.28,54.74,No
CUST-0002850,Male,0,Yes,No,14,Yes,Yes,DSL,Yes,No,No,No,No,Yes,Month-to-month,No,Electronic check,97.98,1374.83,No
CUST-0002851,Female,0,Yes,No,31,Yes,Yes,No,No internet service,No internet service,No internet service,No internet service,No internet service,No internet service,One year,No,Bank transfer (automatic),49.26,1510.66,No
CUST-0002852,Male,0,Yes,Yes,72,Yes,Yes,Fiber optic,No,No,No,No,No,No,Two year,Yes,Mailed check,58.48,4206.56,No
CUST-0002853,Male,0,No,No,64,Yes,No,Fiber optic,Yes,Yes,No,Yes,No,Yes,Month-to-month,Yes,Credit card (automatic),62.66,4006.92,No
CUST-0002854,Female,0,No,No,72,Yes,Yes,DSL,No,No,No,Yes,No,No,One year,Yes,Credit card (automatic),18.25,1364.75,No
CUST-0002855,Male,0,No,No,2,Yes,Yes,Fiber optic,No,No,Yes,Yes,No,No,Month-to-month,No,Mailed check,82.02,156.18,Yes
CUST-0002856,Female,0,Yes,Yes,58,Yes,No,DSL,Yes,Yes,Yes,No,No,Yes,Two year,No,Electronic check,118.75,6915.74,Yes
CUST-0002857,Male,0,Yes,No,48,Yes,No,DSL,Yes,No,No,No,Yes,No,Two year,No,Electronic check,53.63,2553.79,No
CUST-0002858,Male,0,Yes,Yes,72,Yes,No,Fiber optic,No,Yes,No,No,Yes,No,Two year,No,Bank transfer (automatic),117.26,8450.84,Yes
CUST-0002859,Male,0,Yes,No,11,Yes,No,No,No internet service,No internet service,No internet service,No internet service,No internet service,No internet service,Month-to-month,Yes,Credit card (automatic),18.25,223.41,No
CUST-0002860,Male,0,Yes,No,72,Yes,No,DSL,No,Yes,No,No,No,Yes,Month-to-month,Yes,Mailed check,101.17,7294.46,No
CUST-0002861,Female,0,No,No,16,Yes,No,Fiber optic,No,No,Yes,No,No,No,Month-to-month,Yes,Mailed check,18.25,300.29,No
CUST-0002862,Male,1,No,Yes,32,Yes,No,DSL,No,Yes,No,No,Yes,Yes,Two year,Yes,Electronic check,96.19,3078.62,No
CUST-0002863,Female,0,Yes,No,17,Yes,Yes,DSL,No,Yes,Yes,No,Yes,Yes,Month-to-month,Yes,Bank transfer (automatic),22.46,385.01,No
CUST-0002864,Female,1,Yes,Yes,17,Yes,Yes,DSL,No,No,Yes,Yes,Yes,No,Two year,No,Electronic check,115.96,1967.16,Yes
CUST-0002865,Male,0,No,No,25,Yes,Yes,No,No internet service,No internet service,No internet service,No internet service,No internet service,No internet service,One year,Yes,Bank transfer (automatic),18.25,437.63,No
CUST-0002866,Female,0,Yes,Yes,14,Yes,No,DSL,No,No,No,Yes,Yes,No,One year,Yes,Bank transfer (automatic),96.52,1362.69,No
CUST-0002867,Female,0,No,No,50,Yes,No,Fiber optic,No,Yes,No,No,No,Yes,Month-to-month,Yes,Credit card (automatic),52.31,2623.03,No
CUST-0002868,Female,0,No,No,32,Yes,No,DSL,No,No,No,No,Yes,No,One year,No,Bank transfer (automatic),51.0,1641.26,Yes
CUST-0002869,Male,1,No,No,37,Yes,Yes,Fiber optic,No,No,No,No,No,Yes,Month-to-month,Yes,Electronic check,59.61,2179.29,No
CUST-0002870,Male,0,Yes,Yes,8,No,No phone service,Fiber optic,No,Yes,No,No,No,No,One year,No,Bank transfer (automatic),59.4,465.78,No
CUST-0002871,Female,0,Yes,No,72,Yes,No,DSL,No,No,No,No,No,Yes,Month-to-month,Yes,Credit card (automatic),92.19,6635.26,No
CUST-0002872,Female,0,Yes,No,34,No,No phone service,No,No internet service,No internet service,No internet service,No internet service,No internet service,No internet service,Two year,No,Credit card (automatic),73.38,2500.98,No
CUST-0002873,Female,1,No,No,7,Yes,No,Fiber optic,No,No,No,Yes,No,No,Two year,No,Electronic check,75.23,495.67,No
CUST-0002874,Male,0,No,Yes,44,Yes,Yes,DSL,No,No,No,No,No,No,One year,Yes,Electronic check,82.26,3580.81,Yes
CUST-0002875,Female,0,No,No,6,Yes,No,Fiber optic,No,Yes,No,No,Yes,No,Two year,No,Credit card (automatic),18.25,129.04,Yes
CUST-0002876,Male,0,No,No,2,Yes,No,Fiber optic,Yes,No,No,No,Yes,No,One year,Yes,Bank transfer (automatic),118.75,230.05,No
CUST-0002877,Male,0,No,No,23,Yes,No,Fiber optic,No,No,No,No,Yes,Yes,One year,Yes,Credit card (automatic),56.97,1335.64,No
CUST-0002878,Male,0,No,No,25,Yes,Yes,Fiber optic,Yes,No,No,No,No,Yes,Two year,No,Credit card (automatic),55.13,1382.9,No
CUST-0002879,Female,1,No,No,6,Yes,No,DSL,No,No,Yes,No,No,No,Two year,No,Mailed check,59.68,371.67,No
CUST-0002880,Male,0,No,No,13,Yes,Yes,No,No internet service,No internet service,No internet service,No internet service,No internet service,No internet service,One year,Yes,Credit card (automatic),77.03,1001.94,Yes
CUST-0002881,Male,0,No,Yes,72,Yes,No,DSL,No,Yes,No,No,No,Yes,Month-to-month,Yes,Electronic check,117.59,8473.87,No
CUST-0002882,Female,0,Yes,No,10,Yes,No,DSL,No,No,No,Yes,Yes,No,Month-to-month,Yes,Mailed check,104.89,1070.03,Yes
CUST-0002883,Male,0,No,No,5,No,No phone service,Fiber optic,Yes,No,No,Yes,No,No,Month-to-month,No,Mailed check,85.59,408.1,Yes
CUST-0002884,Male,0,Yes,Yes,72,Yes,No,DSL,No,No,Yes,No,No,Yes,Month-to-month,Yes,Electronic check,41.93,2992.63,No
CUST-0002885,Male,1,Yes,No,11,Yes,No,DSL,No,Yes,Yes,No,Yes,Yes,Two year,Yes,Electronic check,56.7,623.93,No
CUST-0002886,Female,0,No,No,36,Yes,No,DSL,No,No,No,Yes,Yes,No,One year,Yes,Bank transfer (automatic),50.72,1796.74,No
CUST-0002887,Female,1,No,Yes,8,Yes,Yes,No,No internet service,No internet service,No internet service,No internet service,No internet service,No internet service,Two year,No,Mailed check,43.66,315.93,No
CUST-0002888,Male,0,No,Yes,25,Yes,Yes,DSL,Yes,Yes,Yes,No,No,No,Month-to-month,No,Bank transfer (automatic),118.75,2952.32,Yes
CUST-0002889,Female,0,Yes,No,15,Yes,No,DSL,Yes,Yes,Yes,No,Yes,No,Month-to-month,No,Bank transfer (automatic),94.42,1435.26,No
CUST-0002890,Female,0,No,Yes,72,Yes,No,DSL,No,No,Yes,No,No,Yes,Two year,No,Electronic check,49.1,3543.67,Yes
CUST-0002891,Male,0,Yes,Yes,18,Yes,No,Fiber optic,No,No,No,Yes,No,No,Month-to-month,No,Credit card (automatic),67.59,1263.25,Yes
CUST-0002892,Female,0,No,No,28,Yes,No,Fiber optic,No,No,No,No,No,Yes,Two year,Yes,Electronic check,116.33,3271.41,No
CUST-0002893,Female,0,Yes,No,72,Yes,Yes,Fiber optic,No,No,Yes,No,No,No,Month-to-month,No,Electronic check,18.25,1343.16,No
CUST-0002894,Female,0,No,No,72,Yes,Yes,Fiber optic,No,Yes,Yes,No,Yes,Yes,Month-to-month,No,Electronic check,38.57,2773.54,No
CUST-0002895,Male,0,No,No,3,Yes,No,Fiber optic,Yes,No,No,Yes,Yes,No,Two year,No,Mailed check,45.84,134.51,No
CUST-0002896,Female,1,Yes,No,57,Yes,No,Fiber optic,No,No,Yes,No,Yes,Yes,Two year,Yes,Electronic check,30.64,1781.57,No
CUST-0002897,Female,0,No,No,15,Yes,Yes,Fiber optic,No,No,Yes,Yes,Yes,No,Month-to-month,No,Bank transfer (automatic),55.8,830.35,No
CUST-0002898,Male,1,No,No,28,Yes,No,Fiber optic,No,No,Yes,No,Yes,Yes,Month-to-month,No,Electronic check,78.17,2195.16,Yes
CUST-0002899,Male,0,Yes,Yes,15,Yes,No,Fiber optic,No,Yes,No,Yes,Yes,Yes,Month-to-month,No,Credit card (automatic),64.76,1003.99,No
CUST-0002900,Male,0,Yes,Yes,16,No,No phone service,No,No internet service,No internet service,No internet service,No internet service,No internet service,No internet service,One year,Yes,Bank transfer (automatic),36.83,596.02,No
CUST-0002901,Male,0,Yes,No,5,Yes,Yes,No,No internet service,No internet service,No internet service,No internet service,No internet service,No internet service,One year,Yes,Credit card (automatic),47.61,264.32,No
CUST-0002902,Female,0,Yes,No,27,Yes,Yes,Fiber optic,No,No,Yes,Yes,No,Yes,Month-to-month,No,Mailed check,20.43,512.72,Yes
CUST-0002903,Male,0,No,Yes,25,Yes,Yes,No,No internet service,No internet service,No internet service,No internet service,No internet service,No internet service,Month-to-month,No,Mailed check,68.86,1701.35,No
CUST-0002904,Male,0,No,Yes,6,Yes,No,Fiber optic,Yes,No,No,No,Yes,Yes,Month-to-month,No,Credit card (automatic),18.25,126.64,No
CUST-0002905,Female,0,Yes,No,24,Yes,Yes,DSL,No,Yes,Yes,No,No,No,One year,No,Electronic check,38.13,903.85,No
CUST-0002906,Male,0,Yes,Yes,72,Yes,Yes,Fiber optic,No,No,No,Yes,Yes,No,Two year,Yes,Bank transfer (automatic),59.76,4307.72,No
CUST-0002907,Female,0,No,No,40,Yes,No,DSL,No,No,No,No,No,Yes,Month-to-month,No,Electronic check,58.64,2342.09,No
CUST-0002908,Male,0,Yes,Yes,20,Yes,No,DSL,No,No,No,Yes,No,No,Month-to-month,No,Credit card (automatic),114.78,2282.08,No
CUST-0002909,Male,0,Yes,Yes,72,Yes,No,Fiber optic,No,No,No,No,No,No,One year,Yes,Bank transfer (automatic),90.12,6453.41,No
CUST-0002910,Male,0,Yes,No,27,Yes,Yes,DSL,No,No,Yes,Yes,No,Yes,One year,Yes,Electronic check,42.0,1142.58,No
CUST-0002911,Male,0,No,No,4,Yes,No,DSL,No,No,No,No,Yes,No,Two year,Yes,Electronic check,18.61,61.14,No
CUST-0002912,Male,0,No,No,25,Yes,No,Fiber optic,No,No,Yes,No,No,No,Month-to-month,Yes,Credit card (automatic),34.87,894.4,No
CUST-0002913,Female,0,No,No,6,Yes,No,DSL,No,Yes,Yes,No,No,No,Two year,Yes,Electronic check,51.01,327.04,No
CUST-0002914,Female,0,Yes,No,46,Yes,No,DSL,No,Yes,No,No,No,Yes,One year,Yes,Electronic check,73.59,3377.51,Yes
CUST-0002915,Male,0,No,No,72,Yes,Yes,Fiber optic,No,No,No,Yes,Yes,Yes,Two year,Yes,Mailed check,52.93,3819.99,Yes
CUST-0002916,Female,0,No,No,14,Yes,No,Fiber optic,No,No,Yes,No,No,No,Month-to-month,No,Credit card (automatic),48.88,678.04,No
CUST-0002917,Female,0,No,No,18,Yes,No,No,No internet service,No internet service,No internet service,No internet service,No internet service,No internet service,Two year,Yes,Electronic check,100.46,1797.07,No
CUST-0002918,Female,0,Yes,Yes,17,No,No phone service,No,No internet service,No internet service,No internet service,No internet service,No internet service,No internet service,Month-to-month,No,Credit card (automatic),98.24,1671.19,No
CUST-0002919,Male,0,No,No,10,Yes,Yes,Fiber optic,Yes,No,No,No,Yes,No,Two year,No,Mailed check,65.11,661.95,No
CUST-0002920,Male,0,No,No,50,Yes,No,Fiber optic,No,No,No,No,Yes,Yes,Month-to-month,No,Electronic check,68.99,3466.94,No
CUST-0002921,Male,0,Yes,Yes,30,Yes,No,Fiber optic,No,Yes,Yes,No,Yes,No,Month-to-month,Yes,Credit card (automatic),59.12,1757.58,No
CUST-0002922,Female,0,Yes,Yes,2,Yes,No,DSL,No,No,No,Yes,Yes,Yes,Month-to-month,Yes,Mailed check,102.69,183.24,Yes
CUST-0002923,Female,0,No,No,58,Yes,No,Fiber optic,No,Yes,No,Yes,No,No,One year,No,Mailed check,48.57,2810.01,No
CUST-0002924,Male,0,No,No,6,Yes,No,Fiber optic,No,No,No,No,No,No,Month-to-month,Yes,Bank transfer (automatic),69.93,403.02,Yes
CUST-0002925,Male,0,No,Yes,72,Yes,No,Fiber optic,Yes,No,No,No,No,Yes,Month-to-month,Yes,Bank transfer (automatic),79.59,5710.28,Yes
CUST-0002926,Female,0,No,Yes,15,Yes,No,Fiber optic,No,No,Yes,No,No,No,Two year,No,Bank transfer (automatic),96.37,1441.27,No
CUST-0002927,Female,0,No,No,30,Yes,No,Fiber optic,Yes,No,No,No,Yes,No,Two year,No,Electronic check,26.76,785.38,Yes
CUST-0002928,Female,0,Yes,No,2,Yes,Yes,Fiber optic,No,Yes,Yes,No,No,Yes,Month-to-month,No,Bank transfer (automatic),82.18,164.12,No
CUST-0002929,Female,1,Yes,Yes,13,Yes,Yes,DSL,No,No,No,No,No,No,Month-to-month,No,Credit card (automatic),22.54,301.45,Yes
CUST-0002930,Male,1,No,No,51,Yes,No,Fiber optic,No,Yes,No,Yes,Yes,Yes,Two year,No,Credit card (automatic),49.87,2534.56,Yes
CUST-0002931,Female,0,Yes,Yes,20,No,No phone service,Fiber optic,Yes,No,No,No,No,Yes,Two year,No,Mailed check,56.7,1139.87,No
CUST-0002932,Female,0,Yes,No,72,No,No phone service,Fiber optic,No,No,Yes,Yes,No,No,Two year,No,Electronic check,58.17,4192.86,No
CUST-0002933,Male,0,No,No,27,Yes,No,Fiber optic,No,Yes,No,No,No,No,Two year,Yes,Electronic check,66.65,1820.97,Yes
CUST-0002934,Female,0,No,No,72,Yes,No,DSL,No,Yes,No,Yes,No,Yes,Two year,Yes,Credit card (automatic),18.25,1313.93,No
CUST-0002935,Female,0,Yes,No,72,Yes,Yes,DSL,No,Yes,No,No,No,No,One year,Yes,Electronic check,63.61,4557.99,Yes
CUST-0002936,Male,1,Yes,Yes,19,Yes,No,Fiber optic,No,Yes,No,No,No,Yes,Month-to-month,No,Electronic check,118.75,2239.42,No
CUST-0002937,Female,0,Yes,No,26,Yes,No,Fiber optic,No,No,No,Yes,Yes,No,Month-to-month,No,Credit card (automatic),47.01,1256.75,Yes
CUST-0002938,Female,0,Yes,Yes,57,Yes,No,DSL,No,No,No,No,Yes,Yes,Two year,No,Credit card (automatic),37.83,2132.42,No
CUST-0002939,Female,0,No,No,8,Yes,Yes,DSL,No,No,Yes,Yes,No,Yes,Month-to-month,No,Mailed check,72.98,562.53,No
CUST-0002940,Male,0,Yes,No,63,Yes,Yes,Fiber optic,Yes,No,No,Yes,No,No,One year,Yes,Bank transfer (automatic),71.34,4445.5,No
CUST-0002941,Male,1,No,No,28,No,No phone service,No,No internet service,No internet service,No internet service,No internet service,No internet service,No internet service,Two year,No,Electronic check,18.25,538.52,No
CUST-0002942,Female,1,No,No,41,Yes,No,DSL,No,No,No,No,No,Yes,Month-to-month,No,Credit card (automatic),111.58,4575.5,No
CUST-0002943,Male,0,No,Yes,2,Yes,Yes,Fiber optic,No,No,No,No,No,No,Two year,No,Credit card (automatic),50.96,75.24,Yes
CUST-0002944,Female,0,Yes,No,46,Yes,No,No,No internet service,No internet service,No internet service,No internet service,No internet service,No internet service,Two year,No,Credit card (automatic),45.9,2060.9,No
CUST-0002945,Female,0,No,Yes,11,Yes,No,DSL,Yes,No,No,No,No,No,Month-to-month,Yes,Bank transfer (automatic),59.16,645.55,No
CUST-0002946,Male,0,Yes,No,52,No,No phone service,DSL,No,No,No,No,No,No,Two year,Yes,Electronic check,67.21,3489.26,No
CUST-0002947,Female,0,Yes,Yes,22,Yes,No,No,No internet service,No internet service,No internet service,No internet service,No internet service,No internet service,Month-to-month,No,Bank transfer (automatic),23.78,555.87,No
CUST-0002948,Female,0,No,Yes,10,Yes,No,DSL,Yes,No,Yes,No,Yes,No,Month-to-month,No,Mailed check,80.48,804.9,No
CUST-0002949,Male,0,No,Yes,72,Yes,No,Fiber optic,No,Yes,No,Yes,No,No,One year,Yes,Mailed check,52.56,3766.07,No
CUST-0002950,Female,0,No,No,46,Yes,Yes,Fiber optic,No,Yes,No,No,No,No,Month-to-month,Yes,Electronic check,21.97,1016.51,No
CUST-0002951,Female,0,Yes,Yes,72,Yes,Yes,DSL,No,Yes,No,No,No,No,One year,No,Credit card (automatic),118.75,8533.02,No
CUST-0002952,Female,0,Yes,No,14,Yes,No,DSL,No,Yes,No,No,No,Yes,Two year,No,Credit card (automatic),45.01,605.75,No
CUST-0002953,Female,1,No,Yes,33,Yes,Yes,Fiber optic,No,No,No,No,Yes,Yes,Month-to-month,No,Electronic check,52.12,1706.82,No
CUST-0002954,Male,1,No,Yes,30,Yes,No,Fiber optic,No,No,Yes,Yes,Yes,No,Month-to-month,Yes,Credit card (automatic),36.49,1062.0,No
CUST-0002955,Female,1,No,No,37,Yes,No,DSL,No,No,No,No,No,No,Two year,Yes,Electronic check,68.03,2547.48,No
CUST-0002956,Female,0,No,No,1,Yes,No,Fiber optic,No,No,Yes,No,No,Yes,Month-to-month,Yes,Credit card (automatic),27.57,37.66,No
CUST-0002957,Female,0,Yes,Yes,11,Yes,Yes,Fiber optic,No,Yes,No,No,Yes,Yes,One year,Yes,Bank transfer (automatic),71.68,787.02,No
CUST-0002958,Female,0,No,Yes,72,Yes,No,Fiber optic,Yes,No,Yes,Yes,Yes,Yes,Two year,No,Mailed check,59.05,4253.31,No
CUST-0002959,Male,0,Yes,No,17,Yes,Yes,Fiber optic,No,Yes,No,No,Yes,No,One year,No,Credit card (automatic),67.65,1143.08,No
CUST-0002960,Female,0,No,No,72,Yes,No,DSL,Yes,No,No,No,Yes,Yes,Month-to-month,No,Bank transfer (automatic),45.19,3262.26,No
CUST-0002961,Male,0,No,No,7,Yes,No,Fiber optic,No,No,Yes,No,Yes,Yes,Month-to-month,Yes,Credit card (automatic),82.36,597.24,Yes
CUST-0002962,Male,0,No,Yes,72,No,No phone service,Fiber optic,No,No,No,Yes,Yes,No,Month-to-month,No,Electronic check,73.91,5322.96,Yes
CUST-0002963,Male,1,No,No,38,Yes,Yes,Fiber optic,Yes,No,No,No,Yes,No,Month-to-month,Yes,Electronic check,88.47,3388.15,No
CUST-0002964,Female,0,Yes,Yes,47,No,No phone service,Fiber optic,Yes,No,No,Yes,No,No,Month-to-month,Yes,Electronic check,30.75,1448.25,No
CUST-0002965,Female,0,No,No,16,Yes,No,Fiber optic,No,Yes,Yes,Yes,Yes,No,Month-to-month,No,Credit card (automatic),82.91,1322.76,No
CUST-0002966,Female,0,Yes,No,72,Yes,No,Fiber optic,No,No,Yes,No,No,No,Two year,Yes,Mailed check,115.48,8342.78,Yes
CUST-0002967,Female,0,Yes,No,25,Yes,No,Fiber optic,No,No,No,No,No,Yes,Two year,Yes,Credit card (automatic),60.43,1490.7,No
CUST-0002968,Female,1,Yes,No,36,Yes,Yes,No,No internet service,No internet service,No internet service,No internet service,No internet service,No internet service,Month-to-month,Yes,Bank transfer (automatic),99.73,3583.45,No
CUST-0002969,Female,0,No,No,3,Yes,No,No,No internet service,No internet service,No internet service,No internet service,No internet service,No internet service,Month-to-month,No,Electronic check,38.94,104.74,Yes
CUST-0002970,Male,1,Yes,Yes,31,Yes,Yes,Fiber optic,No,Yes,No,No,Yes,No,One year,Yes,Electronic check,82.2,2556.92,Yes
CUST-0002971,Male,0,Yes,Yes,67,Yes,No,Fiber optic,No,Yes,No,Yes,Yes,Yes,One year,Yes,Mailed check,67.29,4506.84,No
CUST-0002972,Male,0,No,No,6,Yes,Yes,Fiber optic,No,No,Yes,Yes,No,Yes,Month-to-month,Yes,Credit card (automatic),75.27,479.76,No
CUST-0002973,Female,0,No,No,42,Yes,No,DSL,No,Yes,Yes,Yes,No,Yes,Two year,Yes,Electronic check,37.67,1602.18,No
CUST-0002974,Female,0,Yes,Yes,0,No,No phone service,Fiber optic,Yes,No,No,No,No,No,One year,No,Mailed check,96.57,,Yes
CUST-0002975,Male,0,Yes,No,72,Yes,Yes,Fiber optic,No,No,No,Yes,Yes,No,Month-to-month,Yes,Bank transfer (automatic),27.26,1993.38,No
CUST-0002976,Male,0,No,No,72,No,No phone service,No,No internet service,No internet service,No internet service,No internet service,No internet service,No internet service,Two year,No,Electronic check,56.0,4022.5,No
CUST-0002977,Female,0,No,No,13,Yes,Yes,No,No internet service,No internet service,No internet service,No internet service,No internet service,No internet service,Month-to-month,Yes,Mailed check,51.14,647.89,Yes
CUST-0002978,Male,0,Yes,No,3,Yes,No,No,No internet service,No internet service,No internet service,No internet service,No internet service,No internet service,One year,Yes,Mailed check,46.14,146.71,Yes
CUST-0002979,Female,0,No,No,34,No,No phone service,Fiber optic,Yes,No,No,No,Yes,No,Two year,Yes,Electronic check,33.69,1140.17,No
CUST-0002980,Female,1,No,Yes,0,Yes,No,Fiber optic,No,No,No,No,No,No,Month-to-month,Yes,Bank transfer (automatic),67.31,,No
CUST-0002981,Male,0,No,No,21,Yes,Yes,DSL,Yes,No,No,Yes,No,Yes,Month-to-month,Yes,Bank transfer (automatic),18.25,417.18,No
CUST-0002982,Male,0,No,No,10,Yes,No,No,No internet service,No internet service,No internet service,No internet service,No internet service,No internet service,Two year,Yes,Bank transfer (automatic),81.69,804.36,No
CUST-0002983,Female,0,No,Yes,20,Yes,No,Fiber optic,No,No,No,No,No,No,One year,Yes,Electronic check,45.16,893.85,No
CUST-0002984,Female,1,No,No,0,Yes,Yes,Fiber optic,No,No,Yes,No,No,No,Month-to-month,Yes,Electronic check,71.24,,Yes
CUST-0002985,Female,1,Yes,No,1,Yes,No,DSL,Yes,No,No,No,No,No,One year,No,Credit card (automatic),67.76,72.71,No
CUST-0002986,Female,0,No,No,0,No,No phone service,Fiber optic,No,No,No,No,Yes,Yes,Month-to-month,Yes,Mailed check,27.26,,Yes
CUST-0002987,Male,0,No,Yes,30,Yes,No,Fiber optic,No,No,Yes,No,Yes,No,Month-to-month,Yes,Bank transfer (automatic),86.62,2572.63,No
CUST-0002988,Male,0,Yes,Yes,26,Yes,No,DSL,No,No,Yes,No,No,Yes,Month-to-month,Yes,Credit card (automatic),115.73,3021.19,Yes
CUST-0002989,Female,1,No,No,8,Yes,Yes,Fiber optic,No,No,No,No,Yes,Yes,One year,Yes,Mailed check,87.51,695.96,No
CUST-0002990,Female,1,Yes,No,33,No,No phone service,DSL,No,No,Yes,No,No,No,One year,Yes,Electronic check,18.25,599.03,Yes
CUST-0002991,Male,1,Yes,No,68,Yes,Yes,No,No internet service,No internet service,No internet service,No internet service,No internet service,No internet service,Two year,No,Mailed check,75.5,5117.1,No
CUST-0002992,Female,0,Yes,No,10,No,No phone service,Fiber optic,No,Yes,No,Yes,No,No,One year,No,Mailed check,31.51,338.49,No
CUST-0002993,Female,0,No,No,57,Yes,No,Fiber optic,Yes,Yes,No,Yes,Yes,Yes,Month-to-month,No,Bank transfer (automatic),18.25,1077.15,Yes
CUST-0002994,Male,1,No,No,34,Yes,No,DSL,Yes,Yes,Yes,No,Yes,No,Two year,Yes,Mailed check,48.81,1662.68,Yes
CUST-0002995,Male,0,Yes,No,1,Yes,No,DSL,Yes,Yes,No,No,No,No,Month-to-month,Yes,Credit card (automatic),33.39,49.51,Yes
CUST-0002996,Female,0,No,Yes,15,Yes,Yes,DSL,No,Yes,No,No,Yes,No,Month-to-month,Yes,Mailed check,64.28,958.95,No
CUST-0002997,Male,0,Yes,No,22,Yes,No,Fiber optic,No,Yes,No,No,No,No,Month-to-month,Yes,Mailed check,91.8,2014.95,No
CUST-0002998,Male,1,No,No,42,Yes,No,No,No internet service,No internet service,No internet service,No internet service,No internet service,No internet service,Month-to-month,Yes,Bank transfer (automatic),59.92,2507.99,No
CUST-0002999,Male,0,No,Yes,10,Yes,No,DSL,No,Yes,No,No,No,Yes,Month-to-month,Yes,Electronic check,70.85,737.49,No
CUST-0003000,Female,0,No,No,72,Yes,No,DSL,No,No,No,No,No,No,Month-to-month,No,Credit card (automatic),29.76,2158.42,No
CUST-0003001,Female,0,No,No,36,Yes,Yes,DSL,No,No,No,No,No,Yes,Month-to-month,Yes,Electronic check,82.8,2957.24,No
CUST-0003002,Female,0,Yes,No,14,Yes,Yes,Fiber optic,No,No,No,No,Yes,Yes,One year,Yes,Electronic check,80.6,1132.37,No
CUST-0003003,Male,0,No,No,3,Yes,No,No,No internet service,No internet service,No internet service,No internet service,No internet service,No internet service,Month-to-month,Yes,Electronic check,80.95,245.52,Yes
CUST-0003004,Female,0,No,Yes,6,Yes,Yes,Fiber optic,Yes,No,Yes,No,No,No,Two year,Yes,Mailed check,42.55,237.97,No
CUST-0003005,Female,0,Yes,No,21,Yes,No,Fiber optic,No,Yes,No,No,No,Yes,Month-to-month,No,Mailed check,73.07,1543.34,No
CUST-0003006,Female,0,No,Yes,21,Yes,Yes,DSL,No,No,Yes,No,No,Yes,Two year,No,Electronic check,111.6,2339.55,No
CUST-0003007,Female,1,No,Yes,46,Yes,No,Fiber optic,No,No,Yes,No,Yes,No,Two year,No,Electronic check,44.53,2043.61,No
CUST-0003008,Male,0,Yes,No,41,Yes,No,DSL,No,No,No,No,Yes,No,Month-to-month,Yes,Electronic check,61.17,2521.2,No
CUST-0003009,Female,0,No,No,7,Yes,No,Fiber optic,No,No,No,No,No,No,Month-to-month,Yes,Electronic check,65.25,449.86,No
CUST-0003010,Male,1,No,No,28,Yes,No,DSL,No,Yes,No,No,Yes,No,Two year,No,Electronic check,61.46,1709.21,Yes
CUST-0003011,Female,0,No,No,0,Yes,No,Fiber optic,Yes,No,No,No,Yes,No,Two year,No,Electronic check,23.66,,No
CUST-0003012,Male,0,Yes,No,16,No,No phone service,DSL,Yes,No,Yes,No,No,Yes,One year,Yes,Electronic check,38.78,650.09,Yes
CUST-0003013,Male,0,Yes,No,46,Yes,No,Fiber optic,Yes,No,No,No,Yes,Yes,Two year,Yes,Credit card (automatic),80.55,3725.04,No
CUST-0003014,Male,0,Yes,No,16,Yes,No,DSL,No,Yes,No,Yes,Yes,No,One year,Yes,Mailed check,33.57,546.99,No
CUST-0003015,Female,0,No,Yes,57,Yes,No,No,No internet service,No internet service,No internet service,No internet service,No internet service,No internet service,Month-to-month,Yes,Credit card (automatic),67.81,3862.06,No
CUST-0003016,Male,0,No,Yes,72,Yes,Yes,No,No internet service,No internet service,No internet service,No internet service,No internet service,No internet service,One year,No,Mailed check,55.62,4034.42,Yes
CUST-0003017,Female,0,No,No,29,Yes,No,Fiber optic,No,No,No,No,Yes,No,One year,Yes,Bank transfer (automatic),85.79,2491.29,No
CUST-0003018,Male,0,Yes,No,5,Yes,No,DSL,No,Yes,No,No,Yes,No,One year,Yes,Bank transfer (automatic),72.67,348.17,No
CUST-0003019,Male,0,Yes,Yes,15,No,No phone service,Fiber optic,No,No,Yes,No,No,No,Month-to-month,No,Electronic check,53.93,789.88,No
CUST-0003020,Female,0,No,Yes,0,Yes,Yes,No,No internet service,No internet service,No internet service,No internet service,No internet service,No internet service,Month-to-month,No,Mailed check,66.8,,No
CUST-0003021,Male,0,No,Yes,29,Yes,No,DSL,No,Yes,No,Yes,Yes,Yes,One year,No,Electronic check,88.53,2581.52,Yes
CUST-0003022,Male,0,No,No,55,Yes,No,No,No internet service,No internet service,No internet service,No internet service,No internet service,No internet service,Month-to-month,No,Mailed check,39.2,2146.76,Yes
CUST-0003023,Female,0,No,Yes,31,Yes,No,Fiber optic,No,No,No,No,No,No,Month-to-month,Yes,Electronic check,96.36,2997.99,No
CUST-0003024,Male,0,No,Yes,49,Yes,No,No,No internet service,No internet service,No internet service,No internet service,No internet service,No internet service,One year,No,Bank transfer (automatic),93.59,4569.88,Yes
CUST-0003025,Male,0,No,No,51,Yes,Yes,No,No internet service,No internet service,No internet service,No internet service,No internet service,No internet service,Month-to-month,Yes,Bank transfer (automatic),18.25,910.74,No
CUST-0003026,Male,0,No,No,60,Yes,No,DSL,No,No,No,No,Yes,No,Month-to-month,No,Credit card (automatic),27.02,1611.08,No
CUST-0003027,Female,1,Yes,No,9,Yes,No,Fiber optic,Yes,Yes,No,No,No,No,Two year,No,Electronic check,18.25,175.89,Yes
CUST-0003028,Female,1,No,No,65,Yes,Yes,DSL,No,Yes,Yes,Yes,Yes,No,Month-to-month,No,Bank transfer (automatic),83.14,5379.79,No
CUST-0003029,Female,0,No,Yes,33,Yes,No,DSL,No,No,No,No,Yes,No,Month-to-month,No,Electronic check,51.02,1707.15,Yes
CUST-0003030,Female,0,Yes,No,10,Yes,Yes,Fiber optic,No,Yes,No,Yes,Yes,No,Month-to-month,Yes,Credit card (automatic),52.57,500.56,No
CUST-0003031,Male,0,Yes,No,72,Yes,Yes,No,No internet service,No internet service,No internet service,No internet service,No internet service,No internet service,Two year,Yes,Bank transfer (automatic),89.82,6505.82,No
CUST-0003032,Male,1,Yes,No,72,Yes,No,No,No internet service,No internet service,No internet service,No internet service,No internet service,No internet service,Month-to-month,Yes,Credit card (automatic),57.44,4152.14,Yes
CUST-0003033,Female,0,No,No,27,No,No phone service,DSL,No,No,Yes,No,Yes,No,One year,Yes,Electronic check,77.23,2060.8,No
CUST-0003034,Male,0,Yes,No,59,Yes,Yes,DSL,No,Yes,Yes,Yes,No,No,Month-to-month,Yes,Mailed check,25.22,1509.14,No
CUST-0003035,Male,0,Yes,Yes,9,Yes,Yes,Fiber optic,No,No,Yes,No,Yes,Yes,Month-to-month,No,Mailed check,48.65,453.84,Yes
CUST-0003036,Male,0,No,No,17,Yes,Yes,DSL,No,Yes,No,No,Yes,Yes,Two year,Yes,Bank transfer (automatic),118.75,2007.53,No
CUST-0003037,Male,1,Yes,Yes,6,No,No phone service,DSL,No,Yes,No,No,No,Yes,Two year,Yes,Credit card (automatic),34.01,219.75,No
CUST-0003038,Female,0,No,No,23,Yes,No,No,No internet service,No internet service,No internet service,No internet service,No internet service,No internet service,Two year,Yes,Electronic check,70.47,1652.61,No
CUST-0003039,Male,0,No,No,21,Yes,No,No,No internet service,No internet service,No internet service,No internet service,No internet service,No internet service,Month-to-month,No,Bank transfer (automatic),26.59,534.96,No
CUST-0003040,Female,0,No,No,7,Yes,Yes,No,No internet service,No internet service,No internet service,No internet service,No internet service,No internet service,Month-to-month,Yes,Electronic check,52.45,374.63,No
CUST-0003041,Male,0,Yes,No,35,No,No phone service,Fiber optic,Yes,No,No,Yes,Yes,No,Two year,Yes,Mailed check,78.8,2730.73,No
CUST-0003042,Female,0,Yes,No,4,Yes,No,Fiber optic,No,No,No,No,No,No,Month-to-month,Yes,Credit card (automatic),37.08,181.02,No
CUST-0003043,Male,0,Yes,No,2,Yes,Yes,Fiber optic,No,No,Yes,No,No,No,One year,No,Mailed check,71.02,101.41,Yes
CUST-0003044,Male,0,No,No,15,No,No phone service,DSL,No,No,No,No,No,No,One year,No,Credit card (automatic),73.16,1074.36,Yes
CUST-0003045,Female,0,No,No,16,No,No phone service,No,No internet service,No internet service,No internet service,No internet service,No internet service,No internet service,One year,No,Bank transfer (automatic),88.53,1403.44,No
CUST-0003046,Female,0,Yes,No,12,Yes,Yes,DSL,No,No,No,No,Yes,Yes,Month-to-month,Yes,Credit card (automatic),18.34,252.28,No
CUST-0003047,Male,0,No,No,9,Yes,Yes,No,No internet service,No internet service,No internet service,No internet service,No internet service,No internet service,Month-to-month,Yes,Credit card (automatic),48.82,451.66,No
CUST-0003048,Male,0,Yes,No,13,Yes,Yes,Fiber optic,No,Yes,Yes,No,No,Yes,Month-to-month,No,Bank transfer (automatic),56.73,725.7,Yes
CUST-0003049,Male,0,No,No,5,Yes,No,DSL,No,No,No,No,Yes,Yes,Month-to-month,Yes,Bank transfer (automatic),38.71,202.38,No
CUST-0003050,Male,0,No,No,16,Yes,No,Fiber optic,No,Yes,Yes,Yes,No,No,Two year,No,Bank transfer (automatic),76.12,1222.07,Yes
CUST-0003051,Male,1,No,No,72,Yes,No,DSL,No,No,No,Yes,Yes,No,Two year,No,Credit card (automatic),37.26,2688.27,No
CUST-0003052,Male,0,No,No,8,Yes,Yes,Fiber optic,No,No,No,No,No,No,Month-to-month,Yes,Mailed check,90.99,708.99,No
CUST-0003053,Male,0,No,No,36,No,No phone service,Fiber optic,Yes,No,Yes,No,Yes,No,One year,Yes,Electronic check,18.25,634.73,No
CUST-0003054,Male,0,No,No,4,Yes,Yes,Fiber optic,No,No,Yes,Yes,No,No,Month-to-month,Yes,Bank transfer (automatic),90.48,396.86,Yes
CUST-0003055,Female,0,No,Yes,13,Yes,Yes,No,No internet service,No internet service,No internet service,No internet service,No internet service,No internet service,Month-to-month,No,Bank transfer (automatic),23.19,332.3,No
CUST-0003056,Female,0,No,No,12,No,No phone service,DSL,No,No,No,Yes,Yes,No,Month-to-month,No,Electronic check,69.33,811.45,No
CUST-0003057,Female,0,No,No,72,No,No phone service,Fiber optic,Yes,No,Yes,Yes,Yes,No,One year,Yes,Electronic check,91.72,6604.22,Yes
CUST-0003058,Male,1,No,Yes,17,Yes,No,No,No internet service,No internet service,No internet service,No internet service,No internet service,No internet service,Two year,No,Electronic check,73.12,1272.39,No
CUST-0003059,Male,0,No,No,37,No,No phone service,Fiber optic,Yes,No,No,No,No,Yes,Two year,Yes,Bank transfer (automatic),19.29,743.1,No
CUST-0003060,Female,1,No,No,29,Yes,No,No,No internet service,No internet service,No internet service,No internet service,No internet service,No internet service,Month-to-month,Yes,Mailed check,118.75,3458.24,No
CUST-0003061,Male,0,No,No,4,Yes,No,Fiber optic,No,No,Yes,Yes,Yes,Yes,One year,Yes,Electronic check,18.25,116.47,No
CUST-0003062,Male,0,Yes,No,72,Yes,No,No,No internet service,No internet service,No internet service,No internet service,No internet service,No internet service,Month-to-month,No,Mailed check,44.37,3212.92,No
CUST-0003063,Female,0,Yes,No,13,Yes,No,No,No internet service,No internet service,No internet service,No internet service,No internet service,No internet service,Month-to-month,No,Electronic check,46.42,653.79,No
CUST-0003064,Female,0,Yes,No,1,Yes,Yes,No,No internet service,No internet service,No internet service,No internet service,No internet service,No internet service,Month-to-month,Yes,Electronic check,24.43,27.85,No
CUST-0003065,Female,0,No,Yes,11,Yes,Yes,No,No internet service,No internet service,No internet service,No internet service,No internet service,No internet service,Month-to-month,Yes,Electronic check,117.11,1282.99,No
CUST-0003066,Male,0,Yes,No,13,Yes,No,DSL,Yes,No,No,No,Yes,Yes,Month-to-month,Yes,Mailed check,42.95,549.56,No
CUST-0003067,Male,0,No,No,3,No,No phone service,Fiber optic,No,Yes,No,No,No,No,One year,No,Electronic check,34.12,86.03,No
CUST-0003068,Female,0,No,No,30,Yes,No,DSL,No,No,Yes,Yes,No,No,One year,No,Credit card (automatic),19.66,571.35,Yes
CUST-0003069,Male,0,No,No,13,Yes,Yes,DSL,Yes,No,No,Yes,No,No,Month-to-month,Yes,Bank transfer (automatic),102.28,1289.16,No
CUST-0003070,Female,0,Yes,Yes,31,Yes,No,Fiber optic,Yes,Yes,Yes,Yes,Yes,No,Month-to-month,Yes,Bank transfer (automatic),80.66,2544.51,Yes
CUST-0003071,Female,0,No,No,0,Yes,No,No,No internet service,No internet service,No internet service,No internet service,No internet service,No internet service,Month-to-month,No,Mailed check,74.36,,No
CUST-0003072,Female,0,No,No,72,Yes,No,Fiber optic,No,No,No,No,No,No,One year,Yes,Credit card (automatic),98.37,7114.65,No
CUST-0003073,Male,0,No,Yes,5,Yes,Yes,No,No internet service,No internet service,No internet service,No internet service,No internet service,No internet service,Two year,No,Bank transfer (automatic),118.75,587.88,No
CUST-0003074,Male,0,Yes,No,34,Yes,No,No,No internet service,No internet service,No internet service,No internet service,No internet service,No internet service,Two year,Yes,Electronic check,48.87,1654.84,No
CUST-0003075,Female,0,No,No,40,No,No phone service,DSL,No,Yes,No,Yes,No,Yes,Two year,Yes,Electronic check,66.52,2646.84,Yes
CUST-0003076,Female,0,No,No,6,Yes,No,DSL,Yes,No,No,Yes,Yes,Yes,Two year,Yes,Mailed check,50.69,288.02,No
CUST-0003077,Female,0,No,No,3,Yes,No,DSL,Yes,Yes,No,Yes,Yes,Yes,One year,Yes,Mailed check,70.46,189.52,No
CUST-0003078,Male,0,No,Yes,5,Yes,No,Fiber optic,No,No,No,Yes,No,No,Month-to-month,Yes,Mailed check,18.25,98.03,Yes
CUST-0003079,Male,0,No,No,9,Yes,Yes,DSL,Yes,Yes,No,No,Yes,Yes,One year,Yes,Credit card (automatic),38.67,342.55,Yes
CUST-0003080,Female,1,No,Yes,5,Yes,Yes,No,No internet service,No internet service,No internet service,No internet service,No internet service,No internet service,One year,Yes,Bank transfer (automatic),47.57,284.99,No
CUST-0003081,Female,0,No,No,35,Yes,Yes,DSL,No,No,Yes,No,No,No,Month-to-month,No,Mailed check,88.92,3108.91,No
CUST-0003082,Female,0,No,No,17,Yes,No,DSL,No,No,Yes,No,No,Yes,Month-to-month,No,Bank transfer (automatic),39.08,648.06,No
CUST-0003083,Male,0,No,No,24,Yes,No,Fiber optic,No,No,Yes,No,Yes,No,Month-to-month,No,Mailed check,107.49,2600.99,No
CUST-0003084,Female,0,Yes,No,1,Yes,Yes,Fiber optic,No,No,No,No,Yes,No,Month-to-month,No,Credit card (automatic),40.97,38.11,No
CUST-0003085,Female,1,Yes,Yes,63,Yes,No,No,No internet service,No internet service,No internet service,No internet service,No internet service,No internet service,Month-to-month,Yes,Credit card (automatic),83.88,5305.52,No
CUST-0003086,Female,0,Yes,No,5,Yes,No,No,No internet service,No internet service,No internet service,No internet service,No internet service,No internet service,Two year,Yes,Credit card (automatic),63.49,312.93,No
CUST-0003087,Male,0,Yes,No,14,Yes,No,No,No internet service,No internet service,No internet service,No internet service,No internet service,No internet service,Month-to-month,No,Electronic check,53.1,744.72,No
CUST-0003088,Male,1,Yes,No,2,Yes,Yes,DSL,No,No,No,No,Yes,Yes,Month-to-month,Yes,Electronic check,51.82,69.8,No
CUST-0003089,Female,0,Yes,Yes,4,Yes,No,Fiber optic,Yes,No,No,Yes,No,No,Two year,No,Electronic check,83.68,321.96,No
CUST-0003090,Male,0,No,No,35,Yes,No,Fiber optic,No,No,No,No,No,Yes,Two year,Yes,Bank transfer (automatic),49.42,1727.82,Yes
CUST-0003091,Male,0,Yes,No,37,Yes,Yes,DSL,No,No,No,Yes,No,No,One year,No,Electronic check,92.68,3423.29,Yes
CUST-0003092,Female,0,Yes,No,36,Yes,No,Fiber optic,No,Yes,No,No,No,Yes,Two year,No,Mailed check,65.06,2348.23,Yes
CUST-0003093,Male,0,No,No,25,Yes,Yes,Fiber optic,Yes,Yes,No,No,No,Yes,Month-to-month,No,Credit card (automatic),85.87,2147.63,No
CUST-0003094,Female,0,No,No,72,Yes,No,Fiber optic,No,No,Yes,Yes,No,No,Two year,No,Credit card (automatic),20.37,1471.14,No
CUST-0003095,Male,0,No,No,22,Yes,Yes,DSL,No,Yes,No,No,No,No,Month-to-month,Yes,Bank transfer (automatic),18.25,412.73,Yes
CUST-0003096,Female,0,No,No,19,Yes,No,No,No internet service,No internet service,No internet service,No internet service,No internet service,No internet service,One year,Yes,Mailed check,47.49,896.44,No
CUST-0003097,Female,0,Yes,Yes,9,Yes,No,Fiber optic,No,Yes,Yes,Yes,Yes,No,Month-to-month,Yes,Electronic check,88.37,790.7,No
CUST-0003098,Male,0,Yes,No,3,Yes,Yes,DSL,No,Yes,No,No,No,Yes,One year,No,Bank transfer (automatic),91.08,253.25,No
CUST-0003099,Male,0,Yes,No,25,Yes,Yes,No,No internet service,No internet service,No internet service,No internet service,No internet service,No internet service,Month-to-month,Yes,Bank transfer (automatic),82.13,2087.76,No
CUST-0003100,Male,1,Yes,Yes,12,Yes,Yes,No,No internet service,No internet service,No internet service,No internet service,No internet service,No internet service,One year,No,Electronic check,108.8,1259.76,Yes
CUST-0003101,Male,0,Yes,Yes,23,Yes,No,No,No internet service,No internet service,No internet service,No internet service,No internet service,No internet service,Month-to-month,No,Bank transfer (automatic),102.34,2380.46,No
CUST-0003102,Female,0,No,Yes,7,Yes,Yes,Fiber optic,No,Yes,No,No,Yes,No,Month-to-month,No,Electronic check,29.01,199.39,Yes
CUST-0003103,Female,0,Yes,No,58,Yes,No,Fiber optic,No,No,Yes,Yes,Yes,No,Month-to-month,No,Bank transfer (automatic),45.5,2679.28,Yes
CUST-0003104,Male,0,Yes,Yes,72,Yes,Yes,Fiber optic,Yes,Yes,No,No,Yes,No,Month-to-month,No,Electronic check,41.89,3047.27,No
CUST-0003105,Male,0,Yes,Yes,12,Yes,No,Fiber optic,No,No,No,No,No,No,Month-to-month,No,Credit card (automatic),66.37,832.43,No
CUST-0003106,Male,1,No,No,59,Yes,No,No,No internet service,No internet service,No internet service,No internet service,No internet service,No internet service,Two year,No,Mailed check,82.04,4819.78,Yes
CUST-0003107,Female,0,Yes,No,66,Yes,No,Fiber optic,No,Yes,No,No,No,Yes,Month-to-month,Yes,Bank transfer (automatic),53.74,3524.72,No
CUST-0003108,Male,1,Yes,No,72,Yes,Yes,DSL,No,Yes,No,No,No,Yes,One year,Yes,Electronic check,117.85,8500.41,No
CUST-0003109,Female,0,Yes,No,13,Yes,No,Fiber optic,Yes,No,No,No,No,No,One year,No,Credit card (automatic),64.77,836.8,No
CUST-0003110,Female,0,Yes,No,45,Yes,No,Fiber optic,No,Yes,Yes,No,No,Yes,Month-to-month,Yes,Credit card (automatic),61.32,2774.63,No
CUST-0003111,Female,0,Yes,No,8,Yes,No,No,No internet service,No internet service,No internet service,No internet service,No internet service,No internet service,Month-to-month,Yes,Electronic check,37.28,300.14,Yes
CUST-0003112,Male,0,No,No,31,Yes,Yes,DSL,No,No,No,No,No,No,Month-to-month,No,Electronic check,67.39,2073.03,No
CUST-0003113,Female,0,Yes,No,39,Yes,Yes,Fiber optic,Yes,No,Yes,No,Yes,No,Two year,No,Mailed check,53.43,2100.4,No
CUST-0003114,Male,0,No,No,43,Yes,No,DSL,Yes,Yes,Yes,Yes,Yes,Yes,Month-to-month,Yes,Credit card (automatic),56.03,2393.4,No
CUST-0003115,Male,0,No,Yes,7,No,No phone service,DSL,Yes,No,Yes,No,Yes,No,Month-to-month,No,Bank transfer (automatic),52.58,370.74,No
CUST-0003116,Female,1,No,No,60,No,No phone service,Fiber optic,No,Yes,No,Yes,Yes,No,Two year,Yes,Credit card (automatic),110.39,6596.66,No
CUST-0003117,Female,0,Yes,No,17,Yes,No,DSL,No,Yes,No,Yes,No,No,Two year,No,Credit card (automatic),63.44,1083.56,Yes
CUST-0003118,Male,0,Yes,No,7,No,No phone service,Fiber optic,No,No,Yes,No,No,No,Month-to-month,No,Bank transfer (automatic),76.7,568.35,Yes
CUST-0003119,Male,0,Yes,No,25,Yes,No,DSL,No,Yes,No,No,Yes,Yes,One year,No,Electronic check,76.02,1863.97,Yes
CUST-0003120,Male,0,No,No,63,Yes,No,No,No internet service,No internet service,No internet service,No internet service,No internet service,No internet service,Month-to-month,No,Credit card (automatic),58.58,3702.67,No
CUST-0003121,Male,0,No,No,72,Yes,No,No,No internet service,No internet service,No internet service,No internet service,No internet service,No internet service,Month-to-month,Yes,Bank transfer (automatic),68.7,4931.62,No
CUST-0003122,Male,1,Yes,No,44,No,No phone service,DSL,Yes,Yes,Yes,Yes,No,No,Month-to-month,Yes,Mailed check,58.16,2580.54,Yes
CUST-0003123,Male,0,No,No,0,Yes,Yes,Fiber optic,No,No,Yes,No,No,Yes,Month-to-month,Yes,Mailed check,89.49,,No
CUST-0003124,Male,0,No,No,4,Yes,No,DSL,No,No,No,No,Yes,No,Two year,No,Credit card (automatic),34.56,159.46,No
CUST-0003125,Female,0,No,No,2,Yes,Yes,Fiber optic,No,Yes,No,No,No,No,Month-to-month,No,Electronic check,34.01,52.86,No
CUST-0003126,Female,0,Yes,No,3,Yes,Yes,DSL,No,No,No,No,No,No,Month-to-month,Yes,Bank transfer (automatic),109.91,330.65,No
CUST-0003127,Female,0,No,No,15,No,No phone service,DSL,No,Yes,No,No,Yes,Yes,Month-to-month,No,Bank transfer (automatic),65.57,975.23,No
CUST-0003128,Male,0,Yes,No,13,Yes,Yes,No,No internet service,No internet service,No internet service,No internet service,No internet service,No internet service,Month-to-month,No,Electronic check,71.65,937.19,No
CUST-0003129,Female,0,No,Yes,3,Yes,No,DSL,No,Yes,No,No,Yes,Yes,Month-to-month,Yes,Credit card (automatic),53.98,167.95,No
CUST-0003130,Female,0,Yes,No,68,Yes,Yes,Fiber optic,Yes,No,No,No,Yes,No,Month-to-month,Yes,Mailed check,65.57,4498.64,No
CUST-0003131,Female,0,Yes,Yes,30,No,No phone service,DSL,No,No,No,No,No,Yes,One year,No,Bank transfer (automatic),43.36,1322.52,No
CUST-0003132,Female,0,No,No,50,Yes,Yes,Fiber optic,No,Yes,Yes,No,No,No,Month-to-month,Yes,Mailed check,77.63,3886.46,Yes
CUST-0003133,Female,0,No,No,14,Yes,No,DSL,No,No,No,No,No,No,Two year,Yes,Electronic check,47.63,697.83,No
CUST-0003134,Female,0,Yes,No,16,Yes,No,DSL,Yes,Yes,No,No,No,Yes,Month-to-month,No,Bank transfer (automatic),39.56,641.56,Yes
CUST-0003135,Male,0,Yes,No,12,Yes,No,DSL,No,No,No,Yes,Yes,No,Month-to-month,Yes,Credit card (automatic),64.9,804.28,No
CUST-0003136,Female,0,No,No,18,Yes,No,DSL,No,No,Yes,No,No,Yes,Month-to-month,Yes,Bank transfer (automatic),60.55,1098.64,No
CUST-0003137,Female,0,No,No,30,Yes,Yes,No,No internet service,No internet service,No internet service,No internet service,No internet service,No internet service,Month-to-month,Yes,Bank transfer (automatic),42.98,1277.98,No
CUST-0003138,Female,0,No,No,21,Yes,Yes,No,No internet service,No internet service,No internet service,No internet service,No internet service,No internet service,One year,No,Electronic check,27.81,600.77,No
CUST-0003139,Female,0,No,No,58,Yes,No,No,No internet service,No internet service,No internet service,No internet service,No internet service,No internet service,One year,Yes,Electronic check,72.55,4201.7,No
CUST-0003140,Male,0,Yes,Yes,72,Yes,Yes,DSL,No,No,No,No,Yes,No,Two year,Yes,Bank transfer (automatic),97.18,6969.28,No
CUST-0003141,Male,0,No,Yes,20,Yes,No,DSL,No,Yes,No,No,No,No,One year,Yes,Electronic check,107.86,2144.82,No
CUST-0003142,Female,0,No,No,8,No,No phone service,Fiber optic,No,No,Yes,No,No,Yes,Month-to-month,No,Mailed check,78.23,607.5,No
CUST-0003143,Female,0,No,Yes,72,Yes,Yes,No,No internet service,No internet service,No internet service,No internet service,No internet service,No internet service,Month-to-month,Yes,Electronic check,78.92,5670.86,Yes
CUST-0003144,Female,1,Yes,No,42,Yes,No,Fiber optic,No,Yes,No,Yes,No,No,Month-to-month,Yes,Bank transfer (automatic),50.98,2173.44,No
CUST-0003145,Male,1,No,Yes,32,Yes,Yes,DSL,No,Yes,Yes,No,No,Yes,Two year,No,Mailed check,58.54,1866.58,No
CUST-0003146,Male,0,No,No,43,Yes,Yes,No,No internet service,No internet service,No internet service,No internet service,No internet service,No internet service,Month-to-month,Yes,Electronic check,68.1,2945.2,No
CUST-0003147,Female,0,No,No,2,Yes,Yes,DSL,No,Yes,Yes,No,No,Yes,Two year,Yes,Mailed check,76.44,160.17,No
CUST-0003148,Female,0,No,No,2,Yes,No,No,No internet service,No internet service,No internet service,No internet service,No internet service,No internet service,Month-to-month,Yes,Bank transfer (automatic),68.67,145.75,No
CUST-0003149,Female,0,No,Yes,5,Yes,Yes,No,No internet service,No internet service,No internet service,No internet service,No internet service,No internet service,One year,Yes,Electronic check,72.21,363.01,No
CUST-0003150,Male,0,No,Yes,5,Yes,Yes,No,No internet service,No internet service,No internet service,No internet service,No internet service,No internet service,Month-to-month,No,Electronic check,37.93,179.05,No
CUST-0003151,Female,1,Yes,No,17,Yes,Yes,DSL,No,Yes,No,No,Yes,No,Month-to-month,Yes,Credit card (automatic),29.34,514.78,No
CUST-0003152,Male,0,Yes,Yes,5,No,No phone service,Fiber optic,No,Yes,Yes,No,No,No,Month-to-month,No,Electronic check,74.85,376.31,Yes
CUST-0003153,Female,1,No,No,61,Yes,No,Fiber optic,No,No,Yes,No,No,No,Month-to-month,Yes,Credit card (automatic),73.1,4485.21,No
CUST-0003154,Male,0,No,No,27,Yes,No,DSL,Yes,No,No,No,No,No,Two year,No,Electronic check,18.25,483.69,No
CUST-0003155,Male,0,Yes,Yes,14,Yes,No,Fiber optic,Yes,No,No,No,Yes,Yes,One year,No,Electronic check,36.27,524.93,No
CUST-0003156,Female,0,No,No,2,Yes,No,Fiber optic,No,Yes,Yes,No,No,No,Month-to-month,No,Mailed check,51.04,128.02,No
CUST-0003157,Female,0,Yes,No,28,Yes,No,DSL,No,Yes,No,Yes,No,Yes,Two year,No,Credit card (automatic),39.39,1076.43,No
CUST-0003158,Male,0,Yes,No,3,Yes,Yes,DSL,No,No,No,Yes,Yes,Yes,Month-to-month,No,Credit card (automatic),60.36,182.14,No
CUST-0003159,Female,0,No,No,43,No,No phone service,DSL,Yes,No,No,No,No,No,Month-to-month,No,Bank transfer (automatic),31.81,1364.52,Yes
CUST-0003160,Male,0,No,No,51,Yes,No,No,No internet service,No internet service,No internet service,No internet service,No internet service,No internet service,One year,Yes,Credit card (automatic),72.13,3692.27,Yes
CUST-0003161,Male,0,Yes,No,25,Yes,Yes,No,No internet service,No internet service,No internet service,No internet service,No internet service,No internet service,One year,Yes,Mailed check,75.25,1875.07,No
CUST-0003162,Male,0,No,No,5,Yes,No,Fiber optic,Yes,No,No,Yes,No,No,Month-to-month,Yes,Credit card (automatic),115.96,610.03,No
CUST-0003163,Male,0,No,Yes,49,Yes,Yes,DSL,Yes,No,No,No,Yes,No,Month-to-month,No,Electronic check,18.25,883.68,No
CUST-0003164,Male,0,No,No,11,Yes,No,Fiber optic,No,No,No,No,No,No,Month-to-month,Yes,Mailed check,25.58,263.33,No
CUST-0003165,Male,0,Yes,No,8,Yes,Yes,DSL,No,Yes,No,No,Yes,No,Month-to-month,Yes,Credit card (automatic),77.8,598.37,No
CUST-0003166,Male,0,No,No,20,Yes,Yes,Fiber optic,Yes,No,Yes,No,No,Yes,Two year,No,Bank transfer (automatic),98.09,1950.29,No
CUST-0003167,Female,0,Yes,No,72,Yes,No,Fiber optic,Yes,No,Yes,No,No,Yes,Month-to-month,Yes,Credit card (automatic),68.63,4927.38,No
CUST-0003168,Male,1,Yes,No,11,Yes,Yes,No,No internet service,No internet service,No internet service,No internet service,No internet service,No internet service,Month-to-month,Yes,Electronic check,94.33,1042.75,Yes
CUST-0003169,Female,0,No,No,72,Yes,Yes,DSL,No,No,No,No,Yes,Yes,Month-to-month,No,Electronic check,44.21,3165.95,Yes
CUST-0003170,Male,0,No,No,1,Yes,Yes,DSL,Yes,Yes,No,No,No,Yes,Month-to-month,No,Mailed check,40.32,30.36,No
CUST-0003171,Female,0,Yes,No,2,Yes,Yes,No,No internet service,No internet service,No internet service,No internet service,No internet service,No internet service,Two year,Yes,Bank transfer (automatic),66.66,148.99,No
CUST-0003172,Male,1,No,No,38,Yes,Yes,No,No internet service,No internet service,No internet service,No internet service,No internet service,No internet service,One year,Yes,Mailed check,38.04,1456.65,No
CUST-0003173,Male,0,No,No,6,No,No phone service,Fiber optic,No,No,No,No,No,Yes,Two year,Yes,Mailed check,50.49,297.55,No
CUST-0003174,Male,0,No,No,12,Yes,No,DSL,No,No,Yes,Yes,Yes,Yes,Month-to-month,Yes,Bank transfer (automatic),69.06,813.71,Yes
CUST-0003175,Male,0,No,Yes,4,Yes,No,Fiber optic,Yes,No,No,No,No,No,Month-to-month,No,Credit card (automatic),60.5,258.29,No
CUST-0003176,Male,0,Yes,No,12,Yes,No,Fiber optic,No,No,No,No,No,No,Month-to-month,Yes,Bank transfer (automatic),63.32,711.47,No
CUST-0003177,Female,0,No,Yes,10,Yes,No,No,No internet service,No internet service,No internet service,No internet service,No internet service,No internet service,Month-to-month,No,Electronic check,64.5,680.65,No
CUST-0003178,Female,0,Yes,Yes,42,Yes,Yes,Fiber optic,No,No,No,Yes,No,Yes,Two year,No,Mailed check,117.76,4929.16,No
CUST-0003179,Female,0,No,No,38,Yes,Yes,DSL,Yes,No,Yes,Yes,Yes,Yes,Month-to-month,No,Bank transfer (automatic),92.87,3531.29,No
CUST-0003180,Female,1,Yes,No,72,Yes,No,Fiber optic,Yes,No,No,No,No,No,Month-to-month,Yes,Electronic check,110.16,7961.8,Yes
CUST-0003181,Male,0,Yes,No,41,Yes,No,DSL,No,No,No,Yes,Yes,Yes,Month-to-month,Yes,Mailed check,19.61,778.03,No
CUST-0003182,Male,0,No,No,37,Yes,Yes,DSL,No,Yes,No,No,No,No,One year,Yes,Bank transfer (automatic),118.75,4383.1,No
CUST-0003183,Male,0,Yes,No,37,No,No phone service,Fiber optic,No,No,No,No,Yes,Yes,Month-to-month,Yes,Electronic check,103.85,3834.04,No
CUST-0003184,Male,0,Yes,No,68,Yes,No,DSL,Yes,No,Yes,Yes,Yes,No,Month-to-month,No,Electronic check,110.17,7504.71,No
CUST-0003185,Female,0,No,Yes,11,Yes,Yes,No,No internet service,No internet service,No internet service,No internet service,No internet service,No internet service,Two year,Yes,Bank transfer (automatic),57.01,625.3,Yes
CUST-0003186,Female,0,No,No,11,Yes,No,Fiber optic,Yes,No,No,No,Yes,No,Two year,No,Electronic check,55.34,625.99,No
CUST-0003187,Male,0,No,No,43,Yes,Yes,Fiber optic,No,Yes,No,Yes,No,No,Two year,Yes,Electronic check,92.47,3954.63,Yes
CUST-0003188,Male,0,Yes,No,8,Yes,No,Fiber optic,No,No,No,No,No,No,Two year,No,Bank transfer (automatic),29.49,237.27,No
CUST-0003189,Female,0,Yes,Yes,72,Yes,Yes,No,No internet service,No internet service,No internet service,No internet service,No internet service,No internet service,Two year,No,Electronic check,90.08,6489.23,No
CUST-0003190,Female,1,Yes,Yes,24,Yes,Yes,No,No internet service,No internet service,No internet service,No internet service,No internet service,No internet service,Two year,No,Electronic check,91.3,2172.91,No
CUST-0003191,Male,0,No,No,11,Yes,No,No,No internet service,No internet service,No internet service,No internet service,No internet service,No internet service,Two year,Yes,Bank transfer (automatic),38.02,423.53,Yes
CUST-0003192,Female,0,No,No,47,Yes,Yes,Fiber optic,No,Yes,Yes,Yes,No,Yes,Month-to-month,Yes,Credit card (automatic),75.82,3579.99,No
CUST-0003193,Female,0,Yes,No,11,Yes,Yes,DSL,No,Yes,No,No,No,No,Month-to-month,Yes,Mailed check,18.25,216.01,No
CUST-0003194,Male,0,Yes,Yes,72,Yes,No,Fiber optic,No,No,No,No,No,No,Month-to-month,No,Electronic check,99.16,7132.31,No
CUST-0003195,Male,0,Yes,No,72,Yes,Yes,Fiber optic,No,No,No,No,No,No,One year,Yes,Bank transfer (automatic),73.92,5298.88,No
CUST-0003196,Female,0,Yes,No,35,Yes,No,DSL,No,No,No,No,Yes,No,Month-to-month,Yes,Bank transfer (automatic),74.74,2584.78,No
CUST-0003197,Female,0,Yes,No,3,Yes,No,DSL,No,Yes,No,No,No,Yes,Month-to-month,No,Credit card (automatic),84.13,260.76,No
CUST-0003198,Female,0,No,No,9,Yes,No,Fiber optic,No,No,Yes,No,No,No,Month-to-month,Yes,Credit card (automatic),30.26,278.79,Yes
CUST-0003199,Male,0,Yes,Yes,23,Yes,Yes,Fiber optic,Yes,Yes,No,Yes,No,No,Month-to-month,Yes,Mailed check,90.41,2079.36,Yes
CUST-0003200,Male,0,No,No,61,Yes,No,Fiber optic,Yes,No,No,Yes,Yes,No,One year,Yes,Bank transfer (automatic),60.12,3679.79,No
CUST-0003201,Female,0,No,Yes,6,Yes,Yes,Fiber optic,No,Yes,Yes,No,Yes,No,Month-to-month,Yes,Credit card (automatic),38.4,214.39,No
CUST-0003202,Male,0,Yes,No,3,Yes,No,Fiber optic,No,Yes,No,No,No,No,Two year,Yes,Bank transfer (automatic),95.83,233.56,No
CUST-0003203,Male,1,No,Yes,2,Yes,Yes,DSL,No,No,Yes,Yes,No,No,Two year,Yes,Credit card (automatic),37.94,83.03,No
CUST-0003204,Female,0,No,No,22,Yes,Yes,Fiber optic,No,Yes,No,No,No,Yes,Month-to-month,No,Mailed check,52.95,1193.59,No
CUST-0003205,Female,0,Yes,No,69,No,No phone service,No,No internet service,No internet service,No internet service,No internet service,No internet service,No internet service,Month-to-month,Yes,Bank transfer (automatic),19.61,1311.49,No
CUST-0003206,Female,1,No,No,1,Yes,Yes,DSL,Yes,No,Yes,Yes,No,Yes,Month-to-month,No,Electronic check,24.6,9.94,No
CUST-0003207,Female,0,Yes,No,7,Yes,Yes,Fiber optic,No,No,No,No,Yes,No,One year,No,Mailed check,20.2,163.9,Yes
CUST-0003208,Female,0,No,Yes,37,Yes,No,DSL,No,No,Yes,Yes,No,No,Two year,No,Electronic check,93.34,3516.73,Yes
CUST-0003209,Male,0,No,No,55,Yes,Yes,DSL,No,Yes,Yes,No,Yes,No,Month-to-month,Yes,Bank transfer (automatic),33.51,1827.74,Yes
CUST-0003210,Female,0,No,No,52,Yes,Yes,Fiber optic,No,No,Yes,Yes,No,No,Two year,Yes,Mailed check,58.01,2997.45,No
CUST-0003211,Male,0,No,No,49,Yes,No,Fiber optic,No,No,Yes,No,Yes,Yes,Month-to-month,Yes,Credit card (automatic),43.12,2133.68,Yes
CUST-0003212,Female,1,No,No,4,No,No phone service,Fiber optic,Yes,Yes,No,No,No,Yes,Month-to-month,No,Electronic check,81.36,282.28,No
CUST-0003213,Male,0,No,Yes,16,No,No phone service,DSL,Yes,No,No,Yes,Yes,Yes,Two year,Yes,Electronic check,72.98,1167.36,No
CUST-0003214,Female,0,No,No,72,Yes,No,Fiber optic,No,No,Yes,No,No,Yes,One year,Yes,Mailed check,20.92,1532.97,No
CUST-0003215,Male,0,Yes,No,72,Yes,Yes,DSL,Yes,No,No,Yes,No,No,Month-to-month,Yes,Credit card (automatic),88.36,6355.29,No
CUST-0003216,Male,1,No,No,29,Yes,No,DSL,No,No,No,Yes,No,No,Two year,Yes,Credit card (automatic),82.23,2410.0,Yes
CUST-0003217,Male,0,Yes,No,39,Yes,Yes,DSL,No,No,Yes,No,No,No,One year,Yes,Bank transfer (automatic),32.48,1267.23,No
CUST-0003218,Male,0,Yes,No,72,Yes,No,No,No internet service,No internet service,No internet service,No internet service,No internet service,No internet service,One year,Yes,Electronic check,95.2,6865.7,No
CUST-0003219,Female,0,No,Yes,19,Yes,No,DSL,No,No,No,No,No,No,Month-to-month,Yes,Mailed check,48.91,908.04,No
CUST-0003220,Female,0,Yes,No,4,Yes,No,Fiber optic,No,No,No,No,No,Yes,Two year,Yes,Credit card (automatic),29.52,112.61,Yes
CUST-0003221,Female,1,Yes,No,35,Yes,No,Fiber optic,No,No,No,Yes,Yes,Yes,Two year,No,Credit card (automatic),77.58,2721.62,No
CUST-0003222,Male,0,No,Yes,72,Yes,No,Fiber optic,No,No,Yes,Yes,No,No,Two year,Yes,Bank transfer (automatic),92.32,6665.27,Yes
CUST-0003223,Male,0,Yes,Yes,38,Yes,No,No,No internet service,No internet service,No internet service,No internet service,No internet service,No internet service,Month-to-month,Yes,Credit card (automatic),91.1,3460.88,Yes
CUST-0003224,Male,0,Yes,No,52,Yes,No,Fiber optic,No,No,Yes,No,No,No,Month-to-month,No,Bank transfer (automatic),18.25,928.6,No
CUST-0003225,Male,0,No,Yes,17,Yes,Yes,Fiber optic,Yes,No,No,No,Yes,No,One year,Yes,Electronic check,95.88,1639.85,No
CUST-0003226,Female,0,No,Yes,3,Yes,No,DSL,Yes,Yes,No,No,No,Yes,Month-to-month,Yes,Mailed check,118.75,329.37,No
CUST-0003227,Male,0,No,No,5,Yes,Yes,No,No internet service,No internet service,No internet service,No internet service,No internet service,No internet service,Month-to-month,Yes,Electronic check,19.61,101.46,No
CUST-0003228,Male,0,No,No,72,Yes,No,Fiber optic,No,No,No,No,Yes,No,Month-to-month,Yes,Bank transfer (automatic),78.62,5663.77,No
CUST-0003229,Male,0,No,Yes,21,Yes,No,DSL,No,Yes,No,Yes,Yes,No,Two year,Yes,Credit card (automatic),64.23,1357.49,No
CUST-0003230,Male,1,No,No,0,Yes,Yes,Fiber optic,Yes,No,No,No,No,No,Month-to-month,Yes,Mailed check,81.98,,No
CUST-0003231,Female,0,No,No,72,No,No phone service,Fiber optic,Yes,Yes,No,No,Yes,No,Two year,Yes,Mailed check,47.53,3442.37,No
CUST-0003232,Female,1,No,No,22,Yes,No,DSL,No,No,No,No,No,Yes,Month-to-month,No,Electronic check,66.96,1490.91,No
CUST-0003233,Male,0,No,No,57,No,No phone service,No,No internet service,No internet service,No internet service,No internet service,No internet service,No internet service,One year,Yes,Electronic check,71.76,4111.04,No
CUST-0003234,Male,0,Yes,No,25,Yes,Yes,Fiber optic,Yes,No,No,No,Yes,No,Month-to-month,No,Electronic check,34.39,892.01,No
CUST-0003235,Male,0,Yes,Yes,3,Yes,No,Fiber optic,Yes,Yes,No,No,No,Yes,Two year,No,Bank transfer (automatic),94.98,289.71,No
CUST-0003236,Male,0,Yes,No,30,Yes,No,Fiber optic,No,No,Yes,Yes,Yes,Yes,Two year,Yes,Bank transfer (automatic),45.74,1379.78,No
CUST-0003237,Male,0,No,Yes,72,Yes,No,DSL,No,Yes,No,No,No,No,Month-to-month,Yes,Mailed check,82.7,6004.73,No
CUST-0003238,Female,0,Yes,Yes,1,Yes,No,No,No internet service,No internet service,No internet service,No internet service,No internet service,No internet service,Month-to-month,Yes,Credit card (automatic),82.51,66.32,No
CUST-0003239,Female,0,No,No,59,Yes,No,Fiber optic,No,No,Yes,No,Yes,No,Month-to-month,No,Bank transfer (automatic),84.77,4993.3,Yes
CUST-0003240,Female,1,No,Yes,8,Yes,Yes,Fiber optic,Yes,No,No,No,No,Yes,Month-to-month,Yes,Mailed check,36.91,313.37,No
CUST-0003241,Male,0,No,No,16,Yes,No,Fiber optic,No,Yes,Yes,No,No,No,Month-to-month,No,Electronic check,115.05,1854.47,No
CUST-0003242,Male,0,Yes,No,14,Yes,No,No,No internet service,No internet service,No internet service,No internet service,No internet service,No internet service,Month-to-month,Yes,Mailed check,18.25,247.06,No
CUST-0003243,Female,0,No,No,72,Yes,No,Fiber optic,No,No,Yes,No,Yes,Yes,Two year,Yes,Electronic check,30.71,2227.85,No
CUST-0003244,Female,0,Yes,Yes,22,Yes,No,DSL,No,No,Yes,Yes,Yes,No,One year,Yes,Mailed check,32.07,705.89,Yes
CUST-0003245,Female,0,No,No,18,Yes,No,Fiber optic,Yes,No,No,No,Yes,No,Month-to-month,Yes,Bank transfer (automatic),112.19,2039.79,No
CUST-0003246,Male,0,No,No,54,Yes,No,Fiber optic,No,Yes,No,No,No,Yes,Month-to-month,No,Electronic check,93.58,5058.5,No
CUST-0003247,Male,0,Yes,No,1,Yes,Yes,No,No internet service,No internet service,No internet service,No internet service,No internet service,No internet service,Month-to-month,No,Electronic check,57.66,43.68,Yes
CUST-0003248,Male,0,No,No,2,Yes,Yes,Fiber optic,No,No,No,No,No,No,Month-to-month,No,Mailed check,87.6,168.94,No
CUST-0003249,Female,0,Yes,Yes,0,No,No phone service,Fiber optic,No,No,Yes,Yes,No,No,Month-to-month,Yes,Credit card (automatic),88.27,,No
CUST-0003250,Female,0,No,Yes,37,Yes,Yes,DSL,Yes,No,Yes,No,No,No,Month-to-month,Yes,Bank transfer (automatic),36.36,1330.22,No
CUST-0003251,Female,0,Yes,No,23,Yes,Yes,Fiber optic,No,No,No,Yes,Yes,No,Month-to-month,No,Mailed check,28.96,663.11,No
CUST-0003252,Male,0,Yes,Yes,66,Yes,No,Fiber optic,No,No,Yes,No,Yes,Yes,Two year,Yes,Mailed check,92.29,6102.58,No
CUST-0003253,Female,1,Yes,No,22,Yes,No,DSL,Yes,No,Yes,Yes,No,No,One year,Yes,Credit card (automatic),43.88,936.88,No
CUST-0003254,Male,1,Yes,No,8,No,No phone service,Fiber optic,No,No,No,Yes,No,Yes,Month-to-month,No,Electronic check,83.42,677.55,Yes
CUST-0003255,Male,0,No,No,52,Yes,No,No,No internet service,No internet service,No internet service,No internet service,No internet service,No internet service,Month-to-month,Yes,Electronic check,27.49,1361.07,Yes
CUST-0003256,Male,0,No,No,11,Yes,Yes,DSL,No,No,Yes,Yes,Yes,Yes,Month-to-month,No,Bank transfer (automatic),42.48,443.84,Yes
CUST-0003257,Female,1,No,No,72,Yes,Yes,Fiber optic,Yes,Yes,No,No,No,Yes,One year,No,Bank transfer (automatic),61.04,4401.05,No
CUST-0003258,Male,1,Yes,No,9,Yes,No,DSL,No,Yes,No,No,Yes,Yes,Two year,Yes,Electronic check,118.75,1075.32,Yes
CUST-0003259,Male,0,Yes,No,5,Yes,No,DSL,Yes,No,Yes,No,Yes,Yes,Month-to-month,No,Credit card (automatic),49.23,254.79,No
CUST-0003260,Female,0,No,No,21,No,No phone service,DSL,Yes,Yes,No,No,Yes,No,Month-to-month,Yes,Electronic check,73.92,1548.69,No
CUST-0003261,Male,1,Yes,No,1,Yes,Yes,Fiber optic,No,Yes,Yes,No,Yes,Yes,Month-to-month,No,Electronic check,61.59,69.7,No
CUST-0003262,Female,0,No,No,1,Yes,No,No,No internet service,No internet service,No internet service,No internet service,No internet service,No internet service,Month-to-month,Yes,Mailed check,18.25,29.52,No
CUST-0003263,Male,0,No,No,21,Yes,No,Fiber optic,No,No,No,No,No,Yes,One year,Yes,Credit card (automatic),64.94,1368.74,No
CUST-0003264,Male,1,Yes,No,7,Yes,Yes,DSL,Yes,Yes,No,No,Yes,Yes,Month-to-month,Yes,Electronic check,64.24,438.0,No
CUST-0003265,Female,0,No,Yes,0,Yes,Yes,DSL,No,No,No,No,No,No,Two year,Yes,Electronic check,86.71,,Yes
CUST-0003266,Male,1,No,Yes,11,Yes,No,Fiber optic,No,No,Yes,No,No,No,Month-to-month,No,Mailed check,18.48,186.91,No
CUST-0003267,Male,0,No,Yes,20,Yes,Yes,DSL,No,No,No,No,No,No,Two year,Yes,Electronic check,57.04,1126.36,No
CUST-0003268,Female,1,Yes,Yes,16,Yes,Yes,No,No internet service,No internet service,No internet service,No internet service,No internet service,No internet service,Month-to-month,No,Bank transfer (automatic),77.16,1236.91,No
CUST-0003269,Female,0,Yes,No,4,Yes,Yes,DSL,No,Yes,No,No,No,Yes,Two year,Yes,Mailed check,86.4,350.31,No
CUST-0003270,Female,1,Yes,Yes,27,Yes,Yes,DSL,No,Yes,No,Yes,No,No,One year,No,Mailed check,104.82,2839.75,No
CUST-0003271,Male,0,Yes,No,39,No,No phone service,Fiber optic,No,No,Yes,No,No,Yes,Month-to-month,Yes,Bank transfer (automatic),81.73,3153.09,No
CUST-0003272,Male,0,Yes,No,36,Yes,Yes,Fiber optic,Yes,No,No,No,No,Yes,Two year,Yes,Electronic check,41.34,1522.83,No
CUST-0003273,Female,0,No,Yes,16,Yes,Yes,DSL,No,No,Yes,No,No,No,Month-to-month,Yes,Credit card (automatic),65.63,1046.77,No
CUST-0003274,Female,0,No,Yes,4,Yes,No,DSL,No,No,Yes,Yes,Yes,Yes,Month-to-month,Yes,Mailed check,43.1,135.34,No
CUST-0003275,Female,0,No,No,22,No,No phone service,Fiber optic,No,No,No,Yes,Yes,Yes,Month-to-month,Yes,Electronic check,75.38,1628.28,No
CUST-0003276,Female,0,Yes,No,70,Yes,No,Fiber optic,No,Yes,No,No,No,Yes,Month-to-month,Yes,Electronic check,42.87,3010.1,Yes
CUST-0003277,Female,0,No,No,20,Yes,No,No,No internet service,No internet service,No internet service,No internet service,No internet service,No internet service,Month-to-month,No,Bank transfer (automatic),93.27,1880.98,Yes
CUST-0003278,Male,0,Yes,No,6,Yes,Yes,DSL,No,No,No,Yes,No,No,One year,No,Electronic check,46.41,258.97,No
CUST-0003279,Male,0,No,No,3,No,No phone service,DSL,No,No,No,Yes,Yes,No,Month-to-month,Yes,Bank transfer (automatic),39.59,137.52,No
CUST-0003280,Female,1,No,No,72,Yes,No,Fiber optic,No,Yes,No,No,Yes,Yes,One year,No,Bank transfer (automatic),64.07,4658.35,No
CUST-0003281,Male,0,No,Yes,43,Yes,Yes,DSL,Yes,Yes,Yes,No,No,No,Month-to-month,Yes,Credit card (automatic),59.93,2555.71,No
CUST-0003282,Male,0,No,No,12,Yes,No,Fiber optic,No,No,Yes,Yes,No,No,Two year,Yes,Electronic check,65.66,746.0,No
CUST-0003283,Female,0,No,No,11,Yes,No,DSL,Yes,Yes,No,No,No,Yes,One year,No,Mailed check,33.71,354.31,Yes
CUST-0003284,Female,0,Yes,No,72,Yes,Yes,No,No internet service,No internet service,No internet service,No internet service,No internet service,No internet service,Month-to-month,Yes,Bank transfer (automatic),37.05,2658.72,Yes
CUST-0003285,Male,0,Yes,No,6,Yes,No,DSL,No,No,No,No,No,No,Month-to-month,Yes,Electronic check,30.06,192.72,No
CUST-0003286,Male,0,Yes,No,24,Yes,No,Fiber optic,No,No,Yes,Yes,No,No,Month-to-month,Yes,Bank transfer (automatic),89.9,2157.23,No
CUST-0003287,Male,1,Yes,Yes,40,Yes,Yes,No,No internet service,No internet service,No internet service,No internet service,No internet service,No internet service,Two year,No,Mailed check,69.66,2822.6,No
CUST-0003288,Female,0,No,No,16,Yes,Yes,No,No internet service,No internet service,No internet service,No internet service,No internet service,No internet service,Month-to-month,No,Mailed check,102.45,1646.73,Yes
CUST-0003289,Female,0,Yes,No,1,Yes,No,Fiber optic,No,Yes,No,Yes,No,No,Two year,Yes,Mailed check,56.45,42.34,Yes
CUST-0003290,Male,0,No,No,8,No,No phone service,No,No internet service,No internet service,No internet service,No internet service,No internet service,No internet service,Two year,No,Mailed check,77.04,610.32,No
CUST-0003291,Male,0,Yes,Yes,72,Yes,Yes,Fiber optic,Yes,Yes,Yes,No,No,No,One year,Yes,Bank transfer (automatic),31.11,2263.48,Yes
CUST-0003292,Female,0,Yes,No,23,Yes,Yes,DSL,No,No,No,No,No,Yes,One year,Yes,Credit card (automatic),74.42,1716.37,No
CUST-0003293,Male,0,No,No,54,No,No phone service,No,No internet service,No internet service,No internet service,No internet service,No internet service,No internet service,Month-to-month,No,Bank transfer (automatic),35.26,1935.24,No
CUST-0003294,Female,0,Yes,No,25,Yes,Yes,Fiber optic,No,No,Yes,Yes,Yes,Yes,Two year,Yes,Electronic check,72.38,1794.79,No
CUST-0003295,Female,0,No,No,72,Yes,Yes,DSL,No,Yes,No,Yes,No,No,One year,Yes,Electronic check,73.16,5285.04,No
CUST-0003296,Male,0,No,No,72,Yes,Yes,No,No internet service,No internet service,No internet service,No internet service,No internet service,No internet service,Month-to-month,No,Electronic check,66.98,4827.59,No
CUST-0003297,Female,1,Yes,Yes,21,Yes,No,Fiber optic,No,No,Yes,Yes,No,Yes,One year,Yes,Bank transfer (automatic),34.46,710.08,No
CUST-0003298,Male,0,No,Yes,12,Yes,No,No,No internet service,No internet service,No internet service,No internet service,No internet service,No internet service,Month-to-month,No,Credit card (automatic),71.3,858.81,No
CUST-0003299,Male,0,Yes,No,29,Yes,No,No,No internet service,No internet service,No internet service,No internet service,No internet service,No internet service,Month-to-month,No,Mailed check,46.75,1347.39,No
CUST-0003300,Female,0,No,No,35,Yes,No,DSL,No,Yes,No,No,No,No,Month-to-month,No,Electronic check,96.77,3391.6,No
CUST-0003301,Male,0,No,Yes,22,Yes,Yes,DSL,No,No,Yes,No,No,No,Two year,No,Mailed check,72.73,1582.56,No
CUST-0003302,Female,1,Yes,No,55,Yes,Yes,Fiber optic,No,Yes,Yes,No,No,No,Two year,Yes,Credit card (automatic),43.77,2415.47,No
CUST-0003303,Female,0,No,No,6,Yes,No,Fiber optic,No,Yes,No,No,No,No,Month-to-month,No,Bank transfer (automatic),62.69,331.83,No
CUST-0003304,Male,0,Yes,Yes,13,Yes,No,DSL,No,No,No,No,Yes,No,Month-to-month,No,Mailed check,103.18,1338.44,No
CUST-0003305,Male,1,No,No,37,Yes,No,DSL,No,Yes,Yes,Yes,No,Yes,Month-to-month,Yes,Mailed check,70.65,2605.14,No
CUST-0003306,Male,0,No,Yes,9,Yes,Yes,DSL,Yes,No,No,No,Yes,Yes,One year,Yes,Bank transfer (automatic),78.78,722.79,No
CUST-0003307,Male,0,No,Yes,18,Yes,No,Fiber optic,No,No,No,No,Yes,No,Two year,No,Mailed check,20.16,376.89,No
CUST-0003308,Male,0,No,No,72,Yes,Yes,DSL,No,No,No,No,No,Yes,Two year,No,Electronic check,102.8,7409.56,No
CUST-0003309,Male,0,Yes,No,31,Yes,No,DSL,No,No,No,No,Yes,Yes,One year,Yes,Bank transfer (automatic),30.92,961.37,Yes
CUST-0003310,Male,0,No,Yes,72,Yes,Yes,Fiber optic,No,No,No,Yes,Yes,No,Two year,No,Mailed check,35.45,2527.77,No
CUST-0003311,Female,0,Yes,No,41,Yes,No,DSL,Yes,No,Yes,Yes,No,Yes,One year,Yes,Mailed check,68.26,2824.6,Yes
CUST-0003312,Female,0,No,Yes,41,Yes,Yes,DSL,Yes,Yes,Yes,No,No,No,Month-to-month,Yes,Electronic check,75.54,3074.54,No
CUST-0003313,Female,0,Yes,Yes,28,No,No phone service,No,No internet service,No internet service,No internet service,No internet service,No internet service,No internet service,Month-to-month,Yes,Credit card (automatic),18.25,538.49,No
CUST-0003314,Male,0,No,Yes,4,Yes,No,Fiber optic,No,Yes,Yes,Yes,Yes,No,Month-to-month,Yes,Electronic check,91.16,397.3,No
CUST-0003315,Male,0,No,Yes,23,Yes,No,DSL,Yes,Yes,No,No,No,Yes,One year,Yes,Bank transfer (automatic),24.83,591.27,No
CUST-0003316,Female,0,No,Yes,9,Yes,No,No,No internet service,No internet service,No internet service,No internet service,No internet service,No internet service,One year,Yes,Electronic check,38.31,351.61,No
CUST-0003317,Male,0,Yes,No,72,Yes,Yes,DSL,No,No,No,Yes,Yes,No,One year,Yes,Electronic check,112.16,8074.89,Yes
CUST-0003318,Male,1,No,No,9,Yes,No,Fiber optic,No,Yes,No,No,Yes,Yes,Month-to-month,Yes,Mailed check,81.46,733.46,Yes
CUST-0003319,Female,1,No,Yes,8,Yes,No,Fiber optic,No,No,No,No,Yes,Yes,One year,Yes,Credit card (automatic),44.0,333.25,No
CUST-0003320,Female,1,No,Yes,31,No,No phone service,Fiber optic,No,No,No,No,Yes,No,Month-to-month,No,Credit card (automatic),63.54,1966.9,No
CUST-0003321,Female,1,Yes,Yes,22,No,No phone service,Fiber optic,No,Yes,No,Yes,No,Yes,Two year,Yes,Electronic check,47.12,1055.27,Yes
CUST-0003322,Male,0,No,No,0,Yes,Yes,DSL,No,No,Yes,No,No,Yes,Two year,No,Mailed check,63.54,,No
CUST-0003323,Female,0,Yes,No,4,Yes,No,Fiber optic,Yes,Yes,No,No,No,Yes,Two year,No,Bank transfer (automatic),60.01,275.02,No
CUST-0003324,Female,0,Yes,Yes,53,Yes,No,Fiber optic,No,No,Yes,No,No,Yes,Month-to-month,No,Mailed check,78.01,4188.7,Yes
CUST-0003325,Female,0,Yes,No,21,Yes,No,Fiber optic,No,No,No,No,No,No,Month-to-month,No,Credit card (automatic),51.5,1091.29,No
CUST-0003326,Female,0,Yes,No,5,Yes,Yes,Fiber optic,No,No,No,No,Yes,Yes,Month-to-month,Yes,Mailed check,47.97,257.73,Yes
CUST-0003327,Female,0,Yes,Yes,20,Yes,No,Fiber optic,Yes,Yes,No,No,Yes,No,Two year,No,Credit card (automatic),74.03,1486.74,No
CUST-0003328,Female,0,Yes,No,9,Yes,Yes,No,No internet service,No internet service,No internet service,No internet service,No internet service,No internet service,One year,Yes,Electronic check,35.52,307.81,No
CUST-0003329,Male,1,Yes,No,8,Yes,No,Fiber optic,Yes,No,No,No,Yes,No,Month-to-month,Yes,Bank transfer (automatic),62.83,507.07,No
CUST-0003330,Female,0,No,Yes,72,Yes,No,DSL,Yes,Yes,Yes,No,Yes,Yes,Month-to-month,No,Mailed check,37.51,2707.32,No
CUST-0003331,Female,0,No,No,14,Yes,No,No,No internet service,No internet service,No internet service,No internet service,No internet service,No internet service,Month-to-month,Yes,Electronic check,39.53,556.34,Yes
CUST-0003332,Female,1,Yes,No,1,Yes,No,No,No internet service,No internet service,No internet service,No internet service,No internet service,No internet service,One year,No,Mailed check,77.19,123.76,Yes
CUST-0003333,Male,0,No,No,72,Yes,No,No,No internet service,No internet service,No internet service,No internet service,No internet service,No internet service,Month-to-month,Yes,Mailed check,53.68,3903.73,No
CUST-0003334,Male,0,No,No,50,No,No phone service,Fiber optic,Yes,No,No,No,Yes,Yes,Month-to-month,Yes,Electronic check,107.88,5403.53,No
CUST-0003335,Female,0,No,No,9,Yes,No,Fiber optic,Yes,Yes,Yes,No,No,No,Month-to-month,Yes,Bank transfer (automatic),34.81,279.43,No
CUST-0003336,Female,0,Yes,No,16,Yes,Yes,No,No internet service,No internet service,No internet service,No internet service,No internet service,No internet service,Month-to-month,Yes,Mailed check,90.36,1443.05,No
CUST-0003337,Female,0,Yes,No,63,Yes,Yes,DSL,No,No,No,No,No,No,Month-to-month,No,Electronic check,34.97,2208.57,No
CUST-0003338,Female,0,No,No,14,Yes,No,No,No internet service,No internet service,No internet service,No internet service,No internet service,No internet service,One year,Yes,Electronic check,18.25,269.67,No
CUST-0003339,Female,0,Yes,Yes,26,Yes,No,DSL,No,Yes,No,Yes,No,Yes,Month-to-month,Yes,Mailed check,93.37,2408.13,No
CUST-0003340,Female,0,Yes,No,24,Yes,No,DSL,No,No,No,No,Yes,Yes,Two year,Yes,Mailed check,44.59,1106.45,No
CUST-0003341,Female,1,Yes,No,16,Yes,No,DSL,No,No,No,No,Yes,No,Two year,Yes,Electronic check,80.14,1250.2,Yes
CUST-0003342,Female,1,Yes,No,32,Yes,No,Fiber optic,Yes,No,No,No,Yes,Yes,Two year,No,Electronic check,34.19,1086.92,Yes
CUST-0003343,Female,0,No,No,20,Yes,No,DSL,No,No,No,No,Yes,No,Month-to-month,Yes,Bank transfer (automatic),48.11,971.27,No
CUST-0003344,Male,0,Yes,No,0,Yes,Yes,DSL,No,No,No,Yes,Yes,Yes,Two year,Yes,Mailed check,76.97,,Yes
CUST-0003345,Male,1,No,Yes,53,Yes,Yes,Fiber optic,Yes,Yes,No,Yes,No,No,One year,Yes,Electronic check,45.25,2363.48,Yes
CUST-0003346,Female,1,No,No,3,Yes,Yes,Fiber optic,No,Yes,Yes,No,Yes,No,Two year,Yes,Electronic check,104.85,305.69,Yes
CUST-0003347,Male,1,No,No,19,Yes,No,No,No internet service,No internet service,No internet service,No internet service,No internet service,No internet service,Month-to-month,Yes,Mailed check,74.0,1409.89,No
CUST-0003348,Male,1,Yes,No,27,No,No phone service,DSL,No,No,No,No,No,Yes,Month-to-month,Yes,Electronic check,46.06,1238.62,Yes
CUST-0003349,Male,0,Yes,No,39,Yes,No,DSL,Yes,Yes,No,No,Yes,No,Month-to-month,No,Electronic check,59.56,2296.5,Yes
CUST-0003350,Male,0,Yes,No,16,Yes,Yes,DSL,No,No,No,No,No,Yes,Month-to-month,Yes,Electronic check,45.9,722.73,Yes
CUST-0003351,Male,0,Yes,No,42,Yes,Yes,Fiber optic,No,Yes,Yes,No,Yes,No,Two year,No,Credit card (automatic),77.36,3250.26,No
CUST-0003352,Male,0,No,No,4,Yes,No,Fiber optic,No,Yes,No,No,No,No,Month-to-month,Yes,Electronic check,89.11,398.07,Yes
CUST-0003353,Female,0,Yes,Yes,33,Yes,Yes,DSL,No,No,No,No,Yes,No,One year,No,Electronic check,95.67,3137.6,No
CUST-0003354,Female,0,No,Yes,56,Yes,No,Fiber optic,No,Yes,No,No,No,No,Month-to-month,Yes,Credit card (automatic),66.1,3698.11,No
CUST-0003355,Male,0,No,No,70,Yes,No,No,No internet service,No internet service,No internet service,No internet service,No internet service,No internet service,Month-to-month,Yes,Bank transfer (automatic),58.71,4087.92,No
CUST-0003356,Male,0,No,No,27,Yes,No,DSL,Yes,Yes,No,No,Yes,Yes,One year,Yes,Credit card (automatic),114.11,3073.15,No
CUST-0003357,Female,0,No,No,12,Yes,No,Fiber optic,No,Yes,Yes,Yes,Yes,No,Month-to-month,No,Bank transfer (automatic),80.01,964.68,No
CUST-0003358,Male,0,Yes,Yes,5,Yes,No,DSL,Yes,No,No,No,Yes,No,Month-to-month,Yes,Bank transfer (automatic),74.57,343.68,Yes
CUST-0003359,Female,0,Yes,No,13,Yes,Yes,DSL,No,No,No,No,No,No,Two year,Yes,Mailed check,54.39,737.07,No
CUST-0003360,Female,0,Yes,Yes,24,No,No phone service,DSL,No,No,No,No,Yes,Yes,Month-to-month,No,Bank transfer (automatic),52.44,1216.95,Yes
CUST-0003361,Female,0,Yes,No,6,Yes,Yes,Fiber optic,No,No,No,No,No,Yes,One year,Yes,Bank transfer (automatic),41.28,232.98,No
CUST-0003362,Male,1,No,No,72,Yes,Yes,Fiber optic,Yes,No,Yes,Yes,Yes,No,One year,Yes,Electronic check,80.75,5817.65,No
CUST-0003363,Female,0,Yes,Yes,72,Yes,Yes,No,No internet service,No internet service,No internet service,No internet service,No internet service,No internet service,Month-to-month,Yes,Electronic check,78.78,5656.74,No
CUST-0003364,Male,0,Yes,Yes,1,Yes,No,No,No internet service,No internet service,No internet service,No internet service,No internet service,No internet service,Month-to-month,Yes,Bank transfer (automatic),34.66,58.15,Yes
CUST-0003365,Female,0,No,Yes,26,Yes,No,Fiber optic,No,No,No,Yes,No,No,Month-to-month,No,Electronic check,112.87,2929.44,No
CUST-0003366,Female,0,Yes,Yes,49,Yes,No,DSL,No,No,No,No,Yes,Yes,Month-to-month,Yes,Mailed check,71.36,3507.58,No
CUST-0003367,Male,0,No,No,9,Yes,No,No,No internet service,No internet service,No internet service,No internet service,No internet service,No internet service,Month-to-month,Yes,Electronic check,93.32,871.78,No
CUST-0003368,Male,0,Yes,Yes,23,Yes,Yes,No,No internet service,No internet service,No internet service,No internet service,No internet service,No internet service,Month-to-month,Yes,Mailed check,18.25,417.98,Yes
CUST-0003369,Male,0,Yes,No,16,Yes,No,No,No internet service,No internet service,No internet service,No internet service,No internet service,No internet service,Month-to-month,No,Credit card (automatic),41.96,639.4,No
CUST-0003370,Female,0,No,No,7,Yes,No,DSL,No,No,No,No,No,No,Month-to-month,Yes,Bank transfer (automatic),66.2,455.73,Yes
CUST-0003371,Male,0,No,No,30,No,No phone service,Fiber optic,Yes,Yes,No,No,Yes,No,Month-to-month,Yes,Mailed check,61.25,1843.06,No
CUST-0003372,Female,1,Yes,Yes,72,Yes,Yes,No,No internet service,No internet service,No internet service,No internet service,No internet service,No internet service,Two year,Yes,Mailed check,34.45,2474.87,No
CUST-0003373,Male,0,Yes,No,14,Yes,No,Fiber optic,Yes,No,Yes,No,No,No,Two year,Yes,Mailed check,23.12,316.18,No
CUST-0003374,Female,0,Yes,No,25,Yes,No,Fiber optic,No,No,Yes,No,No,No,Month-to-month,Yes,Bank transfer (automatic),71.94,1798.97,Yes
CUST-0003375,Female,0,Yes,No,12,Yes,No,Fiber optic,No,Yes,No,Yes,No,Yes,Month-to-month,Yes,Electronic check,21.59,279.38,Yes
CUST-0003376,Female,0,Yes,No,67,Yes,No,Fiber optic,No,No,Yes,Yes,No,Yes,One year,No,Mailed check,62.63,4218.11,No
CUST-0003377,Female,0,No,Yes,63,Yes,Yes,No,No internet service,No internet service,No internet service,No internet service,No internet service,No internet service,Month-to-month,No,Bank transfer (automatic),18.25,1149.18,No
CUST-0003378,Male,0,Yes,Yes,6,Yes,Yes,No,No internet service,No internet service,No internet service,No internet service,No internet service,No internet service,Month-to-month,Yes,Bank transfer (automatic),89.88,552.67,No
CUST-0003379,Male,0,Yes,No,72,Yes,No,No,No internet service,No internet service,No internet service,No internet service,No internet service,No internet service,Month-to-month,No,Credit card (automatic),31.3,2252.87,No
CUST-0003380,Female,0,No,No,5,Yes,Yes,No,No internet service,No internet service,No internet service,No internet service,No internet service,No internet service,One year,Yes,Electronic check,54.26,275.13,Yes
CUST-0003381,Male,0,Yes,No,3,Yes,Yes,Fiber optic,Yes,No,Yes,No,Yes,Yes,Two year,No,Credit card (automatic),48.15,178.0,No
CUST-0003382,Male,0,Yes,No,33,Yes,No,DSL,Yes,No,No,No,No,Yes,Month-to-month,Yes,Credit card (automatic),70.86,2318.22,No
CUST-0003383,Male,1,No,No,15,Yes,No,DSL,Yes,No,No,No,No,No,Month-to-month,Yes,Electronic check,18.25,288.5,Yes
CUST-0003384,Male,0,Yes,No,24,No,No phone service,No,No internet service,No internet service,No internet service,No internet service,No internet service,No internet service,Month-to-month,No,Bank transfer (automatic),44.48,1058.6,No
CUST-0003385,Male,1,No,Yes,33,Yes,No,DSL,Yes,No,No,No,No,No,Two year,Yes,Bank transfer (automatic),52.02,1730.62,Yes
CUST-0003386,Female,0,Yes,No,1,Yes,No,Fiber optic,No,Yes,Yes,No,Yes,No,Month-to-month,Yes,Electronic check,66.08,86.81,No
CUST-0003387,Male,0,Yes,Yes,11,Yes,Yes,Fiber optic,No,Yes,Yes,No,No,Yes,Month-to-month,Yes,Mailed check,111.75,1257.56,Yes
CUST-0003388,Female,0,Yes,No,19,Yes,No,DSL,No,Yes,No,No,No,Yes,One year,No,Credit card (automatic),53.39,1022.33,No
CUST-0003389,Male,0,Yes,No,9,No,No phone service,Fiber optic,No,Yes,No,No,No,Yes,Month-to-month,Yes,Credit card (automatic),68.68,621.4,Yes
CUST-0003390,Female,0,Yes,No,1,Yes,Yes,No,No internet service,No internet service,No internet service,No internet service,No internet service,No internet service,Month-to-month,No,Bank transfer (automatic),35.9,30.89,No
CUST-0003391,Male,0,Yes,No,2,Yes,Yes,DSL,Yes,No,No,No,No,No,Two year,No,Credit card (automatic),115.47,180.37,Yes
CUST-0003392,Female,1,No,No,51,Yes,No,Fiber optic,Yes,No,Yes,Yes,No,Yes,One year,Yes,Electronic check,30.73,1580.97,No
CUST-0003393,Female,0,No,No,72,Yes,No,Fiber optic,No,Yes,No,Yes,Yes,Yes,Two year,Yes,Mailed check,75.13,5416.6,No
CUST-0003394,Male,0,Yes,No,5,Yes,No,Fiber optic,Yes,No,No,Yes,Yes,No,Two year,No,Credit card (automatic),99.51,479.8,No
CUST-0003395,Female,0,No,No,9,Yes,No,DSL,No,Yes,No,No,No,No,Month-to-month,Yes,Credit card (automatic),42.99,406.81,No
CUST-0003396,Female,0,No,No,33,Yes,No,No,No internet service,No internet service,No internet service,No internet service,No internet service,No internet service,Month-to-month,Yes,Electronic check,31.78,1049.14,No
CUST-0003397,Female,0,No,No,72,Yes,No,Fiber optic,No,No,No,Yes,No,No,Month-to-month,Yes,Electronic check,74.14,5357.42,No
CUST-0003398,Female,0,Yes,Yes,11,Yes,No,Fiber optic,No,No,Yes,No,No,No,Two year,Yes,Bank transfer (automatic),86.31,940.24,No
CUST-0003399,Male,0,No,Yes,61,Yes,No,Fiber optic,No,Yes,No,Yes,No,Yes,One year,No,Mailed check,33.37,2019.27,Yes
CUST-0003400,Female,1,Yes,Yes,22,No,No phone service,No,No internet service,No internet service,No internet service,No internet service,No internet service,No internet service,Month-to-month,No,Electronic check,73.04,1596.34,No
CUST-0003401,Male,1,Yes,No,72,Yes,No,Fiber optic,No,Yes,No,No,No,No,Two year,No,Electronic check,26.17,1915.57,No
CUST-0003402,Male,0,No,No,4,Yes,No,Fiber optic,No,No,Yes,No,Yes,No,Two year,Yes,Credit card (automatic),30.15,84.93,No
CUST-0003403,Female,0,No,No,72,Yes,Yes,Fiber optic,Yes,No,No,No,Yes,Yes,Two year,No,Electronic check,43.5,3122.09,No
CUST-0003404,Male,0,No,No,18,Yes,No,DSL,Yes,Yes,No,No,No,No,Month-to-month,Yes,Mailed check,55.72,1003.29,No
CUST-0003405,Female,0,No,No,72,Yes,Yes,DSL,No,No,Yes,No,Yes,No,One year,Yes,Mailed check,18.25,1321.27,No
CUST-0003406,Female,0,Yes,Yes,19,Yes,No,DSL,Yes,No,Yes,Yes,No,Yes,Two year,No,Electronic check,54.15,1034.0,No
CUST-0003407,Female,1,No,Yes,24,Yes,Yes,DSL,No,Yes,No,No,No,No,Month-to-month,Yes,Mailed check,75.84,1839.96,No
CUST-0003408,Female,0,Yes,No,52,Yes,No,Fiber optic,Yes,No,No,No,No,No,Month-to-month,Yes,Bank transfer (automatic),77.7,4043.44,Yes
CUST-0003409,Male,1,Yes,No,41,Yes,No,DSL,Yes,No,No,Yes,No,No,Month-to-month,No,Electronic check,102.5,4176.09,Yes
CUST-0003410,Male,0,No,Yes,30,Yes,No,No,No internet service,No internet service,No internet service,No internet service,No internet service,No internet service,Month-to-month,No,Bank transfer (automatic),18.25,567.88,No
CUST-0003411,Male,1,Yes,No,17,Yes,No,No,No internet service,No internet service,No internet service,No internet service,No internet service,No internet service,Month-to-month,Yes,Electronic check,54.66,935.8,No
CUST-0003412,Male,0,No,No,50,Yes,No,Fiber optic,No,Yes,No,No,No,No,Month-to-month,Yes,Credit card (automatic),118.75,5933.19,No
CUST-0003413,Male,0,Yes,No,72,Yes,No,Fiber optic,Yes,No,Yes,Yes,Yes,No,Month-to-month,Yes,Credit card (automatic),76.33,5538.12,No
CUST-0003414,Male,0,No,Yes,0,Yes,Yes,Fiber optic,No,Yes,Yes,No,No,No,Month-to-month,No,Mailed check,57.23,,No
CUST-0003415,Female,0,Yes,No,28,Yes,Yes,Fiber optic,No,No,No,No,No,No,Month-to-month,Yes,Credit card (automatic),71.09,1996.19,Yes
CUST-0003416,Female,0,Yes,Yes,64,Yes,Yes,Fiber optic,No,No,Yes,No,No,Yes,Month-to-month,Yes,Bank transfer (automatic),74.27,4757.0,No
CUST-0003417,Male,0,No,No,33,No,No phone service,Fiber optic,No,No,No,No,No,Yes,Month-to-month,No,Bank transfer (automatic),118.75,3886.36,No
CUST-0003418,Female,0,Yes,No,51,Yes,No,Fiber optic,No,No,No,No,Yes,No,Two year,Yes,Mailed check,29.97,1505.78,Yes
CUST-0003419,Male,0,No,No,72,Yes,No,Fiber optic,Yes,Yes,No,No,Yes,No,Month-to-month,Yes,Electronic check,36.96,2664.22,No
CUST-0003420,Male,1,No,No,44,Yes,No,Fiber optic,Yes,No,Yes,No,Yes,Yes,Two year,Yes,Credit card (automatic),63.87,2814.56,No
CUST-0003421,Female,1,No,Yes,40,Yes,No,Fiber optic,No,Yes,No,Yes,No,Yes,Month-to-month,Yes,Credit card (automatic),69.62,2793.43,No
CUST-0003422,Female,0,No,Yes,72,Yes,Yes,No,No internet service,No internet service,No internet service,No internet service,No internet service,No internet service,Month-to-month,No,Credit card (automatic),108.75,7827.76,No
CUST-0003423,Female,0,Yes,No,63,Yes,Yes,Fiber optic,Yes,No,No,No,Yes,No,Month-to-month,Yes,Mailed check,37.65,2364.39,No
CUST-0003424,Male,0,No,No,54,Yes,Yes,DSL,No,No,Yes,No,Yes,Yes,Month-to-month,Yes,Electronic check,19.35,1064.86,Yes
CUST-0003425,Female,0,Yes,Yes,2,Yes,No,Fiber optic,No,No,No,Yes,No,Yes,One year,No,Electronic check,18.25,-13.88,No
CUST-0003426,Female,0,Yes,No,8,Yes,Yes,Fiber optic,No,No,No,Yes,No,Yes,Month-to-month,Yes,Mailed check,18.25,168.85,No
CUST-0003427,Female,0,Yes,Yes,26,Yes,No,Fiber optic,Yes,Yes,No,No,No,No,Two year,No,Electronic check,24.09,607.38,No
CUST-0003428,Female,0,No,Yes,39,Yes,No,No,No internet service,No internet service,No internet service,No internet service,No internet service,No internet service,Two year,No,Credit card (automatic),91.52,3557.1,No
CUST-0003429,Female,1,No,No,11,Yes,Yes,DSL,No,No,Yes,Yes,No,No,One year,Yes,Mailed check,69.45,765.19,No
CUST-0003430,Female,0,No,No,3,Yes,Yes,DSL,Yes,No,Yes,No,Yes,No,Two year,No,Credit card (automatic),91.02,268.42,No
CUST-0003431,Female,0,No,No,11,Yes,No,Fiber optic,No,No,Yes,Yes,No,No,One year,Yes,Bank transfer (automatic),42.11,451.79,No
CUST-0003432,Female,0,No,No,47,Yes,Yes,DSL,No,No,No,Yes,Yes,No,Month-to-month,Yes,Mailed check,88.38,4179.8,Yes
CUST-0003433,Female,0,No,No,67,Yes,No,Fiber optic,No,No,Yes,No,Yes,No,Month-to-month,Yes,Bank transfer (automatic),30.75,2086.74,Yes
CUST-0003434,Male,0,Yes,No,72,Yes,No,Fiber optic,No,No,Yes,No,No,No,Month-to-month,Yes,Credit card (automatic),43.36,3174.96,No
CUST-0003435,Female,0,No,No,15,Yes,Yes,Fiber optic,No,No,No,No,Yes,No,Two year,Yes,Mailed check,87.76,1325.69,Yes
CUST-0003436,Male,0,No,No,14,Yes,No,Fiber optic,No,No,No,No,Yes,No,One year,Yes,Electronic check,18.25,249.31,No
CUST-0003437,Male,0,Yes,Yes,16,No,No phone service,Fiber optic,No,Yes,No,No,Yes,No,Two year,No,Mailed check,89.84,1442.09,No
CUST-0003438,Female,0,No,No,15,Yes,Yes,DSL,No,No,No,No,No,Yes,Two year,Yes,Bank transfer (automatic),53.8,845.33,No
CUST-0003439,Female,0,Yes,No,35,No,No phone service,Fiber optic,No,No,No,No,No,No,Month-to-month,Yes,Credit card (automatic),111.85,3919.45,No
CUST-0003440,Female,0,No,No,14,Yes,Yes,Fiber optic,Yes,No,No,No,No,Yes,Month-to-month,Yes,Mailed check,40.59,557.72,Yes
CUST-0003441,Male,0,No,Yes,0,Yes,Yes,Fiber optic,Yes,No,Yes,No,No,No,Month-to-month,Yes,Bank transfer (automatic),55.18,,Yes
CUST-0003442,Female,0,No,Yes,18,Yes,No,Fiber optic,No,No,No,No,Yes,No,Month-to-month,Yes,Electronic check,74.07,1331.77,No
CUST-0003443,Male,1,No,Yes,8,Yes,Yes,Fiber optic,No,Yes,Yes,Yes,Yes,Yes,Two year,No,Bank transfer (automatic),41.08,321.42,Yes
CUST-0003444,Female,0,No,No,0,Yes,Yes,DSL,No,No,No,No,No,Yes,Month-to-month,Yes,Bank transfer (automatic),79.62,,No
CUST-0003445,Female,1,No,No,20,Yes,No,No,No internet service,No internet service,No internet service,No internet service,No internet service,No internet service,Month-to-month,No,Mailed check,76.27,1506.05,No
CUST-0003446,Female,0,Yes,No,7,No,No phone service,Fiber optic,Yes,No,Yes,No,No,No,Month-to-month,Yes,Bank transfer (automatic),110.02,785.4,No
CUST-0003447,Female,0,Yes,No,19,Yes,No,Fiber optic,Yes,No,No,Yes,No,No,Two year,No,Electronic check,118.75,2242.1,No
CUST-0003448,Female,0,No,No,10,Yes,No,DSL,No,No,No,No,No,Yes,Two year,No,Mailed check,106.83,1054.93,No
CUST-0003449,Female,0,No,No,29,Yes,No,DSL,No,No,No,Yes,No,No,Two year,Yes,Credit card (automatic),48.0,1396.22,No
CUST-0003450,Male,0,No,Yes,72,Yes,Yes,No,No internet service,No internet service,No internet service,No internet service,No internet service,No internet service,One year,Yes,Electronic check,61.05,4417.07,No
CUST-0003451,Male,0,Yes,Yes,25,Yes,No,Fiber optic,No,No,No,No,Yes,No,Two year,Yes,Electronic check,52.78,1315.57,No
CUST-0003452,Female,0,No,No,33,Yes,Yes,Fiber optic,No,No,Yes,Yes,Yes,Yes,Month-to-month,Yes,Bank transfer (automatic),66.01,2149.74,No
CUST-0003453,Female,0,No,Yes,72,Yes,No,Fiber optic,No,No,Yes,No,No,No,One year,Yes,Electronic check,58.9,4223.9,No
CUST-0003454,Male,0,Yes,No,14,Yes,No,Fiber optic,No,Yes,Yes,No,No,No,Month-to-month,No,Mailed check,74.24,1057.93,Yes
CUST-0003455,Female,0,No,No,5,Yes,Yes,DSL,No,No,No,No,No,No,Month-to-month,No,Credit card (automatic),88.69,414.39,Yes
CUST-0003456,Male,0,No,Yes,10,Yes,Yes,DSL,No,No,No,No,Yes,Yes,Month-to-month,Yes,Electronic check,118.75,1173.02,Yes
CUST-0003457,Male,0,No,No,16,Yes,Yes,DSL,Yes,No,No,No,No,No,Month-to-month,No,Bank transfer (automatic),18.28,249.45,No
CUST-0003458,Female,0,No,No,33,Yes,No,Fiber optic,Yes,No,No,No,No,Yes,Month-to-month,No,Mailed check,95.55,3118.63,No
CUST-0003459,Female,0,Yes,Yes,0,Yes,No,No,No internet service,No internet service,No internet service,No internet service,No internet service,No internet service,Month-to-month,Yes,Electronic check,113.08,,Yes
CUST-0003460,Female,0,No,No,61,Yes,No,Fiber optic,No,Yes,No,No,No,No,Month-to-month,Yes,Electronic check,54.88,3352.89,No
CUST-0003461,Male,0,No,No,2,Yes,No,No,No internet service,No internet service,No internet service,No internet service,No internet service,No internet service,Month-to-month,Yes,Mailed check,18.97,17.18,No
CUST-0003462,Male,0,No,No,72,Yes,Yes,DSL,No,No,No,Yes,Yes,Yes,Two year,Yes,Electronic check,41.58,2972.93,No
CUST-0003463,Female,0,No,No,72,Yes,Yes,No,No internet service,No internet service,No internet service,No internet service,No internet service,No internet service,Month-to-month,No,Mailed check,63.93,4591.11,No
CUST-0003464,Female,0,No,No,72,Yes,No,Fiber optic,Yes,No,No,No,No,No,Month-to-month,No,Bank transfer (automatic),49.67,3606.81,Yes
CUST-0003465,Male,0,Yes,No,53,Yes,No,Fiber optic,Yes,No,Yes,Yes,No,No,Month-to-month,Yes,Credit card (automatic),31.84,1669.16,No
CUST-0003466,Female,0,Yes,Yes,4,No,No phone service,Fiber optic,Yes,Yes,No,No,Yes,No,Two year,Yes,Mailed check,94.97,393.63,No
CUST-0003467,Male,0,Yes,No,39,No,No phone service,Fiber optic,Yes,No,Yes,No,No,Yes,One year,No,Mailed check,106.21,4183.15,No
CUST-0003468,Female,0,No,No,7,Yes,Yes,DSL,No,No,No,No,No,No,One year,Yes,Bank transfer (automatic),42.75,315.92,No
CUST-0003469,Female,0,No,No,72,Yes,Yes,DSL,Yes,No,Yes,No,Yes,No,Month-to-month,Yes,Electronic check,62.08,4460.26,No
CUST-0003470,Male,0,Yes,No,12,Yes,No,DSL,No,Yes,No,No,No,No,One year,No,Bank transfer (automatic),74.79,889.94,No
CUST-0003471,Male,0,Yes,Yes,12,Yes,Yes,Fiber optic,Yes,No,No,Yes,Yes,No,Month-to-month,Yes,Credit card (automatic),90.67,1097.7,No
CUST-0003472,Female,0,Yes,No,72,Yes,Yes,No,No internet service,No internet service,No internet service,No internet service,No internet service,No internet service,Month-to-month,No,Credit card (automatic),97.33,7025.33,Yes
CUST-0003473,Female,0,No,No,0,Yes,No,DSL,No,Yes,No,No,No,Yes,Month-to-month,Yes,Electronic check,64.76,,No
CUST-0003474,Female,0,No,No,6,Yes,No,Fiber optic,Yes,No,No,Yes,Yes,No,Month-to-month,No,Credit card (automatic),86.75,501.91,No
CUST-0003475,Female,0,No,No,17,Yes,Yes,DSL,Yes,Yes,Yes,Yes,Yes,No,Month-to-month,No,Credit card (automatic),30.02,526.04,Yes
CUST-0003476,Female,0,No,No,38,Yes,Yes,DSL,No,No,No,No,No,No,Two year,No,Bank transfer (automatic),73.94,2800.4,No
CUST-0003477,Female,0,No,No,33,Yes,No,Fiber optic,No,No,Yes,No,No,Yes,Month-to-month,Yes,Credit card (automatic),88.11,2908.0,No
CUST-0003478,Female,0,Yes,No,35,No,No phone service,Fiber optic,Yes,Yes,No,No,Yes,Yes,Month-to-month,Yes,Mailed check,23.6,841.13,No
CUST-0003479,Male,0,No,No,67,Yes,Yes,DSL,No,Yes,Yes,Yes,No,No,One year,Yes,Credit card (automatic),18.25,1225.43,No
CUST-0003480,Male,1,No,No,4,Yes,Yes,No,No internet service,No internet service,No internet service,No internet service,No internet service,No internet service,Two year,No,Bank transfer (automatic),118.75,486.43,No
CUST-0003481,Male,0,No,No,23,No,No phone service,DSL,No,No,No,No,No,Yes,Two year,No,Electronic check,33.68,768.04,No
CUST-0003482,Female,0,No,No,41,Yes,No,Fiber optic,No,No,Yes,No,No,Yes,Month-to-month,Yes,Electronic check,89.09,3681.42,No
CUST-0003483,Male,0,No,Yes,32,Yes,No,Fiber optic,No,Yes,No,No,Yes,No,Month-to-month,No,Electronic check,36.98,1178.97,No
CUST-0003484,Female,0,No,No,19,Yes,No,DSL,No,Yes,No,No,No,Yes,Two year,Yes,Bank transfer (automatic),82.39,1573.99,No
CUST-0003485,Female,0,No,No,0,Yes,No,Fiber optic,No,No,Yes,No,Yes,No,Month-to-month,Yes,Credit card (automatic),34.26,,No
CUST-0003486,Female,1,No,No,1,Yes,No,DSL,Yes,No,No,Yes,Yes,No,Month-to-month,Yes,Electronic check,64.28,82.56,No
CUST-0003487,Male,0,No,No,4,Yes,Yes,DSL,No,Yes,No,Yes,No,No,Two year,Yes,Bank transfer (automatic),104.47,405.98,No
CUST-0003488,Male,0,Yes,Yes,13,Yes,No,DSL,Yes,Yes,No,No,Yes,Yes,Month-to-month,Yes,Mailed check,66.83,874.35,Yes
CUST-0003489,Male,0,Yes,Yes,4,Yes,No,Fiber optic,No,No,No,Yes,No,No,Month-to-month,No,Bank transfer (automatic),18.25,59.31,No
CUST-0003490,Male,1,No,No,17,Yes,Yes,DSL,No,No,No,No,No,Yes,Month-to-month,No,Credit card (automatic),58.87,991.94,Yes
CUST-0003491,Male,0,Yes,No,6,Yes,No,Fiber optic,Yes,Yes,No,No,No,Yes,Month-to-month,Yes,Mailed check,53.76,338.97,No
CUST-0003492,Female,0,Yes,Yes,48,Yes,No,DSL,No,Yes,Yes,No,No,Yes,Month-to-month,Yes,Electronic check,36.63,1753.09,No
CUST-0003493,Female,0,Yes,No,65,No,No phone service,DSL,No,Yes,No,No,No,No,Two year,Yes,Electronic check,55.22,3588.65,Yes
CUST-0003494,Female,0,No,No,15,No,No phone service,No,No internet service,No internet service,No internet service,No internet service,No internet service,No internet service,Month-to-month,No,Credit card (automatic),95.75,1423.53,No
CUST-0003495,Female,0,No,No,22,Yes,Yes,No,No internet service,No internet service,No internet service,No internet service,No internet service,No internet service,Month-to-month,No,Bank transfer (automatic),118.75,2600.58,No
CUST-0003496,Male,0,Yes,Yes,72,Yes,Yes,DSL,No,Yes,No,No,No,Yes,Month-to-month,No,Electronic check,89.43,6486.37,No
CUST-0003497,Female,0,Yes,Yes,24,Yes,Yes,Fiber optic,No,No,No,No,No,Yes,Month-to-month,Yes,Electronic check,33.28,820.77,No
CUST-0003498,Female,0,No,No,72,No,No phone service,Fiber optic,No,Yes,No,Yes,Yes,No,Month-to-month,Yes,Bank transfer (automatic),26.86,1935.78,No
CUST-0003499,Male,0,Yes,Yes,4,Yes,Yes,DSL,No,Yes,Yes,Yes,Yes,Yes,Month-to-month,Yes,Mailed check,27.28,94.53,No
CUST-0003500,Female,0,Yes,No,63,Yes,No,Fiber optic,Yes,No,Yes,Yes,No,No,Month-to-month,No,Bank transfer (automatic),66.39,4168.9,No
CUST-0003501,Male,0,No,Yes,22,Yes,Yes,No,No internet service,No internet service,No internet service,No internet service,No internet service,No internet service,Two year,No,Bank transfer (automatic),66.12,1426.46,No
CUST-0003502,Female,1,No,No,0,Yes,No,Fiber optic,No,No,No,No,No,No,One year,No,Electronic check,68.26,,Yes
CUST-0003503,Female,0,Yes,No,72,Yes,No,Fiber optic,Yes,Yes,No,Yes,Yes,No,Month-to-month,Yes,Mailed check,61.36,4399.49,No
CUST-0003504,Male,1,No,No,72,Yes,No,Fiber optic,No,Yes,Yes,No,No,No,Month-to-month,No,Mailed check,35.29,2519.56,No
CUST-0003505,Female,1,Yes,Yes,15,Yes,No,Fiber optic,No,No,No,No,No,Yes,Month-to-month,Yes,Mailed check,44.86,673.67,No
CUST-0003506,Female,0,No,No,72,Yes,Yes,Fiber optic,No,No,No,No,Yes,Yes,Two year,No,Mailed check,58.34,4164.59,No
CUST-0003507,Female,0,Yes,No,4,Yes,Yes,Fiber optic,No,Yes,Yes,No,No,No,Month-to-month,No,Credit card (automatic),103.96,413.94,No
CUST-0003508,Male,0,Yes,Yes,36,Yes,No,Fiber optic,No,Yes,Yes,No,No,Yes,Month-to-month,Yes,Credit card (automatic),42.37,1547.59,Yes
CUST-0003509,Female,0,No,No,6,Yes,No,DSL,Yes,Yes,No,No,No,Yes,Month-to-month,Yes,Mailed check,56.33,349.29,No
CUST-0003510,Male,0,No,No,9,Yes,No,Fiber optic,No,No,Yes,No,No,Yes,Month-to-month,No,Bank transfer (automatic),117.34,1058.27,No
CUST-0003511,Male,0,Yes,No,48,Yes,No,Fiber optic,No,No,No,No,Yes,No,One year,No,Electronic check,79.81,3814.58,No
CUST-0003512,Male,0,Yes,Yes,15,Yes,No,DSL,Yes,No,No,No,No,No,Month-to-month,Yes,Credit card (automatic),51.9,764.92,Yes
CUST-0003513,Female,0,No,Yes,0,Yes,No,Fiber optic,No,Yes,No,Yes,No,No,Month-to-month,Yes,Mailed check,25.2,,No
CUST-0003514,Female,0,No,Yes,17,Yes,No,No,No internet service,No internet service,No internet service,No internet service,No internet service,No internet service,Two year,Yes,Bank transfer (automatic),103.7,1748.16,Yes
CUST-0003515,Female,1,Yes,No,8,Yes,Yes,No,No internet service,No internet service,No internet service,No internet service,No internet service,No internet service,One year,Yes,Mailed check,70.63,541.49,No
CUST-0003516,Female,0,No,No,36,Yes,Yes,No,No internet service,No internet service,No internet service,No internet service,No internet service,No internet service,One year,Yes,Electronic check,71.61,2568.05,No
CUST-0003517,Male,1,Yes,No,6,Yes,No,DSL,No,No,No,No,No,Yes,One year,Yes,Electronic check,88.75,550.17,Yes
CUST-0003518,Male,0,No,No,59,No,No phone service,Fiber optic,Yes,Yes,Yes,Yes,No,No,Month-to-month,Yes,Credit card (automatic),66.37,3909.01,No
CUST-0003519,Male,1,Yes,Yes,9,Yes,Yes,DSL,No,No,No,No,Yes,No,Month-to-month,Yes,Mailed check,48.5,442.8,Yes
CUST-0003520,Male,0,Yes,No,15,Yes,No,Fiber optic,Yes,No,Yes,No,No,No,One year,Yes,Credit card (automatic),77.1,1169.08,No
CUST-0003521,Male,0,Yes,Yes,11,Yes,Yes,Fiber optic,Yes,No,No,No,No,Yes,Month-to-month,No,Mailed check,26.11,312.7,Yes
CUST-0003522,Male,0,Yes,Yes,33,Yes,No,No,No internet service,No internet service,No internet service,No internet service,No internet service,No internet service,Month-to-month,No,Mailed check,32.15,1034.0,No
CUST-0003523,Male,0,Yes,Yes,3,Yes,Yes,No,No internet service,No internet service,No internet service,No internet service,No internet service,No internet service,Two year,Yes,Electronic check,75.22,234.23,No
CUST-0003524,Male,1,Yes,Yes,20,Yes,No,DSL,No,No,Yes,No,Yes,No,Month-to-month,Yes,Electronic check,118.75,2374.46,No
CUST-0003525,Male,0,Yes,No,13,Yes,No,DSL,Yes,No,Yes,No,No,No,Month-to-month,Yes,Credit card (automatic),91.85,1231.73,No
CUST-0003526,Male,1,Yes,No,68,No,No phone service,No,No internet service,No internet service,No internet service,No internet service,No internet service,No internet service,Month-to-month,Yes,Mailed check,40.88,2787.79,No
CUST-0003527,Female,0,No,Yes,2,Yes,Yes,No,No internet service,No internet service,No internet service,No internet service,No internet service,No internet service,One year,No,Credit card (automatic),98.8,209.59,Yes
CUST-0003528,Female,0,Yes,No,56,Yes,No,Fiber optic,Yes,No,No,No,Yes,Yes,Month-to-month,No,Mailed check,82.61,4627.54,Yes
CUST-0003529,Female,1,No,No,5,No,No phone service,Fiber optic,No,No,No,No,Yes,Yes,Month-to-month,Yes,Credit card (automatic),84.26,403.15,No
CUST-0003530,Male,0,Yes,Yes,2,Yes,Yes,Fiber optic,No,Yes,Yes,No,Yes,No,Two year,Yes,Credit card (automatic),107.25,204.58,No
CUST-0003531,Male,0,Yes,Yes,7,Yes,Yes,Fiber optic,No,No,Yes,No,Yes,No,Month-to-month,Yes,Credit card (automatic),51.91,368.06,No
CUST-0003532,Female,1,No,No,3,Yes,No,DSL,No,No,No,No,No,No,One year,Yes,Credit card (automatic),50.72,178.31,No
CUST-0003533,Male,1,No,No,23,No,No phone service,Fiber optic,No,Yes,No,No,No,Yes,Month-to-month,Yes,Bank transfer (automatic),78.6,1794.34,No
CUST-0003534,Male,1,Yes,No,72,Yes,No,Fiber optic,Yes,No,No,Yes,Yes,No,Month-to-month,No,Credit card (automatic),75.92,5437.81,No
CUST-0003535,Male,1,Yes,No,1,Yes,No,DSL,No,No,Yes,Yes,No,No,Month-to-month,No,Credit card (automatic),74.38,68.71,No
CUST-0003536,Male,0,No,No,19,Yes,No,No,No internet service,No internet service,No internet service,No internet service,No internet service,No internet service,One year,Yes,Electronic check,64.74,1236.27,No
CUST-0003537,Male,0,No,No,15,No,No phone service,DSL,No,No,No,No,No,Yes,Month-to-month,Yes,Bank transfer (automatic),95.86,1431.38,No
CUST-0003538,Male,0,No,No,13,Yes,No,Fiber optic,Yes,No,No,Yes,Yes,Yes,One year,No,Credit card (automatic),37.15,492.56,No
CUST-0003539,Female,1,No,No,12,Yes,No,Fiber optic,No,Yes,No,No,No,No,Two year,No,Bank transfer (automatic),100.11,1220.2,No
CUST-0003540,Male,0,Yes,No,72,Yes,No,Fiber optic,Yes,No,No,Yes,No,No,Month-to-month,Yes,Electronic check,89.08,6401.21,Yes
CUST-0003541,Male,0,No,No,0,Yes,No,DSL,No,Yes,No,No,Yes,No,Two year,No,Bank transfer (automatic),19.85,,No
CUST-0003542,Female,0,No,Yes,47,Yes,Yes,Fiber optic,No,No,Yes,Yes,Yes,No,Month-to-month,Yes,Electronic check,49.95,2360.93,Yes
CUST-0003543,Male,0,No,No,9,Yes,No,DSL,No,No,Yes,Yes,Yes,Yes,Month-to-month,Yes,Bank transfer (automatic),26.99,228.57,Yes
CUST-0003544,Male,0,No,No,15,Yes,Yes,Fiber optic,No,Yes,No,No,No,Yes,Month-to-month,Yes,Bank transfer (automatic),53.14,826.84,No
CUST-0003545,Female,1,No,No,17,Yes,Yes,DSL,No,No,No,No,Yes,No,Month-to-month,No,Electronic check,74.72,1285.83,No
CUST-0003546,Male,0,No,Yes,11,Yes,No,DSL,No,Yes,No,Yes,Yes,No,One year,Yes,Electronic check,43.6,478.34,No
CUST-0003547,Male,0,Yes,No,3,Yes,No,No,No internet service,No internet service,No internet service,No internet service,No internet service,No internet service,Month-to-month,Yes,Credit card (automatic),66.66,208.08,Yes
CUST-0003548,Male,0,No,No,3,Yes,No,Fiber optic,No,No,Yes,No,Yes,No,One year,Yes,Mailed check,31.27,104.46,No
CUST-0003549,Male,0,Yes,No,11,Yes,No,DSL,Yes,Yes,No,No,Yes,Yes,Month-to-month,No,Mailed check,109.39,1228.52,Yes
CUST-0003550,Female,0,Yes,No,55,Yes,Yes,No,No internet service,No internet service,No internet service,No internet service,No internet service,No internet service,Month-to-month,Yes,Electronic check,84.45,4657.99,Yes
CUST-0003551,Female,0,Yes,No,4,Yes,No,DSL,No,Yes,No,No,No,Yes,Two year,No,Electronic check,44.82,184.1,No
CUST-0003552,Male,1,Yes,No,43,Yes,Yes,DSL,Yes,Yes,No,No,Yes,Yes,Month-to-month,Yes,Electronic check,82.81,3563.59,No
CUST-0003553,Female,0,No,No,10,Yes,No,DSL,Yes,Yes,No,No,No,Yes,Month-to-month,Yes,Electronic check,79.55,772.83,No
CUST-0003554,Female,0,No,No,68,Yes,Yes,Fiber optic,No,No,Yes,No,No,No,One year,Yes,Electronic check,18.25,1251.93,No
CUST-0003555,Male,0,Yes,Yes,17,No,No phone service,Fiber optic,No,No,No,No,No,No,Month-to-month,Yes,Electronic check,60.98,1041.1,No
CUST-0003556,Female,0,No,Yes,6,Yes,No,DSL,No,No,No,No,No,No,One year,Yes,Credit card (automatic),76.62,460.14,No
CUST-0003557,Male,0,Yes,No,72,Yes,No,DSL,No,No,No,No,Yes,Yes,Month-to-month,No,Mailed check,59.06,4246.45,No
CUST-0003558,Male,0,Yes,No,6,Yes,No,Fiber optic,No,No,No,No,Yes,No,One year,No,Mailed check,114.75,715.54,No
CUST-0003559,Male,0,No,No,26,Yes,Yes,Fiber optic,No,Yes,No,Yes,No,No,One year,Yes,Bank transfer (automatic),91.57,2391.43,Yes
CUST-0003560,Male,0,No,No,26,Yes,No,No,No internet service,No internet service,No internet service,No internet service,No internet service,No internet service,Month-to-month,Yes,Credit card (automatic),45.75,1194.96,Yes
CUST-0003561,Male,1,Yes,No,14,Yes,No,Fiber optic,No,Yes,No,Yes,No,No,Two year,Yes,Bank transfer (automatic),18.25,285.48,No
CUST-0003562,Female,0,No,Yes,72,Yes,No,Fiber optic,No,Yes,Yes,No,No,Yes,One year,Yes,Electronic check,79.55,5721.0,Yes
CUST-0003563,Male,0,Yes,No,59,Yes,No,Fiber optic,No,No,No,Yes,No,No,Month-to-month,Yes,Bank transfer (automatic),18.25,1087.54,No
CUST-0003564,Male,0,No,Yes,56,Yes,No,Fiber optic,Yes,Yes,Yes,Yes,No,No,Two year,No,Electronic check,70.44,3979.8,Yes
CUST-0003565,Male,1,Yes,Yes,72,Yes,Yes,Fiber optic,No,No,Yes,No,Yes,No,Two year,Yes,Credit card (automatic),60.67,4349.49,No
CUST-0003566,Female,0,Yes,No,19,Yes,Yes,DSL,Yes,Yes,Yes,Yes,No,Yes,One year,Yes,Bank transfer (automatic),24.94,462.45,No
CUST-0003567,Female,1,No,Yes,3,No,No phone service,Fiber optic,No,No,No,Yes,Yes,No,Month-to-month,No,Credit card (automatic),18.25,76.14,No
CUST-0003568,Female,0,No,No,46,Yes,No,Fiber optic,No,No,Yes,Yes,No,No,Month-to-month,No,Credit card (automatic),43.11,1973.61,No
CUST-0003569,Female,0,Yes,No,15,Yes,Yes,DSL,No,Yes,No,No,No,Yes,One year,No,Mailed check,36.25,501.93,No
CUST-0003570,Female,0,No,No,6,Yes,No,Fiber optic,Yes,Yes,No,No,No,Yes,Month-to-month,No,Credit card (automatic),73.8,423.49,No
CUST-0003571,Male,0,Yes,Yes,21,Yes,Yes,Fiber optic,No,Yes,No,No,Yes,No,One year,Yes,Credit card (automatic),21.38,423.95,Yes
CUST-0003572,Female,0,No,No,72,No,No phone service,DSL,No,Yes,No,No,No,Yes,One year,Yes,Mailed check,114.4,8211.56,Yes
CUST-0003573,Female,0,Yes,No,6,No,No phone service,DSL,Yes,Yes,Yes,No,Yes,Yes,Month-to-month,Yes,Bank transfer (automatic),18.25,121.09,No
CUST-0003574,Female,1,No,No,60,Yes,Yes,DSL,No,Yes,No,Yes,No,No,Month-to-month,No,Electronic check,85.31,5129.49,No
CUST-0003575,Female,1,No,No,17,Yes,No,Fiber optic,No,No,No,No,No,Yes,Month-to-month,No,Mailed check,79.2,1346.75,Yes
CUST-0003576,Male,0,Yes,No,4,Yes,No,Fiber optic,No,No,No,No,Yes,No,Month-to-month,No,Electronic check,92.89,367.5,No
CUST-0003577,Male,0,No,No,60,Yes,No,Fiber optic,No,No,No,Yes,Yes,Yes,One year,No,Mailed check,18.25,1110.05,Yes
CUST-0003578,Male,0,No,No,72,Yes,No,DSL,No,No,No,No,Yes,No,Two year,No,Bank transfer (automatic),45.89,3316.02,No
CUST-0003579,Female,0,No,No,11,Yes,Yes,Fiber optic,Yes,No,No,Yes,No,No,Two year,No,Bank transfer (automatic),41.02,440.64,Yes
CUST-0003580,Male,0,Yes,No,11,Yes,No,DSL,No,No,No,Yes,Yes,No,Two year,No,Mailed check,64.2,668.13,Yes
CUST-0003581,Male,1,No,No,15,Yes,No,DSL,No,No,No,No,No,No,Month-to-month,Yes,Electronic check,78.56,1145.12,Yes
CUST-0003582,Female,1,No,No,53,Yes,No,Fiber optic,Yes,Yes,Yes,Yes,Yes,No,Two year,No,Bank transfer (automatic),58.02,3055.41,No
CUST-0003583,Male,0,No,Yes,0,Yes,Yes,Fiber optic,No,No,No,Yes,No,Yes,Month-to-month,Yes,Electronic check,51.42,,No
CUST-0003584,Female,1,No,No,8,Yes,No,Fiber optic,No,No,No,Yes,Yes,No,Month-to-month,Yes,Electronic check,75.85,591.42,No
CUST-0003585,Male,0,Yes,Yes,39,Yes,No,DSL,No,No,No,Yes,No,No,Month-to-month,Yes,Credit card (automatic),94.55,3666.65,No
CUST-0003586,Male,0,No,No,16,No,No phone service,Fiber optic,Yes,No,No,Yes,No,No,Month-to-month,No,Mailed check,39.11,623.29,No
CUST-0003587,Male,0,No,Yes,12,Yes,Yes,Fiber optic,No,No,Yes,No,Yes,Yes,One year,Yes,Credit card (automatic),25.79,305.64,Yes
CUST-0003588,Female,0,Yes,No,65,Yes,Yes,Fiber optic,No,No,No,Yes,No,Yes,Month-to-month,Yes,Bank transfer (automatic),118.75,7715.54,No
CUST-0003589,Male,0,No,No,72,No,No phone service,DSL,No,No,Yes,No,No,Yes,Two year,No,Mailed check,108.47,7783.05,No
CUST-0003590,Male,0,No,No,72,Yes,No,Fiber optic,No,No,No,No,Yes,No,Two year,Yes,Electronic check,62.58,4507.6,No
CUST-0003591,Female,0,No,Yes,10,Yes,No,Fiber optic,Yes,No,No,No,Yes,No,Two year,Yes,Mailed check,103.36,1009.2,Yes
CUST-0003592,Male,0,Yes,No,72,Yes,No,No,No internet service,No internet service,No internet service,No internet service,No internet service,No internet service,Month-to-month,Yes,Electronic check,118.75,8522.67,Yes
CUST-0003593,Female,1,No,Yes,42,Yes,No,No,No internet service,No internet service,No internet service,No internet service,No internet service,No internet service,Two year,No,Bank transfer (automatic),18.9,821.25,Yes
CUST-0003594,Female,0,Yes,No,5,Yes,No,No,No internet service,No internet service,No internet service,No internet service,No internet service,No internet service,Month-to-month,Yes,Electronic check,33.71,160.98,Yes
CUST-0003595,Male,0,No,No,30,Yes,Yes,Fiber optic,No,No,Yes,Yes,No,Yes,Two year,Yes,Credit card (automatic),76.8,2310.15,Yes
CUST-0003596,Female,0,No,No,0,Yes,No,No,No internet service,No internet service,No internet service,No internet service,No internet service,No internet service,Two year,Yes,Mailed check,71.39,,Yes
CUST-0003597,Male,0,No,Yes,39,Yes,No,DSL,Yes,No,No,No,No,No,One year,No,Electronic check,64.02,2503.57,No
CUST-0003598,Female,0,Yes,No,42,Yes,No,DSL,No,No,No,No,No,Yes,One year,No,Credit card (automatic),51.16,2148.37,Yes
CUST-0003599,Male,1,No,No,49,Yes,Yes,Fiber optic,No,No,No,No,No,Yes,Month-to-month,No,Mailed check,18.25,888.62,No
CUST-0003600,Female,0,No,No,6,Yes,No,No,No internet service,No internet service,No internet service,No internet service,No internet service,No internet service,Two year,No,Bank transfer (automatic),80.49,458.81,No
CUST-0003601,Male,1,Yes,Yes,31,Yes,Yes,Fiber optic,No,No,No,Yes,Yes,Yes,Month-to-month,Yes,Credit card (automatic),35.77,1101.32,No
CUST-0003602,Female,0,No,No,6,Yes,No,DSL,Yes,No,No,No,Yes,Yes,Two year,No,Electronic check,85.99,493.76,No
CUST-0003603,Male,0,No,Yes,72,Yes,No,Fiber optic,Yes,Yes,Yes,No,Yes,Yes,Month-to-month,No,Electronic check,58.76,4222.71,No
CUST-0003604,Male,1,No,No,35,Yes,Yes,DSL,No,No,No,Yes,No,Yes,Two year,No,Electronic check,63.44,2179.73,No
CUST-0003605,Male,1,Yes,Yes,3,Yes,No,Fiber optic,No,No,No,No,No,No,Month-to-month,No,Electronic check,77.15,200.31,No
CUST-0003606,Male,1,Yes,No,6,Yes,No,DSL,Yes,Yes,Yes,Yes,Yes,No,Month-to-month,No,Mailed check,51.72,280.75,No
CUST-0003607,Female,0,No,Yes,34,Yes,Yes,DSL,No,No,Yes,No,No,Yes,Month-to-month,Yes,Credit card (automatic),36.9,1269.63,Yes
CUST-0003608,Male,1,Yes,No,20,Yes,No,DSL,Yes,No,No,No,Yes,No,Two year,No,Mailed check,66.53,1343.31,No
CUST-0003609,Female,0,Yes,No,42,Yes,Yes,Fiber optic,No,No,Yes,No,No,No,Month-to-month,Yes,Credit card (automatic),103.84,4343.41,Yes
CUST-0003610,Female,1,No,No,10,Yes,Yes,Fiber optic,Yes,No,Yes,No,Yes,No,Month-to-month,No,Electronic check,45.86,414.07,No
CUST-0003611,Female,0,Yes,No,34,Yes,Yes,DSL,No,No,No,No,No,No,Month-to-month,Yes,Credit card (automatic),33.91,1203.08,No
CUST-0003612,Male,0,No,Yes,6,Yes,Yes,Fiber optic,Yes,Yes,No,Yes,Yes,No,Two year,Yes,Bank transfer (automatic),59.52,349.36,Yes
CUST-0003613,Male,1,No,Yes,25,Yes,No,Fiber optic,No,No,No,No,No,No,One year,Yes,Credit card (automatic),36.64,914.99,Yes
CUST-0003614,Female,0,No,Yes,72,Yes,No,No,No internet service,No internet service,No internet service,No internet service,No internet service,No internet service,Month-to-month,No,Credit card (automatic),66.47,4828.39,No
CUST-0003615,Male,0,No,No,31,Yes,No,No,No internet service,No internet service,No internet service,No internet service,No internet service,No internet service,Two year,Yes,Credit card (automatic),58.07,1813.26,No
CUST-0003616,Male,0,Yes,No,1,Yes,Yes,DSL,Yes,No,No,Yes,Yes,Yes,One year,Yes,Electronic check,18.25,28.89,No
CUST-0003617,Female,0,Yes,No,72,Yes,Yes,DSL,No,Yes,No,No,Yes,No,One year,Yes,Bank transfer (automatic),87.08,6282.1,No
CUST-0003618,Female,0,No,Yes,5,Yes,No,DSL,Yes,No,Yes,No,No,No,Month-to-month,Yes,Electronic check,32.82,166.07,No
CUST-0003619,Female,0,Yes,No,40,Yes,No,Fiber optic,No,No,Yes,No,No,No,Month-to-month,Yes,Electronic check,25.71,1012.09,No
CUST-0003620,Male,1,No,No,24,Yes,Yes,Fiber optic,No,No,No,No,No,Yes,One year,Yes,Mailed check,94.48,2281.57,No
CUST-0003621,Female,0,No,No,11,Yes,Yes,DSL,No,Yes,No,No,No,No,Month-to-month,Yes,Credit card (automatic),18.25,179.33,No
CUST-0003622,Male,0,Yes,No,6,Yes,Yes,No,No internet service,No internet service,No internet service,No internet service,No internet service,No internet service,Month-to-month,No,Electronic check,25.0,159.81,No
CUST-0003623,Male,0,No,No,6,Yes,Yes,Fiber optic,Yes,Yes,No,No,No,Yes,Two year,Yes,Credit card (automatic),56.52,348.92,No
CUST-0003624,Female,0,Yes,No,62,Yes,Yes,Fiber optic,No,No,Yes,No,Yes,Yes,One year,No,Credit card (automatic),61.36,3792.15,No
CUST-0003625,Male,0,Yes,Yes,66,Yes,No,Fiber optic,No,No,Yes,No,No,No,Month-to-month,No,Electronic check,113.77,7477.84,No
CUST-0003626,Male,0,No,No,20,Yes,Yes,Fiber optic,No,Yes,No,No,No,No,Month-to-month,No,Mailed check,52.13,1028.07,Yes
CUST-0003627,Male,0,No,No,3,Yes,Yes,Fiber optic,Yes,No,No,Yes,Yes,No,Month-to-month,Yes,Electronic check,46.95,135.93,No
CUST-0003628,Female,1,No,Yes,68,Yes,No,No,No internet service,No internet service,No internet service,No internet service,No internet service,No internet service,Month-to-month,Yes,Bank transfer (automatic),101.23,6872.16,No
CUST-0003629,Female,0,Yes,Yes,21,Yes,No,DSL,Yes,No,No,Yes,No,Yes,One year,Yes,Electronic check,18.34,407.55,No
CUST-0003630,Female,0,Yes,Yes,18,Yes,No,Fiber optic,No,Yes,No,No,Yes,No,Two year,Yes,Electronic check,30.56,585.34,Yes
CUST-0003631,Female,0,Yes,No,16,Yes,Yes,DSL,Yes,Yes,Yes,No,Yes,Yes,Month-to-month,Yes,Mailed check,86.23,1363.93,No
CUST-0003632,Male,0,Yes,Yes,14,Yes,No,Fiber optic,No,Yes,No,No,No,No,Month-to-month,Yes,Mailed check,36.58,533.58,No
CUST-0003633,Male,0,Yes,No,23,Yes,No,Fiber optic,No,No,No,No,No,No,Month-to-month,No,Credit card (automatic),58.32,1349.46,No
CUST-0003634,Male,1,No,Yes,29,Yes,Yes,DSL,No,Yes,Yes,No,No,Yes,Two year,Yes,Mailed check,91.58,2675.18,Yes
CUST-0003635,Male,0,No,No,20,Yes,Yes,DSL,No,No,No,No,Yes,Yes,Month-to-month,No,Electronic check,62.0,1237.03,No
CUST-0003636,Male,0,Yes,No,72,Yes,Yes,DSL,Yes,No,No,No,Yes,No,One year,Yes,Bank transfer (automatic),118.75,8543.34,No
CUST-0003637,Female,0,Yes,No,12,Yes,No,Fiber optic,No,No,No,Yes,Yes,No,Month-to-month,No,Electronic check,65.74,782.14,Yes
CUST-0003638,Male,0,No,Yes,27,Yes,No,Fiber optic,No,No,No,No,Yes,No,Month-to-month,No,Mailed check,32.08,838.92,Yes
CUST-0003639,Male,1,No,No,11,Yes,Yes,No,No internet service,No internet service,No internet service,No internet service,No internet service,No internet service,Two year,Yes,Electronic check,90.91,964.42,No
CUST-0003640,Male,0,No,No,44,Yes,Yes,DSL,Yes,No,No,No,Yes,No,Month-to-month,Yes,Electronic check,28.63,1260.98,No
CUST-0003641,Male,0,Yes,No,3,Yes,No,DSL,No,Yes,Yes,No,No,Yes,Month-to-month,No,Electronic check,118.75,364.11,No
CUST-0003642,Female,0,Yes,No,6,Yes,No,Fiber optic,No,No,No,Yes,No,No,Month-to-month,Yes,Credit card (automatic),48.18,287.3,No
CUST-0003643,Male,0,No,Yes,51,Yes,Yes,DSL,No,No,Yes,No,Yes,No,Month-to-month,No,Credit card (automatic),112.83,5749.28,No
CUST-0003644,Male,0,No,No,6,Yes,No,DSL,No,No,Yes,Yes,Yes,Yes,Month-to-month,Yes,Credit card (automatic),61.25,369.84,No
CUST-0003645,Female,0,Yes,Yes,31,Yes,Yes,Fiber optic,Yes,Yes,No,Yes,No,Yes,Two year,No,Electronic check,34.51,1092.38,No
CUST-0003646,Male,0,No,Yes,72,Yes,No,No,No internet service,No internet service,No internet service,No internet service,No internet service,No internet service,Month-to-month,Yes,Credit card (automatic),89.26,6455.85,No
CUST-0003647,Male,0,Yes,No,23,Yes,No,No,No internet service,No internet service,No internet service,No internet service,No internet service,No internet service,Month-to-month,Yes,Mailed check,118.75,2761.24,No
CUST-0003648,Male,0,Yes,No,6,Yes,No,DSL,No,Yes,No,No,No,Yes,Month-to-month,No,Bank transfer (automatic),95.14,571.5,No
CUST-0003649,Female,0,No,No,12,Yes,No,DSL,No,No,Yes,Yes,No,Yes,Month-to-month,No,Bank transfer (automatic),40.21,491.55,Yes
CUST-0003650,Female,1,Yes,No,55,No,No phone service,Fiber optic,No,No,No,No,No,Yes,Month-to-month,Yes,Electronic check,83.28,4568.74,No
CUST-0003651,Female,0,No,No,13,Yes,No,Fiber optic,No,Yes,No,No,No,Yes,Month-to-month,Yes,Electronic check,18.25,243.04,No
CUST-0003652,Male,1,Yes,No,41,No,No phone service,Fiber optic,No,Yes,No,No,No,Yes,Month-to-month,Yes,Electronic check,103.63,4268.12,No
CUST-0003653,Female,0,Yes,No,48,Yes,No,Fiber optic,No,No,Yes,No,No,No,Two year,Yes,Electronic check,73.02,3502.32,No
CUST-0003654,Male,1,Yes,No,22,Yes,Yes,DSL,No,No,Yes,No,No,No,One year,Yes,Mailed check,18.25,396.94,Yes
CUST-0003655,Male,0,Yes,Yes,48,Yes,No,DSL,No,No,No,Yes,No,Yes,Month-to-month,Yes,Mailed check,69.48,3370.78,No
CUST-0003656,Male,0,Yes,Yes,12,Yes,Yes,No,No internet service,No internet service,No internet service,No internet service,No internet service,No internet service,Month-to-month,Yes,Mailed check,71.96,851.68,No
CUST-0003657,Male,0,No,No,23,Yes,Yes,Fiber optic,No,Yes,Yes,No,No,Yes,Two year,No,Bank transfer (automatic),114.99,2652.19,No
CUST-0003658,Female,0,No,No,37,Yes,Yes,No,No internet service,No internet service,No internet service,No internet service,No internet service,No internet service,Month-to-month,Yes,Electronic check,77.37,2873.56,No
CUST-0003659,Female,0,Yes,No,5,Yes,Yes,Fiber optic,No,No,Yes,No,No,No,Month-to-month,No,Credit card (automatic),85.27,437.2,No
CUST-0003660,Female,0,Yes,No,10,Yes,No,Fiber optic,No,No,No,No,No,No,Month-to-month,Yes,Credit card (automatic),91.36,918.68,Yes
CUST-0003661,Female,1,No,Yes,33,Yes,Yes,DSL,No,No,Yes,Yes,Yes,No,One year,Yes,Electronic check,75.96,2536.3,No
CUST-0003662,Male,0,Yes,Yes,34,No,No phone service,Fiber optic,No,Yes,Yes,Yes,No,No,Month-to-month,Yes,Mailed check,79.36,2703.73,No
CUST-0003663,Male,0,Yes,Yes,21,Yes,No,No,No internet service,No internet service,No internet service,No internet service,No internet service,No internet service,Month-to-month,No,Credit card (automatic),66.97,1390.02,No
CUST-0003664,Male,0,Yes,No,50,Yes,No,DSL,No,No,Yes,Yes,Yes,Yes,Month-to-month,No,Mailed check,103.55,5181.46,Yes
CUST-0003665,Female,0,No,No,21,No,No phone service,DSL,Yes,Yes,No,No,Yes,Yes,One year,Yes,Mailed check,18.25,373.56,No
CUST-0003666,Male,0,Yes,No,68,Yes,Yes,Fiber optic,No,No,Yes,Yes,Yes,No,Two year,No,Credit card (automatic),66.14,4516.66,No
CUST-0003667,Female,0,No,No,42,Yes,Yes,Fiber optic,No,Yes,No,Yes,No,No,Month-to-month,Yes,Bank transfer (automatic),118.75,4993.79,No
CUST-0003668,Male,0,Yes,No,12,Yes,No,Fiber optic,Yes,No,No,No,Yes,No,Month-to-month,Yes,Electronic check,62.72,759.6,No
CUST-0003669,Male,0,Yes,No,16,Yes,Yes,Fiber optic,No,No,No,No,No,Yes,Month-to-month,Yes,Bank transfer (automatic),33.35,552.76,Yes
CUST-0003670,Male,1,Yes,No,35,Yes,Yes,Fiber optic,No,Yes,Yes,No,Yes,Yes,Month-to-month,Yes,Credit card (automatic),43.3,1536.75,No
CUST-0003671,Male,0,No,No,71,Yes,No,Fiber optic,No,Yes,No,No,Yes,No,Two year,Yes,Electronic check,100.77,7132.41,No
CUST-0003672,Male,1,No,No,6,No,No phone service,Fiber optic,No,No,No,No,No,No,Two year,No,Electronic check,86.74,506.86,No
CUST-0003673,Female,0,Yes,No,23,Yes,No,DSL,No,No,Yes,No,No,No,Month-to-month,No,Electronic check,106.58,2486.2,No
CUST-0003674,Male,0,Yes,No,4,Yes,No,DSL,Yes,No,No,No,No,No,Two year,Yes,Credit card (automatic),118.75,470.57,No
CUST-0003675,Female,0,No,No,10,Yes,Yes,Fiber optic,No,No,No,No,No,No,Month-to-month,Yes,Mailed check,76.55,768.15,No
CUST-0003676,Male,0,No,No,37,Yes,Yes,Fiber optic,Yes,Yes,Yes,No,No,No,Month-to-month,No,Bank transfer (automatic),77.24,2858.03,No
CUST-0003677,Male,0,Yes,No,2,Yes,Yes,No,No internet service,No internet service,No internet service,No internet service,No internet service,No internet service,Month-to-month,Yes,Electronic check,18.25,41.61,No
CUST-0003678,Male,0,No,No,34,Yes,Yes,Fiber optic,No,No,No,No,No,No,Month-to-month,No,Electronic check,62.21,2114.19,No
CUST-0003679,Female,0,Yes,Yes,72,Yes,No,Fiber optic,Yes,No,Yes,No,No,No,Two year,Yes,Credit card (automatic),40.35,2924.83,No
CUST-0003680,Male,0,Yes,No,72,Yes,No,DSL,Yes,Yes,Yes,No,No,No,Month-to-month,Yes,Bank transfer (automatic),18.25,1298.15,Yes
CUST-0003681,Female,1,Yes,No,7,Yes,No,Fiber optic,No,No,No,No,No,Yes,Month-to-month,Yes,Electronic check,75.19,503.72,Yes
CUST-0003682,Male,0,No,Yes,44,Yes,Yes,DSL,No,Yes,Yes,No,No,No,Two year,Yes,Credit card (automatic),31.6,1396.51,No
CUST-0003683,Female,0,Yes,No,72,Yes,Yes,Fiber optic,No,Yes,No,No,Yes,Yes,Month-to-month,Yes,Mailed check,78.38,5655.48,Yes
CUST-0003684,Male,0,No,No,3,Yes,No,DSL,Yes,No,No,No,No,Yes,Month-to-month,Yes,Electronic check,38.71,105.43,No
CUST-0003685,Female,0,No,No,17,Yes,No,DSL,No,Yes,No,Yes,No,No,One year,Yes,Electronic check,101.05,1695.71,No
CUST-0003686,Female,0,No,No,72,Yes,Yes,Fiber optic,No,No,No,No,No,No,Month-to-month,Yes,Electronic check,71.61,5157.72,No
CUST-0003687,Female,0,Yes,No,7,Yes,No,DSL,Yes,No,No,No,Yes,No,Month-to-month,No,Mailed check,89.26,618.89,No
CUST-0003688,Male,0,Yes,No,72,Yes,Yes,Fiber optic,Yes,No,No,No,Yes,Yes,Month-to-month,Yes,Credit card (automatic),58.53,4203.52,No
CUST-0003689,Male,1,No,Yes,23,Yes,Yes,Fiber optic,Yes,Yes,No,No,No,No,Month-to-month,No,Mailed check,79.19,1818.33,Yes
CUST-0003690,Male,0,No,No,3,Yes,Yes,No,No internet service,No internet service,No internet service,No internet service,No internet service,No internet service,Month-to-month,Yes,Bank transfer (automatic),62.76,183.04,Yes
CUST-0003691,Female,0,No,No,19,Yes,No,DSL,No,Yes,No,No,Yes,Yes,Month-to-month,No,Electronic check,67.14,1300.75,No
CUST-0003692,Female,0,Yes,No,12,Yes,No,DSL,No,Yes,No,No,Yes,No,Month-to-month,Yes,Electronic check,80.39,976.62,No
CUST-0003693,Female,0,Yes,Yes,10,Yes,No,Fiber optic,No,No,No,Yes,Yes,No,Month-to-month,Yes,Mailed check,29.28,322.15,Yes
CUST-0003694,Male,0,No,No,24,Yes,Yes,DSL,Yes,No,Yes,No,Yes,No,Month-to-month,Yes,Electronic check,86.51,2057.04,No
CUST-0003695,Male,0,Yes,No,21,Yes,No,No,No internet service,No internet service,No internet service,No internet service,No internet service,No internet service,Two year,Yes,Electronic check,36.25,759.8,No
CUST-0003696,Male,0,No,No,21,Yes,Yes,DSL,No,Yes,Yes,No,No,Yes,Two year,No,Electronic check,18.25,401.28,No
CUST-0003697,Female,0,Yes,No,2,Yes,Yes,Fiber optic,Yes,No,No,Yes,Yes,Yes,Two year,No,Electronic check,114.28,269.75,Yes
CUST-0003698,Female,0,Yes,No,51,Yes,Yes,DSL,No,No,No,No,No,No,Month-to-month,Yes,Credit card (automatic),43.99,2244.15,No
CUST-0003699,Female,0,Yes,Yes,21,Yes,No,Fiber optic,No,Yes,Yes,No,No,Yes,Month-to-month,No,Mailed check,118.75,2497.63,No
CUST-0003700,Male,0,Yes,No,55,Yes,No,No,No internet service,No internet service,No internet service,No internet service,No internet service,No internet service,One year,Yes,Mailed check,85.21,4700.41,No
CUST-0003701,Female,0,Yes,No,55,Yes,Yes,Fiber optic,Yes,No,No,No,No,No,Two year,Yes,Electronic check,107.38,5907.23,No
CUST-0003702,Female,0,No,Yes,12,Yes,Yes,Fiber optic,Yes,No,No,No,Yes,No,Month-to-month,No,Electronic check,45.25,514.71,Yes
CUST-0003703,Male,0,Yes,No,0,Yes,No,DSL,No,No,Yes,No,No,No,Month-to-month,Yes,Credit card (automatic),24.63,,Yes
CUST-0003704,Female,1,Yes,No,72,Yes,Yes,No,No internet service,No internet service,No internet service,No internet service,No internet service,No internet service,One year,Yes,Bank transfer (automatic),29.12,2065.69,No
CUST-0003705,Female,1,No,No,45,Yes,No,Fiber optic,No,Yes,No,No,No,Yes,Month-to-month,No,Bank transfer (automatic),98.42,4413.07,No
CUST-0003706,Female,0,Yes,No,3,Yes,No,DSL,No,Yes,No,No,No,Yes,Month-to-month,Yes,Electronic check,54.02,182.72,No
CUST-0003707,Female,0,Yes,Yes,38,Yes,No,DSL,Yes,No,No,Yes,No,No,Month-to-month,Yes,Electronic check,57.71,2193.38,No
CUST-0003708,Male,0,No,No,0,Yes,No,DSL,Yes,Yes,No,No,No,Yes,Month-to-month,No,Electronic check,19.99,,Yes
CUST-0003709,Male,0,No,No,0,Yes,No,DSL,No,Yes,No,No,No,No,One year,No,Mailed check,45.03,,No
CUST-0003710,Female,0,Yes,No,23,Yes,Yes,No,No internet service,No internet service,No internet service,No internet service,No internet service,No internet service,Month-to-month,Yes,Bank transfer (automatic),58.54,1312.79,Yes
CUST-0003711,Male,0,Yes,No,3,Yes,Yes,Fiber optic,No,No,Yes,No,Yes,Yes,Month-to-month,Yes,Credit card (automatic),63.87,202.38,No
CUST-0003712,Female,0,No,Yes,72,Yes,Yes,DSL,Yes,Yes,No,No,No,Yes,One year,Yes,Mailed check,74.75,5401.17,Yes
CUST-0003713,Female,0,Yes,Yes,71,Yes,No,Fiber optic,No,No,No,Yes,No,Yes,One year,No,Electronic check,49.18,3493.69,No
CUST-0003714,Female,0,No,No,33,Yes,No,Fiber optic,No,No,No,No,No,No,Month-to-month,Yes,Bank transfer (automatic),42.56,1398.41,No
CUST-0003715,Female,0,No,No,2,Yes,Yes,DSL,No,No,No,No,No,No,Month-to-month,Yes,Bank transfer (automatic),111.76,230.85,No
CUST-0003716,Male,0,No,Yes,12,No,No phone service,DSL,No,No,No,Yes,Yes,Yes,Two year,No,Electronic check,34.9,453.64,Yes
CUST-0003717,Male,0,Yes,No,14,Yes,Yes,DSL,No,No,No,No,No,Yes,Two year,No,Electronic check,36.56,515.18,No
CUST-0003718,Male,0,Yes,No,20,Yes,No,Fiber optic,No,No,Yes,No,No,No,Month-to-month,Yes,Bank transfer (automatic),86.03,1696.58,No
CUST-0003719,Male,0,No,Yes,5,Yes,Yes,Fiber optic,No,No,No,No,No,No,Two year,Yes,Electronic check,18.25,106.38,No
CUST-0003720,Male,0,Yes,Yes,27,No,No phone service,No,No internet service,No internet service,No internet service,No internet service,No internet service,No internet service,Month-to-month,No,Credit card (automatic),43.47,1123.54,No
CUST-0003721,Male,0,Yes,Yes,18,Yes,Yes,Fiber optic,No,No,No,Yes,No,Yes,Month-to-month,No,Credit card (automatic),89.5,1614.39,No
CUST-0003722,Female,0,No,No,72,Yes,No,Fiber optic,No,No,No,No,Yes,No,Month-to-month,No,Electronic check,118.75,8520.37,No
CUST-0003723,Female,0,Yes,No,72,Yes,Yes,No,No internet service,No internet service,No internet service,No internet service,No internet service,No internet service,One year,Yes,Mailed check,22.97,1642.34,No
CUST-0003724,Male,0,Yes,No,26,Yes,Yes,Fiber optic,Yes,Yes,No,Yes,Yes,Yes,One year,Yes,Electronic check,57.96,1530.97,No
CUST-0003725,Male,0,No,No,33,Yes,No,Fiber optic,No,No,No,Yes,No,Yes,One year,Yes,Mailed check,55.16,1803.96,No
CUST-0003726,Female,0,Yes,No,4,Yes,No,Fiber optic,Yes,No,Yes,No,Yes,No,Two year,No,Bank transfer (automatic),46.97,175.05,Yes
CUST-0003727,Male,0,Yes,Yes,8,Yes,No,Fiber optic,No,Yes,No,Yes,No,No,Two year,Yes,Electronic check,69.46,552.69,Yes
CUST-0003728,Male,0,Yes,No,72,Yes,No,Fiber optic,No,No,Yes,No,Yes,Yes,Two year,Yes,Credit card (automatic),44.65,3241.52,No
CUST-0003729,Male,0,No,Yes,38,No,No phone service,Fiber optic,Yes,No,No,Yes,No,No,One year,No,Mailed check,51.07,1947.79,No
CUST-0003730,Female,0,Yes,No,6,Yes,No,Fiber optic,Yes,No,No,No,No,Yes,Month-to-month,No,Electronic check,88.93,537.56,No
CUST-0003731,Male,0,Yes,No,27,Yes,No,Fiber optic,No,No,No,No,No,Yes,Month-to-month,No,Electronic check,37.04,987.27,Yes
CUST-0003732,Female,0,No,Yes,72,Yes,No,No,No internet service,No internet service,No internet service,No internet service,No internet service,No internet service,Month-to-month,Yes,Credit card (automatic),74.63,5336.07,Yes
CUST-0003733,Male,0,No,No,13,Yes,No,Fiber optic,No,No,No,No,No,No,Two year,No,Bank transfer (automatic),86.99,1156.39,No
CUST-0003734,Male,0,Yes,No,6,Yes,No,DSL,Yes,No,No,Yes,No,No,One year,No,Mailed check,31.08,184.06,Yes
CUST-0003735,Male,0,No,No,72,Yes,No,Fiber optic,No,No,Yes,No,Yes,No,Month-to-month,Yes,Credit card (automatic),105.73,7596.95,Yes
CUST-0003736,Male,0,Yes,Yes,19,Yes,No,No,No internet service,No internet service,No internet service,No internet service,No internet service,No internet service,One year,No,Mailed check,93.33,1756.67,Yes
CUST-0003737,Female,0,No,Yes,17,No,No phone service,Fiber optic,No,Yes,No,No,No,Yes,Month-to-month,No,Bank transfer (automatic),22.12,371.48,Yes
CUST-0003738,Female,1,Yes,No,9,Yes,No,DSL,Yes,No,Yes,No,Yes,No,Month-to-month,Yes,Credit card (automatic),118.75,1089.0,No
CUST-0003739,Female,0,Yes,No,71,Yes,Yes,No,No internet service,No internet service,No internet service,No internet service,No internet service,No internet service,One year,Yes,Bank transfer (automatic),118.75,8422.38,No
CUST-0003740,Female,1,No,Yes,59,Yes,Yes,Fiber optic,Yes,No,Yes,No,Yes,No,Month-to-month,Yes,Electronic check,53.09,3126.83,No
CUST-0003741,Female,0,Yes,No,16,Yes,No,No,No internet service,No internet service,No internet service,No internet service,No internet service,No internet service,Month-to-month,No,Credit card (automatic),56.6,914.26,No
CUST-0003742,Female,0,Yes,No,0,Yes,No,DSL,Yes,No,No,No,Yes,Yes,Month-to-month,Yes,Electronic check,52.69,,No
CUST-0003743,Female,0,Yes,No,18,Yes,Yes,No,No internet service,No internet service,No internet service,No internet service,No internet service,No internet service,One year,Yes,Credit card (automatic),65.99,1167.84,No
CUST-0003744,Male,0,No,Yes,6,Yes,No,DSL,No,No,No,Yes,No,No,Two year,Yes,Credit card (automatic),30.57,154.76,No
CUST-0003745,Male,0,Yes,No,4,Yes,Yes,Fiber optic,No,No,No,No,No,No,One year,No,Electronic check,55.38,250.3,No
CUST-0003746,Male,0,Yes,Yes,15,Yes,Yes,Fiber optic,No,No,Yes,Yes,Yes,Yes,One year,Yes,Electronic check,69.9,1018.83,No
CUST-0003747,Female,0,Yes,No,3,Yes,Yes,Fiber optic,No,No,Yes,Yes,No,Yes,One year,Yes,Credit card (automatic),18.25,84.84,No
CUST-0003748,Male,0,Yes,No,72,Yes,Yes,Fiber optic,No,No,No,Yes,No,No,Month-to-month,Yes,Electronic check,96.15,6937.08,No
CUST-0003749,Male,0,Yes,Yes,1,Yes,No,Fiber optic,No,No,No,No,No,No,Month-to-month,Yes,Credit card (automatic),18.25,22.62,No
CUST-0003750,Female,0,Yes,No,16,Yes,No,DSL,No,No,Yes,No,Yes,No,Month-to-month,Yes,Mailed check,62.59,1002.61,No
CUST-0003751,Female,0,Yes,Yes,5,No,No phone service,Fiber optic,Yes,No,Yes,No,No,No,Month-to-month,No,Electronic check,60.36,312.48,No
CUST-0003752,Female,0,Yes,No,37,Yes,Yes,Fiber optic,No,No,Yes,No,No,Yes,Two year,No,Bank transfer (automatic),97.81,3574.31,No
CUST-0003753,Male,0,No,Yes,2,Yes,No,Fiber optic,No,Yes,Yes,No,No,No,Month-to-month,No,Electronic check,77.7,149.1,Yes
CUST-0003754,Female,0,No,Yes,25,Yes,No,DSL,No,No,No,No,No,Yes,Two year,Yes,Electronic check,49.57,1262.65,No
CUST-0003755,Male,0,No,No,47,Yes,Yes,DSL,No,No,No,Yes,No,Yes,Two year,Yes,Mailed check,61.73,2898.9,No
CUST-0003756,Male,0,Yes,No,72,Yes,Yes,Fiber optic,Yes,No,No,Yes,Yes,No,One year,No,Electronic check,114.24,8219.43,Yes
CUST-0003757,Male,0,No,Yes,38,Yes,No,Fiber optic,No,No,No,No,Yes,Yes,Month-to-month,No,Mailed check,85.96,3303.78,Yes
CUST-0003758,Male,0,Yes,Yes,3,Yes,Yes,No,No internet service,No internet service,No internet service,No internet service,No internet service,No internet service,Month-to-month,Yes,Bank transfer (automatic),110.86,330.24,Yes
CUST-0003759,Male,0,No,Yes,2,No,No phone service,DSL,No,Yes,No,No,No,No,Two year,Yes,Bank transfer (automatic),85.66,196.9,No
CUST-0003760,Female,0,Yes,No,42,Yes,Yes,No,No internet service,No internet service,No internet service,No internet service,No internet service,No internet service,One year,Yes,Mailed check,99.0,4168.19,Yes
CUST-0003761,Male,1,Yes,No,7,Yes,No,No,No internet service,No internet service,No internet service,No internet service,No internet service,No internet service,Month-to-month,Yes,Electronic check,118.75,835.06,No
CUST-0003762,Female,1,Yes,No,18,Yes,No,DSL,Yes,Yes,No,No,No,No,Two year,No,Bank transfer (automatic),112.35,1991.54,No
CUST-0003763,Female,0,Yes,No,72,Yes,Yes,Fiber optic,No,Yes,No,No,Yes,No,Month-to-month,No,Mailed check,62.8,4525.45,No
CUST-0003764,Male,0,No,Yes,54,No,No phone service,Fiber optic,No,No,No,Yes,Yes,No,Month-to-month,Yes,Electronic check,54.07,2951.51,No
CUST-0003765,Male,0,No,No,59,No,No phone service,Fiber optic,No,Yes,No,No,No,Yes,Month-to-month,No,Electronic check,18.25,1120.74,Yes
CUST-0003766,Male,0,No,Yes,63,Yes,Yes,Fiber optic,No,No,No,No,Yes,Yes,Month-to-month,Yes,Bank transfer (automatic),66.26,4191.92,No
CUST-0003767,Female,0,No,No,30,Yes,Yes,Fiber optic,No,No,No,No,No,Yes,Month-to-month,No,Electronic check,24.44,710.81,No
CUST-0003768,Male,0,Yes,No,43,Yes,Yes,DSL,No,No,Yes,No,Yes,Yes,Month-to-month,Yes,Electronic check,22.41,962.67,No
CUST-0003769,Male,0,Yes,No,14,Yes,No,DSL,No,No,Yes,No,Yes,Yes,Two year,Yes,Bank transfer (automatic),77.87,1065.83,No
CUST-0003770,Male,0,No,Yes,72,Yes,No,DSL,No,No,Yes,No,Yes,No,Month-to-month,Yes,Bank transfer (automatic),60.88,4379.36,No
CUST-0003771,Female,0,No,Yes,10,No,No phone service,Fiber optic,Yes,No,No,No,No,Yes,Month-to-month,No,Mailed check,18.25,194.45,No
CUST-0003772,Female,0,No,No,28,Yes,No,DSL,No,No,No,No,Yes,Yes,One year,No,Mailed check,88.77,2493.79,No
CUST-0003773,Male,0,Yes,No,10,Yes,No,No,No internet service,No internet service,No internet service,No internet service,No internet service,No internet service,Two year,No,Credit card (automatic),89.66,876.19,No
CUST-0003774,Female,1,No,Yes,3,No,No phone service,Fiber optic,No,Yes,Yes,No,Yes,Yes,Month-to-month,No,Mailed check,50.65,153.93,Yes
CUST-0003775,Female,0,No,Yes,26,Yes,No,Fiber optic,No,Yes,No,No,No,Yes,Month-to-month,Yes,Credit card (automatic),94.04,2438.47,No
CUST-0003776,Female,0,Yes,No,13,Yes,No,No,No internet service,No internet service,No internet service,No internet service,No internet service,No internet service,Month-to-month,No,Credit card (automatic),76.55,998.25,Yes
CUST-0003777,Female,0,Yes,No,28,Yes,No,DSL,No,No,No,No,Yes,No,Two year,Yes,Mailed check,85.17,2387.52,Yes
CUST-0003778,Female,0,Yes,No,26,Yes,No,DSL,No,No,No,No,No,Yes,Month-to-month,No,Electronic check,71.79,1835.8,Yes
CUST-0003779,Female,0,No,Yes,25,Yes,No,No,No internet service,No internet service,No internet service,No internet service,No internet service,No internet service,Month-to-month,No,Credit card (automatic),98.31,2480.41,No
CUST-0003780,Female,1,Yes,No,4,No,No phone service,Fiber optic,No,No,Yes,No,No,No,Month-to-month,Yes,Electronic check,55.11,257.2,No
CUST-0003781,Male,0,Yes,Yes,18,Yes,No,DSL,Yes,No,No,No,Yes,Yes,Month-to-month,Yes,Mailed check,80.25,1460.1,No
CUST-0003782,Male,0,Yes,No,53,No,No phone service,DSL,Yes,No,No,No,Yes,Yes,Two year,Yes,Bank transfer (automatic),34.96,1825.9,No
CUST-0003783,Male,0,No,Yes,12,Yes,No,No,No internet service,No internet service,No internet service,No internet service,No internet service,No internet service,One year,Yes,Electronic check,76.96,935.74,No
CUST-0003784,Female,0,Yes,Yes,18,Yes,Yes,Fiber optic,Yes,No,Yes,No,Yes,No,Month-to-month,Yes,Bank transfer (automatic),18.25,300.95,Yes
CUST-0003785,Female,1,Yes,Yes,21,Yes,Yes,DSL,No,Yes,Yes,Yes,Yes,Yes,Month-to-month,Yes,Bank transfer (automatic),78.02,1674.11,Yes
CUST-0003786,Male,1,No,No,63,Yes,Yes,No,No internet service,No internet service,No internet service,No internet service,No internet service,No internet service,Month-to-month,Yes,Bank transfer (automatic),113.57,7192.08,No
CUST-0003787,Female,0,No,No,34,Yes,No,Fiber optic,No,No,Yes,No,No,Yes,Month-to-month,No,Electronic check,80.45,2726.23,No
CUST-0003788,Male,0,Yes,No,3,No,No phone service,No,No internet service,No internet service,No internet service,No internet service,No internet service,No internet service,Month-to-month,Yes,Electronic check,61.22,161.51,No
CUST-0003789,Male,0,No,No,64,Yes,No,DSL,No,Yes,No,No,No,No,Month-to-month,Yes,Electronic check,61.59,3953.32,No
CUST-0003790,Female,0,No,No,57,Yes,Yes,Fiber optic,Yes,Yes,No,Yes,Yes,Yes,One year,Yes,Electronic check,112.8,6442.34,Yes
CUST-0003791,Male,0,Yes,No,44,Yes,No,DSL,Yes,No,Yes,No,No,Yes,Two year,No,Bank transfer (automatic),81.41,3588.52,No
CUST-0003792,Male,0,Yes,No,20,Yes,Yes,Fiber optic,No,No,Yes,No,Yes,Yes,One year,No,Electronic check,56.1,1138.29,No
CUST-0003793,Female,1,No,No,45,Yes,Yes,DSL,No,No,Yes,No,No,Yes,Month-to-month,No,Electronic check,83.62,3760.27,No
CUST-0003794,Female,0,Yes,Yes,20,No,No phone service,DSL,No,No,Yes,Yes,No,No,Month-to-month,Yes,Bank transfer (automatic),64.55,1264.14,No
CUST-0003795,Male,1,Yes,No,42,Yes,Yes,DSL,No,Yes,Yes,No,Yes,No,One year,Yes,Electronic check,86.74,3660.16,No
CUST-0003796,Female,0,No,Yes,67,Yes,Yes,DSL,Yes,No,No,No,No,Yes,One year,No,Electronic check,49.21,3320.31,No
CUST-0003797,Female,0,Yes,No,70,Yes,No,No,No internet service,No internet service,No internet service,No internet service,No internet service,No internet service,Two year,Yes,Electronic check,52.36,3636.44,Yes
CUST-0003798,Male,1,No,No,19,Yes,No,DSL,Yes,Yes,Yes,No,No,Yes,Two year,No,Bank transfer (automatic),45.91,883.07,No
CUST-0003799,Male,0,Yes,No,62,Yes,No,Fiber optic,No,Yes,No,No,No,Yes,Month-to-month,Yes,Mailed check,54.08,3391.18,No
CUST-0003800,Female,1,No,No,3,Yes,No,Fiber optic,Yes,No,No,No,No,No,Month-to-month,No,Electronic check,42.75,131.27,Yes
CUST-0003801,Male,0,Yes,Yes,3,Yes,No,Fiber optic,Yes,No,No,Yes,No,No,Month-to-month,No,Electronic check,112.82,347.25,No
CUST-0003802,Female,0,No,No,25,Yes,Yes,Fiber optic,No,No,Yes,No,No,No,Month-to-month,Yes,Credit card (automatic),97.52,2427.19,No
CUST-0003803,Female,1,No,No,33,No,No phone service,Fiber optic,No,Yes,Yes,Yes,Yes,No,Month-to-month,Yes,Electronic check,18.25,619.26,No
CUST-0003804,Female,0,No,Yes,5,Yes,No,No,No internet service,No internet service,No internet service,No internet service,No internet service,No internet service,Month-to-month,Yes,Bank transfer (automatic),18.25,94.43,Yes
CUST-0003805,Male,1,Yes,No,20,Yes,Yes,Fiber optic,No,No,No,No,No,Yes,Two year,No,Credit card (automatic),66.26,1323.75,Yes
CUST-0003806,Female,1,No,Yes,3,Yes,No,No,No internet service,No internet service,No internet service,No internet service,No internet service,No internet service,Month-to-month,Yes,Mailed check,38.89,116.67,No
CUST-0003807,Male,0,No,No,29,Yes,Yes,Fiber optic,No,No,No,No,No,No,Two year,No,Mailed check,30.91,882.02,Yes
CUST-0003808,Male,0,No,No,61,No,No phone service,Fiber optic,No,Yes,No,Yes,No,No,Month-to-month,Yes,Credit card (automatic),118.75,7235.32,No
CUST-0003809,Male,0,Yes,No,42,No,No phone service,Fiber optic,No,No,No,No,Yes,No,Month-to-month,No,Electronic check,50.94,2153.21,Yes
CUST-0003810,Male,0,No,Yes,15,Yes,Yes,DSL,Yes,No,No,No,Yes,No,One year,No,Electronic check,29.93,440.55,Yes
CUST-0003811,Female,0,Yes,Yes,72,Yes,No,DSL,No,No,No,No,No,Yes,Two year,Yes,Bank transfer (automatic),25.25,1822.67,No
CUST-0003812,Male,0,No,Yes,34,Yes,Yes,Fiber optic,No,No,Yes,No,No,No,Month-to-month,Yes,Mailed check,118.75,4022.71,Yes
CUST-0003813,Male,0,No,Yes,54,Yes,Yes,DSL,No,Yes,No,No,Yes,Yes,Month-to-month,Yes,Credit card (automatic),52.83,2833.38,Yes
CUST-0003814,Female,0,Yes,No,35,No,No phone service,Fiber optic,No,No,No,No,No,No,Month-to-month,Yes,Electronic check,79.2,2765.61,No
CUST-0003815,Male,0,Yes,No,72,Yes,Yes,DSL,No,Yes,No,No,Yes,No,Month-to-month,Yes,Credit card (automatic),77.09,5562.6,No
CUST-0003816,Female,0,Yes,No,55,Yes,Yes,Fiber optic,No,Yes,No,Yes,No,Yes,One year,Yes,Credit card (automatic),56.47,3068.04,Yes
CUST-0003817,Male,0,No,No,23,Yes,No,No,No internet service,No internet service,No internet service,No internet service,No internet service,No internet service,Month-to-month,No,Electronic check,118.75,2734.27,No
CUST-0003818,Female,1,Yes,Yes,14,Yes,No,Fiber optic,Yes,No,No,No,No,Yes,Month-to-month,Yes,Electronic check,51.4,723.47,No
CUST-0003819,Female,0,Yes,No,36,No,No phone service,DSL,No,No,No,No,Yes,No,Month-to-month,Yes,Credit card (automatic),21.29,761.51,No
CUST-0003820,Male,0,No,Yes,28,Yes,No,Fiber optic,No,No,Yes,No,No,No,Month-to-month,Yes,Credit card (automatic),21.43,627.47,No
CUST-0003821,Male,0,Yes,No,31,Yes,No,No,No internet service,No internet service,No internet service,No internet service,No internet service,No internet service,Month-to-month,Yes,Electronic check,68.95,2183.68,Yes
CUST-0003822,Male,0,Yes,Yes,13,Yes,Yes,No,No internet service,No internet service,No internet service,No internet service,No internet service,No internet service,Month-to-month,Yes,Electronic check,103.37,1366.78,Yes
CUST-0003823,Female,1,No,No,17,Yes,No,No,No internet service,No internet service,No internet service,No internet service,No internet service,No internet service,Month-to-month,Yes,Bank transfer (automatic),69.61,1191.93,No
CUST-0003824,Male,0,Yes,Yes,26,Yes,No,DSL,Yes,No,No,No,No,No,Month-to-month,No,Electronic check,23.62,614.79,Yes
CUST-0003825,Male,0,Yes,No,58,Yes,Yes,Fiber optic,No,No,Yes,No,No,No,Two year,No,Mailed check,57.75,3386.96,No
CUST-0003826,Male,0,Yes,No,46,Yes,No,No,No internet service,No internet service,No internet service,No internet service,No internet service,No internet service,Month-to-month,No,Electronic check,29.37,1349.42,Yes
CUST-0003827,Male,0,No,No,4,No,No phone service,DSL,No,Yes,Yes,No,Yes,No,Month-to-month,No,Electronic check,46.05,176.53,No
CUST-0003828,Male,0,No,No,9,Yes,Yes,DSL,No,No,No,No,No,Yes,Two year,Yes,Mailed check,38.06,346.02,No
CUST-0003829,Female,0,Yes,No,0,Yes,Yes,DSL,No,No,Yes,No,Yes,Yes,Two year,Yes,Mailed check,34.27,,Yes
CUST-0003830,Male,0,Yes,No,0,No,No phone service,No,No internet service,No internet service,No internet service,No internet service,No internet service,No internet service,Month-to-month,Yes,Bank transfer (automatic),42.54,,No
CUST-0003831,Male,0,Yes,No,8,Yes,No,Fiber optic,No,No,No,No,No,No,One year,Yes,Mailed check,43.91,347.85,No
CUST-0003832,Female,1,No,Yes,51,Yes,No,No,No internet service,No internet service,No internet service,No internet service,No internet service,No internet service,One year,No,Electronic check,50.46,2592.75,No
CUST-0003833,Female,0,Yes,No,72,Yes,No,DSL,No,No,No,Yes,No,Yes,Two year,Yes,Bank transfer (automatic),47.06,3422.62,No
CUST-0003834,Male,0,No,No,15,Yes,No,Fiber optic,No,Yes,Yes,No,No,No,Two year,Yes,Credit card (automatic),101.95,1520.06,Yes
CUST-0003835,Male,0,Yes,No,26,No,No phone service,DSL,No,Yes,No,No,No,Yes,Month-to-month,Yes,Bank transfer (automatic),29.67,760.86,No
CUST-0003836,Male,0,No,No,39,Yes,No,DSL,No,Yes,Yes,No,Yes,Yes,Month-to-month,Yes,Credit card (automatic),18.25,711.86,No
CUST-0003837,Female,1,No,No,72,Yes,No,Fiber optic,No,No,No,Yes,Yes,No,Two year,No,Mailed check,73.57,5251.02,Yes
CUST-0003838,Male,0,No,Yes,72,Yes,No,Fiber optic,No,No,No,No,No,No,One year,No,Credit card (automatic),64.05,4590.11,Yes
CUST-0003839,Female,0,Yes,Yes,1,Yes,No,Fiber optic,Yes,No,Yes,Yes,No,No,Month-to-month,Yes,Bank transfer (automatic),24.52,25.65,No
CUST-0003840,Female,0,No,No,9,Yes,No,No,No internet service,No internet service,No internet service,No internet service,No internet service,No internet service,Two year,Yes,Bank transfer (automatic),118.75,1088.82,No
CUST-0003841,Female,0,Yes,No,1,Yes,No,DSL,No,No,Yes,No,No,No,Two year,Yes,Electronic check,69.43,66.22,No
CUST-0003842,Male,0,Yes,Yes,30,Yes,Yes,DSL,No,Yes,Yes,No,No,No,Two year,Yes,Bank transfer (automatic),102.36,3049.69,No
CUST-0003843,Male,0,Yes,Yes,39,Yes,No,Fiber optic,No,Yes,No,No,Yes,Yes,Month-to-month,Yes,Electronic check,65.39,2571.16,No
CUST-0003844,Male,0,No,No,11,Yes,Yes,No,No internet service,No internet service,No internet service,No internet service,No internet service,No internet service,Month-to-month,Yes,Electronic check,103.82,1120.35,Yes
CUST-0003845,Male,0,No,Yes,61,Yes,No,No,No internet service,No internet service,No internet service,No internet service,No internet service,No internet service,Month-to-month,No,Bank transfer (automatic),118.75,7201.62,No
CUST-0003846,Female,0,No,No,19,Yes,Yes,Fiber optic,No,No,No,No,Yes,Yes,Two year,Yes,Bank transfer (automatic),23.45,430.58,No
CUST-0003847,Female,0,No,Yes,72,Yes,Yes,Fiber optic,Yes,Yes,No,No,No,No,Month-to-month,Yes,Mailed check,29.64,2133.4,No
CUST-0003848,Female,1,Yes,Yes,0,Yes,Yes,DSL,No,No,No,No,No,Yes,Month-to-month,Yes,Bank transfer (automatic),54.44,,No
CUST-0003849,Female,0,No,No,3,Yes,Yes,DSL,No,No,Yes,No,No,Yes,Month-to-month,Yes,Credit card (automatic),65.55,188.19,Yes
CUST-0003850,Male,0,No,No,11,Yes,No,Fiber optic,No,No,No,No,No,No,One year,No,Credit card (automatic),91.41,1014.61,No
CUST-0003851,Male,0,No,No,0,Yes,Yes,No,No internet service,No internet service,No internet service,No internet service,No internet service,No internet service,One year,No,Credit card (automatic),70.51,,Yes
CUST-0003852,Male,0,Yes,No,48,Yes,Yes,Fiber optic,No,No,No,No,No,No,Month-to-month,Yes,Credit card (automatic),68.22,3277.84,Yes
CUST-0003853,Female,0,No,Yes,1,No,No phone service,Fiber optic,No,No,Yes,No,No,No,One year,No,Bank transfer (automatic),67.8,44.45,No
CUST-0003854,Female,0,No,No,44,Yes,Yes,Fiber optic,No,No,Yes,No,No,Yes,One year,Yes,Mailed check,96.99,4250.4,No
CUST-0003855,Female,0,No,No,1,Yes,Yes,Fiber optic,No,No,Yes,No,Yes,Yes,Two year,Yes,Electronic check,53.54,40.56,No
CUST-0003856,Male,0,Yes,No,9,Yes,No,No,No internet service,No internet service,No internet service,No internet service,No internet service,No internet service,One year,Yes,Credit card (automatic),100.93,900.93,No
CUST-0003857,Male,0,No,No,58,Yes,Yes,Fiber optic,No,Yes,Yes,No,No,No,Month-to-month,Yes,Electronic check,72.99,4204.69,No
CUST-0003858,Female,0,No,No,72,Yes,Yes,DSL,No,Yes,Yes,No,No,No,One year,No,Credit card (automatic),64.09,4640.31,Yes
CUST-0003859,Male,0,Yes,No,17,Yes,No,No,No internet service,No internet service,No internet service,No internet service,No internet service,No internet service,Month-to-month,Yes,Electronic check,29.86,510.83,Yes
CUST-0003860,Female,0,Yes,No,72,Yes,No,Fiber optic,No,Yes,No,Yes,No,Yes,Month-to-month,Yes,Electronic check,75.39,5410.61,No
CUST-0003861,Female,0,Yes,No,31,Yes,No,Fiber optic,Yes,Yes,Yes,No,Yes,No,Two year,No,Electronic check,53.16,1661.74,No
CUST-0003862,Female,0,No,No,17,Yes,Yes,No,No internet service,No internet service,No internet service,No internet service,No internet service,No internet service,One year,Yes,Bank transfer (automatic),66.84,1126.91,No
CUST-0003863,Male,0,Yes,Yes,51,Yes,No,DSL,No,No,Yes,No,Yes,No,Two year,Yes,Mailed check,47.98,2445.67,Yes
CUST-0003864,Male,0,Yes,No,11,Yes,Yes,Fiber optic,Yes,Yes,No,Yes,Yes,Yes,Month-to-month,Yes,Credit card (automatic),93.86,1067.15,Yes
CUST-0003865,Male,0,No,Yes,9,Yes,No,Fiber optic,No,Yes,No,No,No,Yes,Month-to-month,Yes,Credit card (automatic),100.84,919.48,Yes
CUST-0003866,Male,1,No,Yes,34,Yes,No,Fiber optic,No,No,No,No,Yes,Yes,Month-to-month,Yes,Bank transfer (automatic),42.87,1446.35,No
CUST-0003867,Male,0,Yes,No,15,Yes,No,No,No internet service,No internet service,No internet service,No internet service,No internet service,No internet service,Month-to-month,No,Credit card (automatic),66.78,1008.94,No
CUST-0003868,Female,0,Yes,No,4,Yes,Yes,Fiber optic,No,No,Yes,Yes,Yes,Yes,Month-to-month,No,Credit card (automatic),35.69,163.44,No
CUST-0003869,Female,0,No,No,2,Yes,Yes,Fiber optic,No,No,Yes,No,No,Yes,Month-to-month,Yes,Credit card (automatic),40.85,81.7,Yes
CUST-0003870,Male,0,No,No,49,Yes,No,No,No internet service,No internet service,No internet service,No internet service,No internet service,No internet service,Month-to-month,No,Electronic check,56.93,2780.11,No
CUST-0003871,Male,1,Yes,No,36,Yes,No,DSL,No,Yes,Yes,No,No,Yes,Month-to-month,No,Credit card (automatic),92.28,3316.34,No
CUST-0003872,Male,1,No,Yes,16,Yes,Yes,Fiber optic,No,Yes,Yes,No,Yes,Yes,Two year,No,Electronic check,21.34,368.44,No
CUST-0003873,Male,0,Yes,Yes,72,Yes,Yes,Fiber optic,No,Yes,Yes,Yes,No,Yes,Two year,Yes,Credit card (automatic),39.88,2856.71,No
CUST-0003874,Female,0,No,No,16,Yes,No,No,No internet service,No internet service,No internet service,No internet service,No internet service,No internet service,Month-to-month,No,Electronic check,75.54,1206.44,Yes
CUST-0003875,Male,0,Yes,No,39,No,No phone service,Fiber optic,No,Yes,Yes,No,No,Yes,Month-to-month,No,Electronic check,27.04,1068.96,No
CUST-0003876,Male,0,Yes,No,72,Yes,No,Fiber optic,No,Yes,Yes,No,No,Yes,Month-to-month,Yes,Mailed check,99.91,7218.78,No
CUST-0003877,Male,0,Yes,Yes,58,Yes,Yes,DSL,No,No,Yes,No,No,No,Month-to-month,Yes,Credit card (automatic),91.96,5308.13,No
CUST-0003878,Female,0,Yes,Yes,22,Yes,Yes,No,No internet service,No internet service,No internet service,No internet service,No internet service,No internet service,Two year,No,Electronic check,82.34,1814.32,No
CUST-0003879,Female,0,No,Yes,36,Yes,Yes,Fiber optic,Yes,No,Yes,No,Yes,No,One year,No,Electronic check,66.27,2387.53,No
CUST-0003880,Male,0,No,No,17,Yes,No,Fiber optic,No,No,No,No,No,No,One year,Yes,Bank transfer (automatic),33.22,569.93,No
CUST-0003881,Male,0,No,Yes,33,Yes,Yes,DSL,Yes,No,No,Yes,No,Yes,One year,No,Credit card (automatic),26.66,890.56,Yes
CUST-0003882,Female,0,Yes,No,9,No,No phone service,Fiber optic,No,Yes,No,No,Yes,No,Month-to-month,Yes,Mailed check,32.75,292.91,Yes
CUST-0003883,Female,0,Yes,No,18,Yes,Yes,DSL,Yes,Yes,No,Yes,No,Yes,Two year,No,Bank transfer (automatic),78.24,1403.92,No
CUST-0003884,Male,0,Yes,No,7,Yes,Yes,No,No internet service,No internet service,No internet service,No internet service,No internet service,No internet service,Month-to-month,Yes,Electronic check,38.05,245.12,No
CUST-0003885,Female,0,Yes,Yes,1,Yes,No,No,No internet service,No internet service,No internet service,No internet service,No internet service,No internet service,Month-to-month,Yes,Bank transfer (automatic),66.31,42.77,No
CUST-0003886,Female,0,No,Yes,28,Yes,No,DSL,Yes,Yes,No,No,No,No,Month-to-month,No,Electronic check,18.25,520.05,Yes
CUST-0003887,Female,1,Yes,No,63,Yes,Yes,Fiber optic,No,Yes,Yes,No,No,Yes,Two year,Yes,Electronic check,65.84,4118.91,No
CUST-0003888,Female,1,No,No,0,Yes,Yes,Fiber optic,No,No,No,No,No,Yes,Month-to-month,Yes,Electronic check,59.41,,Yes
CUST-0003889,Female,0,No,No,6,Yes,No,No,No internet service,No internet service,No internet service,No internet service,No internet service,No internet service,Month-to-month,Yes,Electronic check,51.39,322.58,Yes
CUST-0003890,Male,0,Yes,No,19,Yes,No,Fiber optic,No,No,No,No,No,Yes,Two year,Yes,Electronic check,70.09,1343.51,No
CUST-0003891,Female,0,No,No,35,Yes,No,No,No internet service,No internet service,No internet service,No internet service,No internet service,No internet service,One year,No,Credit card (automatic),118.75,4202.15,No
CUST-0003892,Female,0,Yes,Yes,6,Yes,Yes,Fiber optic,No,No,No,No,No,No,One year,Yes,Credit card (automatic),72.93,415.63,Yes
CUST-0003893,Female,0,Yes,Yes,1,Yes,No,DSL,Yes,No,No,No,Yes,Yes,Two year,No,Electronic check,48.5,47.13,No
CUST-0003894,Male,1,No,No,23,Yes,No,Fiber optic,No,Yes,No,Yes,No,No,Two year,Yes,Credit card (automatic),31.23,717.86,No
CUST-0003895,Female,0,Yes,No,54,No,No phone service,Fiber optic,Yes,No,No,Yes,No,No,Two year,No,Credit card (automatic),42.35,2315.71,No
CUST-0003896,Female,0,Yes,Yes,1,Yes,No,DSL,Yes,No,Yes,No,No,No,Two year,Yes,Electronic check,60.86,70.25,No
CUST-0003897,Male,0,No,No,13,Yes,No,DSL,No,No,Yes,No,Yes,Yes,Two year,Yes,Bank transfer (automatic),73.81,954.69,No
CUST-0003898,Female,0,Yes,No,34,Yes,Yes,No,No internet service,No internet service,No internet service,No internet service,No internet service,No internet service,Month-to-month,No,Electronic check,53.48,1832.24,Yes
CUST-0003899,Female,0,No,No,4,Yes,No,Fiber optic,No,Yes,Yes,Yes,No,Yes,One year,Yes,Bank transfer (automatic),33.65,133.32,No
CUST-0003900,Female,0,Yes,Yes,8,Yes,No,DSL,No,Yes,No,Yes,No,No,Month-to-month,Yes,Electronic check,19.92,145.81,No
CUST-0003901,Male,0,Yes,Yes,24,Yes,Yes,No,No internet service,No internet service,No internet service,No internet service,No internet service,No internet service,Two year,Yes,Credit card (automatic),60.71,1445.04,No
CUST-0003902,Male,0,No,No,72,Yes,No,DSL,No,No,Yes,Yes,No,Yes,Two year,Yes,Credit card (automatic),42.56,3062.33,No
CUST-0003903,Female,0,No,No,10,Yes,Yes,DSL,No,No,Yes,No,No,No,Month-to-month,Yes,Electronic check,71.58,725.83,No
CUST-0003904,Male,0,Yes,No,21,Yes,Yes,Fiber optic,Yes,No,No,No,Yes,No,One year,No,Mailed check,48.58,989.87,No
CUST-0003905,Female,1,Yes,No,16,Yes,Yes,No,No internet service,No internet service,No internet service,No internet service,No internet service,No internet service,Month-to-month,No,Electronic check,25.89,427.63,No
CUST-0003906,Male,0,No,No,72,Yes,Yes,Fiber optic,No,No,Yes,No,No,No,Month-to-month,No,Electronic check,34.86,2499.73,No
CUST-0003907,Female,1,Yes,No,2,Yes,No,Fiber optic,No,No,Yes,No,No,No,One year,Yes,Electronic check,105.11,179.36,No
CUST-0003908,Male,0,No,Yes,26,Yes,No,DSL,No,No,No,No,No,Yes,Month-to-month,No,Electronic check,96.57,2533.17,No
CUST-0003909,Female,0,No,No,59,Yes,Yes,Fiber optic,No,No,No,No,No,No,Two year,No,Credit card (automatic),100.79,5930.41,No
CUST-0003910,Male,0,No,No,72,Yes,No,Fiber optic,Yes,No,Yes,No,Yes,No,Two year,No,Credit card (automatic),82.04,5936.77,No
CUST-0003911,Male,0,No,No,38,Yes,Yes,No,No internet service,No internet service,No internet service,No internet service,No internet service,No internet service,Two year,Yes,Mailed check,79.89,3054.67,Yes
CUST-0003912,Male,1,No,No,15,Yes,No,Fiber optic,Yes,No,No,No,Yes,Yes,Month-to-month,No,Electronic check,69.42,1059.6,No
CUST-0003913,Male,1,No,No,16,Yes,Yes,DSL,No,No,No,No,Yes,No,Two year,No,Electronic check,94.09,1507.25,No
CUST-0003914,Female,0,No,No,13,Yes,No,Fiber optic,No,No,No,No,No,No,Two year,No,Bank transfer (automatic),69.76,919.61,No
CUST-0003915,Female,0,No,Yes,29,Yes,Yes,DSL,Yes,No,Yes,No,Yes,Yes,Two year,Yes,Electronic check,99.13,2847.89,No
CUST-0003916,Male,0,Yes,Yes,43,Yes,No,No,No internet service,No internet service,No internet service,No internet service,No internet service,No internet service,Month-to-month,No,Credit card (automatic),103.68,4453.92,No
CUST-0003917,Female,1,Yes,Yes,54,Yes,No,DSL,No,Yes,Yes,No,No,No,One year,Yes,Mailed check,53.51,2899.26,No
CUST-0003918,Male,0,No,Yes,17,Yes,No,DSL,No,No,No,Yes,Yes,Yes,Two year,Yes,Electronic check,90.07,1555.5,Yes
CUST-0003919,Female,0,No,No,40,Yes,Yes,Fiber optic,No,No,No,Yes,No,No,One year,Yes,Electronic check,48.98,1938.19,No
CUST-0003920,Female,0,Yes,No,72,Yes,No,DSL,No,No,No,Yes,No,Yes,Two year,No,Bank transfer (automatic),61.02,4387.67,No
CUST-0003921,Female,0,Yes,No,72,Yes,No,Fiber optic,No,Yes,Yes,No,No,No,One year,Yes,Bank transfer (automatic),41.47,2991.81,No
CUST-0003922,Male,1,No,No,38,Yes,No,Fiber optic,No,Yes,No,No,Yes,Yes,Month-to-month,Yes,Mailed check,91.16,3474.26,No
CUST-0003923,Female,0,No,No,32,Yes,No,Fiber optic,No,No,No,No,No,No,Two year,No,Credit card (automatic),70.94,2276.27,No
CUST-0003924,Male,0,Yes,No,24,Yes,Yes,Fiber optic,Yes,No,No,No,No,Yes,One year,Yes,Electronic check,81.13,1910.21,No
CUST-0003925,Female,0,No,Yes,6,Yes,No,No,No internet service,No internet service,No internet service,No internet service,No internet service,No internet service,Month-to-month,No,Electronic check,95.18,564.53,Yes
CUST-0003926,Male,0,No,No,4,Yes,Yes,Fiber optic,No,No,Yes,No,Yes,No,One year,Yes,Mailed check,48.68,194.99,No
CUST-0003927,Female,0,No,Yes,21,Yes,No,No,No internet service,No internet service,No internet service,No internet service,No internet service,No internet service,Month-to-month,No,Mailed check,52.73,1105.45,No
CUST-0003928,Female,0,No,No,5,Yes,No,DSL,No,No,No,No,No,Yes,One year,No,Mailed check,75.93,366.47,No
CUST-0003929,Female,1,Yes,No,27,Yes,No,DSL,No,No,No,No,No,No,Month-to-month,Yes,Bank transfer (automatic),56.94,1534.91,No
CUST-0003930,Male,0,No,No,33,Yes,No,Fiber optic,Yes,No,No,No,Yes,No,Month-to-month,Yes,Credit card (automatic),65.36,2180.22,No
CUST-0003931,Female,0,No,Yes,23,No,No phone service,DSL,No,No,No,No,No,Yes,Two year,Yes,Mailed check,103.76,2437.85,No
CUST-0003932,Male,0,No,Yes,1,Yes,No,Fiber optic,Yes,Yes,No,Yes,No,No,One year,No,Credit card (automatic),33.37,12.01,Yes
CUST-0003933,Female,0,Yes,No,1,Yes,No,No,No internet service,No internet service,No internet service,No internet service,No internet service,No internet service,One year,No,Credit card (automatic),39.51,43.09,No
CUST-0003934,Male,1,Yes,No,3,Yes,Yes,Fiber optic,No,Yes,Yes,Yes,Yes,No,Two year,Yes,Bank transfer (automatic),53.01,165.57,No
CUST-0003935,Male,0,Yes,Yes,5,Yes,No,DSL,No,No,Yes,No,No,No,Month-to-month,Yes,Bank transfer (automatic),79.93,416.06,No
CUST-0003936,Female,0,Yes,No,72,Yes,Yes,Fiber optic,No,Yes,No,Yes,No,Yes,One year,Yes,Bank transfer (automatic),67.25,4852.29,No
CUST-0003937,Male,0,No,Yes,13,Yes,Yes,DSL,No,No,No,No,No,No,Month-to-month,Yes,Credit card (automatic),88.04,1152.88,No
CUST-0003938,Male,0,No,No,11,Yes,No,Fiber optic,No,Yes,No,Yes,No,No,Month-to-month,Yes,Credit card (automatic),59.84,664.41,No
CUST-0003939,Male,0,No,No,1,Yes,No,DSL,Yes,Yes,Yes,No,No,No,One year,No,Bank transfer (automatic),72.99,83.93,No
CUST-0003940,Male,1,No,No,32,Yes,No,DSL,No,No,No,Yes,No,No,Two year,No,Credit card (automatic),84.66,2694.84,No
CUST-0003941,Female,0,Yes,No,33,Yes,No,DSL,No,No,No,No,No,No,Two year,No,Mailed check,70.81,2345.95,No
CUST-0003942,Female,0,No,Yes,6,Yes,No,No,No internet service,No internet service,No internet service,No internet service,No internet service,No internet service,Two year,No,Mailed check,47.62,296.12,Yes
CUST-0003943,Male,0,No,Yes,72,Yes,Yes,DSL,Yes,No,Yes,No,Yes,No,Month-to-month,Yes,Credit card (automatic),112.18,8063.4,No
CUST-0003944,Male,0,No,No,51,Yes,Yes,Fiber optic,No,No,No,No,No,Yes,Month-to-month,Yes,Electronic check,117.81,6013.87,No
CUST-0003945,Male,0,No,Yes,8,Yes,No,DSL,No,No,No,No,No,Yes,One year,Yes,Bank transfer (automatic),100.96,778.22,No
CUST-0003946,Male,1,No,No,21,Yes,No,Fiber optic,No,No,No,Yes,Yes,No,Month-to-month,No,Bank transfer (automatic),41.32,849.2,Yes
CUST-0003947,Female,0,No,No,19,Yes,No,Fiber optic,No,No,No,Yes,Yes,No,Two year,Yes,Electronic check,75.03,1408.27,No
CUST-0003948,Female,0,Yes,No,13,No,No phone service,Fiber optic,No,Yes,No,No,No,No,Month-to-month,Yes,Mailed check,87.34,1110.69,No
CUST-0003949,Male,0,No,No,54,Yes,No,Fiber optic,No,No,Yes,No,No,No,One year,No,Bank transfer (automatic),76.59,4132.23,No
CUST-0003950,Male,1,No,No,3,Yes,No,No,No internet service,No internet service,No internet service,No internet service,No internet service,No internet service,Month-to-month,Yes,Bank transfer (automatic),49.99,146.73,No
CUST-0003951,Male,0,Yes,No,17,Yes,Yes,DSL,Yes,Yes,No,No,No,Yes,Month-to-month,Yes,Bank transfer (automatic),76.68,1306.75,No
CUST-0003952,Female,1,No,No,17,Yes,Yes,DSL,No,No,No,No,Yes,No,Month-to-month,Yes,Electronic check,50.98,863.29,No
CUST-0003953,Female,0,No,No,20,Yes,No,No,No internet service,No internet service,No internet service,No internet service,No internet service,No internet service,Month-to-month,Yes,Bank transfer (automatic),18.25,395.25,No
CUST-0003954,Male,1,No,No,63,Yes,Yes,No,No internet service,No internet service,No internet service,No internet service,No internet service,No internet service,One year,Yes,Electronic check,98.01,6162.57,No
CUST-0003955,Male,0,No,No,7,Yes,Yes,Fiber optic,No,Yes,No,Yes,No,No,Two year,No,Credit card (automatic),102.56,695.45,No
CUST-0003956,Female,0,No,No,3,Yes,No,Fiber optic,No,No,No,No,No,No,Month-to-month,No,Electronic check,72.5,184.35,No
CUST-0003957,Female,0,Yes,No,30,Yes,Yes,DSL,No,No,No,No,Yes,No,Two year,No,Bank transfer (automatic),18.25,536.49,Yes
CUST-0003958,Male,0,Yes,No,6,No,No phone service,Fiber optic,No,Yes,No,No,No,Yes,Month-to-month,No,Bank transfer (automatic),110.58,652.96,Yes
CUST-0003959,Male,0,No,No,2,No,No phone service,DSL,Yes,No,Yes,Yes,No,Yes,One year,Yes,Electronic check,47.61,117.44,No
CUST-0003960,Male,0,No,No,17,Yes,Yes,No,No internet service,No internet service,No internet service,No internet service,No internet service,No internet service,Month-to-month,Yes,Bank transfer (automatic),28.05,467.14,No
CUST-0003961,Female,0,No,No,7,Yes,No,DSL,No,No,No,No,No,Yes,Month-to-month,No,Electronic check,34.25,239.56,No
CUST-0003962,Male,0,Yes,No,14,Yes,No,Fiber optic,Yes,Yes,Yes,No,Yes,No,Month-to-month,Yes,Electronic check,66.26,925.63,Yes
CUST-0003963,Male,1,Yes,No,9,Yes,Yes,Fiber optic,Yes,Yes,No,No,No,Yes,One year,No,Electronic check,82.13,702.94,Yes
CUST-0003964,Female,0,No,No,3,Yes,Yes,Fiber optic,No,No,Yes,No,Yes,Yes,One year,Yes,Electronic check,74.08,244.21,Yes
CUST-0003965,Male,1,Yes,Yes,26,No,No phone service,Fiber optic,Yes,No,Yes,No,No,Yes,Month-to-month,Yes,Bank transfer (automatic),62.63,1614.46,Yes
CUST-0003966,Female,0,No,No,0,Yes,Yes,No,No internet service,No internet service,No internet service,No internet service,No internet service,No internet service,Two year,Yes,Credit card (automatic),108.84,,Yes
CUST-0003967,Male,0,No,Yes,72,Yes,No,Fiber optic,No,No,No,Yes,No,No,Two year,Yes,Bank transfer (automatic),64.1,4603.69,Yes
CUST-0003968,Male,0,No,No,13,Yes,Yes,No,No internet service,No internet service,No internet service,No internet service,No internet service,No internet service,Month-to-month,No,Bank transfer (automatic),57.97,742.28,No
CUST-0003969,Female,0,Yes,No,38,Yes,No,DSL,No,No,No,Yes,No,No,Two year,No,Mailed check,75.53,2852.75,Yes
CUST-0003970,Male,1,No,No,53,Yes,No,DSL,No,No,No,Yes,Yes,No,Month-to-month,Yes,Electronic check,47.87,2530.44,No
CUST-0003971,Female,0,No,No,10,Yes,Yes,No,No internet service,No internet service,No internet service,No internet service,No internet service,No internet service,Month-to-month,Yes,Bank transfer (automatic),18.25,194.61,No
CUST-0003972,Female,1,Yes,Yes,44,Yes,Yes,DSL,No,Yes,No,Yes,No,Yes,Two year,Yes,Electronic check,67.14,2926.17,No
CUST-0003973,Male,1,Yes,No,57,No,No phone service,Fiber optic,No,Yes,No,Yes,No,No,Month-to-month,Yes,Bank transfer (automatic),78.74,4504.84,No
CUST-0003974,Female,0,Yes,No,8,No,No phone service,Fiber optic,No,Yes,Yes,No,Yes,Yes,Two year,Yes,Credit card (automatic),57.81,481.06,Yes
CUST-0003975,Male,1,Yes,Yes,72,Yes,No,Fiber optic,Yes,No,Yes,Yes,Yes,No,Month-to-month,No,Electronic check,74.81,5376.34,Yes
CUST-0003976,Female,0,No,No,0,Yes,No,Fiber optic,Yes,Yes,No,Yes,Yes,No,Month-to-month,No,Bank transfer (automatic),57.92,,No
CUST-0003977,Male,1,No,No,7,Yes,No,Fiber optic,No,Yes,No,No,No,No,One year,No,Credit card (automatic),48.87,349.47,Yes
CUST-0003978,Female,0,No,Yes,48,Yes,No,No,No internet service,No internet service,No internet service,No internet service,No internet service,No internet service,Month-to-month,Yes,Mailed check,50.26,2409.93,No
CUST-0003979,Male,0,No,No,6,Yes,Yes,DSL,No,No,Yes,Yes,No,No,Month-to-month,Yes,Mailed check,47.42,296.46,No
CUST-0003980,Male,1,No,No,38,Yes,No,Fiber optic,Yes,Yes,No,Yes,Yes,No,Month-to-month,Yes,Mailed check,18.25,658.66,No
CUST-0003981,Female,0,Yes,Yes,61,Yes,Yes,Fiber optic,Yes,Yes,No,No,Yes,Yes,One year,No,Credit card (automatic),79.89,4840.36,No
CUST-0003982,Female,0,No,No,72,Yes,No,Fiber optic,No,No,No,Yes,Yes,Yes,Month-to-month,Yes,Bank transfer (automatic),26.66,1960.84,Yes
CUST-0003983,Male,0,No,No,20,Yes,Yes,DSL,No,Yes,No,No,No,Yes,Month-to-month,Yes,Bank transfer (automatic),118.75,2390.94,No
CUST-0003984,Male,0,No,No,72,Yes,Yes,Fiber optic,No,No,Yes,Yes,No,No,Month-to-month,Yes,Mailed check,18.25,1305.45,No
CUST-0003985,Female,0,No,No,16,No,No phone service,DSL,No,No,Yes,No,Yes,No,Month-to-month,Yes,Electronic check,50.64,778.91,No
CUST-0003986,Female,0,No,Yes,7,No,No phone service,DSL,No,Yes,Yes,No,Yes,Yes,Two year,Yes,Electronic check,118.75,809.2,Yes
CUST-0003987,Male,0,No,No,23,Yes,No,Fiber optic,No,No,Yes,Yes,No,No,Month-to-month,Yes,Mailed check,56.86,1319.02,No
CUST-0003988,Male,0,No,Yes,33,Yes,No,DSL,No,Yes,No,No,No,No,Month-to-month,Yes,Bank transfer (automatic),43.0,1403.28,No
CUST-0003989,Male,0,Yes,No,19,Yes,Yes,Fiber optic,No,No,No,No,No,No,Month-to-month,Yes,Electronic check,24.9,439.95,No
CUST-0003990,Female,0,No,No,26,Yes,No,Fiber optic,Yes,No,No,No,No,Yes,Month-to-month,No,Bank transfer (automatic),66.91,1724.23,No
CUST-0003991,Male,0,No,No,17,Yes,No,DSL,Yes,No,No,No,Yes,No,Two year,Yes,Mailed check,32.8,527.93,No
CUST-0003992,Male,0,Yes,No,23,Yes,No,Fiber optic,No,Yes,No,No,No,Yes,Month-to-month,No,Bank transfer (automatic),64.09,1461.41,No
CUST-0003993,Female,1,Yes,No,72,Yes,Yes,No,No internet service,No internet service,No internet service,No internet service,No internet service,No internet service,Two year,No,Mailed check,94.93,6818.11,No
CUST-0003994,Male,0,No,No,22,Yes,No,No,No internet service,No internet service,No internet service,No internet service,No internet service,No internet service,Two year,Yes,Mailed check,51.53,1147.14,Yes
CUST-0003995,Male,0,Yes,No,9,Yes,No,Fiber optic,No,No,Yes,Yes,Yes,Yes,Two year,Yes,Electronic check,87.92,806.81,No
CUST-0003996,Male,1,Yes,No,45,Yes,No,DSL,No,No,No,No,Yes,No,One year,No,Electronic check,59.05,2639.44,Yes
CUST-0003997,Male,0,No,No,13,Yes,Yes,DSL,No,No,No,Yes,No,No,Month-to-month,No,Electronic check,111.16,1441.0,No
CUST-0003998,Male,0,No,No,54,Yes,Yes,No,No internet service,No internet service,No internet service,No internet service,No internet service,No internet service,Month-to-month,Yes,Credit card (automatic),93.11,5034.48,No
CUST-0003999,Female,0,No,No,1,Yes,Yes,Fiber optic,No,Yes,No,No,No,Yes,Month-to-month,Yes,Mailed check,109.33,134.35,Yes
CUST-0004000,Male,1,Yes,Yes,12,Yes,Yes,DSL,Yes,Yes,No,Yes,Yes,No,Month-to-month,No,Credit card (automatic),73.88,878.55,No
CUST-0004001,Female,0,Yes,Yes,3,Yes,Yes,Fiber optic,Yes,No,Yes,No,Yes,No,Two year,Yes,Credit card (automatic),109.44,295.61,No
CUST-0004002,Female,0,Yes,No,2,Yes,No,No,No internet service,No internet service,No internet service,No internet service,No internet service,No internet service,One year,Yes,Electronic check,48.11,94.58,No
CUST-0004003,Female,0,Yes,No,34,Yes,No,Fiber optic,No,No,No,No,Yes,Yes,Two year,No,Credit card (automatic),58.95,2011.94,No
CUST-0004004,Male,0,Yes,No,15,Yes,Yes,Fiber optic,No,Yes,No,No,Yes,Yes,One year,Yes,Bank transfer (automatic),80.8,1214.87,No
CUST-0004005,Male,0,No,No,65,Yes,No,DSL,No,No,No,No,No,No,Month-to-month,No,Credit card (automatic),28.36,1848.08,No
CUST-0004006,Male,0,No,Yes,23,Yes,Yes,Fiber optic,No,Yes,No,No,No,No,Month-to-month,Yes,Credit card (automatic),54.71,1265.99,No
CUST-0004007,Male,0,Yes,Yes,11,Yes,Yes,Fiber optic,No,No,No,No,No,Yes,Month-to-month,Yes,Mailed check,74.59,831.39,No
CUST-0004008,Male,0,Yes,No,40,Yes,No,Fiber optic,No,Yes,No,Yes,No,No,Month-to-month,Yes,Bank transfer (automatic),49.56,1953.38,Yes
CUST-0004009,Female,0,No,No,31,Yes,No,Fiber optic,Yes,No,No,Yes,Yes,Yes,Month-to-month,No,Bank transfer (automatic),113.22,3494.72,No
CUST-0004010,Male,0,No,No,51,Yes,No,Fiber optic,No,No,No,Yes,No,No,Month-to-month,Yes,Credit card (automatic),84.51,4299.63,No
CUST-0004011,Male,0,Yes,No,33,Yes,Yes,Fiber optic,No,No,No,No,Yes,Yes,Month-to-month,No,Electronic check,80.06,2647.1,No
CUST-0004012,Male,1,No,Yes,5,Yes,Yes,DSL,No,Yes,Yes,Yes,No,Yes,Month-to-month,Yes,Mailed check,44.88,204.83,No
CUST-0004013,Female,0,Yes,No,35,Yes,No,No,No internet service,No internet service,No internet service,No internet service,No internet service,No internet service,One year,No,Bank transfer (automatic),94.04,3268.84,No
CUST-0004014,Male,0,Yes,No,15,Yes,No,No,No internet service,No internet service,No internet service,No internet service,No internet service,No internet service,Month-to-month,No,Electronic check,19.16,292.68,Yes
CUST-0004015,Female,1,Yes,No,19,Yes,Yes,Fiber optic,No,No,Yes,No,No,Yes,One year,No,Electronic check,75.25,1437.69,No
CUST-0004016,Male,0,No,Yes,72,Yes,No,DSL,Yes,Yes,Yes,Yes,Yes,Yes,Two year,Yes,Bank transfer (automatic),96.48,6966.78,No
CUST-0004017,Female,0,Yes,Yes,14,Yes,Yes,DSL,No,No,No,No,Yes,Yes,Month-to-month,Yes,Mailed check,64.71,918.6,No
CUST-0004018,Female,0,Yes,Yes,30,Yes,Yes,No,No internet service,No internet service,No internet service,No internet service,No internet service,No internet service,Two year,Yes,Electronic check,25.84,748.45,No
CUST-0004019,Male,0,Yes,No,14,Yes,No,No,No internet service,No internet service,No internet service,No internet service,No internet service,No internet service,Two year,Yes,Electronic check,75.08,1066.64,No
CUST-0004020,Male,1,No,Yes,3,Yes,No,DSL,Yes,No,No,No,No,Yes,Month-to-month,Yes,Bank transfer (automatic),18.25,49.42,No
CUST-0004021,Male,0,Yes,Yes,19,Yes,No,Fiber optic,No,No,Yes,Yes,No,Yes,Two year,Yes,Mailed check,20.85,388.12,No
CUST-0004022,Male,0,Yes,No,29,Yes,No,Fiber optic,No,No,Yes,No,Yes,No,Month-to-month,No,Electronic check,109.27,3165.22,No
CUST-0004023,Female,0,Yes,No,16,Yes,No,DSL,Yes,Yes,Yes,No,No,No,One year,Yes,Mailed check,93.14,1512.79,Yes
CUST-0004024,Female,0,Yes,No,15,Yes,Yes,Fiber optic,Yes,Yes,No,No,No,No,One year,No,Bank transfer (automatic),18.25,242.86,No
CUST-0004025,Female,0,No,No,54,Yes,No,Fiber optic,Yes,No,Yes,No,Yes,No,Month-to-month,Yes,Mailed check,30.65,1640.29,No
CUST-0004026,Female,0,Yes,No,0,Yes,No,DSL,Yes,Yes,No,No,No,No,Month-to-month,Yes,Mailed check,86.77,,No
CUST-0004027,Male,0,Yes,No,11,Yes,No,DSL,Yes,No,No,Yes,Yes,No,Month-to-month,Yes,Mailed check,98.68,1065.24,No
CUST-0004028,Male,0,No,No,53,Yes,Yes,DSL,No,No,No,No,No,No,Two year,Yes,Electronic check,69.55,3661.39,Yes
CUST-0004029,Female,1,Yes,Yes,72,Yes,No,No,No internet service,No internet service,No internet service,No internet service,No internet service,No internet service,Month-to-month,No,Bank transfer (automatic),49.75,3569.5,No
CUST-0004030,Male,0,Yes,No,17,Yes,Yes,Fiber optic,No,No,No,No,No,Yes,Two year,Yes,Electronic check,79.4,1305.9,No
CUST-0004031,Female,0,Yes,No,70,Yes,Yes,Fiber optic,No,No,Yes,No,No,Yes,Two year,Yes,Credit card (automatic),102.76,7199.41,Yes
CUST-0004032,Male,0,No,No,7,Yes,Yes,Fiber optic,No,Yes,No,No,No,No,Month-to-month,No,Mailed check,49.42,356.72,Yes
CUST-0004033,Male,0,No,No,8,Yes,Yes,No,No internet service,No internet service,No internet service,No internet service,No internet service,No internet service,Month-to-month,No,Credit card (automatic),96.27,776.3,No
CUST-0004034,Female,0,No,No,59,Yes,Yes,DSL,No,Yes,No,No,No,No,Month-to-month,Yes,Mailed check,42.28,2488.04,No
CUST-0004035,Male,0,No,Yes,72,Yes,No,DSL,No,No,No,No,No,No,Month-to-month,Yes,Credit card (automatic),38.47,2783.39,Yes
CUST-0004036,Female,0,No,No,8,Yes,No,DSL,No,No,Yes,No,No,No,Two year,Yes,Bank transfer (automatic),82.0,640.65,No
CUST-0004037,Female,0,No,No,1,Yes,No,No,No internet service,No internet service,No internet service,No internet service,No internet service,No internet service,Month-to-month,Yes,Electronic check,90.46,99.54,Yes
CUST-0004038,Female,1,No,No,3,Yes,No,Fiber optic,No,Yes,Yes,Yes,No,No,Month-to-month,No,Mailed check,79.74,241.93,No
CUST-0004039,Female,0,Yes,Yes,9,Yes,No,No,No internet service,No internet service,No internet service,No internet service,No internet service,No internet service,One year,Yes,Electronic check,58.34,488.53,No
CUST-0004040,Female,0,Yes,No,45,Yes,No,DSL,No,Yes,No,No,No,No,One year,Yes,Mailed check,74.85,3371.69,No
CUST-0004041,Female,0,No,Yes,22,Yes,No,Fiber optic,No,Yes,No,Yes,No,Yes,One year,No,Bank transfer (automatic),64.61,1423.73,No
CUST-0004042,Male,0,No,No,19,Yes,Yes,DSL,No,No,Yes,No,Yes,No,Month-to-month,Yes,Electronic check,69.36,1355.7,Yes
CUST-0004043,Male,0,Yes,Yes,28,Yes,Yes,Fiber optic,No,Yes,No,Yes,No,No,Month-to-month,No,Electronic check,90.17,2512.24,No
CUST-0004044,Female,1,No,Yes,70,Yes,No,DSL,Yes,No,Yes,No,Yes,Yes,Month-to-month,No,Bank transfer (automatic),36.18,2533.23,No
CUST-0004045,Male,0,No,No,3,Yes,Yes,Fiber optic,No,No,No,No,Yes,Yes,Month-to-month,Yes,Electronic check,88.89,299.71,Yes
CUST-0004046,Male,0,Yes,No,37,No,No phone service,Fiber optic,No,No,Yes,No,No,No,Two year,Yes,Credit card (automatic),109.79,4069.25,No
CUST-0004047,Male,0,Yes,No,72,Yes,Yes,No,No internet service,No internet service,No internet service,No internet service,No internet service,No internet service,Month-to-month,Yes,Bank transfer (automatic),40.01,2891.1,No
CUST-0004048,Female,1,No,No,7,Yes,No,DSL,No,Yes,No,Yes,No,No,Month-to-month,Yes,Mailed check,103.21,697.64,No
CUST-0004049,Female,0,Yes,No,58,Yes,Yes,Fiber optic,No,Yes,No,No,No,Yes,Month-to-month,Yes,Mailed check,70.91,4106.24,No
CUST-0004050,Male,0,No,No,38,Yes,No,No,No internet service,No internet service,No internet service,No internet service,No internet service,No internet service,One year,Yes,Credit card (automatic),83.29,3173.06,No
CUST-0004051,Female,0,No,No,0,Yes,Yes,DSL,Yes,Yes,Yes,Yes,No,No,Month-to-month,No,Bank transfer (automatic),25.29,,No
CUST-0004052,Female,0,No,No,8,Yes,No,Fiber optic,No,No,Yes,Yes,No,No,Month-to-month,No,Electronic check,84.25,686.93,No
CUST-0004053,Female,0,Yes,No,29,Yes,No,Fiber optic,Yes,No,No,Yes,No,No,Two year,No,Mailed check,18.25,552.92,No
CUST-0004054,Female,0,No,No,22,Yes,Yes,DSL,Yes,No,No,No,Yes,No,Month-to-month,Yes,Electronic check,29.28,681.76,No
CUST-0004055,Female,0,Yes,No,24,Yes,Yes,DSL,No,No,Yes,No,No,No,One year,Yes,Bank transfer (automatic),20.0,510.52,No
CUST-0004056,Male,0,Yes,No,8,Yes,No,DSL,No,No,Yes,No,Yes,Yes,Month-to-month,Yes,Electronic check,34.02,269.14,No
CUST-0004057,Female,1,No,No,35,Yes,No,Fiber optic,No,No,Yes,No,Yes,No,Month-to-month,No,Electronic check,48.15,1679.22,No
CUST-0004058,Male,0,Yes,No,9,Yes,Yes,DSL,No,No,No,No,No,No,One year,No,Credit card (automatic),65.2,583.31,No
CUST-0004059,Female,1,Yes,No,15,No,No phone service,DSL,No,No,No,No,Yes,Yes,One year,Yes,Mailed check,18.25,248.46,No
CUST-0004060,Female,0,Yes,No,14,Yes,Yes,Fiber optic,No,No,No,No,Yes,Yes,Month-to-month,No,Electronic check,77.27,1077.22,Yes
CUST-0004061,Male,0,No,No,35,Yes,Yes,Fiber optic,No,Yes,No,No,Yes,No,Month-to-month,No,Mailed check,54.96,1912.22,No
CUST-0004062,Male,0,Yes,No,3,Yes,No,DSL,Yes,No,No,No,No,No,Month-to-month,No,Electronic check,90.78,239.92,No
CUST-0004063,Female,0,No,No,7,Yes,Yes,Fiber optic,No,Yes,No,Yes,Yes,No,One year,Yes,Bank transfer (automatic),81.66,580.53,No
CUST-0004064,Male,0,No,Yes,7,No,No phone service,No,No internet service,No internet service,No internet service,No internet service,No internet service,No internet service,One year,No,Electronic check,91.22,609.6,No
CUST-0004065,Female,0,No,Yes,3,Yes,Yes,DSL,No,No,No,No,No,No,Month-to-month,Yes,Electronic check,62.98,170.29,No
CUST-0004066,Male,0,No,No,7,Yes,No,DSL,Yes,No,No,No,No,Yes,Month-to-month,No,Mailed check,78.73,575.08,No
CUST-0004067,Male,0,Yes,No,29,Yes,No,DSL,No,No,Yes,No,Yes,No,Two year,No,Mailed check,68.63,1988.18,No
CUST-0004068,Female,0,Yes,Yes,42,No,No phone service,DSL,No,No,No,No,Yes,No,One year,No,Mailed check,76.87,3232.09,No
CUST-0004069,Female,0,Yes,No,34,No,No phone service,Fiber optic,Yes,No,No,No,No,Yes,One year,Yes,Mailed check,58.51,2013.58,No
CUST-0004070,Female,0,Yes,No,20,Yes,Yes,No,No internet service,No internet service,No internet service,No internet service,No internet service,No internet service,One year,Yes,Mailed check,18.25,381.94,No
CUST-0004071,Male,0,No,No,1,Yes,No,Fiber optic,No,No,No,No,No,Yes,One year,No,Mailed check,81.65,111.74,Yes
CUST-0004072,Female,0,Yes,No,72,Yes,Yes,Fiber optic,No,No,No,Yes,Yes,No,Month-to-month,No,Credit card (automatic),74.84,5387.45,No
CUST-0004073,Female,1,Yes,No,5,Yes,Yes,Fiber optic,No,Yes,No,Yes,No,Yes,Month-to-month,Yes,Mailed check,83.18,440.81,No
CUST-0004074,Female,1,No,No,35,No,No phone service,DSL,Yes,Yes,Yes,No,No,Yes,Month-to-month,Yes,Mailed check,60.77,2105.18,No
CUST-0004075,Female,0,No,Yes,72,Yes,Yes,DSL,No,No,No,No,Yes,No,Month-to-month,Yes,Electronic check,111.47,8030.92,No
CUST-0004076,Female,0,No,No,38,Yes,No,No,No internet service,No internet service,No internet service,No internet service,No internet service,No internet service,Two year,No,Electronic check,60.95,2276.59,No
CUST-0004077,Male,0,No,Yes,7,Yes,No,Fiber optic,Yes,No,Yes,No,No,No,Month-to-month,No,Bank transfer (automatic),61.16,432.61,Yes
CUST-0004078,Male,0,No,No,12,Yes,No,DSL,No,No,No,No,No,Yes,Month-to-month,No,Credit card (automatic),69.86,862.89,Yes
CUST-0004079,Female,0,No,No,0,Yes,No,DSL,No,No,No,No,Yes,Yes,Month-to-month,No,Mailed check,83.32,,Yes
CUST-0004080,Male,0,Yes,No,30,Yes,No,Fiber optic,No,No,No,No,Yes,No,Month-to-month,Yes,Credit card (automatic),34.09,1013.68,Yes
CUST-0004081,Female,0,No,No,30,Yes,Yes,No,No internet service,No internet service,No internet service,No internet service,No internet service,No internet service,Month-to-month,Yes,Electronic check,97.41,2925.83,Yes
CUST-0004082,Male,0,No,No,41,Yes,Yes,Fiber optic,No,Yes,No,No,No,No,Two year,No,Credit card (automatic),77.86,3156.02,No
CUST-0004083,Female,0,Yes,Yes,0,Yes,No,No,No internet service,No internet service,No internet service,No internet service,No internet service,No internet service,Month-to-month,Yes,Bank transfer (automatic),116.66,,No
CUST-0004084,Female,0,Yes,Yes,54,Yes,No,Fiber optic,No,Yes,No,Yes,No,Yes,Month-to-month,No,Electronic check,74.2,4026.48,No
CUST-0004085,Male,0,No,No,42,Yes,Yes,DSL,No,No,Yes,Yes,No,No,Month-to-month,No,Electronic check,69.9,2944.26,No
CUST-0004086,Male,0,No,Yes,4,Yes,Yes,No,No internet service,No internet service,No internet service,No internet service,No internet service,No internet service,One year,No,Credit card (automatic),26.81,87.58,No
CUST-0004087,Male,1,Yes,Yes,13,Yes,No,DSL,No,Yes,Yes,No,No,Yes,Month-to-month,Yes,Electronic check,62.25,788.38,No
CUST-0004088,Female,0,Yes,No,32,Yes,No,DSL,No,No,Yes,Yes,Yes,No,One year,No,Electronic check,31.03,1007.28,No
CUST-0004089,Female,0,No,No,21,Yes,Yes,No,No internet service,No internet service,No internet service,No internet service,No internet service,No internet service,Month-to-month,No,Electronic check,18.25,367.97,No
CUST-0004090,Male,0,No,No,3,Yes,No,DSL,No,No,No,No,No,Yes,Two year,Yes,Mailed check,18.25,30.61,No
CUST-0004091,Female,0,Yes,No,2,No,No phone service,Fiber optic,No,No,No,Yes,No,No,Month-to-month,Yes,Electronic check,42.74,96.81,Yes
CUST-0004092,Male,0,Yes,No,48,Yes,No,No,No internet service,No internet service,No internet service,No internet service,No internet service,No internet service,Month-to-month,No,Bank transfer (automatic),51.98,2451.93,No
CUST-0004093,Male,0,No,No,5,Yes,Yes,Fiber optic,No,Yes,No,No,Yes,No,One year,Yes,Credit card (automatic),58.08,266.03,No
CUST-0004094,Female,0,Yes,No,6,Yes,Yes,DSL,No,No,Yes,No,Yes,No,Two year,Yes,Mailed check,83.2,525.43,No
CUST-0004095,Male,1,No,No,56,Yes,No,Fiber optic,No,No,No,Yes,No,Yes,Month-to-month,Yes,Bank transfer (automatic),18.58,1043.53,No
CUST-0004096,Male,0,Yes,No,30,Yes,No,No,No internet service,No internet service,No internet service,No internet service,No internet service,No internet service,One year,Yes,Bank transfer (automatic),18.25,543.24,No
CUST-0004097,Male,1,Yes,No,29,Yes,No,Fiber optic,No,No,Yes,No,Yes,No,Month-to-month,Yes,Mailed check,56.93,1656.89,Yes
CUST-0004098,Male,0,Yes,No,20,Yes,No,Fiber optic,Yes,No,No,No,No,Yes,Two year,No,Electronic check,55.12,1127.74,No
CUST-0004099,Male,1,Yes,No,26,No,No phone service,No,No internet service,No internet service,No internet service,No internet service,No internet service,No internet service,Month-to-month,No,Bank transfer (automatic),64.65,1689.53,Yes
CUST-0004100,Male,0,Yes,No,29,Yes,No,No,No internet service,No internet service,No internet service,No internet service,No internet service,No internet service,Two year,No,Electronic check,55.03,1588.13,No
CUST-0004101,Female,0,Yes,No,72,Yes,No,Fiber optic,Yes,No,Yes,Yes,No,No,Two year,No,Electronic check,21.41,1523.82,Yes
CUST-0004102,Male,0,No,No,8,Yes,No,DSL,Yes,No,No,No,Yes,No,Month-to-month,Yes,Electronic check,72.9,575.38,Yes
CUST-0004103,Female,0,Yes,Yes,7,Yes,No,Fiber optic,No,No,No,No,No,No,Month-to-month,Yes,Electronic check,117.11,798.26,No
CUST-0004104,Male,0,No,Yes,1,Yes,No,DSL,No,No,No,No,Yes,No,Month-to-month,Yes,Electronic check,43.58,43.43,Yes
CUST-0004105,Male,0,Yes,No,34,Yes,No,Fiber optic,No,No,Yes,Yes,Yes,Yes,Two year,No,Electronic check,42.29,1426.05,No
CUST-0004106,Female,1,No,No,25,Yes,No,Fiber optic,No,No,Yes,No,Yes,No,Two year,No,Electronic check,24.07,654.29,Yes
CUST-0004107,Female,1,Yes,No,3,Yes,No,Fiber optic,No,No,Yes,No,Yes,No,One year,Yes,Mailed check,87.62,268.18,No
CUST-0004108,Male,0,Yes,No,14,Yes,Yes,Fiber optic,Yes,Yes,No,No,No,No,Month-to-month,Yes,Mailed check,113.02,1567.4,Yes
CUST-0004109,Female,0,No,No,6,Yes,No,No,No internet service,No internet service,No internet service,No internet service,No internet service,No internet service,Two year,No,Credit card (automatic),97.88,602.17,No
CUST-0004110,Female,0,No,Yes,12,Yes,No,DSL,Yes,Yes,No,No,No,No,One year,Yes,Credit card (automatic),65.26,763.86,Yes
CUST-0004111,Female,0,No,No,72,Yes,No,DSL,No,No,No,No,Yes,No,Month-to-month,No,Electronic check,66.11,4816.82,Yes
CUST-0004112,Male,0,No,No,36,Yes,No,No,No internet service,No internet service,No internet service,No internet service,No internet service,No internet service,Month-to-month,No,Credit card (automatic),41.52,1477.81,No
CUST-0004113,Male,0,No,No,0,Yes,No,Fiber optic,No,No,No,No,Yes,No,One year,Yes,Mailed check,32.7,,No
CUST-0004114,Male,1,Yes,Yes,9,No,No phone service,Fiber optic,No,No,No,No,Yes,No,One year,Yes,Credit card (automatic),93.25,827.46,No
CUST-0004115,Female,0,No,No,0,No,No phone service,No,No internet service,No internet service,No internet service,No internet service,No internet service,No internet service,Month-to-month,Yes,Electronic check,64.33,,Yes
CUST-0004116,Male,0,No,Yes,40,Yes,No,Fiber optic,Yes,Yes,No,No,Yes,No,Two year,Yes,Electronic check,18.25,704.24,No
CUST-0004117,Female,0,No,Yes,20,Yes,Yes,Fiber optic,No,Yes,Yes,No,Yes,No,Month-to-month,Yes,Mailed check,38.26,774.61,No
CUST-0004118,Male,0,No,No,72,Yes,No,DSL,No,Yes,Yes,No,No,No,Month-to-month,No,Mailed check,18.25,1314.55,No
CUST-0004119,Male,0,Yes,No,42,Yes,No,Fiber optic,Yes,No,No,No,Yes,No,One year,No,Mailed check,35.36,1468.44,No
CUST-0004120,Female,0,Yes,Yes,23,Yes,No,Fiber optic,No,No,No,Yes,Yes,No,Two year,No,Electronic check,108.79,2498.67,No
CUST-0004121,Male,0,No,Yes,52,Yes,No,Fiber optic,Yes,Yes,Yes,No,Yes,Yes,Month-to-month,No,Bank transfer (automatic),87.06,4534.51,No
CUST-0004122,Female,0,No,No,39,Yes,Yes,No,No internet service,No internet service,No internet service,No internet service,No internet service,No internet service,Month-to-month,No,Bank transfer (automatic),64.99,2567.26,No
CUST-0004123,Female,0,No,No,8,Yes,No,Fiber optic,Yes,No,No,No,Yes,No,One year,Yes,Electronic check,81.63,634.88,No
CUST-0004124,Female,0,No,No,24,Yes,Yes,No,No internet service,No internet service,No internet service,No internet service,No internet service,No internet service,Month-to-month,Yes,Mailed check,84.25,1993.11,No
CUST-0004125,Female,0,Yes,No,25,Yes,Yes,No,No internet service,No internet service,No internet service,No internet service,No internet service,No internet service,Month-to-month,No,Electronic check,61.75,1554.14,No
CUST-0004126,Female,0,Yes,Yes,19,Yes,No,Fiber optic,No,No,No,Yes,Yes,No,Month-to-month,Yes,Credit card (automatic),97.1,1830.26,No
CUST-0004127,Female,0,Yes,No,6,Yes,No,Fiber optic,Yes,No,No,No,Yes,No,Two year,Yes,Credit card (automatic),48.01,305.33,No
CUST-0004128,Female,1,No,No,8,Yes,No,Fiber optic,No,No,Yes,No,No,No,Month-to-month,No,Bank transfer (automatic),68.67,568.16,No
CUST-0004129,Male,0,No,No,10,Yes,Yes,DSL,Yes,Yes,Yes,No,Yes,Yes,One year,Yes,Electronic check,67.55,695.48,No
CUST-0004130,Male,1,Yes,Yes,0,Yes,No,DSL,Yes,No,No,No,No,No,Month-to-month,No,Credit card (automatic),65.66,,No
CUST-0004131,Male,0,No,No,72,Yes,No,DSL,No,No,No,No,Yes,Yes,Month-to-month,No,Bank transfer (automatic),99.97,7206.73,No
CUST-0004132,Male,1,Yes,No,37,Yes,Yes,No,No internet service,No internet service,No internet service,No internet service,No internet service,No internet service,Month-to-month,Yes,Electronic check,72.98,2708.81,No
CUST-0004133,Female,0,Yes,Yes,37,Yes,Yes,DSL,No,No,Yes,Yes,No,Yes,Two year,Yes,Bank transfer (automatic),41.46,1524.09,No
CUST-0004134,Female,0,No,Yes,27,Yes,No,Fiber optic,Yes,Yes,No,No,No,No,Month-to-month,No,Bank transfer (automatic),90.67,2460.86,No
CUST-0004135,Female,1,Yes,No,37,Yes,No,Fiber optic,No,Yes,No,Yes,Yes,Yes,Month-to-month,Yes,Bank transfer (automatic),114.7,4252.9,Yes
CUST-0004136,Male,0,No,No,72,Yes,Yes,Fiber optic,No,Yes,No,No,No,Yes,Two year,No,Mailed check,84.72,6138.88,No
CUST-0004137,Female,0,No,Yes,15,Yes,No,Fiber optic,Yes,Yes,No,No,No,Yes,Month-to-month,No,Electronic check,94.29,1428.73,Yes
CUST-0004138,Male,0,No,No,39,Yes,No,DSL,No,No,No,Yes,No,No,One year,Yes,Electronic check,18.25,702.28,No
CUST-0004139,Female,1,Yes,Yes,14,Yes,Yes,No,No internet service,No internet service,No internet service,No internet service,No internet service,No internet service,Month-to-month,No,Credit card (automatic),72.85,1060.06,No
CUST-0004140,Female,0,No,Yes,61,Yes,No,No,No internet service,No internet service,No internet service,No internet service,No internet service,No internet service,One year,Yes,Bank transfer (automatic),54.66,3301.11,No
CUST-0004141,Male,0,No,No,62,Yes,No,Fiber optic,No,No,No,No,No,No,Month-to-month,No,Bank transfer (automatic),31.07,1911.7,No
CUST-0004142,Male,0,No,No,72,Yes,Yes,No,No internet service,No internet service,No internet service,No internet service,No internet service,No internet service,Two year,Yes,Bank transfer (automatic),32.12,2301.01,Yes
CUST-0004143,Male,1,No,No,0,Yes,No,DSL,No,No,No,No,Yes,No,Month-to-month,No,Electronic check,90.84,,No
CUST-0004144,Female,0,Yes,No,11,Yes,No,DSL,No,Yes,No,No,No,No,Month-to-month,Yes,Electronic check,85.79,929.2,No
CUST-0004145,Female,0,Yes,No,4,Yes,Yes,Fiber optic,No,Yes,No,No,Yes,Yes,Month-to-month,Yes,Electronic check,38.19,130.81,Yes
CUST-0004146,Female,0,No,No,19,Yes,No,No,No internet service,No internet service,No internet service,No internet service,No internet service,No internet service,Two year,Yes,Credit card (automatic),101.13,1912.9,Yes
CUST-0004147,Male,0,No,No,21,No,No phone service,DSL,No,No,No,Yes,Yes,No,Month-to-month,Yes,Bank transfer (automatic),69.8,1458.61,No
CUST-0004148,Male,0,Yes,No,9,Yes,Yes,Fiber optic,No,Yes,Yes,No,No,No,Two year,Yes,Electronic check,87.23,764.34,No
CUST-0004149,Female,0,Yes,No,41,Yes,Yes,DSL,No,No,Yes,No,No,No,Month-to-month,Yes,Bank transfer (automatic),23.27,953.28,No
CUST-0004150,Female,0,No,Yes,10,Yes,No,No,No internet service,No internet service,No internet service,No internet service,No internet service,No internet service,Month-to-month,Yes,Credit card (automatic),26.74,279.03,No
CUST-0004151,Male,0,Yes,No,61,Yes,Yes,Fiber optic,No,Yes,No,No,No,Yes,One year,Yes,Bank transfer (automatic),25.19,1531.08,No
CUST-0004152,Male,0,Yes,No,6,No,No phone service,Fiber optic,No,No,No,Yes,No,No,Month-to-month,No,Electronic check,97.41,607.88,No
CUST-0004153,Female,0,Yes,No,14,Yes,Yes,No,No internet service,No internet service,No internet service,No internet service,No internet service,No internet service,Two year,Yes,Electronic check,50.17,758.32,No
CUST-0004154,Male,0,Yes,No,31,Yes,No,DSL,No,No,No,No,No,Yes,Month-to-month,Yes,Electronic check,86.6,2696.36,No
CUST-0004155,Male,0,No,Yes,29,Yes,No,Fiber optic,No,No,No,No,No,Yes,One year,No,Mailed check,118.75,3462.89,No
CUST-0004156,Male,0,Yes,Yes,2,No,No phone service,DSL,No,Yes,No,No,Yes,No,One year,Yes,Credit card (automatic),18.25,17.84,No
CUST-0004157,Female,1,Yes,Yes,59,Yes,No,DSL,Yes,No,No,No,No,No,Two year,No,Electronic check,65.08,3832.76,Yes
CUST-0004158,Female,0,Yes,No,29,Yes,No,DSL,No,Yes,Yes,No,No,Yes,Month-to-month,Yes,Mailed check,43.47,1251.44,Yes
CUST-0004159,Female,0,Yes,No,65,Yes,No,DSL,No,No,Yes,No,Yes,No,Month-to-month,Yes,Electronic check,95.89,6238.81,No
CUST-0004160,Female,0,No,Yes,64,Yes,No,No,No internet service,No internet service,No internet service,No internet service,No internet service,No internet service,Month-to-month,Yes,Credit card (automatic),58.45,3761.23,No
CUST-0004161,Female,0,Yes,No,25,Yes,Yes,Fiber optic,No,No,No,No,No,Yes,Month-to-month,No,Bank transfer (automatic),97.58,2425.18,No
CUST-0004162,Male,1,No,Yes,72,Yes,No,DSL,No,Yes,No,No,No,No,Month-to-month,Yes,Electronic check,66.74,4821.41,No
CUST-0004163,Female,1,Yes,Yes,60,Yes,Yes,Fiber optic,No,No,Yes,Yes,No,Yes,One year,No,Electronic check,21.57,1303.77,No
CUST-0004164,Male,0,Yes,No,72,Yes,No,Fiber optic,Yes,Yes,No,No,No,No,Month-to-month,No,Bank transfer (automatic),52.89,3840.52,Yes
CUST-0004165,Female,0,Yes,No,60,Yes,No,No,No internet service,No internet service,No internet service,No internet service,No internet service,No internet service,Month-to-month,Yes,Mailed check,80.15,4836.12,No
CUST-0004166,Male,0,Yes,Yes,55,Yes,No,Fiber optic,Yes,No,No,Yes,Yes,No,Month-to-month,Yes,Credit card (automatic),64.61,3514.75,Yes
CUST-0004167,Male,0,No,Yes,20,Yes,Yes,Fiber optic,No,No,Yes,No,No,Yes,One year,Yes,Mailed check,35.43,707.92,Yes
CUST-0004168,Male,0,Yes,No,7,Yes,No,Fiber optic,No,No,No,No,Yes,Yes,Two year,No,Electronic check,68.88,461.34,No
CUST-0004169,Male,0,No,Yes,72,No,No phone service,DSL,No,Yes,No,No,Yes,No,One year,No,Credit card (automatic),18.25,1313.3,No
CUST-0004170,Male,0,Yes,No,41,Yes,Yes,Fiber optic,Yes,No,No,No,Yes,No,Month-to-month,Yes,Credit card (automatic),18.25,749.75,No
CUST-0004171,Male,0,Yes,No,10,Yes,Yes,Fiber optic,No,No,Yes,Yes,Yes,Yes,One year,No,Electronic check,92.06,913.24,No
CUST-0004172,Female,0,Yes,No,13,Yes,Yes,Fiber optic,No,Yes,Yes,No,Yes,Yes,Month-to-month,Yes,Credit card (automatic),99.44,1288.72,No
CUST-0004173,Male,0,No,No,37,Yes,Yes,Fiber optic,No,No,No,Yes,Yes,Yes,One year,Yes,Electronic check,110.91,4126.3,Yes
CUST-0004174,Female,0,Yes,No,20,Yes,Yes,Fiber optic,No,Yes,No,No,Yes,No,Month-to-month,Yes,Mailed check,104.11,2079.02,Yes
CUST-0004175,Female,0,Yes,Yes,2,Yes,No,No,No internet service,No internet service,No internet service,No internet service,No internet service,No internet service,Month-to-month,Yes,Bank transfer (automatic),44.91,77.9,No
CUST-0004176,Female,0,Yes,No,4,Yes,No,No,No internet service,No internet service,No internet service,No internet service,No internet service,No internet service,One year,No,Credit card (automatic),80.43,333.24,No
CUST-0004177,Female,0,Yes,Yes,43,Yes,No,Fiber optic,No,Yes,No,Yes,No,Yes,Month-to-month,No,Electronic check,65.9,2827.02,No
CUST-0004178,Female,0,No,No,12,Yes,No,Fiber optic,No,No,Yes,No,No,No,One year,No,Electronic check,77.21,902.38,No
CUST-0004179,Male,0,No,No,22,No,No phone service,Fiber optic,No,No,No,No,No,Yes,One year,Yes,Bank transfer (automatic),82.19,1824.91,No
CUST-0004180,Male,0,No,No,46,Yes,No,Fiber optic,No,No,Yes,No,Yes,No,Month-to-month,No,Bank transfer (automatic),113.79,5235.14,No
CUST-0004181,Male,1,No,No,44,Yes,No,No,No internet service,No internet service,No internet service,No internet service,No internet service,No internet service,Two year,No,Credit card (automatic),71.63,3179.79,No
CUST-0004182,Female,0,No,No,5,Yes,No,DSL,No,No,No,No,No,Yes,Month-to-month,Yes,Electronic check,94.52,477.48,No
CUST-0004183,Female,0,Yes,Yes,3,Yes,Yes,Fiber optic,Yes,Yes,Yes,Yes,Yes,Yes,Two year,Yes,Mailed check,66.25,204.84,Yes
CUST-0004184,Male,0,No,No,28,Yes,No,DSL,No,No,No,No,No,No,Month-to-month,No,Bank transfer (automatic),36.12,995.87,No
CUST-0004185,Male,1,Yes,No,43,Yes,Yes,Fiber optic,No,No,Yes,Yes,Yes,Yes,Month-to-month,Yes,Mailed check,55.74,2403.47,No
CUST-0004186,Female,0,Yes,No,5,Yes,Yes,DSL,No,No,Yes,Yes,No,Yes,One year,No,Credit card (automatic),57.65,320.72,No
CUST-0004187,Male,0,No,Yes,14,Yes,No,No,No internet service,No internet service,No internet service,No internet service,No internet service,No internet service,Month-to-month,No,Electronic check,26.46,399.05,Yes
CUST-0004188,Female,0,No,Yes,65,Yes,No,Fiber optic,No,Yes,No,No,No,No,Month-to-month,No,Electronic check,24.59,1588.86,No
CUST-0004189,Female,0,No,Yes,72,No,No phone service,No,No internet service,No internet service,No internet service,No internet service,No internet service,No internet service,Two year,Yes,Bank transfer (automatic),92.15,6644.28,No
CUST-0004190,Female,0,No,Yes,19,Yes,No,No,No internet service,No internet service,No internet service,No internet service,No internet service,No internet service,Month-to-month,No,Bank transfer (automatic),80.03,1543.61,Yes
CUST-0004191,Female,0,Yes,No,2,Yes,No,Fiber optic,No,Yes,No,No,Yes,Yes,Month-to-month,Yes,Mailed check,79.62,166.96,Yes
CUST-0004192,Female,0,Yes,Yes,9,Yes,No,Fiber optic,No,No,Yes,No,No,Yes,Month-to-month,Yes,Bank transfer (automatic),96.97,873.63,No
CUST-0004193,Male,0,Yes,Yes,8,Yes,Yes,DSL,No,No,Yes,No,No,No,Month-to-month,Yes,Electronic check,88.38,703.17,No
CUST-0004194,Female,0,No,No,8,Yes,Yes,No,No internet service,No internet service,No internet service,No internet service,No internet service,No internet service,Two year,No,Electronic check,109.23,869.69,No
CUST-0004195,Female,1,No,No,21,Yes,No,Fiber optic,No,No,No,No,Yes,No,Two year,Yes,Electronic check,50.52,1087.45,Yes
CUST-0004196,Male,0,Yes,No,28,Yes,No,DSL,No,No,Yes,No,No,Yes,Month-to-month,Yes,Bank transfer (automatic),95.0,2671.34,No
CUST-0004197,Male,0,Yes,No,4,Yes,Yes,Fiber optic,No,No,Yes,No,No,No,One year,Yes,Credit card (automatic),43.35,161.07,No
CUST-0004198,Male,0,Yes,Yes,70,Yes,No,DSL,No,No,Yes,No,Yes,Yes,One year,Yes,Electronic check,46.26,3239.63,No
CUST-0004199,Male,1,No,Yes,30,Yes,Yes,Fiber optic,No,No,No,No,Yes,No,Month-to-month,Yes,Electronic check,22.53,658.31,Yes
CUST-0004200,Female,0,No,Yes,29,Yes,Yes,DSL,No,Yes,Yes,No,Yes,Yes,Month-to-month,No,Credit card (automatic),81.31,2357.75,No
CUST-0004201,Female,0,Yes,No,72,Yes,No,Fiber optic,No,No,Yes,No,No,No,One year,No,Electronic check,89.83,6463.56,No
CUST-0004202,Male,0,No,Yes,31,Yes,Yes,Fiber optic,No,Yes,No,Yes,Yes,Yes,Month-to-month,Yes,Electronic check,56.92,1772.3,No
CUST-0004203,Male,0,No,No,72,Yes,No,DSL,Yes,Yes,No,Yes,No,Yes,Month-to-month,Yes,Mailed check,35.33,2521.95,No
CUST-0004204,Female,0,Yes,Yes,10,Yes,Yes,No,No internet service,No internet service,No internet service,No internet service,No internet service,No internet service,Two year,Yes,Mailed check,104.31,1046.16,No
CUST-0004205,Male,0,No,No,8,Yes,Yes,Fiber optic,Yes,No,No,No,Yes,No,Two year,Yes,Bank transfer (automatic),68.97,544.23,No
CUST-0004206,Male,0,Yes,No,23,Yes,No,Fiber optic,No,No,No,No,No,Yes,Month-to-month,Yes,Bank transfer (automatic),60.23,1380.42,No
CUST-0004207,Female,1,Yes,No,22,Yes,No,No,No internet service,No internet service,No internet service,No internet service,No internet service,No internet service,Month-to-month,Yes,Electronic check,94.21,2103.63,No
CUST-0004208,Female,0,Yes,No,8,Yes,No,No,No internet service,No internet service,No internet service,No internet service,No internet service,No internet service,Two year,Yes,Mailed check,118.75,978.95,No
CUST-0004209,Male,0,No,No,38,Yes,No,Fiber optic,No,No,No,No,Yes,No,Month-to-month,No,Electronic check,70.84,2648.15,No
CUST-0004210,Male,1,No,No,0,Yes,Yes,DSL,Yes,Yes,No,Yes,Yes,No,Two year,No,Electronic check,82.51,,No
CUST-0004211,Male,1,Yes,No,37,Yes,No,Fiber optic,No,No,Yes,Yes,Yes,Yes,Month-to-month,Yes,Credit card (automatic),92.66,3391.08,No
CUST-0004212,Female,0,No,No,19,Yes,Yes,No,No internet service,No internet service,No internet service,No internet service,No internet service,No internet service,Month-to-month,Yes,Electronic check,34.97,626.44,Yes
CUST-0004213,Female,1,Yes,No,37,Yes,No,Fiber optic,No,Yes,No,No,No,Yes,Month-to-month,Yes,Electronic check,18.25,685.64,No
CUST-0004214,Male,0,No,No,20,Yes,No,Fiber optic,Yes,No,Yes,No,Yes,No,Month-to-month,No,Mailed check,76.4,1513.22,No
CUST-0004215,Female,0,No,No,72,Yes,Yes,No,No internet service,No internet service,No internet service,No internet service,No internet service,No internet service,One year,Yes,Bank transfer (automatic),78.02,5641.05,No
CUST-0004216,Female,1,Yes,Yes,13,Yes,No,DSL,No,No,No,Yes,No,No,Two year,Yes,Credit card (automatic),67.8,872.39,No
CUST-0004217,Male,0,Yes,Yes,72,Yes,No,DSL,Yes,No,No,No,Yes,No,Month-to-month,Yes,Mailed check,81.96,5926.95,No
CUST-0004218,Male,0,No,No,2,Yes,No,No,No internet service,No internet service,No internet service,No internet service,No internet service,No internet service,Month-to-month,No,Electronic check,87.3,204.68,No
CUST-0004219,Female,0,Yes,Yes,36,Yes,Yes,DSL,No,No,No,No,No,No,Month-to-month,Yes,Mailed check,53.39,1939.88,No
CUST-0004220,Male,0,No,Yes,19,Yes,No,DSL,No,No,Yes,No,No,No,Month-to-month,No,Bank transfer (automatic),67.41,1264.9,No
CUST-0004221,Male,0,No,No,55,Yes,No,No,No internet service,No internet service,No internet service,No internet service,No internet service,No internet service,Two year,Yes,Electronic check,23.46,1255.04,No
CUST-0004222,Female,0,No,No,49,No,No phone service,Fiber optic,No,No,No,No,No,No,Month-to-month,Yes,Electronic check,94.39,4621.09,No
CUST-0004223,Female,1,Yes,No,51,Yes,No,Fiber optic,No,Yes,No,No,No,No,Two year,No,Bank transfer (automatic),84.94,4355.68,Yes
CUST-0004224,Female,0,Yes,No,3,Yes,Yes,Fiber optic,Yes,Yes,Yes,Yes,No,Yes,Two year,No,Mailed check,34.9,153.74,No
CUST-0004225,Female,0,Yes,No,55,Yes,Yes,DSL,No,Yes,No,No,No,No,One year,Yes,Bank transfer (automatic),49.85,2723.36,Yes
CUST-0004226,Female,1,No,No,7,Yes,No,Fiber optic,No,No,No,Yes,No,No,Month-to-month,No,Mailed check,63.09,462.08,No
CUST-0004227,Male,0,Yes,Yes,0,Yes,Yes,Fiber optic,No,No,No,No,No,Yes,Month-to-month,Yes,Credit card (automatic),68.83,,No
CUST-0004228,Female,0,Yes,Yes,7,Yes,No,DSL,Yes,Yes,No,No,No,No,Month-to-month,No,Mailed check,43.45,329.39,No
CUST-0004229,Male,0,No,No,20,Yes,Yes,No,No internet service,No internet service,No internet service,No internet service,No internet service,No internet service,Two year,Yes,Bank transfer (automatic),74.49,1467.46,No
CUST-0004230,Male,0,No,No,43,Yes,No,DSL,No,No,No,No,No,Yes,Month-to-month,Yes,Mailed check,99.07,4250.26,No
CUST-0004231,Female,0,Yes,Yes,7,Yes,Yes,DSL,No,No,No,No,No,Yes,Month-to-month,Yes,Bank transfer (automatic),31.12,211.81,No
CUST-0004232,Female,0,No,No,3,Yes,Yes,DSL,No,Yes,No,No,No,Yes,Month-to-month,No,Bank transfer (automatic),18.25,65.59,No
CUST-0004233,Male,0,No,No,33,Yes,No,Fiber optic,No,No,Yes,No,No,No,Month-to-month,No,Credit card (automatic),90.73,2978.08,No
CUST-0004234,Female,0,Yes,No,72,Yes,No,No,No internet service,No internet service,No internet service,No internet service,No internet service,No internet service,Month-to-month,Yes,Electronic check,58.14,4160.3,No
CUST-0004235,Male,0,Yes,No,29,Yes,No,Fiber optic,Yes,No,Yes,No,No,No,Month-to-month,No,Electronic check,53.93,1571.61,No
CUST-0004236,Male,0,No,No,37,Yes,Yes,DSL,No,Yes,No,Yes,Yes,No,Month-to-month,Yes,Electronic check,33.11,1216.23,No
CUST-0004237,Male,0,No,No,26,No,No phone service,DSL,No,Yes,Yes,No,No,Yes,One year,Yes,Mailed check,88.18,2329.23,No
CUST-0004238,Female,0,Yes,No,48,Yes,No,Fiber optic,Yes,No,No,No,No,Yes,Month-to-month,No,Credit card (automatic),18.25,889.25,No
CUST-0004239,Female,0,Yes,Yes,72,Yes,No,DSL,No,No,No,No,Yes,Yes,Two year,No,Credit card (automatic),69.98,5034.76,No
CUST-0004240,Male,1,Yes,No,25,Yes,No,DSL,Yes,Yes,Yes,Yes,Yes,Yes,Month-to-month,Yes,Credit card (automatic),118.75,2976.14,Yes
CUST-0004241,Female,0,No,No,17,Yes,Yes,Fiber optic,No,Yes,Yes,No,Yes,No,Month-to-month,Yes,Mailed check,79.6,1347.87,No
CUST-0004242,Male,1,Yes,No,62,Yes,No,No,No internet service,No internet service,No internet service,No internet service,No internet service,No internet service,Month-to-month,Yes,Electronic check,100.58,6249.43,No
CUST-0004243,Female,0,Yes,No,72,Yes,Yes,No,No internet service,No internet service,No internet service,No internet service,No internet service,No internet service,Month-to-month,Yes,Bank transfer (automatic),92.78,6681.48,Yes
CUST-0004244,Male,1,No,No,4,Yes,Yes,No,No internet service,No internet service,No internet service,No internet service,No internet service,No internet service,Month-to-month,Yes,Credit card (automatic),83.85,372.27,Yes
CUST-0004245,Male,0,No,No,27,Yes,Yes,Fiber optic,No,No,No,No,No,No,Month-to-month,No,Credit card (automatic),30.44,835.09,Yes
CUST-0004246,Female,0,No,Yes,50,Yes,Yes,Fiber optic,Yes,Yes,No,No,No,Yes,Two year,No,Mailed check,98.68,4963.91,No
CUST-0004247,Male,0,Yes,No,24,Yes,Yes,Fiber optic,No,No,No,No,No,No,Two year,Yes,Bank transfer (automatic),18.25,419.71,No
CUST-0004248,Male,0,Yes,No,16,Yes,Yes,DSL,Yes,No,No,No,No,No,Two year,No,Bank transfer (automatic),66.74,1089.13,No
CUST-0004249,Female,0,Yes,No,34,Yes,No,Fiber optic,Yes,No,No,No,No,No,One year,No,Credit card (automatic),32.11,1071.09,Yes
CUST-0004250,Female,0,No,No,10,Yes,No,DSL,Yes,No,No,No,No,No,One year,Yes,Bank transfer (automatic),53.78,527.17,Yes
CUST-0004251,Male,0,No,Yes,13,No,No phone service,DSL,No,Yes,Yes,Yes,No,No,Month-to-month,Yes,Mailed check,18.25,244.2,No
CUST-0004252,Male,0,Yes,Yes,72,Yes,Yes,DSL,No,No,Yes,No,Yes,No,Two year,No,Bank transfer (automatic),65.35,4748.06,No
CUST-0004253,Male,0,Yes,No,32,Yes,Yes,No,No internet service,No internet service,No internet service,No internet service,No internet service,No internet service,One year,Yes,Mailed check,38.05,1213.33,Yes
CUST-0004254,Female,0,No,No,66,Yes,No,No,No internet service,No internet service,No internet service,No internet service,No internet service,No internet service,Two year,Yes,Credit card (automatic),64.46,4272.69,No
CUST-0004255,Male,0,No,Yes,52,Yes,Yes,Fiber optic,Yes,No,No,No,No,Yes,Month-to-month,No,Mailed check,49.0,2520.35,No
CUST-0004256,Female,0,Yes,No,33,Yes,Yes,DSL,Yes,Yes,No,Yes,Yes,No,Month-to-month,No,Electronic check,67.26,2221.96,No
CUST-0004257,Female,0,No,No,58,Yes,No,DSL,No,No,No,No,Yes,Yes,Month-to-month,No,Bank transfer (automatic),18.25,1046.72,No
CUST-0004258,Male,0,No,No,10,Yes,No,Fiber optic,No,No,No,Yes,No,Yes,Month-to-month,Yes,Electronic check,18.25,188.52,No
CUST-0004259,Male,0,No,No,32,Yes,No,Fiber optic,No,No,No,No,No,No,Month-to-month,Yes,Bank transfer (automatic),77.95,2481.23,No
CUST-0004260,Male,0,No,No,28,Yes,No,No,No internet service,No internet service,No internet service,No internet service,No internet service,No internet service,Month-to-month,No,Electronic check,41.36,1181.81,No
CUST-0004261,Male,0,No,No,31,Yes,No,DSL,Yes,No,No,Yes,No,Yes,Month-to-month,Yes,Credit card (automatic),58.84,1854.2,No
CUST-0004262,Female,0,No,Yes,5,Yes,Yes,Fiber optic,No,No,Yes,No,Yes,Yes,Two year,Yes,Credit card (automatic),95.86,495.85,No
CUST-0004263,Male,0,No,No,10,Yes,No,No,No internet service,No internet service,No internet service,No internet service,No internet service,No internet service,Month-to-month,Yes,Bank transfer (automatic),26.18,238.0,No
CUST-0004264,Male,1,Yes,No,10,Yes,No,DSL,No,No,No,Yes,No,No,Two year,Yes,Bank transfer (automatic),72.35,743.74,No
CUST-0004265,Female,0,Yes,No,29,No,No phone service,Fiber optic,Yes,Yes,No,No,No,No,Month-to-month,No,Electronic check,105.63,3015.47,No
CUST-0004266,Male,0,No,No,72,Yes,No,DSL,Yes,No,Yes,No,No,No,One year,No,Electronic check,113.0,8115.42,Yes
CUST-0004267,Female,0,No,No,72,Yes,No,DSL,No,No,No,No,Yes,No,Month-to-month,No,Electronic check,35.66,2596.71,No
CUST-0004268,Male,0,No,No,8,Yes,No,No,No internet service,No internet service,No internet service,No internet service,No internet service,No internet service,Month-to-month,Yes,Bank transfer (automatic),71.53,554.14,No
CUST-0004269,Female,0,Yes,No,11,Yes,Yes,Fiber optic,No,Yes,Yes,No,Yes,No,Month-to-month,No,Bank transfer (automatic),75.88,850.72,No
CUST-0004270,Female,0,No,No,1,Yes,No,Fiber optic,No,No,Yes,Yes,Yes,No,Month-to-month,No,Credit card (automatic),38.94,39.41,Yes
CUST-0004271,Female,1,Yes,No,16,No,No phone service,Fiber optic,No,Yes,No,No,No,Yes,Month-to-month,No,Bank transfer (automatic),70.52,1135.79,No
CUST-0004272,Female,1,No,No,57,Yes,Yes,No,No internet service,No internet service,No internet service,No internet service,No internet service,No internet service,Two year,Yes,Mailed check,42.86,2430.29,No
CUST-0004273,Male,0,Yes,No,72,Yes,Yes,DSL,No,No,Yes,Yes,No,No,Month-to-month,Yes,Credit card (automatic),18.25,1326.21,No
CUST-0004274,Male,0,Yes,Yes,8,Yes,Yes,DSL,No,No,No,No,No,No,Month-to-month,No,Bank transfer (automatic),61.81,517.92,Yes
CUST-0004275,Female,0,Yes,No,9,Yes,Yes,No,No internet service,No internet service,No internet service,No internet service,No internet service,No internet service,Month-to-month,No,Electronic check,82.01,740.69,No
CUST-0004276,Female,0,No,No,7,No,No phone service,No,No internet service,No internet service,No internet service,No internet service,No internet service,No internet service,Two year,No,Credit card (automatic),52.75,345.98,No
CUST-0004277,Male,1,Yes,No,13,Yes,Yes,Fiber optic,Yes,Yes,No,Yes,Yes,No,Month-to-month,Yes,Credit card (automatic),118.75,1559.18,No
CUST-0004278,Male,0,Yes,Yes,52,Yes,No,Fiber optic,No,No,Yes,Yes,No,No,Two year,No,Bank transfer (automatic),34.6,1793.47,No
CUST-0004279,Male,0,Yes,No,33,Yes,No,DSL,No,No,Yes,No,No,No,Two year,Yes,Credit card (automatic),78.11,2593.96,No
CUST-0004280,Male,0,Yes,No,49,Yes,Yes,No,No internet service,No internet service,No internet service,No internet service,No internet service,No internet service,Month-to-month,Yes,Mailed check,18.25,858.52,Yes
CUST-0004281,Male,0,No,No,27,Yes,Yes,Fiber optic,No,No,Yes,No,Yes,No,Month-to-month,No,Credit card (automatic),46.67,1252.26,Yes
CUST-0004282,Female,1,Yes,Yes,9,Yes,Yes,DSL,No,No,No,Yes,No,No,Month-to-month,Yes,Credit card (automatic),97.76,855.5,Yes
CUST-0004283,Male,0,Yes,No,8,Yes,Yes,Fiber optic,No,No,No,Yes,Yes,No,Two year,Yes,Credit card (automatic),29.59,220.0,No
CUST-0004284,Male,0,No,No,0,Yes,Yes,DSL,No,No,Yes,No,No,No,Month-to-month,Yes,Bank transfer (automatic),18.25,,Yes
CUST-0004285,Female,0,No,No,48,No,No phone service,DSL,Yes,No,No,Yes,No,No,Month-to-month,Yes,Mailed check,18.25,904.76,No
CUST-0004286,Female,0,No,No,60,Yes,No,DSL,No,No,No,No,Yes,Yes,One year,Yes,Mailed check,89.27,5373.96,No
CUST-0004287,Female,0,No,Yes,46,Yes,No,DSL,Yes,Yes,No,No,No,No,One year,Yes,Credit card (automatic),118.75,5486.09,No
CUST-0004288,Female,0,No,No,2,Yes,No,DSL,No,No,No,Yes,No,No,Month-to-month,No,Electronic check,18.25,74.95,No
CUST-0004289,Male,0,Yes,No,45,Yes,No,DSL,Yes,Yes,Yes,No,No,No,Two year,Yes,Electronic check,88.77,4007.0,No
CUST-0004290,Female,1,No,No,1,Yes,No,DSL,No,No,Yes,No,No,Yes,Month-to-month,No,Bank transfer (automatic),47.17,81.8,No
CUST-0004291,Female,0,No,No,3,Yes,No,DSL,No,Yes,No,Yes,Yes,No,One year,No,Mailed check,89.74,277.68,Yes
CUST-0004292,Male,0,No,No,18,Yes,Yes,DSL,No,No,No,No,No,Yes,One year,Yes,Bank transfer (automatic),47.88,883.74,No
CUST-0004293,Female,0,No,No,20,Yes,No,DSL,No,No,Yes,No,Yes,No,Two year,No,Credit card (automatic),95.58,1898.09,Yes
CUST-0004294,Female,0,No,No,54,Yes,No,Fiber optic,No,No,No,No,No,No,Month-to-month,Yes,Electronic check,57.03,3091.57,No
CUST-0004295,Male,0,Yes,Yes,36,Yes,Yes,Fiber optic,Yes,No,No,Yes,No,Yes,Month-to-month,Yes,Electronic check,20.89,751.13,No
CUST-0004296,Male,1,Yes,No,5,Yes,Yes,DSL,No,No,Yes,Yes,Yes,Yes,Month-to-month,No,Bank transfer (automatic),38.41,176.18,Yes
CUST-0004297,Male,0,No,Yes,8,Yes,Yes,DSL,No,Yes,No,Yes,No,No,Month-to-month,No,Bank transfer (automatic),41.31,335.81,No
CUST-0004298,Male,0,No,Yes,10,Yes,Yes,No,No internet service,No internet service,No internet service,No internet service,No internet service,No internet service,One year,Yes,Credit card (automatic),33.6,333.5,No
CUST-0004299,Male,0,Yes,Yes,4,Yes,Yes,Fiber optic,No,No,No,No,Yes,No,Two year,Yes,Mailed check,83.6,315.17,No
CUST-0004300,Female,0,No,No,10,Yes,Yes,Fiber optic,No,No,No,No,No,No,Two year,Yes,Electronic check,41.95,429.89,No
CUST-0004301,Male,1,No,No,41,Yes,No,Fiber optic,No,Yes,No,No,Yes,No,One year,Yes,Credit card (automatic),63.18,2563.12,No
CUST-0004302,Female,0,Yes,No,8,Yes,No,DSL,Yes,No,No,No,Yes,No,One year,No,Bank transfer (automatic),71.83,570.15,No
CUST-0004303,Female,1,No,Yes,57,Yes,No,Fiber optic,Yes,No,No,No,No,Yes,One year,Yes,Bank transfer (automatic),99.66,5689.89,Yes
CUST-0004304,Female,1,No,No,20,No,No phone service,Fiber optic,No,Yes,No,No,No,Yes,One year,Yes,Credit card (automatic),22.32,463.32,No
CUST-0004305,Female,0,Yes,No,12,No,No phone service,Fiber optic,No,No,No,Yes,No,No,Month-to-month,Yes,Electronic check,46.97,569.1,No
CUST-0004306,Male,0,No,No,17,Yes,Yes,Fiber optic,No,No,No,No,No,Yes,Month-to-month,No,Mailed check,61.97,1036.85,No
CUST-0004307,Male,1,Yes,Yes,39,Yes,No,No,No internet service,No internet service,No internet service,No internet service,No internet service,No internet service,Month-to-month,No,Credit card (automatic),98.02,3816.19,No
CUST-0004308,Female,0,Yes,Yes,23,No,No phone service,Fiber optic,Yes,No,No,No,Yes,No,Month-to-month,Yes,Electronic check,47.42,1078.32,No
CUST-0004309,Female,0,Yes,Yes,0,Yes,No,DSL,Yes,No,No,No,No,Yes,Month-to-month,Yes,Bank transfer (automatic),61.55,,No
CUST-0004310,Female,0,No,No,72,No,No phone service,Fiber optic,No,No,No,No,Yes,Yes,Month-to-month,Yes,Electronic check,59.07,4251.49,Yes
CUST-0004311,Male,0,Yes,No,2,Yes,Yes,DSL,No,No,Yes,No,Yes,No,One year,No,Bank transfer (automatic),56.32,130.93,Yes
CUST-0004312,Female,0,Yes,No,72,No,No phone service,DSL,No,Yes,Yes,No,Yes,Yes,One year,Yes,Electronic check,118.75,8524.0,No
CUST-0004313,Male,0,No,No,0,Yes,No,Fiber optic,No,Yes,No,No,Yes,No,Month-to-month,Yes,Mailed check,104.56,,Yes
CUST-0004314,Female,0,Yes,No,47,Yes,Yes,DSL,No,Yes,Yes,Yes,Yes,No,Month-to-month,Yes,Mailed check,86.81,4092.65,No
CUST-0004315,Female,1,No,No,24,Yes,Yes,No,No internet service,No internet service,No internet service,No internet service,No internet service,No internet service,Two year,Yes,Electronic check,97.2,2320.81,No
CUST-0004316,Male,0,No,No,22,Yes,Yes,Fiber optic,No,No,No,No,Yes,Yes,Month-to-month,No,Electronic check,70.53,1528.95,No
CUST-0004317,Female,0,No,Yes,2,Yes,No,Fiber optic,Yes,No,No,Yes,Yes,No,Month-to-month,Yes,Electronic check,39.3,102.93,No
CUST-0004318,Male,0,No,No,8,No,No phone service,DSL,No,No,No,No,Yes,No,Month-to-month,Yes,Mailed check,85.04,695.56,Yes
CUST-0004319,Male,0,Yes,No,48,Yes,No,DSL,No,Yes,No,Yes,No,No,Month-to-month,Yes,Electronic check,18.25,908.34,No
CUST-0004320,Female,0,Yes,Yes,71,Yes,No,No,No internet service,No internet service,No internet service,No internet service,No internet service,No internet service,Month-to-month,No,Mailed check,105.4,7507.2,Yes
CUST-0004321,Female,0,No,No,24,Yes,Yes,Fiber optic,No,No,Yes,No,No,No,Month-to-month,No,Mailed check,39.06,908.06,No
CUST-0004322,Female,0,No,No,13,Yes,No,DSL,No,Yes,No,Yes,No,Yes,Month-to-month,Yes,Electronic check,25.86,329.13,No
CUST-0004323,Female,0,Yes,No,1,Yes,No,No,No internet service,No internet service,No internet service,No internet service,No internet service,No internet service,One year,Yes,Credit card (automatic),39.59,49.38,Yes
CUST-0004324,Male,0,No,No,36,Yes,No,DSL,No,No,No,No,Yes,No,Month-to-month,No,Electronic check,85.17,3070.72,Yes
CUST-0004325,Female,1,No,No,10,Yes,No,Fiber optic,Yes,No,No,No,No,No,Month-to-month,No,Credit card (automatic),104.25,1059.22,No
CUST-0004326,Female,0,No,Yes,1,Yes,No,No,No internet service,No internet service,No internet service,No internet service,No internet service,No internet service,Month-to-month,No,Mailed check,108.6,88.69,No
CUST-0004327,Male,1,No,Yes,35,Yes,Yes,DSL,Yes,Yes,No,No,No,No,One year,Yes,Electronic check,65.64,2325.22,No
CUST-0004328,Female,1,No,No,21,Yes,Yes,Fiber optic,Yes,No,No,No,No,No,One year,No,Bank transfer (automatic),18.25,370.38,No
CUST-0004329,Male,0,No,No,0,Yes,No,No,No internet service,No internet service,No internet service,No internet service,No internet service,No internet service,One year,No,Bank transfer (automatic),73.96,,No
CUST-0004330,Female,0,No,Yes,3,Yes,Yes,DSL,No,No,No,Yes,No,No,Month-to-month,No,Bank transfer (automatic),76.2,205.86,No
CUST-0004331,Male,0,Yes,No,38,Yes,No,No,No internet service,No internet service,No internet service,No internet service,No internet service,No internet service,Two year,Yes,Electronic check,117.44,4465.82,No
CUST-0004332,Male,1,No,No,2,Yes,No,Fiber optic,No,No,Yes,No,No,Yes,One year,Yes,Mailed check,91.87,183.21,Yes
CUST-0004333,Male,0,No,Yes,64,Yes,No,No,No internet service,No internet service,No internet service,No internet service,No internet service,No internet service,Month-to-month,Yes,Mailed check,22.39,1413.51,No
CUST-0004334,Female,0,No,No,11,Yes,No,DSL,Yes,No,Yes,Yes,Yes,No,Two year,No,Mailed check,19.16,229.53,No
CUST-0004335,Male,0,No,No,2,Yes,No,No,No internet service,No internet service,No internet service,No internet service,No internet service,No internet service,One year,No,Mailed check,94.37,189.36,No
CUST-0004336,Male,0,Yes,No,45,No,No phone service,Fiber optic,No,No,Yes,Yes,No,Yes,One year,No,Credit card (automatic),24.88,1142.18,No
CUST-0004337,Female,0,No,No,23,Yes,No,Fiber optic,No,No,No,No,Yes,No,Month-to-month,Yes,Credit card (automatic),112.61,2572.39,Yes
CUST-0004338,Female,0,No,Yes,11,Yes,Yes,No,No internet service,No internet service,No internet service,No internet service,No internet service,No internet service,Month-to-month,Yes,Mailed check,92.47,1004.73,No
CUST-0004339,Male,0,Yes,No,16,Yes,Yes,Fiber optic,No,No,No,No,No,No,One year,Yes,Credit card (automatic),47.06,757.64,No
CUST-0004340,Male,0,Yes,No,0,No,No phone service,DSL,No,No,No,Yes,No,Yes,Two year,No,Credit card (automatic),63.04,,Yes
CUST-0004341,Male,0,No,No,34,Yes,No,DSL,No,No,No,Yes,No,No,Two year,Yes,Mailed check,19.69,656.63,No
CUST-0004342,Male,0,Yes,Yes,14,Yes,No,DSL,Yes,Yes,No,No,Yes,Yes,Two year,Yes,Bank transfer (automatic),61.07,910.54,Yes
CUST-0004343,Female,0,Yes,No,40,Yes,No,Fiber optic,No,No,Yes,Yes,No,Yes,One year,No,Electronic check,43.27,1728.33,No
CUST-0004344,Female,0,Yes,No,31,No,No phone service,No,No internet service,No internet service,No internet service,No internet service,No internet service,No internet service,Month-to-month,Yes,Bank transfer (automatic),66.59,2058.44,No
CUST-0004345,Female,0,No,No,33,Yes,No,Fiber optic,Yes,No,Yes,No,Yes,No,One year,No,Electronic check,47.76,1620.86,No
CUST-0004346,Male,1,No,No,50,Yes,Yes,Fiber optic,No,No,No,Yes,No,Yes,Month-to-month,No,Credit card (automatic),73.64,3669.64,No
CUST-0004347,Female,0,Yes,No,31,Yes,No,No,No internet service,No internet service,No internet service,No internet service,No internet service,No internet service,One year,No,Bank transfer (automatic),95.89,2979.63,Yes
CUST-0004348,Female,0,No,Yes,17,Yes,No,DSL,Yes,Yes,No,No,No,Yes,Month-to-month,Yes,Bank transfer (automatic),23.76,417.82,Yes
CUST-0004349,Female,0,No,No,15,Yes,Yes,Fiber optic,No,Yes,No,No,Yes,No,Month-to-month,No,Credit card (automatic),32.21,511.34,No
CUST-0004350,Female,0,Yes,No,4,Yes,No,DSL,No,No,Yes,No,No,No,One year,No,Bank transfer (automatic),110.92,443.38,Yes
CUST-0004351,Female,0,Yes,Yes,48,Yes,No,DSL,No,No,Yes,No,Yes,Yes,Two year,No,Mailed check,98.22,4709.35,Yes
CUST-0004352,Female,0,No,Yes,45,Yes,No,Fiber optic,No,No,Yes,No,No,Yes,Two year,Yes,Credit card (automatic),18.25,795.78,No
CUST-0004353,Male,0,Yes,Yes,9,Yes,No,DSL,Yes,No,No,Yes,No,No,Month-to-month,No,Credit card (automatic),40.62,350.24,No
CUST-0004354,Female,0,No,Yes,63,No,No phone service,DSL,No,No,No,No,No,Yes,Month-to-month,Yes,Credit card (automatic),118.75,7474.57,No
CUST-0004355,Female,0,Yes,No,28,Yes,Yes,Fiber optic,No,Yes,Yes,No,Yes,Yes,Two year,Yes,Electronic check,97.97,2707.96,No
CUST-0004356,Female,0,Yes,Yes,20,Yes,No,Fiber optic,No,No,Yes,No,No,No,One year,Yes,Mailed check,53.16,1064.51,No
CUST-0004357,Male,0,No,No,0,Yes,No,Fiber optic,Yes,No,No,No,No,No,Month-to-month,Yes,Credit card (automatic),64.84,,No
CUST-0004358,Female,0,Yes,No,15,No,No phone service,No,No internet service,No internet service,No internet service,No internet service,No internet service,No internet service,One year,Yes,Credit card (automatic),30.59,441.07,No
CUST-0004359,Female,0,No,No,32,Yes,Yes,Fiber optic,No,Yes,No,No,No,Yes,One year,No,Electronic check,93.86,2977.83,No
CUST-0004360,Male,1,Yes,No,3,Yes,Yes,Fiber optic,No,No,No,No,No,No,Two year,Yes,Bank transfer (automatic),70.19,160.93,Yes
CUST-0004361,Male,0,Yes,No,19,Yes,Yes,Fiber optic,No,Yes,Yes,Yes,Yes,Yes,Two year,No,Mailed check,35.19,708.38,No
CUST-0004362,Female,1,Yes,No,72,Yes,Yes,Fiber optic,Yes,No,Yes,No,No,No,One year,Yes,Credit card (automatic),36.32,2650.44,Yes
CUST-0004363,Female,0,Yes,Yes,40,No,No phone service,DSL,No,No,Yes,Yes,Yes,Yes,One year,Yes,Bank transfer (automatic),46.5,1835.03,No
CUST-0004364,Female,0,Yes,No,25,Yes,No,Fiber optic,Yes,No,No,Yes,Yes,No,One year,Yes,Mailed check,89.98,2210.18,Yes
CUST-0004365,Male,0,Yes,No,24,Yes,No,DSL,No,No,Yes,No,Yes,No,Month-to-month,Yes,Credit card (automatic),65.71,1588.31,No
CUST-0004366,Female,0,No,Yes,1,Yes,No,DSL,No,No,No,No,No,No,One year,No,Mailed check,44.58,36.48,No
CUST-0004367,Male,0,No,No,72,Yes,No,Fiber optic,Yes,Yes,No,No,No,No,Month-to-month,Yes,Mailed check,46.42,3334.9,No
CUST-0004368,Male,0,Yes,No,72,Yes,Yes,Fiber optic,No,No,No,No,Yes,No,Two year,Yes,Bank transfer (automatic),78.37,5641.4,Yes
CUST-0004369,Male,0,No,Yes,36,Yes,No,Fiber optic,No,No,No,No,Yes,Yes,One year,Yes,Electronic check,43.86,1568.51,No
CUST-0004370,Male,0,Yes,No,3,No,No phone service,Fiber optic,Yes,No,Yes,No,No,No,Month-to-month,Yes,Bank transfer (automatic),102.23,344.29,No
CUST-0004371,Male,0,Yes,No,7,Yes,No,Fiber optic,No,Yes,No,Yes,Yes,No,Two year,No,Credit card (automatic),33.72,213.01,No
CUST-0004372,Male,0,No,No,6,Yes,Yes,Fiber optic,No,Yes,No,Yes,Yes,No,Month-to-month,No,Bank transfer (automatic),44.96,247.65,No
CUST-0004373,Male,0,Yes,No,23,Yes,No,DSL,No,No,Yes,Yes,Yes,Yes,Month-to-month,Yes,Mailed check,55.66,1262.89,No
CUST-0004374,Male,1,No,No,7,Yes,Yes,Fiber optic,No,Yes,No,No,Yes,Yes,Month-to-month,No,Mailed check,80.96,557.31,No
CUST-0004375,Female,0,Yes,Yes,38,Yes,Yes,DSL,Yes,No,Yes,No,Yes,No,One year,Yes,Mailed check,91.88,3514.21,No
CUST-0004376,Male,0,No,No,25,Yes,No,DSL,No,No,No,No,Yes,No,One year,Yes,Electronic check,33.58,833.86,No
CUST-0004377,Male,0,No,No,0,Yes,No,Fiber optic,Yes,No,Yes,Yes,Yes,Yes,Month-to-month,No,Mailed check,68.2,,No
CUST-0004378,Female,0,Yes,No,43,Yes,No,DSL,Yes,No,Yes,No,No,No,Month-to-month,Yes,Electronic check,82.11,3528.75,No
CUST-0004379,Male,0,Yes,Yes,6,Yes,Yes,Fiber optic,Yes,No,No,Yes,No,Yes,Month-to-month,Yes,Electronic check,69.78,398.1,Yes
CUST-0004380,Female,1,No,Yes,55,No,No phone service,No,No internet service,No internet service,No internet service,No internet service,No internet service,No internet service,Month-to-month,No,Credit card (automatic),78.92,4358.06,No
CUST-0004381,Male,0,No,No,14,Yes,No,Fiber optic,No,Yes,Yes,Yes,Yes,Yes,Month-to-month,No,Electronic check,83.56,1158.54,Yes
CUST-0004382,Male,0,Yes,No,13,Yes,Yes,No,No internet service,No internet service,No internet service,No internet service,No internet service,No internet service,Month-to-month,Yes,Mailed check,41.34,549.65,No
CUST-0004383,Female,0,Yes,No,0,Yes,No,Fiber optic,No,Yes,Yes,No,Yes,No,Two year,Yes,Mailed check,33.35,,No
CUST-0004384,Female,0,Yes,No,72,Yes,Yes,No,No internet service,No internet service,No internet service,No internet service,No internet service,No internet service,Two year,No,Bank transfer (automatic),31.32,2249.23,No
CUST-0004385,Female,0,No,No,30,Yes,No,DSL,Yes,No,Yes,No,No,Yes,Month-to-month,Yes,Credit card (automatic),46.47,1425.39,No
CUST-0004386,Female,0,No,Yes,17,Yes,Yes,Fiber optic,No,No,No,No,No,Yes,Two year,Yes,Mailed check,88.04,1486.84,Yes
CUST-0004387,Female,0,Yes,Yes,3,Yes,No,Fiber optic,No,Yes,Yes,No,Yes,No,Month-to-month,Yes,Mailed check,77.73,253.21,No
CUST-0004388,Male,0,Yes,No,38,Yes,Yes,No,No internet service,No internet service,No internet service,No internet service,No internet service,No internet service,One year,No,Electronic check,32.16,1256.36,No
CUST-0004389,Male,0,No,No,10,Yes,Yes,DSL,No,No,Yes,No,No,No,Month-to-month,No,Credit card (automatic),18.25,164.23,No
CUST-0004390,Male,1,No,No,72,Yes,Yes,DSL,Yes,No,Yes,Yes,No,No,Two year,Yes,Mailed check,36.4,2634.37,No
CUST-0004391,Male,0,No,No,72,Yes,No,No,No internet service,No internet service,No internet service,No internet service,No internet service,No internet service,One year,Yes,Electronic check,67.63,4844.15,Yes
CUST-0004392,Female,0,Yes,No,42,Yes,No,DSL,Yes,No,No,No,Yes,No,Month-to-month,Yes,Mailed check,31.67,1340.99,No
CUST-0004393,Female,0,No,Yes,72,No,No phone service,DSL,No,No,No,No,No,No,Two year,Yes,Credit card (automatic),118.46,8517.21,No
CUST-0004394,Male,0,No,Yes,3,No,No phone service,Fiber optic,Yes,Yes,Yes,No,Yes,No,Two year,Yes,Bank transfer (automatic),84.7,240.96,No
CUST-0004395,Female,1,Yes,No,10,Yes,No,Fiber optic,No,Yes,Yes,No,No,Yes,Month-to-month,No,Bank transfer (automatic),52.3,524.84,No
CUST-0004396,Female,1,No,No,9,Yes,No,No,No internet service,No internet service,No internet service,No internet service,No internet service,No internet service,Month-to-month,No,Electronic check,105.62,966.89,No
CUST-0004397,Male,0,No,Yes,2,Yes,No,Fiber optic,No,No,No,No,No,Yes,One year,No,Credit card (automatic),42.68,86.7,No
CUST-0004398,Male,0,No,Yes,72,Yes,No,Fiber optic,No,No,No,No,Yes,No,One year,No,Mailed check,66.66,4796.61,Yes
CUST-0004399,Male,0,No,No,1,Yes,No,DSL,No,No,No,No,Yes,No,Month-to-month,Yes,Electronic check,33.63,44.44,Yes
CUST-0004400,Male,0,Yes,Yes,62,Yes,Yes,Fiber optic,No,No,Yes,No,No,No,Two year,No,Electronic check,57.71,3588.42,No
CUST-0004401,Male,0,Yes,No,46,Yes,No,Fiber optic,No,No,No,Yes,Yes,Yes,One year,Yes,Bank transfer (automatic),62.58,2905.7,No
CUST-0004402,Female,0,Yes,Yes,15,Yes,No,DSL,No,No,No,No,No,No,Two year,Yes,Mailed check,55.33,819.41,Yes
CUST-0004403,Male,0,No,No,0,Yes,Yes,No,No internet service,No internet service,No internet service,No internet service,No internet service,No internet service,Month-to-month,No,Electronic check,27.61,,No
CUST-0004404,Male,1,Yes,No,0,Yes,No,DSL,Yes,No,Yes,No,No,No,Month-to-month,No,Electronic check,50.45,,Yes
CUST-0004405,Female,0,No,Yes,7,Yes,No,Fiber optic,No,Yes,No,No,Yes,Yes,Two year,No,Mailed check,40.06,307.27,Yes
CUST-0004406,Female,0,Yes,No,21,Yes,No,No,No internet service,No internet service,No internet service,No internet service,No internet service,No internet service,Two year,No,Credit card (automatic),62.66,1315.79,No
CUST-0004407,Female,1,No,No,19,Yes,No,DSL,No,No,No,No,No,No,Month-to-month,No,Electronic check,64.17,1212.28,Yes
CUST-0004408,Male,0,No,No,28,Yes,Yes,DSL,No,No,Yes,No,No,Yes,Month-to-month,No,Electronic check,64.46,1806.17,No
CUST-0004409,Male,0,No,No,47,Yes,Yes,Fiber optic,No,No,Yes,No,No,Yes,Month-to-month,Yes,Mailed check,35.41,1680.91,No
CUST-0004410,Female,0,No,No,15,No,No phone service,DSL,No,No,No,No,No,No,Month-to-month,Yes,Mailed check,91.07,1365.83,No
CUST-0004411,Male,0,No,No,5,Yes,No,Fiber optic,Yes,No,No,No,Yes,No,Two year,Yes,Mailed check,93.82,459.53,Yes
CUST-0004412,Male,1,Yes,No,51,No,No phone service,DSL,No,No,No,No,Yes,No,One year,Yes,Mailed check,108.6,5537.36,No
CUST-0004413,Female,0,Yes,No,12,Yes,Yes,No,No internet service,No internet service,No internet service,No internet service,No internet service,No internet service,Two year,No,Credit card (automatic),44.39,520.78,No
CUST-0004414,Female,0,Yes,No,10,Yes,Yes,No,No internet service,No internet service,No internet service,No internet service,No internet service,No internet service,One year,Yes,Mailed check,83.7,824.83,No
CUST-0004415,Male,0,No,No,46,Yes,Yes,No,No internet service,No internet service,No internet service,No internet service,No internet service,No internet service,Two year,Yes,Electronic check,20.48,949.91,No
CUST-0004416,Male,1,Yes,Yes,72,Yes,Yes,DSL,Yes,No,Yes,No,Yes,Yes,Month-to-month,Yes,Electronic check,61.77,4425.51,No
CUST-0004417,Male,1,No,Yes,72,Yes,Yes,DSL,Yes,No,Yes,Yes,No,No,Month-to-month,No,Mailed check,75.16,5399.94,Yes
CUST-0004418,Male,0,Yes,Yes,4,No,No phone service,DSL,No,No,Yes,No,Yes,No,One year,No,Credit card (automatic),91.35,344.05,No
CUST-0004419,Male,0,No,No,22,Yes,No,Fiber optic,No,No,No,No,Yes,Yes,Month-to-month,No,Bank transfer (automatic),57.86,1266.43,No
CUST-0004420,Male,0,No,No,3,Yes,No,DSL,No,Yes,Yes,Yes,No,Yes,One year,Yes,Bank transfer (automatic),43.55,117.56,No
CUST-0004421,Male,0,No,No,72,Yes,Yes,No,No internet service,No internet service,No internet service,No internet service,No internet service,No internet service,Two year,Yes,Bank transfer (automatic),50.17,3604.07,No
CUST-0004422,Female,0,No,Yes,7,Yes,No,Fiber optic,Yes,No,Yes,No,Yes,Yes,Month-to-month,Yes,Electronic check,96.64,660.41,No
CUST-0004423,Female,0,Yes,Yes,7,Yes,No,Fiber optic,No,Yes,No,Yes,No,Yes,Month-to-month,No,Electronic check,18.62,80.85,No
CUST-0004424,Female,0,Yes,No,70,Yes,Yes,Fiber optic,No,Yes,Yes,No,No,Yes,Two year,No,Credit card (automatic),23.86,1699.85,No
CUST-0004425,Male,0,No,No,72,Yes,No,Fiber optic,No,Yes,Yes,Yes,No,No,Month-to-month,Yes,Electronic check,26.85,1943.26,No
CUST-0004426,Male,0,Yes,Yes,38,Yes,Yes,DSL,No,Yes,Yes,No,No,No,Two year,No,Electronic check,103.97,3938.11,No
CUST-0004427,Male,1,No,No,4,Yes,Yes,DSL,No,Yes,Yes,No,Yes,Yes,One year,No,Credit card (automatic),43.98,182.41,No
CUST-0004428,Male,0,No,No,21,Yes,Yes,Fiber optic,Yes,No,No,No,Yes,No,Two year,No,Bank transfer (automatic),39.02,789.98,No
CUST-0004429,Male,0,No,No,54,Yes,No,Fiber optic,No,Yes,Yes,Yes,No,No,Month-to-month,No,Bank transfer (automatic),59.89,3204.96,No
CUST-0004430,Female,1,Yes,No,27,Yes,No,DSL,Yes,No,No,Yes,No,No,Two year,No,Mailed check,68.28,1827.73,No
CUST-0004431,Female,0,No,No,4,Yes,Yes,No,No internet service,No internet service,No internet service,No internet service,No internet service,No internet service,Month-to-month,Yes,Electronic check,18.25,82.23,No
CUST-0004432,Female,0,Yes,No,6,Yes,No,No,No internet service,No internet service,No internet service,No internet service,No internet service,No internet service,Month-to-month,No,Bank transfer (automatic),25.4,158.66,No
CUST-0004433,Male,0,Yes,Yes,63,Yes,Yes,DSL,No,No,Yes,No,No,No,Month-to-month,Yes,Mailed check,44.0,2791.35,No
CUST-0004434,Female,0,Yes,No,23,Yes,No,Fiber optic,No,No,Yes,No,Yes,Yes,One year,No,Electronic check,67.38,1555.61,No
CUST-0004435,Male,0,Yes,No,39,Yes,No,Fiber optic,Yes,No,No,Yes,No,No,Two year,Yes,Credit card (automatic),33.24,1287.12,No
CUST-0004436,Male,0,Yes,No,14,No,No phone service,DSL,Yes,Yes,No,Yes,Yes,No,Month-to-month,No,Electronic check,66.62,940.64,No
CUST-0004437,Male,0,Yes,No,24,No,No phone service,No,No internet service,No internet service,No internet service,No internet service,No internet service,No internet service,Two year,No,Mailed check,79.45,1925.64,No
CUST-0004438,Female,0,No,Yes,72,Yes,No,No,No internet service,No internet service,No internet service,No internet service,No internet service,No internet service,One year,No,Electronic check,18.25,1316.31,No
CUST-0004439,Female,0,Yes,No,12,Yes,No,Fiber optic,Yes,No,Yes,No,Yes,Yes,One year,No,Mailed check,40.18,467.32,No
CUST-0004440,Male,0,No,No,35,Yes,No,No,No internet service,No internet service,No internet service,No internet service,No internet service,No internet service,One year,No,Bank transfer (automatic),55.38,1969.82,No
CUST-0004441,Female,0,Yes,No,6,Yes,Yes,Fiber optic,Yes,Yes,No,Yes,No,No,Month-to-month,Yes,Electronic check,51.24,301.71,No
CUST-0004442,Female,0,Yes,No,4,Yes,Yes,Fiber optic,No,No,No,No,No,No,One year,Yes,Mailed check,46.22,203.17,No
CUST-0004443,Male,0,No,No,48,Yes,Yes,Fiber optic,No,No,Yes,Yes,No,No,Two year,No,Electronic check,86.52,4131.32,No
CUST-0004444,Male,0,No,Yes,59,Yes,Yes,DSL,Yes,Yes,Yes,No,No,Yes,Month-to-month,Yes,Electronic check,75.38,4460.41,No
CUST-0004445,Male,0,Yes,No,35,Yes,Yes,DSL,Yes,No,No,No,No,No,Month-to-month,Yes,Credit card (automatic),72.73,2527.05,Yes
CUST-0004446,Female,0,Yes,Yes,5,No,No phone service,Fiber optic,No,No,No,No,No,Yes,Month-to-month,Yes,Bank transfer (automatic),37.94,189.99,No
CUST-0004447,Male,0,Yes,Yes,8,Yes,Yes,Fiber optic,No,Yes,No,No,Yes,No,Month-to-month,Yes,Mailed check,86.64,709.13,No
CUST-0004448,Female,1,Yes,Yes,72,Yes,No,Fiber optic,No,No,Yes,No,Yes,No,Month-to-month,No,Mailed check,110.14,7948.25,No
CUST-0004449,Male,0,No,Yes,10,No,No phone service,Fiber optic,No,Yes,Yes,No,No,No,Two year,Yes,Bank transfer (automatic),23.54,247.03,No
CUST-0004450,Female,0,No,No,54,Yes,Yes,DSL,No,No,Yes,No,Yes,Yes,Month-to-month,No,Electronic check,30.56,1669.79,No
CUST-0004451,Male,0,Yes,No,10,No,No phone service,Fiber optic,No,No,No,No,No,No,Month-to-month,Yes,Electronic check,74.62,757.6,No
CUST-0004452,Female,0,No,Yes,72,Yes,Yes,Fiber optic,Yes,Yes,No,No,No,Yes,Month-to-month,Yes,Mailed check,43.55,3121.12,No
CUST-0004453,Female,0,Yes,No,72,No,No phone service,DSL,No,Yes,Yes,No,Yes,No,Month-to-month,No,Credit card (automatic),71.31,5127.0,Yes
CUST-0004454,Female,0,No,Yes,1,No,No phone service,No,No internet service,No internet service,No internet service,No internet service,No internet service,No internet service,Month-to-month,Yes,Mailed check,82.25,88.89,Yes
CUST-0004455,Female,0,No,No,47,Yes,No,Fiber optic,No,Yes,No,No,Yes,Yes,Two year,No,Credit card (automatic),66.48,3107.22,No
CUST-0004456,Male,0,No,No,5,Yes,No,DSL,No,Yes,No,No,Yes,No,One year,No,Electronic check,31.83,185.74,No
CUST-0004457,Female,1,No,No,7,Yes,No,Fiber optic,Yes,No,No,Yes,No,No,One year,No,Electronic check,118.75,828.72,No
CUST-0004458,Male,0,No,Yes,19,Yes,Yes,Fiber optic,No,Yes,Yes,Yes,No,No,Month-to-month,No,Bank transfer (automatic),44.35,844.07,No
CUST-0004459,Male,1,Yes,No,27,Yes,No,Fiber optic,Yes,Yes,No,No,Yes,No,Month-to-month,Yes,Electronic check,103.78,2788.31,No
CUST-0004460,Female,0,No,Yes,12,Yes,No,No,No internet service,No internet service,No internet service,No internet service,No internet service,No internet service,Month-to-month,Yes,Electronic check,59.67,725.87,Yes
CUST-0004461,Male,0,Yes,No,27,Yes,Yes,Fiber optic,No,Yes,Yes,No,No,No,Month-to-month,No,Electronic check,109.39,2937.13,No
CUST-0004462,Female,0,Yes,No,5,Yes,No,No,No internet service,No internet service,No internet service,No internet service,No internet service,No internet service,One year,No,Mailed check,49.21,223.51,No
CUST-0004463,Female,1,No,No,0,Yes,Yes,No,No internet service,No internet service,No internet service,No internet service,No internet service,No internet service,Month-to-month,Yes,Credit card (automatic),88.29,,No
CUST-0004464,Male,1,Yes,No,27,Yes,Yes,DSL,No,No,No,No,No,No,Month-to-month,Yes,Electronic check,94.09,2540.55,No
CUST-0004465,Female,0,No,No,23,No,No phone service,DSL,No,No,No,No,No,Yes,Month-to-month,No,Electronic check,49.84,1141.26,No
CUST-0004466,Male,0,No,No,37,Yes,No,Fiber optic,No,No,Yes,Yes,Yes,No,Two year,Yes,Bank transfer (automatic),88.99,3324.49,No
CUST-0004467,Male,0,No,No,33,Yes,No,Fiber optic,No,No,No,No,Yes,No,Two year,Yes,Mailed check,55.77,1856.96,No
CUST-0004468,Male,0,No,Yes,72,Yes,No,No,No internet service,No internet service,No internet service,No internet service,No internet service,No internet service,Two year,Yes,Credit card (automatic),70.31,5063.02,No
CUST-0004469,Female,0,Yes,No,19,Yes,No,No,No internet service,No internet service,No internet service,No internet service,No internet service,No internet service,Month-to-month,Yes,Mailed check,28.93,554.89,No
CUST-0004470,Female,1,No,Yes,0,Yes,No,Fiber optic,No,No,Yes,No,No,No,Month-to-month,No,Electronic check,40.49,,No
CUST-0004471,Female,0,Yes,Yes,31,Yes,No,Fiber optic,No,No,No,Yes,Yes,No,Two year,Yes,Electronic check,90.15,2829.44,No
CUST-0004472,Female,0,No,Yes,35,Yes,No,Fiber optic,No,No,No,Yes,Yes,No,One year,No,Mailed check,71.76,2521.88,No
CUST-0004473,Male,0,No,No,23,Yes,No,DSL,No,No,Yes,No,Yes,No,Month-to-month,Yes,Mailed check,91.01,2097.82,No
CUST-0004474,Male,0,No,No,37,Yes,No,DSL,Yes,No,No,No,No,No,One year,No,Mailed check,66.77,2472.11,No
CUST-0004475,Female,0,No,Yes,12,Yes,Yes,Fiber optic,No,No,No,No,No,Yes,Two year,No,Mailed check,71.08,862.26,No
CUST-0004476,Male,0,No,No,5,Yes,Yes,Fiber optic,No,No,No,No,No,Yes,Month-to-month,No,Bank transfer (automatic),82.54,436.56,Yes
CUST-0004477,Male,1,Yes,No,34,Yes,Yes,Fiber optic,No,Yes,Yes,No,No,No,Month-to-month,No,Credit card (automatic),18.78,644.92,No
CUST-0004478,Male,0,Yes,No,9,Yes,Yes,DSL,No,No,No,No,No,No,One year,No,Bank transfer (automatic),64.86,609.67,No
CUST-0004479,Female,0,Yes,No,19,Yes,Yes,DSL,No,Yes,Yes,No,No,No,One year,Yes,Mailed check,65.53,1230.65,Yes
CUST-0004480,Female,0,No,No,21,Yes,Yes,Fiber optic,No,No,Yes,No,No,Yes,One year,Yes,Mailed check,65.93,1353.83,No
CUST-0004481,Male,0,No,No,20,Yes,Yes,No,No internet service,No internet service,No internet service,No internet service,No internet service,No internet service,Month-to-month,No,Credit card (automatic),101.92,2051.01,Yes
CUST-0004482,Male,0,No,Yes,29,Yes,No,No,No internet service,No internet service,No internet service,No internet service,No internet service,No internet service,One year,Yes,Credit card (automatic),28.12,809.0,No
CUST-0004483,Female,0,No,No,0,Yes,Yes,Fiber optic,No,Yes,No,No,No,Yes,One year,No,Electronic check,38.64,,No
CUST-0004484,Female,0,No,No,72,Yes,No,No,No internet service,No internet service,No internet service,No internet service,No internet service,No internet service,Month-to-month,Yes,Bank transfer (automatic),72.08,5177.85,No
CUST-0004485,Male,1,Yes,Yes,40,Yes,Yes,DSL,No,Yes,No,No,Yes,No,One year,Yes,Electronic check,66.05,2642.61,No
CUST-0004486,Female,0,Yes,Yes,17,Yes,No,No,No internet service,No internet service,No internet service,No internet service,No internet service,No internet service,Month-to-month,No,Electronic check,103.59,1756.77,No
CUST-0004487,Male,0,Yes,No,6,Yes,No,Fiber optic,No,No,No,Yes,No,Yes,Two year,No,Credit card (automatic),71.21,445.48,Yes
CUST-0004488,Male,1,No,Yes,2,No,No phone service,No,No internet service,No internet service,No internet service,No internet service,No internet service,No internet service,One year,No,Electronic check,102.76,195.88,No
CUST-0004489,Female,0,Yes,Yes,35,Yes,No,DSL,No,No,No,Yes,Yes,No,Month-to-month,Yes,Electronic check,61.96,2151.84,No
CUST-0004490,Female,1,No,No,12,Yes,No,No,No internet service,No internet service,No internet service,No internet service,No internet service,No internet service,Two year,Yes,Mailed check,28.65,335.45,Yes
CUST-0004491,Male,0,No,No,8,Yes,Yes,Fiber optic,No,Yes,No,Yes,No,Yes,One year,Yes,Mailed check,55.37,451.13,No
CUST-0004492,Female,0,Yes,No,15,Yes,Yes,DSL,No,Yes,No,No,Yes,No,Month-to-month,Yes,Electronic check,77.77,1158.14,No
CUST-0004493,Female,1,Yes,No,28,Yes,No,Fiber optic,No,No,Yes,No,No,No,Month-to-month,No,Credit card (automatic),58.13,1625.59,No
CUST-0004494,Female,1,Yes,No,35,Yes,No,DSL,No,Yes,No,Yes,No,No,One year,No,Electronic check,35.48,1230.8,No
CUST-0004495,Female,0,Yes,No,33,Yes,Yes,Fiber optic,No,No,No,No,Yes,Yes,Two year,Yes,Bank transfer (automatic),82.63,2716.83,No
CUST-0004496,Female,0,No,Yes,63,No,No phone service,DSL,No,Yes,No,No,Yes,No,Month-to-month,No,Mailed check,91.82,5815.51,No
CUST-0004497,Male,0,Yes,Yes,7,Yes,No,Fiber optic,No,Yes,No,No,No,Yes,One year,Yes,Electronic check,79.22,589.64,No
CUST-0004498,Male,0,No,No,32,Yes,No,No,No internet service,No internet service,No internet service,No internet service,No internet service,No internet service,One year,Yes,Electronic check,48.13,1565.57,No
CUST-0004499,Male,0,No,No,3,Yes,No,No,No internet service,No internet service,No internet service,No internet service,No internet service,No internet service,Month-to-month,No,Electronic check,38.49,129.34,Yes
CUST-0004500,Male,0,Yes,No,25,Yes,No,DSL,No,Yes,No,No,No,No,Month-to-month,Yes,Mailed check,83.47,2092.57,Yes
CUST-0004501,Female,0,No,No,28,Yes,Yes,DSL,No,No,No,No,No,Yes,Month-to-month,No,Electronic check,43.5,1200.77,No
CUST-0004502,Female,0,No,Yes,7,No,No phone service,Fiber optic,No,No,No,No,No,No,Month-to-month,Yes,Bank transfer (automatic),87.79,602.53,No
CUST-0004503,Male,0,No,No,15,Yes,No,DSL,No,Yes,Yes,No,No,No,Month-to-month,No,Electronic check,18.25,267.2,No
CUST-0004504,Male,0,Yes,No,56,Yes,Yes,No,No internet service,No internet service,No internet service,No internet service,No internet service,No internet service,Month-to-month,Yes,Mailed check,54.25,3081.58,Yes
CUST-0004505,Male,1,Yes,No,5,Yes,Yes,Fiber optic,No,No,Yes,No,Yes,Yes,Two year,Yes,Electronic check,18.25,75.62,No
CUST-0004506,Male,0,Yes,No,18,Yes,Yes,Fiber optic,No,Yes,No,No,No,No,Month-to-month,Yes,Mailed check,51.12,926.05,Yes
CUST-0004507,Female,1,Yes,No,72,Yes,Yes,DSL,Yes,No,No,No,No,No,Month-to-month,No,Bank transfer (automatic),97.48,6979.12,No
CUST-0004508,Male,0,No,No,22,Yes,Yes,Fiber optic,No,No,No,No,No,Yes,Month-to-month,No,Electronic check,81.97,1814.64,No
CUST-0004509,Female,0,No,No,41,Yes,No,No,No internet service,No internet service,No internet service,No internet service,No internet service,No internet service,Month-to-month,No,Credit card (automatic),63.11,2584.15,No
CUST-0004510,Female,0,No,Yes,56,Yes,No,Fiber optic,No,No,Yes,No,No,Yes,Month-to-month,Yes,Electronic check,56.84,3149.43,No
CUST-0004511,Male,0,Yes,Yes,7,No,No phone service,No,No internet service,No internet service,No internet service,No internet service,No internet service,No internet service,Month-to-month,No,Mailed check,18.25,146.15,No
CUST-0004512,Male,0,Yes,Yes,7,Yes,No,DSL,No,No,No,No,No,Yes,One year,Yes,Electronic check,19.11,141.49,No
CUST-0004513,Male,0,No,Yes,45,Yes,No,DSL,No,No,Yes,No,No,No,Two year,Yes,Credit card (automatic),72.04,3213.62,No
CUST-0004514,Female,1,Yes,No,44,Yes,Yes,No,No internet service,No internet service,No internet service,No internet service,No internet service,No internet service,Two year,No,Mailed check,100.05,4401.86,No
CUST-0004515,Female,0,Yes,No,1,Yes,Yes,Fiber optic,No,No,Yes,Yes,Yes,No,Month-to-month,Yes,Electronic check,72.53,80.42,No
CUST-0004516,Male,0,No,No,12,Yes,Yes,DSL,No,Yes,No,No,No,No,Month-to-month,Yes,Bank transfer (automatic),69.34,833.36,Yes
CUST-0004517,Female,1,Yes,No,16,Yes,No,Fiber optic,No,Yes,No,No,Yes,Yes,One year,Yes,Electronic check,118.75,1917.46,No
CUST-0004518,Female,0,No,No,56,No,No phone service,Fiber optic,No,No,Yes,Yes,No,Yes,One year,Yes,Mailed check,57.51,3228.2,No
CUST-0004519,Male,0,Yes,Yes,17,Yes,Yes,Fiber optic,No,Yes,No,Yes,No,No,Month-to-month,Yes,Credit card (automatic),18.25,336.15,Yes
CUST-0004520,Male,1,No,No,72,Yes,Yes,No,No internet service,No internet service,No internet service,No internet service,No internet service,No internet service,One year,Yes,Mailed check,55.13,3936.43,No
CUST-0004521,Female,0,No,No,72,Yes,No,DSL,No,Yes,No,No,Yes,Yes,Month-to-month,Yes,Mailed check,45.07,3280.53,No
CUST-0004522,Female,0,Yes,No,48,Yes,No,Fiber optic,No,No,Yes,No,Yes,No,Month-to-month,Yes,Credit card (automatic),108.0,5182.72,No
CUST-0004523,Female,0,No,No,35,Yes,No,Fiber optic,No,No,Yes,No,No,No,Two year,No,Electronic check,104.22,3687.35,Yes
CUST-0004524,Female,0,No,Yes,15,Yes,No,Fiber optic,No,No,No,No,Yes,No,Month-to-month,Yes,Mailed check,64.42,931.77,No
CUST-0004525,Female,0,No,No,2,Yes,Yes,Fiber optic,Yes,Yes,No,Yes,No,No,Month-to-month,No,Bank transfer (automatic),72.59,143.92,Yes
CUST-0004526,Male,0,Yes,No,27,Yes,No,Fiber optic,No,Yes,No,Yes,No,No,One year,Yes,Credit card (automatic),83.7,2296.04,No
CUST-0004527,Female,0,No,No,14,Yes,Yes,DSL,No,No,No,No,No,No,Month-to-month,Yes,Bank transfer (automatic),92.29,1283.16,No
CUST-0004528,Female,0,Yes,No,13,Yes,Yes,Fiber optic,No,No,Yes,Yes,Yes,No,Month-to-month,Yes,Mailed check,70.4,865.05,No
CUST-0004529,Female,0,No,No,37,No,No phone service,DSL,Yes,No,No,No,Yes,No,Two year,Yes,Mailed check,74.25,2748.55,Yes
CUST-0004530,Male,0,No,Yes,19,Yes,No,DSL,Yes,No,Yes,No,No,No,Month-to-month,No,Mailed check,70.48,1348.54,No
CUST-0004531,Male,0,No,Yes,44,Yes,Yes,Fiber optic,No,Yes,Yes,No,No,Yes,Two year,No,Mailed check,54.44,2407.51,No
CUST-0004532,Male,0,No,No,16,Yes,Yes,DSL,No,No,No,Yes,Yes,No,Two year,No,Credit card (automatic),87.65,1409.94,No
CUST-0004533,Male,0,Yes,Yes,5,Yes,Yes,Fiber optic,No,No,Yes,No,No,Yes,One year,Yes,Credit card (automatic),76.67,381.85,Yes
CUST-0004534,Male,0,Yes,No,19,Yes,No,DSL,No,No,No,No,No,Yes,Month-to-month,Yes,Electronic check,42.85,826.58,No
CUST-0004535,Female,1,No,Yes,72,Yes,Yes,Fiber optic,No,Yes,No,No,Yes,No,Month-to-month,Yes,Electronic check,85.77,6129.96,No
CUST-0004536,Female,0,No,No,51,Yes,No,No,No internet service,No internet service,No internet service,No internet service,No internet service,No internet service,Month-to-month,No,Bank transfer (automatic),61.72,3169.09,No
CUST-0004537,Male,0,Yes,No,7,Yes,No,DSL,No,No,Yes,No,No,No,One year,No,Bank transfer (automatic),96.78,687.59,Yes
CUST-0004538,Female,0,No,Yes,15,Yes,Yes,Fiber optic,No,No,No,Yes,No,No,Month-to-month,No,Bank transfer (automatic),78.02,1158.6,No
CUST-0004539,Male,0,No,No,72,Yes,No,Fiber optic,No,No,No,Yes,Yes,Yes,Month-to-month,Yes,Electronic check,64.71,4638.42,No
CUST-0004540,Male,1,No,No,4,Yes,Yes,DSL,Yes,No,Yes,Yes,No,No,One year,No,Bank transfer (automatic),18.25,93.76,No
CUST-0004541,Male,0,Yes,No,9,Yes,No,Fiber optic,Yes,No,No,No,Yes,Yes,Month-to-month,No,Bank transfer (automatic),19.03,162.43,No
CUST-0004542,Female,0,Yes,No,9,Yes,No,DSL,Yes,Yes,No,Yes,Yes,No,Month-to-month,Yes,Electronic check,118.75,1120.52,Yes
CUST-0004543,Male,0,No,Yes,27,Yes,No,DSL,Yes,No,No,No,Yes,No,Two year,Yes,Bank transfer (automatic),66.4,1778.18,No
CUST-0004544,Male,0,No,No,16,Yes,Yes,No,No internet service,No internet service,No internet service,No internet service,No internet service,No internet service,Two year,Yes,Bank transfer (automatic),83.68,1350.84,Yes
CUST-0004545,Male,0,No,No,2,Yes,No,DSL,No,No,Yes,No,No,Yes,Two year,Yes,Mailed check,78.31,181.17,No
CUST-0004546,Female,0,Yes,No,31,Yes,Yes,Fiber optic,Yes,Yes,No,No,Yes,No,Month-to-month,Yes,Electronic check,118.75,3634.34,No
CUST-0004547,Male,0,No,No,3,Yes,No,DSL,Yes,No,No,No,No,Yes,Month-to-month,No,Mailed check,78.83,224.59,No
CUST-0004548,Female,0,No,Yes,29,Yes,Yes,DSL,No,No,No,No,Yes,Yes,Month-to-month,Yes,Credit card (automatic),73.18,2120.71,No
CUST-0004549,Female,1,Yes,Yes,22,Yes,No,DSL,No,No,No,Yes,No,Yes,One year,Yes,Mailed check,95.49,2127.8,No
CUST-0004550,Female,0,No,No,21,Yes,No,DSL,No,No,No,No,No,No,Two year,Yes,Credit card (automatic),66.26,1387.27,No
CUST-0004551,Female,0,No,No,2,Yes,No,Fiber optic,No,No,Yes,No,No,No,One year,Yes,Credit card (automatic),18.25,44.54,No
CUST-0004552,Male,1,Yes,No,32,Yes,Yes,Fiber optic,No,Yes,No,Yes,Yes,Yes,One year,Yes,Credit card (automatic),37.75,1218.2,No
CUST-0004553,Male,0,No,Yes,18,Yes,No,Fiber optic,No,No,No,No,No,Yes,Two year,Yes,Bank transfer (automatic),108.13,1916.44,Yes
CUST-0004554,Female,0,No,Yes,16,Yes,Yes,Fiber optic,No,No,No,No,No,No,Month-to-month,Yes,Electronic check,65.73,1054.53,No
CUST-0004555,Male,0,No,Yes,29,Yes,Yes,No,No internet service,No internet service,No internet service,No internet service,No internet service,No internet service,One year,No,Mailed check,89.97,2601.12,Yes
CUST-0004556,Female,0,No,No,29,Yes,No,No,No internet service,No internet service,No internet service,No internet service,No internet service,No internet service,Two year,No,Bank transfer (automatic),18.25,513.82,No
CUST-0004557,Female,0,No,No,0,Yes,No,Fiber optic,No,No,No,No,No,Yes,One year,Yes,Credit card (automatic),95.22,,Yes
CUST-0004558,Female,0,Yes,No,4,Yes,Yes,No,No internet service,No internet service,No internet service,No internet service,No internet service,No internet service,One year,Yes,Bank transfer (automatic),94.48,405.38,No
CUST-0004559,Female,0,No,Yes,8,Yes,No,Fiber optic,Yes,No,Yes,No,No,No,One year,Yes,Mailed check,89.32,690.72,No
CUST-0004560,Female,1,No,Yes,36,Yes,No,No,No internet service,No internet service,No internet service,No internet service,No internet service,No internet service,Two year,Yes,Electronic check,90.43,3296.65,No
CUST-0004561,Female,0,Yes,No,27,Yes,Yes,Fiber optic,No,No,No,Yes,No,Yes,Month-to-month,Yes,Bank transfer (automatic),18.25,511.24,No
CUST-0004562,Male,0,No,No,45,Yes,No,No,No internet service,No internet service,No internet service,No internet service,No internet service,No internet service,Two year,No,Electronic check,93.85,4221.03,No
CUST-0004563,Female,0,Yes,No,43,Yes,No,Fiber optic,No,No,No,Yes,No,No,Month-to-month,Yes,Mailed check,18.25,842.89,No
CUST-0004564,Male,0,No,No,61,Yes,No,Fiber optic,No,No,No,No,No,No,Month-to-month,Yes,Electronic check,52.19,3181.88,No
CUST-0004565,Male,0,Yes,No,15,Yes,No,Fiber optic,Yes,No,No,No,Yes,No,Month-to-month,Yes,Credit card (automatic),46.7,694.21,Yes
CUST-0004566,Female,0,Yes,Yes,13,Yes,Yes,No,No internet service,No internet service,No internet service,No internet service,No internet service,No internet service,Month-to-month,No,Bank transfer (automatic),65.0,870.53,No
CUST-0004567,Male,0,No,Yes,56,Yes,No,No,No internet service,No internet service,No internet service,No internet service,No internet service,No internet service,Month-to-month,Yes,Electronic check,18.25,1030.85,No
CUST-0004568,Male,1,No,No,8,Yes,No,DSL,Yes,Yes,No,No,No,Yes,One year,Yes,Mailed check,18.25,138.83,No
CUST-0004569,Male,0,No,No,19,Yes,No,Fiber optic,Yes,Yes,No,No,No,No,One year,Yes,Credit card (automatic),77.9,1498.92,No
CUST-0004570,Female,0,No,No,6,Yes,No,DSL,No,No,Yes,Yes,No,Yes,One year,Yes,Electronic check,74.47,436.77,Yes
CUST-0004571,Male,1,No,No,72,Yes,Yes,DSL,No,Yes,Yes,No,No,No,Month-to-month,No,Bank transfer (automatic),76.78,5532.96,Yes
CUST-0004572,Female,0,No,No,16,Yes,Yes,No,No internet service,No internet service,No internet service,No internet service,No internet service,No internet service,Two year,Yes,Bank transfer (automatic),38.91,601.99,No
CUST-0004573,Male,0,No,Yes,7,Yes,Yes,Fiber optic,No,No,No,Yes,No,No,Month-to-month,Yes,Electronic check,60.0,411.68,No
CUST-0004574,Female,0,No,No,37,Yes,No,Fiber optic,No,Yes,No,No,Yes,No,Two year,Yes,Credit card (automatic),47.54,1802.68,Yes
CUST-0004575,Female,0,Yes,No,8,Yes,No,Fiber optic,No,Yes,No,Yes,No,No,One year,No,Mailed check,30.73,236.51,No
CUST-0004576,Male,1,No,No,72,Yes,Yes,Fiber optic,Yes,No,No,No,No,No,Month-to-month,Yes,Bank transfer (automatic),49.88,3601.2,No
CUST-0004577,Male,0,Yes,No,14,Yes,Yes,DSL,No,Yes,No,No,Yes,Yes,Month-to-month,No,Mailed check,53.13,731.26,Yes
CUST-0004578,Male,0,No,No,34,Yes,No,DSL,Yes,No,Yes,No,Yes,No,Two year,No,Bank transfer (automatic),33.71,1171.31,Yes
CUST-0004579,Female,0,Yes,Yes,13,Yes,Yes,Fiber optic,No,No,No,No,No,Yes,Two year,No,Bank transfer (automatic),94.93,1240.23,No
CUST-0004580,Female,0,No,No,52,Yes,Yes,DSL,No,No,No,Yes,Yes,Yes,Month-to-month,No,Credit card (automatic),92.46,4779.34,Yes
CUST-0004581,Female,0,No,No,72,Yes,Yes,DSL,No,No,Yes,No,Yes,No,One year,Yes,Mailed check,106.62,7674.42,No
CUST-0004582,Male,0,No,No,49,Yes,No,DSL,No,Yes,No,Yes,No,No,Month-to-month,No,Bank transfer (automatic),76.02,3721.36,No
CUST-0004583,Female,0,No,Yes,60,Yes,No,No,No internet service,No internet service,No internet service,No internet service,No internet service,No internet service,Month-to-month,No,Bank transfer (automatic),93.13,5581.26,No
CUST-0004584,Female,0,No,Yes,3,Yes,Yes,DSL,No,No,Yes,Yes,No,No,Month-to-month,Yes,Bank transfer (automatic),84.31,261.82,Yes
CUST-0004585,Female,0,Yes,Yes,72,Yes,No,No,No internet service,No internet service,No internet service,No internet service,No internet service,No internet service,Month-to-month,Yes,Bank transfer (automatic),66.63,4772.66,No
CUST-0004586,Female,0,No,No,31,Yes,No,Fiber optic,No,Yes,No,Yes,No,No,Two year,Yes,Electronic check,76.21,2346.41,No
CUST-0004587,Male,0,Yes,No,65,Yes,Yes,DSL,No,No,No,Yes,No,No,Month-to-month,Yes,Bank transfer (automatic),83.35,5457.82,Yes
CUST-0004588,Male,1,No,Yes,36,No,No phone service,Fiber optic,No,No,No,No,No,No,Month-to-month,Yes,Mailed check,79.61,2887.85,No
CUST-0004589,Female,1,Yes,No,7,Yes,No,Fiber optic,Yes,No,Yes,No,No,Yes,Month-to-month,No,Mailed check,67.51,469.88,No
CUST-0004590,Female,0,No,No,30,Yes,No,No,No internet service,No internet service,No internet service,No internet service,No internet service,No internet service,Month-to-month,Yes,Mailed check,90.38,2710.51,No
CUST-0004591,Female,1,No,No,3,Yes,No,No,No internet service,No internet service,No internet service,No internet service,No internet service,No internet service,Month-to-month,No,Electronic check,67.01,185.35,Yes
CUST-0004592,Male,0,No,Yes,38,Yes,No,DSL,Yes,No,Yes,Yes,No,No,One year,Yes,Electronic check,89.52,3415.18,No
CUST-0004593,Male,0,No,Yes,16,Yes,No,No,No internet service,No internet service,No internet service,No internet service,No internet service,No internet service,Month-to-month,No,Electronic check,33.43,557.1,Yes
CUST-0004594,Male,0,No,Yes,5,Yes,Yes,DSL,No,Yes,No,No,No,Yes,Month-to-month,No,Mailed check,104.46,522.48,No
CUST-0004595,Male,0,Yes,No,72,Yes,No,DSL,No,No,No,Yes,No,Yes,Month-to-month,Yes,Mailed check,38.7,2768.78,No
CUST-0004596,Female,0,No,No,72,No,No phone service,DSL,No,No,No,No,No,No,Month-to-month,Yes,Electronic check,39.36,2827.08,Yes
CUST-0004597,Female,0,No,Yes,71,No,No phone service,Fiber optic,No,No,Yes,No,No,No,Two year,Yes,Bank transfer (automatic),108.6,7682.79,No
CUST-0004598,Male,1,Yes,Yes,49,Yes,Yes,DSL,No,No,No,No,No,Yes,Month-to-month,Yes,Bank transfer (automatic),51.76,2564.99,No
CUST-0004599,Male,0,Yes,Yes,37,Yes,Yes,Fiber optic,No,No,No,No,No,No,Month-to-month,Yes,Credit card (automatic),65.53,2403.37,No
CUST-0004600,Male,0,Yes,Yes,34,Yes,Yes,No,No internet service,No internet service,No internet service,No internet service,No internet service,No internet service,Two year,No,Credit card (automatic),68.11,2321.89,Yes
CUST-0004601,Male,0,No,No,3,Yes,No,No,No internet service,No internet service,No internet service,No internet service,No internet service,No internet service,Month-to-month,Yes,Credit card (automatic),81.08,247.18,No
CUST-0004602,Female,0,Yes,No,72,No,No phone service,No,No internet service,No internet service,No internet service,No internet service,No internet service,No internet service,Two year,No,Credit card (automatic),118.75,8520.73,No
CUST-0004603,Female,0,Yes,No,68,Yes,Yes,DSL,No,No,No,No,Yes,No,Month-to-month,Yes,Credit card (automatic),56.11,3828.54,No
CUST-0004604,Male,0,Yes,No,44,Yes,Yes,Fiber optic,Yes,No,Yes,No,Yes,No,One year,No,Mailed check,85.22,3794.72,Yes
CUST-0004605,Female,0,No,No,72,Yes,No,No,No internet service,No internet service,No internet service,No internet service,No internet service,No internet service,Month-to-month,Yes,Electronic check,47.32,3410.43,Yes
CUST-0004606,Female,0,No,Yes,25,No,No phone service,DSL,No,Yes,No,Yes,No,No,One year,Yes,Bank transfer (automatic),44.82,1113.86,Yes
CUST-0004607,Female,0,No,No,18,Yes,No,No,No internet service,No internet service,No internet service,No internet service,No internet service,No internet service,Month-to-month,No,Credit card (automatic),58.54,1028.52,Yes
CUST-0004608,Male,0,No,No,72,Yes,Yes,DSL,No,No,No,No,Yes,No,Month-to-month,Yes,Electronic check,71.42,5164.23,No
CUST-0004609,Female,0,Yes,Yes,19,Yes,No,Fiber optic,Yes,No,No,No,No,Yes,One year,Yes,Credit card (automatic),18.25,319.48,No
CUST-0004610,Male,0,Yes,No,32,Yes,No,Fiber optic,No,No,Yes,No,No,Yes,One year,No,Electronic check,64.54,2072.82,No
CUST-0004611,Male,0,No,No,14,No,No phone service,No,No internet service,No internet service,No internet service,No internet service,No internet service,No internet service,Month-to-month,Yes,Electronic check,73.46,1018.52,No
CUST-0004612,Male,1,Yes,Yes,32,Yes,Yes,Fiber optic,No,Yes,Yes,No,No,No,Two year,Yes,Bank transfer (automatic),26.28,845.46,Yes
CUST-0004613,Male,0,Yes,No,40,Yes,Yes,No,No internet service,No internet service,No internet service,No internet service,No internet service,No internet service,Month-to-month,Yes,Bank transfer (automatic),51.75,2091.06,Yes
CUST-0004614,Male,1,No,Yes,31,No,No phone service,DSL,No,No,No,No,No,No,Month-to-month,Yes,Credit card (automatic),90.2,2790.6,No
CUST-0004615,Male,1,Yes,No,23,Yes,No,Fiber optic,No,No,No,No,No,No,One year,Yes,Bank transfer (automatic),73.44,1700.06,Yes
CUST-0004616,Male,0,No,No,11,Yes,Yes,Fiber optic,No,Yes,No,Yes,Yes,No,Month-to-month,No,Electronic check,37.68,391.82,No
CUST-0004617,Female,0,Yes,No,33,Yes,No,Fiber optic,No,Yes,No,No,No,No,Two year,Yes,Credit card (automatic),76.75,2502.7,No
CUST-0004618,Female,1,No,Yes,72,Yes,No,Fiber optic,Yes,Yes,Yes,Yes,No,No,One year,No,Credit card (automatic),113.63,8150.91,No
CUST-0004619,Male,1,Yes,No,0,Yes,Yes,No,No internet service,No internet service,No internet service,No internet service,No internet service,No internet service,One year,Yes,Credit card (automatic),18.25,,No
CUST-0004620,Female,0,Yes,No,4,Yes,No,DSL,Yes,No,Yes,No,Yes,No,Month-to-month,No,Bank transfer (automatic),99.08,456.98,No
CUST-0004621,Female,0,Yes,Yes,4,Yes,Yes,DSL,Yes,No,No,No,No,No,Two year,Yes,Credit card (automatic),81.87,303.18,Yes
CUST-0004622,Female,0,No,No,72,No,No phone service,No,No internet service,No internet service,No internet service,No internet service,No internet service,No internet service,One year,No,Electronic check,37.35,2632.02,Yes
CUST-0004623,Male,0,No,No,34,Yes,No,Fiber optic,No,Yes,No,No,No,No,Two year,Yes,Bank transfer (automatic),85.53,2890.92,Yes
CUST-0004624,Female,0,Yes,No,72,Yes,Yes,Fiber optic,Yes,No,No,Yes,No,Yes,Month-to-month,No,Electronic check,82.6,5915.02,Yes
CUST-0004625,Female,0,No,Yes,27,Yes,Yes,DSL,Yes,No,No,No,No,No,One year,No,Electronic check,77.32,2068.21,No
CUST-0004626,Female,0,No,No,19,Yes,No,DSL,Yes,No,No,No,No,No,One year,Yes,Credit card (automatic),50.23,933.09,No
CUST-0004627,Male,0,No,Yes,50,Yes,No,DSL,No,No,Yes,No,Yes,Yes,Month-to-month,No,Bank transfer (automatic),51.18,2545.98,No
CUST-0004628,Male,0,No,No,5,Yes,No,DSL,No,No,No,No,No,Yes,Two year,Yes,Credit card (automatic),46.21,251.89,No
CUST-0004629,Female,0,Yes,No,15,Yes,No,Fiber optic,Yes,No,No,Yes,No,No,Two year,No,Credit card (automatic),82.39,1191.87,No
CUST-0004630,Female,0,No,No,20,Yes,Yes,Fiber optic,No,No,Yes,No,No,No,Month-to-month,Yes,Electronic check,102.78,2057.63,No
CUST-0004631,Male,1,No,Yes,11,No,No phone service,No,No internet service,No internet service,No internet service,No internet service,No internet service,No internet service,Month-to-month,Yes,Credit card (automatic),82.16,907.73,No
CUST-0004632,Male,0,Yes,No,14,Yes,No,DSL,Yes,No,No,No,Yes,No,Two year,No,Electronic check,51.02,712.83,No
CUST-0004633,Female,0,Yes,No,2,Yes,Yes,DSL,No,Yes,No,No,No,No,Month-to-month,No,Electronic check,29.07,60.26,No
CUST-0004634,Female,0,No,No,7,Yes,No,Fiber optic,No,No,Yes,No,No,No,Month-to-month,Yes,Electronic check,77.57,526.5,Yes
CUST-0004635,Male,0,No,No,13,Yes,Yes,DSL,Yes,No,No,Yes,No,Yes,Month-to-month,Yes,Credit card (automatic),55.62,701.93,No
CUST-0004636,Female,0,No,No,50,Yes,Yes,No,No internet service,No internet service,No internet service,No internet service,No internet service,No internet service,Month-to-month,Yes,Credit card (automatic),18.25,913.11,No
CUST-0004637,Male,0,No,No,6,Yes,Yes,Fiber optic,Yes,No,Yes,Yes,No,No,Month-to-month,No,Bank transfer (automatic),59.76,368.82,Yes
CUST-0004638,Female,0,No,Yes,13,Yes,No,No,No internet service,No internet service,No internet service,No internet service,No internet service,No internet service,Month-to-month,Yes,Credit card (automatic),41.07,542.99,No
CUST-0004639,Female,0,Yes,No,2,Yes,No,DSL,Yes,No,No,No,Yes,No,Month-to-month,Yes,Bank transfer (automatic),50.84,111.01,No
CUST-0004640,Female,0,Yes,No,26,Yes,No,DSL,No,No,Yes,No,No,No,Month-to-month,Yes,Credit card (automatic),103.6,2689.36,No
CUST-0004641,Female,0,Yes,No,30,Yes,No,Fiber optic,Yes,No,No,No,Yes,No,Month-to-month,No,Mailed check,81.18,2440.96,No
CUST-0004642,Male,1,Yes,Yes,64,Yes,Yes,DSL,No,No,Yes,Yes,Yes,Yes,One year,Yes,Credit card (automatic),102.5,6610.76,No
CUST-0004643,Female,0,Yes,No,54,Yes,Yes,Fiber optic,No,No,Yes,No,No,No,Two year,No,Electronic check,91.49,4950.16,No
CUST-0004644,Male,0,No,Yes,10,Yes,No,No,No internet service,No internet service,No internet service,No internet service,No internet service,No internet service,Month-to-month,Yes,Electronic check,58.19,605.36,No
CUST-0004645,Female,0,No,No,4,Yes,No,DSL,No,No,No,No,No,Yes,Month-to-month,No,Electronic check,114.29,458.05,No
CUST-0004646,Female,0,No,No,5,Yes,Yes,DSL,No,No,Yes,No,No,No,Two year,Yes,Electronic check,52.34,276.14,No
CUST-0004647,Female,0,No,Yes,72,Yes,No,DSL,No,No,No,No,No,No,One year,Yes,Mailed check,38.59,2778.79,No
CUST-0004648,Male,0,No,No,35,Yes,Yes,Fiber optic,No,Yes,No,No,Yes,Yes,One year,Yes,Mailed check,45.27,1564.19,No
CUST-0004649,Female,0,No,No,1,Yes,No,Fiber optic,No,No,Yes,Yes,No,Yes,Month-to-month,Yes,Bank transfer (automatic),96.02,118.62,No
CUST-0004650,Male,0,No,No,4,No,No phone service,Fiber optic,No,Yes,No,No,No,Yes,Month-to-month,Yes,Electronic check,60.37,260.34,No
CUST-0004651,Male,1,Yes,No,21,Yes,No,Fiber optic,No,No,Yes,No,No,No,Month-to-month,Yes,Credit card (automatic),28.6,602.08,No
CUST-0004652,Female,0,Yes,No,7,Yes,Yes,Fiber optic,No,No,No,No,No,Yes,Month-to-month,Yes,Credit card (automatic),37.54,260.54,No
CUST-0004653,Male,0,No,Yes,52,Yes,Yes,Fiber optic,Yes,Yes,Yes,Yes,No,No,One year,No,Bank transfer (automatic),90.43,4726.16,No
CUST-0004654,Female,0,Yes,Yes,27,Yes,Yes,No,No internet service,No internet service,No internet service,No internet service,No internet service,No internet service,One year,Yes,Credit card (automatic),80.08,2155.91,No
CUST-0004655,Male,1,No,No,30,Yes,No,Fiber optic,No,No,Yes,No,No,Yes,Two year,Yes,Electronic check,94.54,2831.78,No
CUST-0004656,Male,1,Yes,Yes,19,Yes,No,DSL,No,No,Yes,Yes,Yes,Yes,Month-to-month,No,Credit card (automatic),64.38,1218.8,Yes
CUST-0004657,Female,0,No,No,9,Yes,No,DSL,No,No,No,No,No,Yes,Two year,No,Electronic check,68.5,591.42,No
CUST-0004658,Female,0,No,Yes,28,Yes,No,DSL,Yes,Yes,No,Yes,No,No,Two year,No,Electronic check,39.72,1095.8,No
CUST-0004659,Male,0,Yes,No,40,Yes,Yes,Fiber optic,Yes,Yes,Yes,Yes,No,No,Month-to-month,Yes,Mailed check,93.28,3742.0,No
CUST-0004660,Female,0,No,No,14,Yes,No,Fiber optic,No,No,Yes,Yes,No,Yes,Month-to-month,No,Bank transfer (automatic),63.03,859.31,No
CUST-0004661,Female,0,Yes,Yes,22,No,No phone service,DSL,Yes,No,No,Yes,Yes,Yes,Month-to-month,No,Electronic check,27.49,626.39,No
CUST-0004662,Female,0,Yes,No,58,Yes,Yes,Fiber optic,No,No,No,No,Yes,No,Month-to-month,Yes,Mailed check,19.0,1096.9,Yes
CUST-0004663,Male,0,Yes,No,5,Yes,Yes,Fiber optic,No,No,Yes,Yes,No,No,One year,Yes,Electronic check,83.09,462.05,Yes
CUST-0004664,Female,1,No,No,25,Yes,No,DSL,Yes,No,No,No,No,No,Month-to-month,Yes,Electronic check,41.42,1004.66,No
CUST-0004665,Female,1,Yes,No,13,No,No phone service,Fiber optic,No,No,No,No,No,Yes,Two year,No,Credit card (automatic),72.35,913.38,Yes
CUST-0004666,Female,0,No,No,38,Yes,No,Fiber optic,No,No,No,No,Yes,No,Two year,No,Mailed check,71.94,2703.26,No
CUST-0004667,Male,0,Yes,No,0,Yes,No,DSL,No,Yes,No,Yes,No,No,Month-to-month,Yes,Electronic check,65.51,,No
CUST-0004668,Female,1,Yes,No,35,Yes,Yes,No,No internet service,No internet service,No internet service,No internet service,No internet service,No internet service,Month-to-month,Yes,Mailed check,71.06,2453.13,No
CUST-0004669,Female,0,No,No,3,Yes,No,DSL,No,Yes,No,No,Yes,No,Month-to-month,No,Electronic check,78.88,269.63,No
CUST-0004670,Female,0,Yes,Yes,2,Yes,No,Fiber optic,No,No,No,No,Yes,Yes,One year,Yes,Electronic check,24.68,78.6,No
CUST-0004671,Male,0,Yes,No,41,Yes,Yes,No,No internet service,No internet service,No internet service,No internet service,No internet service,No internet service,Month-to-month,No,Mailed check,22.29,911.53,No
CUST-0004672,Female,0,Yes,No,32,Yes,Yes,Fiber optic,No,No,No,Yes,Yes,No,Two year,No,Electronic check,29.64,954.05,Yes
CUST-0004673,Female,0,No,No,72,Yes,No,Fiber optic,No,No,Yes,No,Yes,No,Two year,No,Bank transfer (automatic),35.98,2572.95,No
CUST-0004674,Male,0,No,No,23,Yes,Yes,No,No internet service,No internet service,No internet service,No internet service,No internet service,No internet service,Month-to-month,No,Mailed check,84.08,1977.19,No
CUST-0004675,Male,0,Yes,No,24,Yes,No,DSL,No,Yes,No,No,Yes,No,Two year,Yes,Electronic check,30.83,746.68,No
CUST-0004676,Female,0,Yes,No,39,Yes,Yes,DSL,No,Yes,Yes,No,Yes,No,Two year,No,Mailed check,68.94,2680.85,No
CUST-0004677,Male,0,Yes,No,12,Yes,No,Fiber optic,No,Yes,No,Yes,Yes,No,Month-to-month,No,Bank transfer (automatic),56.11,711.41,Yes
CUST-0004678,Female,0,Yes,No,1,Yes,No,No,No internet service,No internet service,No internet service,No internet service,No internet service,No internet service,Month-to-month,Yes,Mailed check,59.12,33.4,No
CUST-0004679,Female,1,No,Yes,8,Yes,Yes,Fiber optic,Yes,No,No,No,No,Yes,Month-to-month,Yes,Electronic check,71.33,597.44,No
CUST-0004680,Female,0,No,No,8,Yes,Yes,No,No internet service,No internet service,No internet service,No internet service,No internet service,No internet service,Month-to-month,Yes,Electronic check,76.66,611.93,Yes
CUST-0004681,Male,0,No,No,13,Yes,Yes,DSL,No,No,Yes,No,Yes,No,Two year,No,Mailed check,81.67,1108.45,No
CUST-0004682,Male,0,Yes,No,72,Yes,Yes,No,No internet service,No internet service,No internet service,No internet service,No internet service,No internet service,Month-to-month,Yes,Bank transfer (automatic),70.82,5104.22,Yes
CUST-0004683,Female,0,No,No,52,Yes,No,No,No internet service,No internet service,No internet service,No internet service,No internet service,No internet service,Month-to-month,No,Electronic check,39.32,2039.55,No
CUST-0004684,Male,0,No,No,72,Yes,Yes,Fiber optic,No,No,No,Yes,Yes,No,Month-to-month,Yes,Credit card (automatic),108.23,7782.59,Yes
CUST-0004685,Female,0,No,Yes,72,No,No phone service,No,No internet service,No internet service,No internet service,No internet service,No internet service,No internet service,Month-to-month,No,Mailed check,66.54,4784.98,Yes
CUST-0004686,Male,0,No,No,18,No,No phone service,DSL,No,Yes,No,No,Yes,Yes,Month-to-month,Yes,Mailed check,118.75,2141.16,No
CUST-0004687,Male,0,No,No,8,Yes,Yes,No,No internet service,No internet service,No internet service,No internet service,No internet service,No internet service,Two year,Yes,Electronic check,79.24,637.24,No
CUST-0004688,Male,0,No,No,26,Yes,No,No,No internet service,No internet service,No internet service,No internet service,No internet service,No internet service,Two year,No,Credit card (automatic),67.2,1775.29,No
CUST-0004689,Female,0,Yes,Yes,68,Yes,No,DSL,No,Yes,No,No,No,Yes,Month-to-month,No,Credit card (automatic),56.79,3868.66,No
CUST-0004690,Female,0,No,No,20,Yes,Yes,Fiber optic,No,Yes,No,No,Yes,No,Month-to-month,No,Credit card (automatic),86.99,1734.18,No
CUST-0004691,Male,0,Yes,No,22,Yes,No,Fiber optic,No,No,No,No,No,No,Month-to-month,No,Credit card (automatic),29.95,682.97,No
CUST-0004692,Male,0,No,Yes,4,Yes,Yes,DSL,No,No,No,Yes,No,No,Month-to-month,No,Electronic check,35.49,144.22,No
CUST-0004693,Male,0,No,No,17,Yes,Yes,DSL,Yes,Yes,No,No,No,No,Month-to-month,No,Bank transfer (automatic),18.25,329.97,No
CUST-0004694,Female,0,No,No,15,Yes,Yes,DSL,Yes,Yes,No,Yes,Yes,Yes,One year,Yes,Electronic check,51.21,802.23,No
CUST-0004695,Male,0,Yes,Yes,13,Yes,Yes,Fiber optic,No,No,No,No,No,No,Month-to-month,No,Mailed check,45.19,589.45,No
CUST-0004696,Female,0,Yes,No,69,Yes,No,Fiber optic,Yes,No,No,No,Yes,No,One year,Yes,Electronic check,56.13,3858.14,Yes
CUST-0004697,Female,0,Yes,No,1,Yes,No,No,No internet service,No internet service,No internet service,No internet service,No internet service,No internet service,Month-to-month,Yes,Mailed check,49.88,52.23,Yes
CUST-0004698,Female,0,No,Yes,72,Yes,Yes,Fiber optic,No,No,No,No,No,Yes,One year,Yes,Credit card (automatic),89.56,6437.56,No
CUST-0004699,Male,0,No,No,0,Yes,No,Fiber optic,Yes,Yes,No,No,Yes,No,Two year,Yes,Bank transfer (automatic),99.63,,No
CUST-0004700,Female,0,No,No,72,Yes,No,DSL,No,Yes,No,Yes,Yes,Yes,Two year,Yes,Mailed check,18.25,1267.7,Yes
CUST-0004701,Male,1,Yes,Yes,25,Yes,Yes,Fiber optic,No,No,Yes,No,No,No,One year,Yes,Bank transfer (automatic),70.12,1729.08,No
CUST-0004702,Male,0,No,No,38,No,No phone service,No,No internet service,No internet service,No internet service,No internet service,No internet service,No internet service,One year,No,Bank transfer (automatic),75.01,2864.21,No
CUST-0004703,Female,0,No,No,6,Yes,Yes,Fiber optic,Yes,Yes,Yes,No,No,No,Two year,No,Mailed check,42.53,266.03,Yes
CUST-0004704,Female,0,Yes,No,33,Yes,No,DSL,No,Yes,Yes,No,No,No,One year,Yes,Electronic check,72.54,2365.39,No
CUST-0004705,Male,0,No,Yes,68,Yes,Yes,Fiber optic,No,Yes,No,Yes,Yes,No,Month-to-month,No,Electronic check,22.37,1512.59,No
CUST-0004706,Male,0,No,No,4,Yes,No,DSL,No,No,No,No,No,Yes,Two year,Yes,Electronic check,87.1,356.77,No
CUST-0004707,Female,0,No,Yes,4,Yes,No,Fiber optic,No,No,Yes,No,Yes,No,One year,Yes,Credit card (automatic),22.63,73.83,Yes
CUST-0004708,Male,0,No,No,11,Yes,No,DSL,No,Yes,Yes,Yes,Yes,No,Month-to-month,Yes,Credit card (automatic),98.69,1076.35,No
CUST-0004709,Female,1,Yes,No,5,Yes,Yes,Fiber optic,No,No,No,Yes,No,No,Month-to-month,Yes,Electronic check,18.25,86.77,Yes
CUST-0004710,Female,0,No,No,3,Yes,No,Fiber optic,No,No,No,No,No,No,Month-to-month,No,Electronic check,77.69,230.88,Yes
CUST-0004711,Male,0,No,No,36,Yes,Yes,No,No internet service,No internet service,No internet service,No internet service,No internet service,No internet service,Month-to-month,No,Electronic check,102.8,3693.69,No
CUST-0004712,Male,0,No,No,7,Yes,No,Fiber optic,No,No,Yes,No,Yes,No,One year,No,Bank transfer (automatic),18.6,122.3,No
CUST-0004713,Male,0,No,No,35,Yes,No,DSL,Yes,No,Yes,Yes,No,No,Month-to-month,Yes,Electronic check,60.26,2088.98,No
CUST-0004714,Female,0,No,No,63,Yes,No,DSL,Yes,Yes,No,No,No,No,Two year,No,Credit card (automatic),118.75,7476.66,Yes
CUST-0004715,Female,1,No,Yes,33,Yes,Yes,No,No internet service,No internet service,No internet service,No internet service,No internet service,No internet service,Month-to-month,No,Bank transfer (automatic),35.51,1178.66,No
CUST-0004716,Male,1,No,No,4,Yes,No,No,No internet service,No internet service,No internet service,No internet service,No internet service,No internet service,Two year,Yes,Mailed check,66.61,273.46,No
CUST-0004717,Female,0,Yes,No,27,No,No phone service,DSL,Yes,Yes,No,No,Yes,Yes,One year,Yes,Credit card (automatic),53.26,1439.24,No
CUST-0004718,Female,0,Yes,No,16,No,No phone service,No,No internet service,No internet service,No internet service,No internet service,No internet service,No internet service,Two year,Yes,Mailed check,50.77,786.83,Yes
CUST-0004719,Male,0,Yes,Yes,13,Yes,No,No,No internet service,No internet service,No internet service,No internet service,No internet service,No internet service,Month-to-month,No,Electronic check,18.25,226.53,No
CUST-0004720,Female,0,No,No,12,Yes,No,DSL,No,No,No,No,No,Yes,Month-to-month,Yes,Mailed check,92.89,1116.88,Yes
CUST-0004721,Male,0,No,No,72,Yes,No,Fiber optic,Yes,No,No,No,No,No,One year,Yes,Mailed check,27.56,1996.57,No
CUST-0004722,Male,0,Yes,Yes,43,Yes,Yes,Fiber optic,No,No,Yes,No,No,No,Month-to-month,No,Bank transfer (automatic),72.75,3117.43,No
CUST-0004723,Male,0,Yes,No,4,Yes,No,DSL,No,No,Yes,Yes,No,No,Two year,No,Mailed check,67.45,322.38,No
CUST-0004724,Male,0,No,No,20,Yes,No,DSL,No,No,Yes,No,No,No,One year,No,Mailed check,75.86,1554.89,No
CUST-0004725,Male,0,No,No,12,Yes,Yes,Fiber optic,No,No,No,No,No,Yes,Month-to-month,Yes,Credit card (automatic),55.05,619.11,No
CUST-0004726,Male,0,No,No,72,Yes,No,No,No internet service,No internet service,No internet service,No internet service,No internet service,No internet service,Month-to-month,Yes,Credit card (automatic),37.03,2687.32,No
CUST-0004727,Female,0,Yes,No,72,Yes,No,No,No internet service,No internet service,No internet service,No internet service,No internet service,No internet service,One year,Yes,Credit card (automatic),31.43,2254.29,No
CUST-0004728,Female,0,Yes,No,12,Yes,Yes,DSL,Yes,No,No,No,Yes,No,One year,Yes,Mailed check,79.69,953.43,Yes
CUST-0004729,Female,0,No,No,13,Yes,No,Fiber optic,No,No,No,No,Yes,No,Two year,Yes,Bank transfer (automatic),77.92,1019.83,No
CUST-0004730,Male,0,Yes,No,29,Yes,No,Fiber optic,Yes,No,No,No,No,Yes,One year,No,Credit card (automatic),96.24,2770.4,Yes
CUST-0004731,Male,0,Yes,No,20,Yes,Yes,Fiber optic,No,Yes,No,No,No,No,Month-to-month,No,Credit card (automatic),38.88,807.97,No
CUST-0004732,Male,1,Yes,No,7,Yes,Yes,Fiber optic,No,Yes,No,No,No,Yes,Month-to-month,No,Electronic check,37.21,252.05,No
CUST-0004733,Female,0,Yes,Yes,34,Yes,No,Fiber optic,No,No,Yes,No,No,No,One year,Yes,Electronic check,18.5,619.04,No
CUST-0004734,Female,0,Yes,No,13,No,No phone service,DSL,No,No,Yes,No,Yes,No,Month-to-month,Yes,Mailed check,57.75,749.8,No
CUST-0004735,Male,0,No,Yes,33,Yes,No,DSL,No,No,Yes,Yes,No,Yes,One year,No,Credit card (automatic),80.8,2633.88,Yes
CUST-0004736,Male,1,Yes,Yes,15,Yes,Yes,Fiber optic,Yes,Yes,No,Yes,Yes,No,Month-to-month,Yes,Mailed check,90.83,1364.57,No
CUST-0004737,Female,0,Yes,Yes,38,Yes,No,Fiber optic,No,No,Yes,No,Yes,No,One year,No,Credit card (automatic),64.44,2414.36,Yes
CUST-0004738,Male,0,No,Yes,35,Yes,No,Fiber optic,No,Yes,No,No,Yes,No,Two year,Yes,Mailed check,83.9,2967.91,Yes
CUST-0004739,Male,0,No,No,22,Yes,No,Fiber optic,No,No,No,No,No,Yes,Two year,Yes,Bank transfer (automatic),68.95,1488.77,No
CUST-0004740,Female,0,No,No,39,Yes,Yes,No,No internet service,No internet service,No internet service,No internet service,No internet service,No internet service,Two year,No,Electronic check,61.15,2383.8,No
CUST-0004741,Female,0,No,No,19,Yes,No,Fiber optic,No,No,Yes,Yes,No,Yes,One year,Yes,Credit card (automatic),39.39,709.02,No
CUST-0004742,Male,0,No,Yes,3,Yes,No,No,No internet service,No internet service,No internet service,No internet service,No internet service,No internet service,Two year,Yes,Credit card (automatic),118.75,336.84,No
CUST-0004743,Male,1,No,No,6,Yes,No,DSL,No,Yes,No,No,Yes,No,Two year,Yes,Electronic check,18.25,138.31,No
CUST-0004744,Female,1,No,No,9,Yes,Yes,No,No internet service,No internet service,No internet service,No internet service,No internet service,No internet service,Month-to-month,Yes,Credit card (automatic),45.2,404.46,Yes
CUST-0004745,Male,0,No,No,2,Yes,No,DSL,No,No,No,Yes,No,Yes,Month-to-month,Yes,Electronic check,55.85,158.06,No
CUST-0004746,Male,0,No,No,39,Yes,Yes,Fiber optic,No,Yes,No,No,Yes,No,Two year,No,Bank transfer (automatic),28.58,1087.74,No
CUST-0004747,Male,0,Yes,Yes,14,Yes,No,Fiber optic,No,No,No,Yes,No,No,Month-to-month,No,Credit card (automatic),35.54,495.38,No
CUST-0004748,Male,0,No,No,3,Yes,No,Fiber optic,No,Yes,No,No,Yes,Yes,Month-to-month,No,Credit card (automatic),26.04,52.35,No
CUST-0004749,Male,0,No,No,54,Yes,No,No,No internet service,No internet service,No internet service,No internet service,No internet service,No internet service,Month-to-month,Yes,Electronic check,79.77,4298.12,Yes
CUST-0004750,Female,1,No,No,36,Yes,Yes,DSL,No,No,No,Yes,Yes,No,Two year,No,Electronic check,58.49,2097.64,Yes
CUST-0004751,Male,0,Yes,No,19,Yes,Yes,Fiber optic,No,No,No,No,Yes,Yes,Month-to-month,Yes,Electronic check,118.75,2262.58,No
CUST-0004752,Male,0,Yes,No,9,Yes,No,No,No internet service,No internet service,No internet service,No internet service,No internet service,No internet service,Month-to-month,No,Electronic check,78.39,703.24,No
CUST-0004753,Female,1,No,No,5,Yes,Yes,DSL,No,Yes,No,No,Yes,No,Month-to-month,Yes,Mailed check,69.46,337.57,No
CUST-0004754,Female,0,Yes,No,19,Yes,Yes,No,No internet service,No internet service,No internet service,No internet service,No internet service,No internet service,Month-to-month,Yes,Electronic check,56.19,1080.6,No
CUST-0004755,Female,0,No,Yes,69,Yes,Yes,Fiber optic,No,Yes,No,No,Yes,Yes,Month-to-month,Yes,Credit card (automatic),93.03,6431.24,Yes
CUST-0004756,Female,0,No,No,6,Yes,No,No,No internet service,No internet service,No internet service,No internet service,No internet service,No internet service,One year,Yes,Electronic check,18.25,138.82,No
CUST-0004757,Male,0,No,No,26,Yes,Yes,Fiber optic,No,No,No,Yes,No,Yes,Month-to-month,No,Bank transfer (automatic),93.86,2410.98,No
CUST-0004758,Female,0,No,Yes,72,Yes,No,Fiber optic,No,No,No,No,Yes,No,Two year,No,Credit card (automatic),47.73,3414.67,No
CUST-0004759,Male,0,No,No,32,Yes,No,Fiber optic,Yes,No,Yes,No,Yes,Yes,One year,No,Credit card (automatic),18.25,623.8,Yes
CUST-0004760,Female,0,No,Yes,18,Yes,No,Fiber optic,No,No,Yes,No,No,No,Month-to-month,No,Credit card (automatic),26.63,523.47,No
CUST-0004761,Male,1,No,No,40,Yes,Yes,DSL,No,No,No,Yes,Yes,No,Month-to-month,Yes,Electronic check,101.34,4067.94,No
CUST-0004762,Female,1,No,No,55,Yes,No,Fiber optic,No,No,No,Yes,No,No,Two year,No,Mailed check,68.81,3797.48,No
CUST-0004763,Female,0,No,Yes,28,Yes,Yes,DSL,No,Yes,No,No,No,No,Two year,No,Electronic check,118.75,3323.28,No
CUST-0004764,Male,0,No,No,65,No,No phone service,DSL,No,No,No,Yes,No,Yes,One year,Yes,Bank transfer (automatic),41.26,2690.16,No
CUST-0004765,Female,0,No,No,23,Yes,Yes,DSL,No,Yes,Yes,Yes,No,Yes,One year,Yes,Electronic check,61.39,1426.87,Yes
CUST-0004766,Female,0,Yes,Yes,56,Yes,Yes,No,No internet service,No internet service,No internet service,No internet service,No internet service,No internet service,Two year,Yes,Electronic check,58.33,3302.53,No
CUST-0004767,Female,0,Yes,No,72,Yes,No,Fiber optic,Yes,Yes,No,No,No,No,Month-to-month,Yes,Mailed check,18.25,1326.23,No
CUST-0004768,Male,1,Yes,No,22,Yes,No,Fiber optic,No,No,Yes,No,Yes,Yes,One year,Yes,Electronic check,58.61,1284.02,No
CUST-0004769,Female,1,Yes,No,29,Yes,Yes,No,No internet service,No internet service,No internet service,No internet service,No internet service,No internet service,One year,No,Mailed check,68.91,1981.15,Yes
CUST-0004770,Male,0,No,Yes,30,Yes,No,Fiber optic,Yes,Yes,No,Yes,Yes,Yes,One year,No,Mailed check,55.62,1637.67,No
CUST-0004771,Male,0,Yes,Yes,48,Yes,No,DSL,No,Yes,No,Yes,Yes,Yes,Two year,No,Bank transfer (automatic),108.9,5228.64,No
CUST-0004772,Male,0,No,No,55,Yes,No,Fiber optic,No,No,Yes,No,No,No,Two year,No,Bank transfer (automatic),45.33,2513.58,No
CUST-0004773,Male,0,Yes,No,0,Yes,Yes,No,No internet service,No internet service,No internet service,No internet service,No internet service,No internet service,Month-to-month,No,Mailed check,59.72,,No
CUST-0004774,Female,0,Yes,No,42,No,No phone service,DSL,No,No,No,No,Yes,Yes,Two year,Yes,Credit card (automatic),18.25,799.94,No
CUST-0004775,Male,0,Yes,Yes,49,No,No phone service,Fiber optic,No,No,Yes,No,Yes,No,Month-to-month,Yes,Bank transfer (automatic),38.55,1899.87,No
CUST-0004776,Female,0,No,No,38,Yes,Yes,Fiber optic,No,No,No,No,Yes,Yes,One year,No,Credit card (automatic),18.25,680.52,No
CUST-0004777,Male,0,Yes,Yes,40,Yes,No,Fiber optic,No,No,No,Yes,No,Yes,Month-to-month,Yes,Bank transfer (automatic),62.41,2522.65,No
CUST-0004778,Male,1,Yes,No,1,Yes,No,No,No internet service,No internet service,No internet service,No internet service,No internet service,No internet service,Two year,No,Mailed check,75.46,50.4,No
CUST-0004779,Male,0,No,No,18,Yes,Yes,Fiber optic,Yes,No,No,No,No,No,Month-to-month,No,Mailed check,82.06,1468.24,No
CUST-0004780,Male,0,Yes,No,54,No,No phone service,DSL,No,Yes,Yes,No,No,No,Month-to-month,No,Electronic check,65.26,3514.61,No
CUST-0004781,Male,0,Yes,Yes,72,Yes,Yes,No,No internet service,No internet service,No internet service,No internet service,No internet service,No internet service,Month-to-month,Yes,Credit card (automatic),60.89,4385.06,Yes
CUST-0004782,Male,0,No,No,8,Yes,Yes,Fiber optic,No,Yes,No,Yes,Yes,No,One year,No,Credit card (automatic),55.23,464.86,No
CUST-0004783,Female,0,Yes,Yes,27,Yes,Yes,Fiber optic,No,Yes,No,Yes,No,No,Month-to-month,Yes,Electronic check,57.84,1562.24,No
CUST-0004784,Male,0,Yes,Yes,52,Yes,No,DSL,No,No,Yes,Yes,No,No,Two year,No,Credit card (automatic),22.35,1150.04,No
CUST-0004785,Male,1,Yes,No,44,Yes,No,No,No internet service,No internet service,No internet service,No internet service,No internet service,No internet service,Month-to-month,Yes,Credit card (automatic),61.51,2715.83,No
CUST-0004786,Male,0,Yes,No,30,Yes,No,DSL,No,No,No,No,No,No,One year,Yes,Bank transfer (automatic),33.91,998.02,No
CUST-0004787,Female,0,No,No,0,Yes,No,Fiber optic,Yes,No,Yes,No,No,No,Two year,No,Bank transfer (automatic),60.86,,No
CUST-0004788,Female,0,Yes,No,41,Yes,No,DSL,No,No,No,No,No,No,Two year,No,Credit card (automatic),27.92,1159.44,No
CUST-0004789,Male,0,No,No,47,Yes,Yes,No,No internet service,No internet service,No internet service,No internet service,No internet service,No internet service,Month-to-month,Yes,Mailed check,91.63,4289.91,Yes
CUST-0004790,Male,0,No,No,41,Yes,Yes,Fiber optic,No,No,No,No,No,No,One year,Yes,Bank transfer (automatic),113.25,4617.97,Yes
CUST-0004791,Male,1,Yes,No,46,Yes,No,Fiber optic,Yes,No,Yes,Yes,No,No,Month-to-month,No,Credit card (automatic),28.59,1313.64,No
CUST-0004792,Female,0,No,No,18,Yes,No,Fiber optic,Yes,No,No,No,Yes,No,Month-to-month,Yes,Mailed check,38.57,677.59,No
CUST-0004793,Male,0,Yes,No,72,Yes,No,No,No internet service,No internet service,No internet service,No internet service,No internet service,No internet service,One year,Yes,Mailed check,43.57,3119.05,No
CUST-0004794,Male,0,Yes,Yes,47,Yes,No,No,No internet service,No internet service,No internet service,No internet service,No internet service,No internet service,Month-to-month,Yes,Bank transfer (automatic),60.29,2822.42,Yes
CUST-0004795,Male,0,Yes,Yes,27,Yes,Yes,No,No internet service,No internet service,No internet service,No internet service,No internet service,No internet service,One year,Yes,Mailed check,95.95,2607.04,No
CUST-0004796,Male,0,Yes,No,72,No,No phone service,No,No internet service,No internet service,No internet service,No internet service,No internet service,No internet service,Month-to-month,No,Electronic check,18.25,1306.68,No
CUST-0004797,Male,0,No,Yes,72,Yes,Yes,Fiber optic,Yes,No,No,No,No,No,One year,Yes,Bank transfer (automatic),58.64,4194.24,No
CUST-0004798,Female,0,Yes,No,53,Yes,Yes,Fiber optic,No,No,Yes,No,Yes,No,Two year,Yes,Bank transfer (automatic),110.62,5869.37,No
CUST-0004799,Male,0,No,No,26,No,No phone service,No,No internet service,No internet service,No internet service,No internet service,No internet service,No internet service,Month-to-month,No,Electronic check,18.71,496.6,No
CUST-0004800,Female,1,No,No,23,Yes,No,Fiber optic,No,Yes,No,No,No,No,Month-to-month,Yes,Electronic check,103.08,2382.61,Yes
CUST-0004801,Male,0,Yes,No,12,Yes,No,No,No internet service,No internet service,No internet service,No internet service,No internet service,No internet service,Two year,Yes,Credit card (automatic),35.81,434.47,No
CUST-0004802,Male,1,No,Yes,9,Yes,No,DSL,No,Yes,No,No,No,Yes,Month-to-month,No,Credit card (automatic),24.65,209.84,Yes
CUST-0004803,Female,0,No,No,22,Yes,No,Fiber optic,No,No,Yes,No,No,Yes,Month-to-month,Yes,Credit card (automatic),114.7,2545.23,Yes
CUST-0004804,Male,1,Yes,Yes,27,Yes,Yes,Fiber optic,No,No,No,Yes,No,No,Month-to-month,Yes,Bank transfer (automatic),106.58,2847.04,No
CUST-0004805,Female,0,Yes,No,8,Yes,Yes,No,No internet service,No internet service,No internet service,No internet service,No internet service,No internet service,Month-to-month,Yes,Mailed check,18.25,120.79,Yes
CUST-0004806,Female,0,Yes,No,72,Yes,No,DSL,No,No,Yes,No,No,No,One year,Yes,Electronic check,101.15,7285.15,No
CUST-0004807,Male,1,No,No,26,No,No phone service,No,No internet service,No internet service,No internet service,No internet service,No internet service,No internet service,Two year,No,Mailed check,84.03,2191.61,No
CUST-0004808,Female,0,No,Yes,23,Yes,No,DSL,No,No,Yes,No,Yes,No,Two year,Yes,Mailed check,83.13,1877.73,No
CUST-0004809,Male,1,Yes,No,18,Yes,No,Fiber optic,No,Yes,No,No,No,No,One year,No,Electronic check,40.63,706.05,No
CUST-0004810,Female,1,No,No,1,Yes,No,Fiber optic,No,No,No,No,No,Yes,Two year,Yes,Mailed check,80.99,80.07,No
CUST-0004811,Male,0,No,Yes,68,Yes,Yes,Fiber optic,No,Yes,No,Yes,No,No,One year,No,Electronic check,86.76,5900.93,Yes
CUST-0004812,Female,0,No,No,12,Yes,No,Fiber optic,Yes,Yes,No,Yes,No,No,One year,No,Mailed check,57.64,716.34,No
CUST-0004813,Male,0,Yes,No,32,Yes,Yes,No,No internet service,No internet service,No internet service,No internet service,No internet service,No internet service,Month-to-month,No,Bank transfer (automatic),117.6,3732.54,No
CUST-0004814,Female,0,Yes,No,29,Yes,No,DSL,Yes,Yes,No,No,Yes,Yes,Month-to-month,Yes,Bank transfer (automatic),18.25,510.06,No
CUST-0004815,Female,0,Yes,No,28,Yes,No,Fiber optic,No,No,No,No,Yes,No,Two year,Yes,Mailed check,65.77,1814.61,No
CUST-0004816,Female,0,No,No,23,Yes,Yes,DSL,No,Yes,Yes,No,Yes,No,Month-to-month,Yes,Electronic check,40.99,899.65,Yes
CUST-0004817,Female,0,No,No,6,Yes,No,No,No internet service,No internet service,No internet service,No internet service,No internet service,No internet service,Month-to-month,No,Credit card (automatic),95.53,560.81,No
CUST-0004818,Female,1,Yes,No,10,Yes,No,Fiber optic,No,No,No,Yes,No,Yes,Month-to-month,Yes,Credit card (automatic),87.37,880.03,No
CUST-0004819,Female,0,Yes,No,23,Yes,Yes,Fiber optic,No,No,Yes,No,No,No,Month-to-month,Yes,Bank transfer (automatic),45.42,1033.78,No
CUST-0004820,Male,0,Yes,Yes,49,Yes,No,Fiber optic,No,Yes,No,Yes,No,No,Two year,No,Credit card (automatic),72.47,3554.39,No
CUST-0004821,Male,1,No,No,18,Yes,No,Fiber optic,Yes,No,Yes,No,No,Yes,Month-to-month,Yes,Credit card (automatic),18.25,325.29,No
CUST-0004822,Male,0,No,No,7,Yes,No,DSL,No,No,No,No,No,No,Two year,Yes,Electronic check,97.07,656.33,No
CUST-0004823,Male,0,No,No,2,No,No phone service,No,No internet service,No internet service,No internet service,No internet service,No internet service,No internet service,One year,Yes,Electronic check,18.25,19.87,No
CUST-0004824,Male,0,Yes,Yes,34,Yes,Yes,Fiber optic,No,No,No,Yes,Yes,Yes,Two year,Yes,Electronic check,54.54,1873.7,No
CUST-0004825,Female,0,Yes,No,17,Yes,Yes,Fiber optic,No,Yes,No,Yes,No,No,Month-to-month,No,Mailed check,39.36,684.06,No
CUST-0004826,Male,0,No,No,4,Yes,No,Fiber optic,No,No,Yes,No,No,No,Month-to-month,No,Bank transfer (automatic),100.58,414.83,Yes
CUST-0004827,Female,0,No,Yes,35,Yes,Yes,No,No internet service,No internet service,No internet service,No internet service,No internet service,No internet service,Two year,Yes,Electronic check,40.62,1415.84,No
CUST-0004828,Male,1,No,No,7,Yes,Yes,DSL,No,Yes,Yes,No,No,No,One year,Yes,Mailed check,109.28,748.28,No
CUST-0004829,Male,0,No,No,22,Yes,Yes,DSL,No,No,No,No,Yes,No,Month-to-month,No,Credit card (automatic),98.23,2168.43,No
CUST-0004830,Male,0,No,No,11,Yes,No,Fiber optic,No,Yes,Yes,Yes,No,Yes,One year,Yes,Bank transfer (automatic),18.25,192.75,No
CUST-0004831,Female,0,Yes,No,72,No,No phone service,Fiber optic,No,No,No,No,No,Yes,Month-to-month,No,Mailed check,118.75,8539.65,Yes
CUST-0004832,Female,0,No,No,8,Yes,Yes,DSL,No,Yes,Yes,No,Yes,No,One year,Yes,Mailed check,22.08,178.67,No
CUST-0004833,Female,1,No,No,17,Yes,No,Fiber optic,No,No,No,No,Yes,Yes,Month-to-month,Yes,Mailed check,57.97,961.97,No
CUST-0004834,Male,0,No,No,72,Yes,No,DSL,No,No,No,No,No,No,Month-to-month,No,Mailed check,85.05,6147.17,No
CUST-0004835,Female,0,Yes,No,12,Yes,No,No,No internet service,No internet service,No internet service,No internet service,No internet service,No internet service,One year,No,Electronic check,85.25,1028.35,No
CUST-0004836,Male,0,Yes,Yes,33,Yes,Yes,Fiber optic,No,Yes,No,No,Yes,No,Month-to-month,Yes,Bank transfer (automatic),76.26,2535.48,No
CUST-0004837,Male,1,No,No,12,Yes,Yes,DSL,No,No,No,Yes,No,No,Month-to-month,Yes,Bank transfer (automatic),68.1,809.95,No
CUST-0004838,Male,0,Yes,Yes,3,No,No phone service,DSL,Yes,No,No,No,Yes,No,Month-to-month,No,Electronic check,40.22,112.72,No
CUST-0004839,Male,0,Yes,No,31,Yes,No,No,No internet service,No internet service,No internet service,No internet service,No internet service,No internet service,Two year,Yes,Electronic check,72.42,2236.18,No
CUST-0004840,Male,0,Yes,No,72,Yes,No,Fiber optic,No,No,Yes,Yes,No,No,Month-to-month,Yes,Credit card (automatic),54.47,3902.28,No
CUST-0004841,Female,0,No,No,19,Yes,No,No,No internet service,No internet service,No internet service,No internet service,No internet service,No internet service,Month-to-month,Yes,Electronic check,70.94,1331.47,No
CUST-0004842,Female,0,No,No,31,Yes,Yes,DSL,No,Yes,No,No,Yes,No,One year,Yes,Bank transfer (automatic),18.25,552.87,No
CUST-0004843,Male,0,Yes,No,30,Yes,No,No,No internet service,No internet service,No internet service,No internet service,No internet service,No internet service,Month-to-month,No,Mailed check,118.75,3585.38,Yes
CUST-0004844,Male,0,No,Yes,17,Yes,Yes,Fiber optic,No,No,Yes,No,Yes,No,Month-to-month,Yes,Electronic check,93.24,1586.0,No
CUST-0004845,Male,0,Yes,No,30,Yes,Yes,DSL,Yes,Yes,Yes,No,No,No,Month-to-month,Yes,Electronic check,65.0,1929.9,Yes
CUST-0004846,Male,0,No,No,9,Yes,No,Fiber optic,Yes,Yes,No,No,No,No,Two year,Yes,Credit card (automatic),76.9,694.95,No
CUST-0004847,Female,0,No,No,15,Yes,Yes,Fiber optic,Yes,Yes,No,No,Yes,No,Month-to-month,Yes,Bank transfer (automatic),83.63,1251.16,No
CUST-0004848,Male,0,No,No,18,Yes,No,DSL,Yes,Yes,No,No,No,No,Two year,No,Electronic check,79.65,1432.28,No
CUST-0004849,Female,0,Yes,No,63,Yes,Yes,No,No internet service,No internet service,No internet service,No internet service,No internet service,No internet service,Month-to-month,Yes,Electronic check,84.33,5271.01,No
CUST-0004850,Male,0,No,No,13,Yes,Yes,Fiber optic,No,No,No,No,Yes,No,Month-to-month,Yes,Electronic check,73.44,949.92,No
CUST-0004851,Female,0,No,No,32,Yes,No,DSL,Yes,No,Yes,No,No,No,Two year,Yes,Mailed check,57.79,1867.96,No
CUST-0004852,Male,0,No,No,7,Yes,Yes,No,No internet service,No internet service,No internet service,No internet service,No internet service,No internet service,One year,No,Electronic check,24.98,182.91,Yes
CUST-0004853,Female,0,Yes,No,9,Yes,Yes,Fiber optic,No,Yes,No,Yes,Yes,No,Month-to-month,Yes,Credit card (automatic),55.43,487.28,Yes
CUST-0004854,Male,0,Yes,Yes,33,Yes,No,Fiber optic,No,No,No,No,No,No,Two year,Yes,Electronic check,74.41,2485.6,No
CUST-0004855,Female,1,No,No,45,No,No phone service,No,No internet service,No internet service,No internet service,No internet service,No internet service,No internet service,Two year,No,Mailed check,95.25,4279.71,No
CUST-0004856,Male,0,Yes,No,19,Yes,No,Fiber optic,No,No,No,Yes,No,No,Month-to-month,No,Mailed check,79.1,1508.52,No
CUST-0004857,Male,0,Yes,No,13,Yes,No,Fiber optic,No,Yes,Yes,No,Yes,No,One year,Yes,Electronic check,55.97,718.44,Yes
CUST-0004858,Female,0,No,Yes,72,No,No phone service,DSL,No,No,No,No,No,No,One year,Yes,Mailed check,67.04,4799.88,Yes
CUST-0004859,Female,1,Yes,Yes,4,Yes,Yes,Fiber optic,No,No,Yes,Yes,No,No,One year,Yes,Mailed check,32.91,142.25,No
CUST-0004860,Female,0,No,No,40,Yes,No,Fiber optic,Yes,No,No,No,Yes,No,Month-to-month,Yes,Electronic check,80.25,3232.06,No
CUST-0004861,Female,0,Yes,Yes,37,Yes,No,Fiber optic,No,No,Yes,No,No,No,One year,No,Credit card (automatic),52.64,1943.62,No
CUST-0004862,Female,0,No,No,37,Yes,Yes,Fiber optic,No,Yes,No,No,No,No,Month-to-month,No,Mailed check,29.15,1056.59,No
CUST-0004863,Male,0,No,No,72,Yes,Yes,Fiber optic,No,Yes,Yes,No,Yes,Yes,Month-to-month,No,Credit card (automatic),56.4,4063.13,No
CUST-0004864,Male,0,No,No,41,Yes,No,Fiber optic,Yes,No,No,Yes,No,No,Month-to-month,No,Bank transfer (automatic),70.32,2872.95,Yes
CUST-0004865,Male,0,No,No,11,No,No phone service,Fiber optic,No,No,No,No,No,Yes,Month-to-month,Yes,Electronic check,94.68,1048.39,Yes
CUST-0004866,Female,0,Yes,Yes,13,Yes,No,DSL,Yes,Yes,No,No,No,Yes,Two year,Yes,Bank transfer (automatic),63.67,812.28,No
CUST-0004867,Male,0,No,No,15,Yes,Yes,DSL,No,Yes,No,No,No,No,Month-to-month,Yes,Mailed check,18.25,267.97,No
CUST-0004868,Male,1,No,No,1,Yes,No,Fiber optic,Yes,No,No,Yes,No,No,Month-to-month,Yes,Bank transfer (automatic),59.21,80.17,No
CUST-0004869,Female,0,Yes,No,72,Yes,Yes,DSL,No,Yes,Yes,No,No,Yes,Month-to-month,No,Bank transfer (automatic),58.55,4209.51,No
CUST-0004870,Female,0,No,No,2,Yes,No,DSL,Yes,No,No,No,No,No,Two year,No,Bank transfer (automatic),37.36,77.92,Yes
CUST-0004871,Male,1,Yes,No,38,Yes,Yes,DSL,No,No,Yes,Yes,Yes,No,Two year,No,Bank transfer (automatic),39.8,1514.57,No
CUST-0004872,Male,1,No,Yes,41,Yes,No,DSL,No,No,Yes,Yes,No,No,Month-to-month,Yes,Electronic check,96.92,4015.02,No
CUST-0004873,Male,1,Yes,Yes,59,Yes,Yes,Fiber optic,No,Yes,Yes,No,Yes,No,Month-to-month,No,Credit card (automatic),75.5,4465.12,Yes
CUST-0004874,Male,1,No,No,25,Yes,No,Fiber optic,No,No,Yes,Yes,Yes,No,One year,Yes,Mailed check,96.85,2411.58,No
CUST-0004875,Male,1,No,No,41,Yes,No,DSL,No,No,No,No,No,Yes,Two year,No,Credit card (automatic),88.46,3629.7,No
CUST-0004876,Female,0,Yes,No,11,Yes,Yes,DSL,No,No,Yes,No,Yes,Yes,Month-to-month,No,Electronic check,62.51,674.65,Yes
CUST-0004877,Female,1,No,No,43,Yes,Yes,DSL,Yes,Yes,Yes,No,No,No,Month-to-month,Yes,Mailed check,75.71,3303.01,No
CUST-0004878,Female,0,Yes,Yes,13,Yes,No,Fiber optic,No,Yes,Yes,Yes,No,No,Month-to-month,Yes,Credit card (automatic),61.74,782.16,No
CUST-0004879,Male,0,Yes,No,72,Yes,Yes,No,No internet service,No internet service,No internet service,No internet service,No internet service,No internet service,Month-to-month,Yes,Credit card (automatic),49.93,3586.58,No
CUST-0004880,Female,0,Yes,Yes,5,Yes,No,DSL,No,No,No,Yes,No,No,Month-to-month,Yes,Credit card (automatic),21.98,110.31,No
CUST-0004881,Male,1,Yes,Yes,12,Yes,Yes,Fiber optic,No,Yes,No,No,Yes,No,One year,Yes,Electronic check,51.88,601.1,No
CUST-0004882,Male,0,Yes,No,22,Yes,No,DSL,No,Yes,No,Yes,No,No,One year,Yes,Bank transfer (automatic),101.18,2236.26,No
CUST-0004883,Female,1,No,No,47,Yes,Yes,DSL,No,Yes,Yes,Yes,No,Yes,Two year,Yes,Electronic check,19.32,894.29,Yes
CUST-0004884,Male,0,Yes,Yes,44,Yes,No,Fiber optic,Yes,No,No,No,No,No,Month-to-month,Yes,Bank transfer (automatic),74.44,3260.43,Yes
CUST-0004885,Male,0,No,No,7,Yes,Yes,Fiber optic,No,Yes,No,No,No,Yes,Two year,Yes,Credit card (automatic),26.1,201.93,No
CUST-0004886,Female,0,Yes,No,4,Yes,No,DSL,No,No,Yes,No,No,Yes,Two year,Yes,Mailed check,43.9,163.47,No
CUST-0004887,Male,0,No,Yes,11,Yes,Yes,DSL,No,No,No,No,No,No,One year,Yes,Mailed check,75.83,837.39,No
CUST-0004888,Female,0,No,No,21,Yes,No,DSL,No,No,Yes,No,Yes,No,Two year,Yes,Mailed check,62.48,1316.81,Yes
CUST-0004889,Male,0,Yes,No,24,Yes,Yes,No,No internet service,No internet service,No internet service,No internet service,No internet service,No internet service,Month-to-month,Yes,Electronic check,81.71,1976.27,No
CUST-0004890,Female,0,No,No,17,Yes,Yes,DSL,No,Yes,No,No,No,No,Month-to-month,Yes,Credit card (automatic),52.03,899.14,No
CUST-0004891,Male,0,No,Yes,34,Yes,No,DSL,Yes,No,No,Yes,No,No,Month-to-month,Yes,Mailed check,64.96,2167.75,No
CUST-0004892,Male,0,No,No,17,Yes,Yes,No,No internet service,No internet service,No internet service,No internet service,No internet service,No internet service,Month-to-month,Yes,Credit card (automatic),55.98,938.83,No
CUST-0004893,Female,0,Yes,No,72,Yes,No,DSL,No,No,Yes,No,No,No,Two year,Yes,Bank transfer (automatic),58.25,4189.4,No
CUST-0004894,Male,0,Yes,Yes,9,Yes,No,DSL,No,No,No,No,No,Yes,Two year,No,Electronic check,94.59,873.26,Yes
CUST-0004895,Male,0,No,Yes,31,No,No phone service,DSL,No,No,No,No,Yes,Yes,Month-to-month,No,Bank transfer (automatic),84.69,2605.8,No
CUST-0004896,Male,0,No,Yes,30,Yes,Yes,DSL,No,No,No,No,No,No,One year,No,Electronic check,24.3,720.79,No
CUST-0004897,Male,0,Yes,Yes,10,Yes,No,DSL,No,Yes,No,Yes,No,Yes,Month-to-month,Yes,Electronic check,80.81,808.5,Yes
CUST-0004898,Male,0,Yes,Yes,16,Yes,Yes,No,No internet service,No internet service,No internet service,No internet service,No internet service,No internet service,Month-to-month,No,Electronic check,94.99,1513.25,No
CUST-0004899,Male,0,No,No,14,Yes,No,No,No internet service,No internet service,No internet service,No internet service,No internet service,No internet service,One year,No,Electronic check,48.25,689.38,No
CUST-0004900,Female,0,No,No,6,Yes,Yes,Fiber optic,No,No,No,No,No,No,Two year,No,Bank transfer (automatic),53.84,315.01,No
CUST-0004901,Male,1,No,No,20,Yes,Yes,Fiber optic,No,No,Yes,No,Yes,No,Month-to-month,Yes,Electronic check,43.87,861.53,No
CUST-0004902,Male,1,Yes,No,15,No,No phone service,Fiber optic,Yes,No,Yes,No,Yes,No,One year,No,Bank transfer (automatic),51.49,769.15,Yes
CUST-0004903,Male,0,Yes,No,6,No,No phone service,Fiber optic,Yes,Yes,No,Yes,No,Yes,Month-to-month,Yes,Electronic check,61.1,400.92,No
CUST-0004904,Male,0,Yes,No,19,Yes,No,Fiber optic,No,Yes,No,No,Yes,No,Month-to-month,Yes,Credit card (automatic),77.19,1467.38,Yes
CUST-0004905,Female,0,Yes,Yes,17,No,No phone service,Fiber optic,No,No,No,Yes,No,Yes,Month-to-month,No,Mailed check,66.95,1168.18,No
CUST-0004906,Male,0,Yes,No,4,Yes,No,DSL,No,No,Yes,Yes,Yes,No,Two year,No,Mailed check,78.46,322.11,No
CUST-0004907,Female,0,No,No,4,Yes,Yes,DSL,No,Yes,No,Yes,No,Yes,Month-to-month,No,Electronic check,82.0,325.43,Yes
CUST-0004908,Male,1,No,Yes,33,Yes,No,No,No internet service,No internet service,No internet service,No internet service,No internet service,No internet service,Two year,No,Bank transfer (automatic),72.74,2421.77,Yes
CUST-0004909,Female,0,No,Yes,39,Yes,No,DSL,Yes,No,Yes,No,Yes,Yes,One year,No,Credit card (automatic),118.75,4646.52,No
CUST-0004910,Female,0,Yes,No,72,No,No phone service,No,No internet service,No internet service,No internet service,No internet service,No internet service,No internet service,One year,Yes,Electronic check,49.61,3578.9,Yes
CUST-0004911,Female,0,Yes,No,2,Yes,Yes,Fiber optic,No,Yes,No,No,No,No,Two year,Yes,Bank transfer (automatic),111.83,229.63,No
CUST-0004912,Female,0,Yes,No,4,Yes,Yes,Fiber optic,No,Yes,Yes,Yes,No,Yes,Month-to-month,Yes,Bank transfer (automatic),24.33,109.39,No
CUST-0004913,Female,1,Yes,Yes,1,Yes,No,DSL,No,No,Yes,Yes,No,No,Month-to-month,No,Mailed check,53.2,53.24,No
CUST-0004914,Male,0,No,Yes,24,No,No phone service,DSL,No,No,No,Yes,No,Yes,Two year,Yes,Mailed check,65.23,1584.6,Yes
CUST-0004915,Male,1,Yes,No,31,No,No phone service,Fiber optic,Yes,No,No,No,Yes,Yes,Month-to-month,No,Electronic check,53.95,1659.0,Yes
CUST-0004916,Female,0,Yes,No,16,Yes,No,Fiber optic,No,No,No,Yes,No,Yes,Month-to-month,No,Credit card (automatic),92.1,1467.15,No
CUST-0004917,Male,1,Yes,No,51,Yes,No,Fiber optic,No,No,No,Yes,Yes,Yes,Month-to-month,Yes,Mailed check,18.25,912.49,No
CUST-0004918,Male,1,Yes,No,37,No,No phone service,Fiber optic,No,No,Yes,No,Yes,No,Month-to-month,Yes,Electronic check,44.94,1700.74,No
CUST-0004919,Female,1,No,No,72,Yes,Yes,Fiber optic,Yes,No,No,Yes,No,Yes,Two year,Yes,Credit card (automatic),41.45,2945.19,No
CUST-0004920,Male,0,Yes,Yes,4,No,No phone service,Fiber optic,No,Yes,Yes,No,No,Yes,Month-to-month,No,Electronic check,18.25,69.5,No
CUST-0004921,Female,0,No,No,1,Yes,No,No,No internet service,No internet service,No internet service,No internet service,No internet service,No internet service,Month-to-month,No,Bank transfer (automatic),23.38,9.16,Yes
CUST-0004922,Female,0,No,Yes,10,Yes,No,No,No internet service,No internet service,No internet service,No internet service,No internet service,No internet service,Month-to-month,No,Electronic check,108.73,1079.54,No
CUST-0004923,Female,0,Yes,No,0,Yes,No,Fiber optic,No,No,No,No,No,Yes,Month-to-month,No,Bank transfer (automatic),49.03,,No
CUST-0004924,Female,1,Yes,No,72,Yes,No,DSL,Yes,Yes,No,No,No,Yes,Two year,No,Bank transfer (automatic),23.4,1670.63,Yes
CUST-0004925,Male,0,No,Yes,11,Yes,No,DSL,No,No,Yes,No,Yes,No,Month-to-month,Yes,Bank transfer (automatic),85.71,952.15,No
CUST-0004926,Male,0,No,Yes,25,Yes,Yes,Fiber optic,Yes,Yes,No,No,Yes,No,Month-to-month,Yes,Mailed check,18.25,434.62,No
CUST-0004927,Male,0,Yes,Yes,12,No,No phone service,Fiber optic,No,No,No,No,Yes,No,One year,Yes,Mailed check,93.05,1144.2,No
CUST-0004928,Male,0,Yes,Yes,9,No,No phone service,Fiber optic,Yes,Yes,Yes,No,No,No,One year,No,Credit card (automatic),94.29,832.13,No
CUST-0004929,Female,0,Yes,No,5,Yes,Yes,Fiber optic,No,No,No,Yes,Yes,No,One year,No,Electronic check,59.58,265.27,Yes
CUST-0004930,Female,0,Yes,No,12,Yes,No,No,No internet service,No internet service,No internet service,No internet service,No internet service,No internet service,One year,Yes,Credit card (automatic),71.5,890.08,Yes
CUST-0004931,Male,0,Yes,No,30,Yes,No,DSL,No,Yes,No,No,No,No,Month-to-month,Yes,Mailed check,118.75,3572.67,Yes
CUST-0004932,Male,0,Yes,No,72,Yes,No,No,No internet service,No internet service,No internet service,No internet service,No internet service,No internet service,One year,No,Electronic check,66.58,4806.51,Yes
CUST-0004933,Female,1,Yes,No,26,Yes,Yes,DSL,No,No,No,No,No,Yes,Two year,Yes,Bank transfer (automatic),118.75,3132.26,Yes
CUST-0004934,Male,0,Yes,No,24,No,No phone service,DSL,Yes,Yes,Yes,Yes,Yes,No,Month-to-month,No,Electronic check,72.08,1699.78,No
CUST-0004935,Male,1,Yes,No,1,Yes,No,No,No internet service,No internet service,No internet service,No internet service,No internet service,No internet service,Month-to-month,Yes,Mailed check,67.66,92.9,Yes
CUST-0004936,Male,0,No,No,58,Yes,No,No,No internet service,No internet service,No internet service,No internet service,No internet service,No internet service,Month-to-month,Yes,Bank transfer (automatic),18.25,1020.5,No
CUST-0004937,Female,0,No,No,1,Yes,Yes,Fiber optic,Yes,No,Yes,No,Yes,No,Month-to-month,No,Mailed check,55.48,29.95,No
CUST-0004938,Female,0,No,No,72,Yes,No,No,No internet service,No internet service,No internet service,No internet service,No internet service,No internet service,Month-to-month,No,Electronic check,65.14,4709.3,No
CUST-0004939,Female,0,Yes,Yes,24,Yes,No,No,No internet service,No internet service,No internet service,No internet service,No internet service,No internet service,Month-to-month,Yes,Bank transfer (automatic),116.65,2803.6,Yes
CUST-0004940,Female,0,No,No,5,No,No phone service,Fiber optic,No,No,No,Yes,No,Yes,One year,Yes,Bank transfer (automatic),85.11,376.58,No
CUST-0004941,Male,0,Yes,No,19,Yes,Yes,Fiber optic,No,No,No,No,Yes,Yes,One year,No,Electronic check,87.59,1650.13,No
CUST-0004942,Male,0,No,No,72,Yes,No,DSL,No,Yes,No,No,No,Yes,Month-to-month,Yes,Bank transfer (automatic),58.59,4197.91,No
CUST-0004943,Female,0,Yes,No,11,Yes,Yes,DSL,No,Yes,No,Yes,Yes,No,Month-to-month,Yes,Credit card (automatic),96.3,1071.4,No
CUST-0004944,Male,0,Yes,Yes,10,Yes,Yes,Fiber optic,No,Yes,Yes,No,Yes,Yes,Two year,Yes,Electronic check,108.47,1090.25,No
CUST-0004945,Female,0,No,No,4,Yes,Yes,Fiber optic,Yes,Yes,Yes,No,Yes,No,One year,Yes,Credit card (automatic),48.87,203.95,No
CUST-0004946,Female,0,No,No,29,Yes,No,Fiber optic,No,No,No,Yes,No,No,Two year,No,Electronic check,63.51,1818.7,Yes
CUST-0004947,Female,1,No,No,2,No,No phone service,Fiber optic,Yes,No,Yes,No,Yes,No,Month-to-month,No,Mailed check,58.19,104.49,No
CUST-0004948,Female,0,Yes,No,46,Yes,Yes,No,No internet service,No internet service,No internet service,No internet service,No internet service,No internet service,One year,Yes,Credit card (automatic),47.79,2206.09,No
CUST-0004949,Female,0,Yes,Yes,72,Yes,Yes,Fiber optic,Yes,Yes,Yes,No,No,No,Month-to-month,No,Electronic check,30.39,2190.43,No
CUST-0004950,Female,1,Yes,No,72,Yes,No,No,No internet service,No internet service,No internet service,No internet service,No internet service,No internet service,One year,No,Bank transfer (automatic),103.47,7468.82,No
CUST-0004951,Male,0,No,No,3,No,No phone service,No,No internet service,No internet service,No internet service,No internet service,No internet service,No internet service,One year,No,Electronic check,81.43,221.77,Yes
CUST-0004952,Male,1,No,No,26,Yes,No,Fiber optic,No,Yes,Yes,No,Yes,No,Month-to-month,Yes,Mailed check,61.44,1569.89,Yes
CUST-0004953,Male,0,No,Yes,3,Yes,No,DSL,Yes,No,No,Yes,Yes,Yes,Two year,Yes,Bank transfer (automatic),24.24,76.57,No
CUST-0004954,Female,1,Yes,Yes,27,Yes,No,DSL,No,No,Yes,No,Yes,No,Month-to-month,No,Mailed check,93.0,2539.45,No
CUST-0004955,Male,0,No,No,53,Yes,Yes,Fiber optic,Yes,Yes,Yes,No,Yes,No,Month-to-month,No,Electronic check,77.98,4098.89,Yes
CUST-0004956,Female,1,Yes,No,24,Yes,No,Fiber optic,No,No,Yes,No,No,No,Month-to-month,No,Electronic check,59.95,1415.52,No
CUST-0004957,Male,0,Yes,Yes,65,No,No phone service,Fiber optic,No,No,No,No,Yes,No,Month-to-month,Yes,Mailed check,18.25,1174.67,No
CUST-0004958,Female,0,No,Yes,51,Yes,No,No,No internet service,No internet service,No internet service,No internet service,No internet service,No internet service,Month-to-month,No,Electronic check,18.25,927.22,No
CUST-0004959,Male,0,No,No,10,Yes,Yes,Fiber optic,No,No,Yes,No,No,Yes,Month-to-month,No,Mailed check,36.93,387.23,No
CUST-0004960,Female,0,Yes,No,31,Yes,No,Fiber optic,No,No,Yes,Yes,No,No,Month-to-month,Yes,Credit card (automatic),29.81,900.96,Yes
CUST-0004961,Female,0,Yes,Yes,0,Yes,No,No,No internet service,No internet service,No internet service,No internet service,No internet service,No internet service,Month-to-month,Yes,Mailed check,85.85,,No
CUST-0004962,Male,0,Yes,No,16,Yes,No,DSL,No,Yes,Yes,No,Yes,Yes,Two year,Yes,Electronic check,82.17,1299.41,No
CUST-0004963,Male,1,Yes,No,8,Yes,No,DSL,No,Yes,No,No,No,No,Month-to-month,Yes,Bank transfer (automatic),99.44,806.67,No
CUST-0004964,Female,0,Yes,No,72,Yes,No,DSL,No,No,No,No,No,No,Month-to-month,No,Mailed check,34.59,2496.29,Yes
CUST-0004965,Male,1,Yes,No,16,Yes,No,DSL,No,No,Yes,No,Yes,Yes,Two year,Yes,Electronic check,54.57,893.0,No
CUST-0004966,Male,0,Yes,No,33,Yes,No,No,No internet service,No internet service,No internet service,No internet service,No internet service,No internet service,Month-to-month,Yes,Bank transfer (automatic),67.26,2232.48,No
CUST-0004967,Female,1,No,No,42,Yes,Yes,Fiber optic,Yes,No,No,No,Yes,No,Month-to-month,No,Credit card (automatic),75.2,3179.2,Yes
CUST-0004968,Female,1,No,No,47,Yes,Yes,Fiber optic,Yes,Yes,Yes,Yes,No,Yes,Month-to-month,No,Bank transfer (automatic),93.61,4390.39,No
CUST-0004969,Female,0,No,No,42,Yes,Yes,Fiber optic,No,Yes,Yes,Yes,No,No,Two year,Yes,Credit card (automatic),107.18,4531.01,No
CUST-0004970,Male,1,No,No,10,Yes,Yes,Fiber optic,No,No,No,No,Yes,No,One year,No,Electronic check,118.75,1153.09,No
CUST-0004971,Male,1,No,Yes,37,No,No phone service,Fiber optic,Yes,No,No,No,Yes,Yes,One year,Yes,Bank transfer (automatic),46.4,1743.89,No
CUST-0004972,Female,0,Yes,No,25,Yes,No,No,No internet service,No internet service,No internet service,No internet service,No internet service,No internet service,Two year,No,Electronic check,71.94,1779.25,Yes
CUST-0004973,Female,0,Yes,No,29,Yes,Yes,Fiber optic,No,Yes,No,No,Yes,Yes,Month-to-month,Yes,Credit card (automatic),40.77,1204.68,No
CUST-0004974,Female,0,No,No,0,Yes,Yes,No,No internet service,No internet service,No internet service,No internet service,No internet service,No internet service,Two year,No,Electronic check,96.37,,No
CUST-0004975,Male,0,No,No,9,Yes,No,No,No internet service,No internet service,No internet service,No internet service,No internet service,No internet service,Month-to-month,No,Credit card (automatic),48.85,429.64,No
CUST-0004976,Male,0,No,No,72,Yes,Yes,DSL,No,No,No,No,No,No,Month-to-month,Yes,Mailed check,61.99,4455.67,No
CUST-0004977,Male,0,No,Yes,10,Yes,No,Fiber optic,No,Yes,No,No,No,Yes,Two year,No,Credit card (automatic),73.5,710.9,No
CUST-0004978,Male,0,Yes,Yes,18,Yes,Yes,No,No internet service,No internet service,No internet service,No internet service,No internet service,No internet service,Month-to-month,No,Credit card (automatic),54.31,956.42,No
CUST-0004979,Male,0,Yes,Yes,6,Yes,No,No,No internet service,No internet service,No internet service,No internet service,No internet service,No internet service,Month-to-month,No,Electronic check,106.11,640.89,No
CUST-0004980,Male,1,Yes,No,4,No,No phone service,DSL,No,No,No,Yes,No,No,Month-to-month,No,Credit card (automatic),40.41,130.6,Yes
CUST-0004981,Female,1,Yes,No,7,Yes,Yes,DSL,Yes,No,No,No,No,No,Two year,No,Credit card (automatic),93.05,679.09,No
CUST-0004982,Male,0,Yes,No,25,Yes,No,Fiber optic,No,No,No,No,No,No,Month-to-month,Yes,Mailed check,54.94,1382.37,Yes
CUST-0004983,Female,0,Yes,No,72,Yes,Yes,DSL,No,No,No,No,No,No,Two year,Yes,Bank transfer (automatic),18.25,1315.19,No
CUST-0004984,Female,0,Yes,No,12,Yes,Yes,DSL,Yes,Yes,Yes,No,No,No,One year,Yes,Mailed check,61.39,726.27,No
CUST-0004985,Female,0,Yes,No,12,Yes,Yes,DSL,No,No,No,No,No,No,Month-to-month,Yes,Mailed check,74.72,924.04,No
CUST-0004986,Male,0,Yes,Yes,26,Yes,No,DSL,Yes,Yes,Yes,No,No,Yes,Month-to-month,Yes,Electronic check,106.79,2788.48,No
CUST-0004987,Female,0,Yes,Yes,14,Yes,Yes,Fiber optic,No,Yes,No,No,Yes,No,Month-to-month,No,Bank transfer (automatic),115.3,1599.42,No
CUST-0004988,Female,0,Yes,Yes,72,No,No phone service,No,No internet service,No internet service,No internet service,No internet service,No internet service,No internet service,Month-to-month,Yes,Electronic check,79.21,5695.53,No
CUST-0004989,Female,0,Yes,No,15,Yes,No,DSL,Yes,Yes,No,Yes,No,Yes,Two year,Yes,Electronic check,18.25,291.59,No
CUST-0004990,Female,0,No,Yes,21,Yes,No,Fiber optic,No,No,No,No,Yes,No,One year,No,Mailed check,73.81,1553.28,No
CUST-0004991,Female,0,No,Yes,24,Yes,Yes,Fiber optic,No,No,No,Yes,No,Yes,Two year,No,Mailed check,46.19,1096.54,No
CUST-0004992,Female,1,Yes,No,48,Yes,No,No,No internet service,No internet service,No internet service,No internet service,No internet service,No internet service,Month-to-month,Yes,Bank transfer (automatic),59.96,2891.54,No
CUST-0004993,Male,0,Yes,No,26,Yes,No,Fiber optic,No,No,No,Yes,No,Yes,Two year,No,Mailed check,26.84,708.83,No
CUST-0004994,Female,0,No,No,8,No,No phone service,DSL,No,No,Yes,No,No,No,Month-to-month,No,Electronic check,52.12,419.36,Yes
CUST-0004995,Male,1,No,No,4,Yes,Yes,No,No internet service,No internet service,No internet service,No internet service,No internet service,No internet service,Month-to-month,No,Electronic check,50.13,171.06,No
CUST-0004996,Female,0,No,Yes,72,Yes,No,No,No internet service,No internet service,No internet service,No internet service,No internet service,No internet service,Two year,Yes,Bank transfer (automatic),68.17,4888.08,No
CUST-0004997,Male,0,Yes,Yes,51,Yes,No,Fiber optic,No,No,No,No,No,Yes,One year,No,Mailed check,67.95,3470.15,No
CUST-0004998,Male,0,No,Yes,0,No,No phone service,DSL,Yes,No,No,Yes,Yes,Yes,Two year,Yes,Electronic check,32.39,,No
CUST-0004999,Female,0,No,Yes,55,Yes,No,DSL,Yes,Yes,Yes,No,Yes,No,Two year,No,Bank transfer (automatic),18.25,991.86,No
CUST-0005000,Female,1,No,No,28,Yes,No,DSL,Yes,Yes,No,No,No,Yes,One year,No,Electronic check,18.25,506.25,No
CUST-0005001,Male,0,Yes,No,23,Yes,Yes,DSL,No,No,Yes,No,Yes,No,One year,No,Electronic check,18.41,426.29,No
CUST-0005002,Male,0,No,No,0,Yes,Yes,DSL,No,No,No,No,Yes,No,Month-to-month,No,Electronic check,71.84,,No
CUST-0005003,Female,0,No,No,48,Yes,No,DSL,No,No,No,No,No,Yes,Month-to-month,Yes,Mailed check,73.67,3530.13,No
CUST-0005004,Male,0,No,No,7,Yes,Yes,DSL,Yes,No,No,No,Yes,Yes,Month-to-month,Yes,Credit card (automatic),77.11,512.61,No
CUST-0005005,Female,1,Yes,Yes,41,Yes,No,Fiber optic,Yes,No,No,No,Yes,No,Two year,Yes,Credit card (automatic),22.43,916.4,No
CUST-0005006,Male,0,No,Yes,0,Yes,No,Fiber optic,No,No,No,No,No,No,One year,No,Electronic check,40.52,,No
CUST-0005007,Female,0,Yes,No,50,Yes,Yes,DSL,Yes,No,Yes,No,Yes,Yes,One year,No,Electronic check,38.93,1931.6,No
CUST-0005008,Female,0,Yes,No,0,Yes,Yes,No,No internet service,No internet service,No internet service,No internet service,No internet service,No internet service,Two year,No,Electronic check,65.89,,Yes
CUST-0005009,Male,0,No,No,8,Yes,Yes,Fiber optic,No,Yes,No,Yes,No,No,Two year,Yes,Credit card (automatic),69.07,561.71,No
CUST-0005010,Male,0,Yes,No,9,Yes,Yes,DSL,Yes,No,No,No,Yes,No,Month-to-month,Yes,Credit card (automatic),88.58,804.16,No
CUST-0005011,Male,0,No,Yes,5,Yes,No,DSL,No,No,Yes,Yes,No,No,Two year,Yes,Credit card (automatic),59.87,282.99,Yes
CUST-0005012,Female,0,No,No,20,Yes,No,DSL,Yes,Yes,No,Yes,No,No,One year,Yes,Mailed check,118.75,2385.1,No
CUST-0005013,Female,0,Yes,Yes,10,Yes,No,Fiber optic,Yes,No,No,Yes,No,No,Two year,No,Electronic check,92.1,916.31,No
CUST-0005014,Female,0,No,No,72,Yes,No,DSL,No,No,Yes,No,No,No,Two year,No,Credit card (automatic),47.75,3447.31,No
CUST-0005015,Male,0,No,No,27,Yes,No,DSL,No,Yes,No,No,No,No,Month-to-month,No,Electronic check,46.75,1219.66,No
CUST-0005016,Male,0,Yes,Yes,26,Yes,No,Fiber optic,No,No,No,Yes,Yes,No,One year,Yes,Credit card (automatic),80.76,2110.97,Yes
CUST-0005017,Male,0,No,Yes,7,Yes,No,Fiber optic,Yes,No,No,Yes,Yes,No,Two year,Yes,Mailed check,47.81,343.53,No
CUST-0005018,Male,1,Yes,Yes,16,Yes,No,DSL,No,Yes,Yes,No,No,No,Month-to-month,Yes,Credit card (automatic),41.83,673.83,No
CUST-0005019,Female,0,Yes,Yes,4,No,No phone service,Fiber optic,Yes,No,No,Yes,No,Yes,Month-to-month,Yes,Electronic check,51.24,197.72,No
CUST-0005020,Female,0,Yes,No,46,No,No phone service,DSL,No,No,Yes,Yes,No,Yes,Month-to-month,Yes,Mailed check,70.71,3262.8,Yes
CUST-0005021,Female,0,Yes,No,12,Yes,No,Fiber optic,No,No,Yes,No,No,No,Month-to-month,No,Electronic check,72.96,882.32,No
CUST-0005022,Male,1,Yes,No,44,Yes,No,Fiber optic,No,No,No,No,Yes,No,One year,Yes,Bank transfer (automatic),18.25,793.13,Yes
CUST-0005023,Female,0,No,No,14,No,No phone service,Fiber optic,No,Yes,Yes,Yes,No,No,One year,Yes,Electronic check,46.48,657.79,No
CUST-0005024,Female,0,No,Yes,72,No,No phone service,Fiber optic,No,No,No,No,No,No,Month-to-month,No,Electronic check,97.17,6982.99,Yes
CUST-0005025,Female,1,No,Yes,6,Yes,Yes,DSL,Yes,No,No,No,Yes,Yes,Month-to-month,No,Bank transfer (automatic),118.75,678.06,No
CUST-0005026,Female,1,Yes,Yes,0,Yes,Yes,DSL,No,No,No,Yes,No,No,Month-to-month,No,Electronic check,63.66,,No
CUST-0005027,Male,0,No,Yes,28,Yes,Yes,DSL,Yes,Yes,Yes,Yes,No,No,Month-to-month,Yes,Credit card (automatic),70.36,1979.65,No
CUST-0005028,Male,0,Yes,No,72,Yes,No,DSL,No,No,No,No,No,Yes,Two year,Yes,Mailed check,61.49,4425.4,No
CUST-0005029,Female,0,Yes,Yes,33,Yes,No,DSL,No,No,Yes,Yes,No,Yes,Two year,Yes,Mailed check,104.17,3440.26,No
CUST-0005030,Male,0,Yes,No,2,Yes,Yes,DSL,No,No,No,No,No,No,Two year,Yes,Electronic check,42.65,55.65,Yes
CUST-0005031,Male,1,Yes,No,24,Yes,Yes,Fiber optic,No,No,No,No,Yes,No,Month-to-month,Yes,Electronic check,99.94,2397.62,Yes
CUST-0005032,Female,0,Yes,No,72,Yes,No,DSL,No,No,No,Yes,No,No,Two year,Yes,Credit card (automatic),106.26,7652.04,Yes
CUST-0005033,Female,1,No,No,0,Yes,Yes,No,No internet service,No internet service,No internet service,No internet service,No internet service,No internet service,One year,No,Credit card (automatic),95.65,,Yes
CUST-0005034,Female,0,No,No,5,Yes,No,No,No internet service,No internet service,No internet service,No internet service,No internet service,No internet service,Two year,No,Electronic check,56.94,305.79,No
CUST-0005035,Male,0,Yes,No,53,Yes,Yes,DSL,No,No,Yes,No,No,No,Month-to-month,Yes,Electronic check,74.4,3946.59,Yes
CUST-0005036,Male,0,Yes,No,71,Yes,No,Fiber optic,Yes,No,Yes,No,Yes,No,Month-to-month,No,Electronic check,107.77,7662.84,No
CUST-0005037,Female,0,Yes,Yes,39,Yes,Yes,No,No internet service,No internet service,No internet service,No internet service,No internet service,No internet service,One year,Yes,Credit card (automatic),82.2,3175.84,No
CUST-0005038,Female,0,No,No,72,Yes,No,Fiber optic,No,Yes,Yes,No,Yes,No,Month-to-month,No,Mailed check,18.25,1323.29,No
CUST-0005039,Female,0,No,Yes,3,Yes,No,No,No internet service,No internet service,No internet service,No internet service,No internet service,No internet service,Month-to-month,Yes,Credit card (automatic),67.3,206.11,No
CUST-0005040,Female,0,No,No,25,Yes,No,No,No internet service,No internet service,No internet service,No internet service,No internet service,No internet service,Month-to-month,No,Credit card (automatic),38.99,987.42,No
CUST-0005041,Female,0,No,No,36,Yes,Yes,No,No internet service,No internet service,No internet service,No internet service,No internet service,No internet service,One year,Yes,Credit card (automatic),79.09,2834.5,Yes
CUST-0005042,Female,0,Yes,Yes,38,Yes,No,DSL,No,No,No,No,No,No,Two year,Yes,Bank transfer (automatic),71.51,2722.12,Yes
CUST-0005043,Male,0,No,Yes,50,Yes,No,DSL,Yes,No,No,No,No,No,One year,No,Electronic check,36.31,1789.86,Yes
CUST-0005044,Female,0,Yes,Yes,72,Yes,No,DSL,No,No,No,No,No,No,Two year,Yes,Bank transfer (automatic),88.01,6323.97,Yes
CUST-0005045,Female,0,Yes,No,14,Yes,No,Fiber optic,No,Yes,No,No,Yes,Yes,Month-to-month,Yes,Electronic check,62.68,858.64,Yes
CUST-0005046,Female,0,No,No,1,Yes,No,Fiber optic,No,Yes,No,Yes,No,No,Month-to-month,Yes,Bank transfer (automatic),60.49,21.02,Yes
CUST-0005047,Male,0,Yes,No,14,Yes,Yes,DSL,No,No,No,No,No,No,Two year,No,Electronic check,59.89,845.4,No
CUST-0005048,Female,0,No,No,35,Yes,Yes,DSL,No,No,No,Yes,Yes,Yes,Two year,No,Bank transfer (automatic),63.68,2220.37,Yes
CUST-0005049,Male,0,Yes,Yes,7,Yes,No,Fiber optic,Yes,No,No,Yes,No,No,One year,No,Electronic check,68.2,486.75,No
CUST-0005050,Female,0,No,No,53,Yes,No,DSL,Yes,No,No,No,No,No,Month-to-month,No,Credit card (automatic),82.98,4390.01,No
CUST-0005051,Male,1,Yes,No,7,Yes,No,Fiber optic,No,No,No,No,No,No,Month-to-month,No,Electronic check,59.9,405.96,No
CUST-0005052,Female,0,Yes,No,0,Yes,No,Fiber optic,Yes,No,Yes,No,No,No,One year,No,Credit card (automatic),78.69,,Yes
CUST-0005053,Male,0,No,No,22,Yes,Yes,Fiber optic,No,No,No,Yes,Yes,No,Month-to-month,Yes,Mailed check,91.2,2017.11,Yes
CUST-0005054,Male,0,No,No,41,Yes,No,DSL,No,No,No,No,No,Yes,Two year,No,Electronic check,105.38,4336.96,No
CUST-0005055,Male,1,No,Yes,13,Yes,No,No,No internet service,No internet service,No internet service,No internet service,No internet service,No internet service,One year,No,Electronic check,40.12,504.42,No
CUST-0005056,Female,0,No,No,44,Yes,Yes,DSL,No,Yes,Yes,No,No,No,Month-to-month,Yes,Credit card (automatic),36.96,1630.63,Yes
CUST-0005057,Male,0,No,Yes,18,Yes,Yes,No,No internet service,No internet service,No internet service,No internet service,No internet service,No internet service,Month-to-month,No,Mailed check,26.51,504.99,No
CUST-0005058,Male,0,No,No,6,Yes,Yes,No,No internet service,No internet service,No internet service,No internet service,No internet service,No internet service,Month-to-month,No,Bank transfer (automatic),52.7,320.37,No
CUST-0005059,Female,0,Yes,Yes,3,Yes,No,Fiber optic,No,Yes,Yes,No,No,No,Month-to-month,Yes,Electronic check,87.77,258.87,No
CUST-0005060,Male,1,Yes,No,39,Yes,No,Fiber optic,No,Yes,No,Yes,No,No,One year,Yes,Electronic check,18.25,725.81,No
CUST-0005061,Female,0,Yes,No,15,Yes,No,Fiber optic,No,No,Yes,Yes,Yes,No,Month-to-month,Yes,Bank transfer (automatic),40.26,606.57,No
CUST-0005062,Female,0,No,No,72,Yes,No,No,No internet service,No internet service,No internet service,No internet service,No internet service,No internet service,Month-to-month,No,Mailed check,35.29,2531.96,No
CUST-0005063,Male,1,Yes,No,24,Yes,Yes,DSL,Yes,No,No,No,Yes,No,One year,Yes,Mailed check,62.65,1496.2,Yes
CUST-0005064,Male,0,No,No,13,Yes,No,Fiber optic,Yes,No,No,No,Yes,Yes,Month-to-month,No,Bank transfer (automatic),93.43,1201.56,No
CUST-0005065,Female,0,No,No,13,Yes,No,DSL,No,Yes,No,No,No,Yes,Two year,No,Electronic check,34.0,430.47,No
CUST-0005066,Male,0,No,Yes,4,Yes,No,No,No internet service,No internet service,No internet service,No internet service,No internet service,No internet service,Month-to-month,Yes,Electronic check,92.45,380.16,No
CUST-0005067,Male,0,Yes,No,28,Yes,No,No,No internet service,No internet service,No internet service,No internet service,No internet service,No internet service,One year,No,Mailed check,114.63,3231.79,Yes
CUST-0005068,Male,0,Yes,No,27,Yes,No,Fiber optic,Yes,No,No,No,Yes,Yes,Two year,Yes,Electronic check,90.81,2450.51,No
CUST-0005069,Female,0,No,No,51,Yes,No,Fiber optic,No,No,No,No,No,No,Month-to-month,No,Bank transfer (automatic),47.63,2445.97,No
CUST-0005070,Male,0,Yes,No,7,Yes,No,DSL,Yes,No,Yes,No,No,No,Month-to-month,Yes,Bank transfer (automatic),18.25,137.33,No
CUST-0005071,Female,0,Yes,Yes,10,Yes,Yes,Fiber optic,No,No,Yes,No,No,Yes,Month-to-month,Yes,Electronic check,79.28,787.32,Yes
CUST-0005072,Female,1,Yes,Yes,3,Yes,No,No,No internet service,No internet service,No internet service,No internet service,No internet service,No internet service,Month-to-month,Yes,Electronic check,89.23,246.24,No
CUST-0005073,Male,0,Yes,No,11,Yes,No,Fiber optic,Yes,No,Yes,Yes,No,No,One year,No,Electronic check,65.7,730.61,No
CUST-0005074,Male,0,Yes,No,17,Yes,No,Fiber optic,Yes,No,No,Yes,Yes,No,Month-to-month,No,Credit card (automatic),113.65,1946.29,No
CUST-0005075,Female,0,No,No,72,No,No phone service,No,No internet service,No internet service,No internet service,No internet service,No internet service,No internet service,Month-to-month,Yes,Electronic check,18.25,1281.29,Yes
CUST-0005076,Female,0,Yes,No,33,Yes,No,DSL,No,No,Yes,No,No,Yes,One year,Yes,Credit card (automatic),68.14,2238.16,No
CUST-0005077,Female,0,No,No,48,Yes,Yes,No,No internet service,No internet service,No internet service,No internet service,No internet service,No internet service,Month-to-month,No,Electronic check,94.35,4529.22,Yes
CUST-0005078,Male,0,Yes,No,12,Yes,Yes,Fiber optic,Yes,Yes,Yes,No,No,Yes,Month-to-month,Yes,Mailed check,94.49,1148.76,No
CUST-0005079,Male,0,No,No,4,Yes,No,DSL,No,No,Yes,No,No,No,Month-to-month,Yes,Credit card (automatic),44.37,197.96,No
CUST-0005080,Male,0,No,Yes,9,Yes,No,Fiber optic,No,No,No,Yes,No,No,Month-to-month,No,Bank transfer (automatic),51.33,456.64,Yes
CUST-0005081,Male,1,Yes,No,9,Yes,No,No,No internet service,No internet service,No internet service,No internet service,No internet service,No internet service,Month-to-month,No,Electronic check,102.01,890.48,No
CUST-0005082,Male,0,Yes,No,27,Yes,Yes,Fiber optic,No,Yes,No,No,No,Yes,Month-to-month,Yes,Mailed check,59.06,1558.24,No
CUST-0005083,Female,1,Yes,No,13,Yes,No,Fiber optic,No,Yes,No,No,No,No,Month-to-month,Yes,Electronic check,78.27,1063.1,No
CUST-0005084,Male,0,No,No,62,Yes,No,No,No internet service,No internet service,No internet service,No internet service,No internet service,No internet service,Month-to-month,Yes,Electronic check,47.89,2971.87,Yes
CUST-0005085,Male,1,No,Yes,72,Yes,Yes,No,No internet service,No internet service,No internet service,No internet service,No internet service,No internet service,Month-to-month,Yes,Mailed check,33.21,2389.35,No
CUST-0005086,Male,0,No,No,13,Yes,Yes,No,No internet service,No internet service,No internet service,No internet service,No internet service,No internet service,Month-to-month,Yes,Credit card (automatic),84.92,1087.89,No
CUST-0005087,Female,0,Yes,No,39,Yes,Yes,Fiber optic,Yes,Yes,No,No,No,No,Month-to-month,Yes,Mailed check,51.33,2021.22,No
CUST-0005088,Male,0,Yes,No,34,Yes,No,Fiber optic,Yes,Yes,No,No,Yes,No,Two year,No,Bank transfer (automatic),60.93,2054.38,Yes
CUST-0005089,Female,0,Yes,No,6,Yes,Yes,No,No internet service,No internet service,No internet service,No internet service,No internet service,No internet service,Month-to-month,Yes,Electronic check,64.39,407.27,No
CUST-0005090,Male,0,Yes,No,72,Yes,Yes,Fiber optic,No,No,Yes,No,No,No,Month-to-month,No,Mailed check,46.26,3352.19,No
CUST-0005091,Male,0,No,No,7,Yes,No,Fiber optic,No,No,Yes,No,No,Yes,Two year,No,Electronic check,19.74,142.05,No
CUST-0005092,Male,0,Yes,No,42,Yes,No,Fiber optic,No,No,No,No,Yes,No,Month-to-month,No,Electronic check,61.34,2588.21,No
CUST-0005093,Female,0,No,No,13,Yes,Yes,Fiber optic,Yes,No,No,No,No,No,One year,Yes,Bank transfer (automatic),59.64,758.16,No
CUST-0005094,Male,0,No,No,14,No,No phone service,DSL,No,Yes,No,No,No,No,Two year,Yes,Electronic check,45.61,638.64,Yes
CUST-0005095,Male,0,No,No,19,No,No phone service,DSL,No,Yes,No,No,No,No,Month-to-month,No,Bank transfer (automatic),62.79,1165.28,No
CUST-0005096,Male,0,Yes,Yes,63,Yes,Yes,Fiber optic,No,No,No,No,No,No,Two year,No,Credit card (automatic),105.2,6616.67,No
CUST-0005097,Female,1,No,Yes,4,No,No phone service,Fiber optic,Yes,No,No,No,No,No,One year,No,Electronic check,18.25,38.01,No
CUST-0005098,Male,0,No,No,1,Yes,Yes,No,No internet service,No internet service,No internet service,No internet service,No internet service,No internet service,Two year,Yes,Credit card (automatic),18.25,-21.54,No
CUST-0005099,Male,1,No,No,16,Yes,No,DSL,No,No,No,No,Yes,No,Month-to-month,No,Bank transfer (automatic),82.48,1303.44,No
CUST-0005100,Male,0,No,No,1,Yes,No,DSL,No,No,Yes,No,No,No,Month-to-month,Yes,Credit card (automatic),48.22,25.31,No
CUST-0005101,Male,0,No,Yes,37,Yes,No,No,No internet service,No internet service,No internet service,No internet service,No internet service,No internet service,Month-to-month,Yes,Credit card (automatic),40.07,1482.85,No
CUST-0005102,Female,0,No,No,45,Yes,No,Fiber optic,No,Yes,No,No,Yes,No,Two year,Yes,Electronic check,95.74,4315.62,Yes
CUST-0005103,Female,0,Yes,No,61,Yes,No,Fiber optic,No,Yes,No,No,No,No,Two year,No,Bank transfer (automatic),80.62,4926.06,Yes
CUST-0005104,Male,0,No,No,43,Yes,No,No,No internet service,No internet service,No internet service,No internet service,No internet service,No internet service,One year,Yes,Mailed check,47.27,2026.15,No
CUST-0005105,Male,0,No,No,72,Yes,No,Fiber optic,No,Yes,No,No,No,No,Month-to-month,No,Credit card (automatic),73.79,5337.42,No
CUST-0005106,Male,0,No,No,44,Yes,No,Fiber optic,Yes,Yes,No,No,No,No,Month-to-month,No,Bank transfer (automatic),30.4,1345.31,No
CUST-0005107,Male,0,No,No,72,Yes,No,No,No internet service,No internet service,No internet service,No internet service,No internet service,No internet service,Month-to-month,No,Bank transfer (automatic),28.69,2063.31,No
CUST-0005108,Male,0,Yes,Yes,6,No,No phone service,DSL,Yes,No,No,No,No,Yes,Month-to-month,Yes,Credit card (automatic),62.91,396.62,Yes
CUST-0005109,Female,0,No,No,22,Yes,Yes,Fiber optic,No,Yes,Yes,No,Yes,Yes,One year,No,Electronic check,55.34,1220.82,No
CUST-0005110,Female,0,No,Yes,72,Yes,No,No,No internet service,No internet service,No internet service,No internet service,No internet service,No internet service,One year,No,Bank transfer (automatic),66.66,4805.69,No
CUST-0005111,Female,0,Yes,No,36,Yes,Yes,Fiber optic,Yes,No,No,Yes,No,Yes,Month-to-month,Yes,Electronic check,33.9,1187.13,No
CUST-0005112,Female,0,Yes,Yes,67,Yes,Yes,No,No internet service,No internet service,No internet service,No internet service,No internet service,No internet service,Two year,No,Mailed check,64.15,4284.7,No
CUST-0005113,Female,0,No,No,0,No,No phone service,DSL,No,No,Yes,No,No,No,Month-to-month,Yes,Bank transfer (automatic),68.62,,Yes
CUST-0005114,Female,0,Yes,Yes,65,Yes,Yes,DSL,No,No,No,No,No,No,Month-to-month,No,Electronic check,63.73,4139.43,No
CUST-0005115,Male,0,Yes,No,38,Yes,Yes,Fiber optic,No,No,Yes,Yes,No,No,Two year,No,Mailed check,21.49,836.51,No
CUST-0005116,Female,0,Yes,Yes,5,Yes,Yes,Fiber optic,No,No,Yes,No,No,Yes,Month-to-month,Yes,Mailed check,26.94,146.46,No
CUST-0005117,Male,0,No,No,0,No,No phone service,DSL,Yes,No,No,No,Yes,No,One year,Yes,Electronic check,114.53,,No
CUST-0005118,Male,0,Yes,No,9,No,No phone service,DSL,Yes,Yes,No,No,No,Yes,Month-to-month,No,Bank transfer (automatic),18.25,144.1,No
CUST-0005119,Female,0,Yes,No,72,Yes,No,No,No internet service,No internet service,No internet service,No internet service,No internet service,No internet service,Month-to-month,No,Bank transfer (automatic),88.91,6431.94,No
CUST-0005120,Male,0,No,Yes,35,Yes,Yes,No,No internet service,No internet service,No internet service,No internet service,No internet service,No internet service,Month-to-month,Yes,Electronic check,50.55,1796.15,Yes
CUST-0005121,Male,0,No,No,72,Yes,Yes,DSL,No,No,No,Yes,Yes,Yes,Month-to-month,Yes,Electronic check,58.36,4207.32,Yes
CUST-0005122,Female,0,No,Yes,18,Yes,No,Fiber optic,Yes,No,Yes,No,Yes,No,Month-to-month,Yes,Credit card (automatic),31.8,555.64,Yes
CUST-0005123,Male,0,Yes,No,72,Yes,No,Fiber optic,No,Yes,Yes,No,No,Yes,Month-to-month,Yes,Electronic check,18.25,1284.72,Yes
CUST-0005124,Male,1,No,No,19,Yes,No,No,No internet service,No internet service,No internet service,No internet service,No internet service,No internet service,Month-to-month,No,Electronic check,68.76,1294.42,No
CUST-0005125,Female,0,Yes,No,7,Yes,Yes,Fiber optic,Yes,No,No,No,No,No,Month-to-month,Yes,Credit card (automatic),46.8,316.8,No
CUST-0005126,Female,0,No,Yes,5,No,No phone service,No,No internet service,No internet service,No internet service,No internet service,No internet service,No internet service,Two year,No,Credit card (automatic),70.87,370.59,No
CUST-0005127,Female,0,No,No,72,Yes,No,No,No internet service,No internet service,No internet service,No internet service,No internet service,No internet service,Two year,No,Credit card (automatic),80.3,5805.0,No
CUST-0005128,Male,0,Yes,No,13,No,No phone service,Fiber optic,No,No,No,No,No,Yes,Month-to-month,Yes,Credit card (automatic),99.33,1269.25,No
CUST-0005129,Male,1,No,Yes,5,Yes,No,DSL,Yes,Yes,Yes,Yes,No,Yes,Two year,No,Electronic check,75.8,368.9,No
CUST-0005130,Female,0,Yes,No,0,Yes,No,Fiber optic,Yes,Yes,Yes,No,Yes,Yes,Two year,Yes,Bank transfer (automatic),80.4,,Yes
CUST-0005131,Female,1,No,No,10,Yes,No,No,No internet service,No internet service,No internet service,No internet service,No internet service,No internet service,Month-to-month,Yes,Electronic check,58.22,580.28,Yes
CUST-0005132,Female,0,Yes,No,70,No,No phone service,Fiber optic,No,Yes,No,Yes,Yes,No,Month-to-month,Yes,Credit card (automatic),18.25,1298.88,No
CUST-0005133,Male,0,No,No,24,Yes,Yes,No,No internet service,No internet service,No internet service,No internet service,No internet service,No internet service,Month-to-month,Yes,Mailed check,91.86,2182.01,No
CUST-0005134,Male,0,Yes,No,32,Yes,Yes,No,No internet service,No internet service,No internet service,No internet service,No internet service,No internet service,One year,No,Mailed check,46.09,1496.14,No
CUST-0005135,Female,0,Yes,No,72,Yes,No,Fiber optic,No,No,No,No,No,No,Month-to-month,No,Mailed check,18.25,1302.55,No
CUST-0005136,Male,0,No,No,23,Yes,No,Fiber optic,No,No,Yes,No,No,Yes,Month-to-month,No,Electronic check,52.43,1242.4,No
CUST-0005137,Female,0,No,Yes,58,Yes,Yes,Fiber optic,Yes,No,No,No,No,No,Two year,No,Bank transfer (automatic),18.25,1075.19,Yes
CUST-0005138,Male,0,No,Yes,12,Yes,Yes,DSL,No,Yes,No,No,No,No,Two year,Yes,Electronic check,60.85,746.69,No
CUST-0005139,Female,1,Yes,No,72,Yes,Yes,Fiber optic,No,Yes,No,No,Yes,No,Month-to-month,Yes,Electronic check,77.23,5534.07,No
CUST-0005140,Female,0,Yes,Yes,2,Yes,No,DSL,No,No,No,No,Yes,No,Month-to-month,Yes,Electronic check,56.08,76.95,No
CUST-0005141,Female,0,No,No,41,Yes,Yes,No,No internet service,No internet service,No internet service,No internet service,No internet service,No internet service,Two year,No,Mailed check,69.55,2835.68,No
CUST-0005142,Male,0,No,Yes,34,No,No phone service,No,No internet service,No internet service,No internet service,No internet service,No internet service,No internet service,Month-to-month,Yes,Mailed check,65.94,2225.51,No
CUST-0005143,Female,0,Yes,Yes,6,Yes,No,DSL,No,No,No,No,Yes,Yes,Month-to-month,Yes,Bank transfer (automatic),109.79,652.33,No
CUST-0005144,Female,0,No,No,15,Yes,No,Fiber optic,No,No,No,No,No,Yes,Month-to-month,No,Electronic check,67.27,985.2,No
CUST-0005145,Male,0,Yes,Yes,12,Yes,No,Fiber optic,No,Yes,No,No,No,Yes,One year,Yes,Mailed check,42.59,530.0,Yes
CUST-0005146,Female,0,Yes,No,3,Yes,Yes,Fiber optic,Yes,No,No,No,Yes,No,Two year,Yes,Electronic check,50.18,154.95,No
CUST-0005147,Female,0,Yes,No,28,Yes,Yes,Fiber optic,No,No,No,Yes,No,No,One year,No,Mailed check,55.54,1512.13,Yes
CUST-0005148,Female,0,No,No,72,Yes,No,DSL,No,Yes,No,No,No,No,Month-to-month,Yes,Mailed check,43.16,3097.87,No
CUST-0005149,Female,0,No,No,26,No,No phone service,DSL,Yes,No,Yes,No,Yes,No,Month-to-month,Yes,Credit card (automatic),18.25,482.27,No
CUST-0005150,Male,1,Yes,No,25,No,No phone service,DSL,No,No,Yes,No,No,No,Month-to-month,No,Credit card (automatic),35.03,866.87,No
CUST-0005151,Male,0,No,Yes,1,Yes,No,No,No internet service,No internet service,No internet service,No internet service,No internet service,No internet service,Month-to-month,No,Mailed check,47.11,23.89,No
CUST-0005152,Male,0,Yes,No,4,Yes,No,Fiber optic,No,No,No,Yes,No,Yes,Month-to-month,Yes,Credit card (automatic),46.97,166.33,No
CUST-0005153,Female,0,No,No,23,Yes,Yes,No,No internet service,No internet service,No internet service,No internet service,No internet service,No internet service,Month-to-month,Yes,Mailed check,90.91,2092.22,No
CUST-0005154,Female,0,No,No,72,Yes,No,Fiber optic,No,No,No,No,Yes,Yes,Two year,Yes,Credit card (automatic),101.08,7249.87,No
CUST-0005155,Female,0,No,No,66,Yes,No,Fiber optic,No,No,No,Yes,Yes,No,One year,No,Electronic check,76.79,5065.07,No
CUST-0005156,Male,0,Yes,Yes,13,Yes,Yes,No,No internet service,No internet service,No internet service,No internet service,No internet service,No internet service,Month-to-month,Yes,Electronic check,72.5,929.75,No
CUST-0005157,Male,0,No,No,25,Yes,Yes,No,No internet service,No internet service,No internet service,No internet service,No internet service,No internet service,Two year,No,Electronic check,60.23,1514.03,No
CUST-0005158,Female,0,No,No,25,Yes,Yes,DSL,No,No,No,No,No,Yes,Month-to-month,No,Electronic check,91.3,2290.55,No
CUST-0005159,Male,0,No,No,37,Yes,No,DSL,Yes,No,No,Yes,No,Yes,Two year,Yes,Electronic check,81.6,3057.52,No
CUST-0005160,Male,0,No,Yes,37,Yes,No,DSL,Yes,Yes,Yes,No,Yes,No,Month-to-month,No,Electronic check,89.59,3307.75,No
CUST-0005161,Female,0,No,No,49,Yes,Yes,No,No internet service,No internet service,No internet service,No internet service,No internet service,No internet service,Two year,Yes,Electronic check,18.25,915.13,No
CUST-0005162,Male,0,Yes,No,0,Yes,No,No,No internet service,No internet service,No internet service,No internet service,No internet service,No internet service,Month-to-month,Yes,Bank transfer (automatic),118.75,,No
CUST-0005163,Male,0,No,Yes,72,Yes,Yes,DSL,No,Yes,No,No,No,No,Month-to-month,Yes,Credit card (automatic),27.91,1988.15,No
CUST-0005164,Male,1,No,No,2,Yes,No,DSL,No,Yes,Yes,No,No,No,One year,No,Electronic check,74.56,183.65,No
CUST-0005165,Male,0,No,No,20,Yes,No,Fiber optic,No,Yes,No,Yes,No,No,One year,No,Bank transfer (automatic),57.95,1161.75,Yes
CUST-0005166,Female,0,Yes,No,72,Yes,No,Fiber optic,No,No,No,Yes,No,No,Two year,No,Electronic check,28.96,2116.84,No
CUST-0005167,Male,0,Yes,No,21,Yes,No,Fiber optic,Yes,No,No,No,No,No,Month-to-month,No,Mailed check,45.29,928.55,No
CUST-0005168,Male,0,Yes,No,2,Yes,No,No,No internet service,No internet service,No internet service,No internet service,No internet service,No internet service,Two year,Yes,Mailed check,67.95,155.08,No
CUST-0005169,Male,0,Yes,Yes,8,Yes,Yes,Fiber optic,No,Yes,Yes,No,No,No,Two year,No,Electronic check,40.6,290.01,No
CUST-0005170,Female,1,Yes,No,27,Yes,No,DSL,No,No,Yes,Yes,No,Yes,Month-to-month,Yes,Credit card (automatic),55.88,1459.49,Yes
CUST-0005171,Male,1,No,No,2,Yes,Yes,DSL,Yes,Yes,No,No,No,No,Month-to-month,No,Electronic check,55.19,152.54,No
CUST-0005172,Female,0,Yes,No,17,Yes,No,Fiber optic,No,No,No,No,No,No,Month-to-month,Yes,Bank transfer (automatic),32.64,574.01,No
CUST-0005173,Male,0,Yes,No,12,Yes,No,DSL,No,No,No,Yes,No,Yes,Two year,Yes,Mailed check,51.96,651.15,No
CUST-0005174,Male,0,Yes,Yes,54,Yes,No,No,No internet service,No internet service,No internet service,No internet service,No internet service,No internet service,One year,Yes,Credit card (automatic),93.41,5038.22,No
CUST-0005175,Male,0,Yes,Yes,3,Yes,Yes,Fiber optic,Yes,No,No,No,No,Yes,Two year,Yes,Mailed check,37.52,99.77,No
CUST-0005176,Female,0,No,Yes,36,Yes,No,Fiber optic,Yes,No,No,No,Yes,No,Month-to-month,No,Bank transfer (automatic),95.27,3442.79,No
CUST-0005177,Female,0,Yes,Yes,16,Yes,No,Fiber optic,No,No,No,No,No,Yes,Two year,No,Bank transfer (automatic),18.25,270.02,No
CUST-0005178,Male,0,Yes,Yes,28,Yes,Yes,DSL,No,Yes,Yes,No,No,No,Month-to-month,No,Electronic check,54.54,1505.08,Yes
CUST-0005179,Female,0,No,No,7,Yes,No,DSL,Yes,No,No,Yes,Yes,No,Month-to-month,No,Bank transfer (automatic),90.27,620.11,Yes
CUST-0005180,Female,0,No,Yes,30,Yes,Yes,Fiber optic,No,Yes,No,No,No,No,One year,Yes,Mailed check,85.51,2584.01,Yes
CUST-0005181,Male,0,Yes,No,35,Yes,Yes,No,No internet service,No internet service,No internet service,No internet service,No internet service,No internet service,Two year,Yes,Credit card (automatic),118.16,4114.17,No
CUST-0005182,Female,0,No,Yes,2,Yes,No,DSL,No,Yes,No,No,Yes,No,Month-to-month,Yes,Credit card (automatic),54.79,129.67,No
CUST-0005183,Male,0,No,No,55,Yes,Yes,Fiber optic,Yes,No,Yes,No,Yes,No,Month-to-month,Yes,Bank transfer (automatic),51.5,2841.22,No
CUST-0005184,Female,0,No,No,63,Yes,No,Fiber optic,No,No,No,No,No,Yes,Two year,Yes,Mailed check,18.25,1158.9,No
CUST-0005185,Female,0,No,Yes,2,Yes,No,Fiber optic,No,No,No,Yes,Yes,Yes,Month-to-month,No,Electronic check,44.68,56.48,No
CUST-0005186,Female,0,No,No,29,Yes,Yes,Fiber optic,No,No,No,No,No,No,Month-to-month,Yes,Electronic check,62.76,1806.74,No
CUST-0005187,Female,0,Yes,No,28,Yes,No,No,No internet service,No internet service,No internet service,No internet service,No internet service,No internet service,Month-to-month,No,Mailed check,89.7,2507.18,No
CUST-0005188,Male,0,Yes,No,0,No,No phone service,DSL,No,Yes,Yes,Yes,No,No,Month-to-month,Yes,Mailed check,18.25,,No
CUST-0005189,Female,1,Yes,No,13,Yes,Yes,Fiber optic,Yes,No,Yes,No,Yes,Yes,Month-to-month,No,Mailed check,40.55,514.31,No
CUST-0005190,Male,0,Yes,No,72,Yes,No,No,No internet service,No internet service,No internet service,No internet service,No internet service,No internet service,Two year,No,Credit card (automatic),96.52,6981.8,No
CUST-0005191,Male,0,No,No,25,Yes,No,No,No internet service,No internet service,No internet service,No internet service,No internet service,No internet service,Month-to-month,No,Credit card (automatic),80.61,2009.73,No
CUST-0005192,Female,0,No,Yes,72,Yes,No,DSL,No,Yes,No,No,No,Yes,One year,Yes,Mailed check,23.51,1699.64,No
CUST-0005193,Female,1,Yes,No,36,No,No phone service,Fiber optic,No,No,Yes,No,No,No,Month-to-month,No,Mailed check,87.73,3159.23,No
CUST-0005194,Female,0,Yes,No,0,Yes,No,DSL,Yes,Yes,No,Yes,No,Yes,Month-to-month,Yes,Bank transfer (automatic),79.44,,Yes
CUST-0005195,Male,1,Yes,Yes,2,Yes,No,No,No internet service,No internet service,No internet service,No internet service,No internet service,No internet service,Two year,Yes,Credit card (automatic),115.02,230.12,No
CUST-0005196,Female,0,No,No,40,Yes,Yes,Fiber optic,No,No,No,Yes,No,Yes,Month-to-month,No,Electronic check,71.01,2815.27,Yes
CUST-0005197,Female,1,No,No,25,Yes,Yes,DSL,No,No,No,Yes,No,No,Two year,No,Bank transfer (automatic),79.5,1980.01,Yes
CUST-0005198,Male,0,No,No,4,No,No phone service,Fiber optic,No,No,Yes,Yes,No,No,One year,Yes,Credit card (automatic),98.99,377.8,No
CUST-0005199,Male,0,No,No,30,Yes,Yes,Fiber optic,No,No,Yes,No,No,No,Month-to-month,Yes,Electronic check,63.26,1855.6,No
CUST-0005200,Male,1,No,Yes,53,Yes,Yes,DSL,Yes,No,No,No,No,Yes,Month-to-month,No,Mailed check,87.74,4673.43,No
CUST-0005201,Male,1,No,Yes,44,Yes,Yes,No,No internet service,No internet service,No internet service,No internet service,No internet service,No internet service,Month-to-month,No,Electronic check,42.51,1901.49,No
CUST-0005202,Female,0,Yes,No,9,No,No phone service,DSL,No,Yes,No,No,Yes,No,Month-to-month,Yes,Credit card (automatic),38.75,343.93,Yes
CUST-0005203,Female,0,No,No,9,Yes,No,Fiber optic,Yes,No,No,No,Yes,Yes,Month-to-month,No,Credit card (automatic),104.48,936.27,Yes
CUST-0005204,Female,0,No,Yes,72,Yes,Yes,Fiber optic,No,No,No,Yes,Yes,No,Month-to-month,No,Credit card (automatic),40.96,2934.99,No
CUST-0005205,Female,0,No,Yes,69,Yes,No,No,No internet service,No internet service,No internet service,No internet service,No internet service,No internet service,One year,Yes,Bank transfer (automatic),86.29,5954.61,No
CUST-0005206,Male,0,No,No,12,Yes,No,DSL,No,Yes,No,No,Yes,No,Two year,Yes,Mailed check,67.51,839.69,Yes
CUST-0005207,Female,1,No,No,55,Yes,Yes,Fiber optic,Yes,No,No,Yes,No,No,One year,Yes,Electronic check,61.71,3424.39,No
CUST-0005208,Male,0,No,No,5,Yes,No,DSL,No,No,No,No,Yes,No,One year,No,Mailed check,92.76,466.37,No
CUST-0005209,Female,0,No,Yes,7,Yes,Yes,No,No internet service,No internet service,No internet service,No internet service,No internet service,No internet service,Two year,No,Electronic check,75.97,498.03,Yes
CUST-0005210,Male,0,Yes,No,6,Yes,No,DSL,Yes,Yes,No,No,Yes,Yes,One year,No,Electronic check,62.21,394.64,Yes
CUST-0005211,Female,0,No,No,2,Yes,Yes,Fiber optic,No,No,No,No,Yes,No,Month-to-month,Yes,Mailed check,72.51,131.1,No
CUST-0005212,Male,0,No,No,61,Yes,Yes,Fiber optic,Yes,No,Yes,No,No,No,Month-to-month,Yes,Electronic check,64.4,3919.84,Yes
CUST-0005213,Male,0,Yes,No,27,Yes,No,DSL,No,No,No,No,No,Yes,Month-to-month,No,Electronic check,76.87,2084.16,No
CUST-0005214,Female,0,No,No,9,Yes,No,DSL,No,Yes,No,Yes,Yes,Yes,Month-to-month,Yes,Mailed check,56.5,494.59,No
CUST-0005215,Male,0,No,Yes,60,Yes,Yes,DSL,No,No,Yes,Yes,Yes,No,Month-to-month,No,Bank transfer (automatic),89.42,5373.73,No
CUST-0005216,Female,0,No,Yes,51,Yes,Yes,No,No internet service,No internet service,No internet service,No internet service,No internet service,No internet service,Month-to-month,Yes,Mailed check,24.84,1262.89,Yes
CUST-0005217,Male,0,No,Yes,3,Yes,No,Fiber optic,No,Yes,No,No,No,No,One year,Yes,Electronic check,48.78,131.84,No
CUST-0005218,Female,1,Yes,Yes,33,Yes,Yes,No,No internet service,No internet service,No internet service,No internet service,No internet service,No internet service,Month-to-month,Yes,Mailed check,85.5,2828.27,Yes
CUST-0005219,Male,0,No,No,40,Yes,No,DSL,No,Yes,Yes,Yes,Yes,No,Two year,Yes,Bank transfer (automatic),26.38,1042.76,No
CUST-0005220,Male,0,No,No,40,Yes,Yes,DSL,Yes,No,No,No,No,No,Month-to-month,Yes,Bank transfer (automatic),118.75,4749.42,No
CUST-0005221,Male,0,Yes,Yes,41,Yes,No,No,No internet service,No internet service,No internet service,No internet service,No internet service,No internet service,Month-to-month,Yes,Bank transfer (automatic),47.24,1909.97,No
CUST-0005222,Male,0,Yes,No,5,Yes,Yes,Fiber optic,No,Yes,Yes,No,No,Yes,Month-to-month,Yes,Credit card (automatic),59.69,325.62,No
CUST-0005223,Male,0,No,No,12,Yes,Yes,No,No internet service,No internet service,No internet service,No internet service,No internet service,No internet service,Two year,Yes,Bank transfer (automatic),44.25,501.19,Yes
CUST-0005224,Male,0,No,No,59,No,No phone service,No,No internet service,No internet service,No internet service,No internet service,No internet service,No internet service,Month-to-month,No,Electronic check,70.64,4164.97,No
CUST-0005225,Male,0,No,No,72,Yes,Yes,No,No internet service,No internet service,No internet service,No internet service,No internet service,No internet service,Two year,Yes,Bank transfer (automatic),50.62,3659.43,No
CUST-0005226,Male,0,No,No,10,Yes,No,DSL,No,No,No,No,No,No,One year,Yes,Mailed check,110.78,1130.1,No
CUST-0005227,Female,0,Yes,Yes,0,Yes,Yes,DSL,No,No,No,No,Yes,No,Month-to-month,No,Electronic check,46.86,,No
CUST-0005228,Female,1,Yes,Yes,62,Yes,Yes,DSL,Yes,No,No,No,No,No,Two year,Yes,Electronic check,77.8,4813.4,No
CUST-0005229,Male,0,Yes,Yes,15,Yes,No,No,No internet service,No internet service,No internet service,No internet service,No internet service,No internet service,One year,No,Electronic check,57.32,862.83,No
CUST-0005230,Female,1,No,No,12,Yes,Yes,Fiber optic,Yes,No,No,Yes,Yes,No,Month-to-month,Yes,Bank transfer (automatic),53.05,606.61,No
CUST-0005231,Female,0,Yes,No,13,Yes,Yes,Fiber optic,No,Yes,No,No,Yes,No,Month-to-month,Yes,Credit card (automatic),70.52,870.99,Yes
CUST-0005232,Male,0,No,No,17,Yes,Yes,No,No internet service,No internet service,No internet service,No internet service,No internet service,No internet service,Month-to-month,Yes,Electronic check,32.03,544.66,No
CUST-0005233,Female,0,No,No,15,Yes,Yes,Fiber optic,No,No,Yes,No,Yes,No,One year,No,Mailed check,39.83,602.35,No
CUST-0005234,Male,0,No,No,26,No,No phone service,DSL,No,No,No,No,Yes,No,Two year,Yes,Electronic check,75.36,1960.68,No
CUST-0005235,Male,0,Yes,No,2,Yes,Yes,Fiber optic,No,Yes,No,No,No,No,Month-to-month,Yes,Mailed check,63.58,131.7,No
CUST-0005236,Male,0,No,No,72,Yes,Yes,DSL,No,Yes,Yes,No,No,Yes,Month-to-month,Yes,Electronic check,64.05,4640.28,No
CUST-0005237,Female,0,Yes,No,72,No,No phone service,Fiber optic,No,Yes,No,No,Yes,Yes,One year,No,Electronic check,108.01,7777.36,No
CUST-0005238,Female,0,Yes,No,72,Yes,Yes,DSL,Yes,Yes,No,No,No,No,Month-to-month,Yes,Mailed check,88.44,6376.72,Yes
CUST-0005239,Male,1,Yes,Yes,67,Yes,No,DSL,No,No,No,No,No,No,Month-to-month,No,Credit card (automatic),38.21,2550.88,Yes
CUST-0005240,Male,0,No,No,34,Yes,No,No,No internet service,No internet service,No internet service,No internet service,No internet service,No internet service,One year,Yes,Bank transfer (automatic),45.41,1519.86,No
CUST-0005241,Female,0,Yes,No,7,Yes,Yes,No,No internet service,No internet service,No internet service,No internet service,No internet service,No internet service,Month-to-month,Yes,Bank transfer (automatic),33.06,247.54,No
CUST-0005242,Male,0,No,Yes,1,Yes,Yes,No,No internet service,No internet service,No internet service,No internet service,No internet service,No internet service,Month-to-month,Yes,Electronic check,40.9,-3.44,No
CUST-0005243,Male,0,Yes,No,3,Yes,Yes,DSL,No,Yes,No,Yes,Yes,No,One year,Yes,Mailed check,93.77,244.66,No
CUST-0005244,Female,0,Yes,No,12,Yes,No,No,No internet service,No internet service,No internet service,No internet service,No internet service,No internet service,Month-to-month,Yes,Credit card (automatic),96.89,1196.41,No
CUST-0005245,Female,0,Yes,Yes,22,Yes,No,Fiber optic,No,Yes,Yes,Yes,No,No,Month-to-month,No,Mailed check,42.37,943.31,No
CUST-0005246,Female,0,No,Yes,72,Yes,No,No,No internet service,No internet service,No internet service,No internet service,No internet service,No internet service,Month-to-month,No,Electronic check,67.81,4888.29,No
CUST-0005247,Female,0,No,No,18,Yes,No,No,No internet service,No internet service,No internet service,No internet service,No internet service,No internet service,Month-to-month,Yes,Electronic check,60.66,1129.33,No
CUST-0005248,Female,0,No,No,23,Yes,Yes,No,No internet service,No internet service,No internet service,No internet service,No internet service,No internet service,Month-to-month,Yes,Bank transfer (automatic),76.9,1781.5,No
CUST-0005249,Male,0,No,No,38,Yes,No,DSL,No,No,Yes,No,Yes,No,Month-to-month,Yes,Electronic check,80.37,3036.69,No
CUST-0005250,Male,1,No,No,6,No,No phone service,Fiber optic,No,Yes,Yes,No,No,Yes,Month-to-month,Yes,Electronic check,81.28,474.79,Yes
CUST-0005251,Male,0,No,Yes,72,Yes,No,Fiber optic,No,No,Yes,No,Yes,No,Two year,No,Electronic check,33.9,2470.05,No
CUST-0005252,Female,0,No,Yes,24,Yes,Yes,DSL,No,No,No,No,No,No,Month-to-month,No,Electronic check,39.83,952.87,No
CUST-0005253,Female,1,No,No,10,Yes,Yes,Fiber optic,No,Yes,No,No,No,No,One year,Yes,Electronic check,18.25,181.15,Yes
CUST-0005254,Male,0,No,No,72,Yes,No,DSL,Yes,No,No,No,No,Yes,One year,No,Mailed check,80.66,5779.43,No
CUST-0005255,Female,0,No,No,31,Yes,No,No,No internet service,No internet service,No internet service,No internet service,No internet service,No internet service,One year,Yes,Electronic check,77.66,2394.86,No
CUST-0005256,Male,0,No,Yes,21,Yes,No,No,No internet service,No internet service,No internet service,No internet service,No internet service,No internet service,Month-to-month,No,Mailed check,93.46,1961.86,Yes
CUST-0005257,Male,0,No,Yes,27,No,No phone service,Fiber optic,No,Yes,No,No,Yes,Yes,Month-to-month,Yes,Credit card (automatic),18.25,518.12,No
CUST-0005258,Female,1,No,No,44,Yes,No,Fiber optic,No,No,No,No,No,No,One year,Yes,Mailed check,80.45,3571.83,No
CUST-0005259,Male,0,Yes,Yes,5,Yes,No,DSL,No,No,Yes,No,No,Yes,One year,Yes,Credit card (automatic),22.23,119.73,No
CUST-0005260,Female,0,No,No,64,Yes,No,No,No internet service,No internet service,No internet service,No internet service,No internet service,No internet service,Two year,No,Electronic check,84.98,5451.67,Yes
CUST-0005261,Male,0,Yes,Yes,72,Yes,Yes,DSL,Yes,Yes,No,No,No,Yes,Two year,No,Bank transfer (automatic),118.75,8543.27,No
CUST-0005262,Female,1,No,No,26,Yes,No,Fiber optic,Yes,No,No,No,No,Yes,Month-to-month,No,Mailed check,92.76,2394.19,Yes
CUST-0005263,Female,0,No,No,36,No,No phone service,No,No internet service,No internet service,No internet service,No internet service,No internet service,No internet service,Two year,No,Electronic check,40.78,1463.36,Yes
CUST-0005264,Male,0,No,No,62,Yes,No,Fiber optic,No,Yes,Yes,Yes,Yes,No,One year,Yes,Electronic check,118.05,7331.79,No
CUST-0005265,Female,1,Yes,No,15,Yes,No,Fiber optic,No,No,Yes,Yes,No,No,Two year,Yes,Bank transfer (automatic),60.61,885.69,No
CUST-0005266,Female,0,Yes,No,72,Yes,Yes,DSL,Yes,Yes,Yes,No,No,No,Month-to-month,Yes,Bank transfer (automatic),43.22,3090.12,No
CUST-0005267,Male,0,Yes,Yes,36,Yes,No,DSL,No,Yes,No,No,No,Yes,One year,Yes,Electronic check,67.26,2437.39,Yes
CUST-0005268,Male,0,Yes,No,17,Yes,Yes,Fiber optic,No,No,No,Yes,Yes,No,Month-to-month,No,Credit card (automatic),92.42,1532.58,Yes
CUST-0005269,Female,0,No,No,36,No,No phone service,DSL,Yes,No,No,No,Yes,No,Month-to-month,Yes,Credit card (automatic),61.33,2180.86,No
CUST-0005270,Male,0,No,No,23,Yes,No,DSL,No,No,Yes,Yes,No,No,Month-to-month,Yes,Bank transfer (automatic),52.37,1200.43,No
CUST-0005271,Male,0,No,No,3,Yes,No,Fiber optic,No,No,No,No,Yes,No,Month-to-month,Yes,Credit card (automatic),20.3,107.37,No
CUST-0005272,Male,0,No,No,50,Yes,Yes,Fiber optic,No,No,No,No,Yes,Yes,Month-to-month,No,Bank transfer (automatic),88.09,4391.93,Yes
CUST-0005273,Male,0,Yes,No,26,Yes,No,Fiber optic,No,Yes,Yes,No,Yes,No,One year,Yes,Credit card (automatic),74.35,1938.52,No
CUST-0005274,Female,0,Yes,No,50,Yes,No,Fiber optic,Yes,No,No,No,Yes,No,Month-to-month,No,Credit card (automatic),26.07,1299.8,No
CUST-0005275,Male,0,Yes,No,5,Yes,No,Fiber optic,Yes,No,No,Yes,No,No,Two year,Yes,Mailed check,38.83,192.41,No
CUST-0005276,Male,0,No,No,24,Yes,Yes,DSL,No,No,No,No,No,Yes,One year,No,Credit card (automatic),118.75,2807.27,No
CUST-0005277,Male,1,No,No,46,Yes,Yes,DSL,No,No,Yes,No,Yes,Yes,Two year,No,Credit card (automatic),71.95,3338.29,No
CUST-0005278,Male,0,No,No,72,Yes,No,No,No internet service,No internet service,No internet service,No internet service,No internet service,No internet service,Month-to-month,Yes,Electronic check,52.33,3750.43,No
CUST-0005279,Female,1,Yes,No,69,Yes,No,Fiber optic,No,No,No,No,Yes,Yes,Month-to-month,No,Electronic check,46.67,3193.72,Yes
CUST-0005280,Male,0,Yes,No,63,Yes,Yes,Fiber optic,Yes,Yes,No,No,No,No,Two year,Yes,Credit card (automatic),106.97,6786.97,No
CUST-0005281,Female,0,No,No,9,No,No phone service,Fiber optic,No,Yes,Yes,No,No,No,Month-to-month,Yes,Mailed check,64.35,570.77,Yes
CUST-0005282,Male,0,Yes,No,58,Yes,No,DSL,No,No,Yes,Yes,No,No,Two year,Yes,Credit card (automatic),77.36,4514.62,Yes
CUST-0005283,Male,0,No,Yes,5,No,No phone service,DSL,No,Yes,No,No,Yes,Yes,One year,No,Bank transfer (automatic),73.23,343.0,No
CUST-0005284,Female,0,Yes,No,7,Yes,No,Fiber optic,No,Yes,Yes,No,No,No,Two year,Yes,Electronic check,118.75,850.56,No
CUST-0005285,Male,0,Yes,Yes,3,Yes,No,Fiber optic,Yes,No,No,No,No,Yes,Month-to-month,Yes,Mailed check,42.93,146.34,No
CUST-0005286,Female,1,No,No,62,No,No phone service,Fiber optic,No,No,Yes,No,No,No,Month-to-month,Yes,Credit card (automatic),28.93,1789.52,No
CUST-0005287,Female,0,Yes,Yes,3,Yes,Yes,DSL,Yes,Yes,No,No,Yes,No,Month-to-month,Yes,Mailed check,67.71,207.25,No
CUST-0005288,Male,0,No,Yes,4,Yes,No,DSL,No,No,No,No,Yes,No,Two year,No,Mailed check,79.24,299.93,Yes
CUST-0005289,Male,1,No,No,9,Yes,Yes,Fiber optic,No,No,No,Yes,No,No,One year,Yes,Mailed check,64.73,603.13,No
CUST-0005290,Female,1,No,No,27,Yes,No,Fiber optic,No,No,No,No,Yes,No,One year,Yes,Electronic check,44.56,1201.2,No
CUST-0005291,Male,1,No,No,67,No,No phone service,No,No internet service,No internet service,No internet service,No internet service,No internet service,No internet service,One year,Yes,Electronic check,30.26,1997.68,No
CUST-0005292,Male,0,No,Yes,17,Yes,No,DSL,Yes,No,Yes,No,Yes,No,Month-to-month,Yes,Electronic check,18.25,322.09,Yes
CUST-0005293,Male,0,Yes,Yes,25,Yes,Yes,No,No internet service,No internet service,No internet service,No internet service,No internet service,No internet service,Two year,Yes,Credit card (automatic),78.76,1971.45,No
CUST-0005294,Male,0,No,Yes,5,Yes,No,No,No internet service,No internet service,No internet service,No internet service,No internet service,No internet service,Two year,Yes,Bank transfer (automatic),18.25,94.6,No
CUST-0005295,Female,0,No,No,9,Yes,No,Fiber optic,Yes,Yes,Yes,No,No,No,One year,No,Electronic check,74.87,641.15,Yes
CUST-0005296,Male,0,Yes,No,4,Yes,Yes,Fiber optic,No,No,No,No,Yes,No,Month-to-month,No,Credit card (automatic),57.84,270.38,Yes
CUST-0005297,Male,0,No,No,16,Yes,Yes,No,No internet service,No internet service,No internet service,No internet service,No internet service,No internet service,Two year,Yes,Bank transfer (automatic),112.38,1796.57,No
CUST-0005298,Female,0,No,No,28,Yes,No,DSL,No,No,No,Yes,No,No,Two year,No,Mailed check,81.67,2288.07,Yes
CUST-0005299,Male,0,No,No,10,Yes,No,DSL,Yes,No,No,No,No,No,One year,Yes,Bank transfer (automatic),118.75,1186.72,No
CUST-0005300,Male,0,No,Yes,59,Yes,No,DSL,No,Yes,Yes,Yes,No,Yes,One year,No,Electronic check,72.79,4315.01,No
CUST-0005301,Female,0,Yes,No,72,Yes,No,Fiber optic,No,No,Yes,No,No,No,Two year,No,Bank transfer (automatic),19.09,1398.58,No
CUST-0005302,Male,0,No,No,4,No,No phone service,DSL,No,No,Yes,No,Yes,Yes,One year,No,Electronic check,42.05,175.72,Yes
CUST-0005303,Female,0,Yes,Yes,0,Yes,No,No,No internet service,No internet service,No internet service,No internet service,No internet service,No internet service,Month-to-month,No,Mailed check,18.25,,Yes
CUST-0005304,Female,0,Yes,Yes,49,Yes,No,Fiber optic,No,No,Yes,No,Yes,No,Month-to-month,Yes,Credit card (automatic),78.71,3864.93,No
CUST-0005305,Male,0,No,Yes,6,Yes,Yes,No,No internet service,No internet service,No internet service,No internet service,No internet service,No internet service,One year,Yes,Mailed check,104.06,618.85,No
CUST-0005306,Female,0,No,No,13,Yes,No,DSL,No,No,No,Yes,No,No,Month-to-month,Yes,Mailed check,50.45,643.59,No
CUST-0005307,Male,0,Yes,No,16,Yes,No,Fiber optic,No,No,No,No,Yes,No,One year,Yes,Bank transfer (automatic),35.1,566.16,No
CUST-0005308,Male,0,No,No,72,Yes,No,Fiber optic,Yes,No,No,No,No,No,Month-to-month,Yes,Electronic check,94.91,6773.49,No
CUST-0005309,Female,1,No,No,34,Yes,Yes,Fiber optic,No,Yes,No,Yes,Yes,Yes,Month-to-month,No,Credit card (automatic),107.35,3646.57,No
CUST-0005310,Female,0,No,No,1,Yes,Yes,No,No internet service,No internet service,No internet service,No internet service,No internet service,No internet service,Month-to-month,Yes,Bank transfer (automatic),84.04,79.03,No
CUST-0005311,Male,0,No,No,0,No,No phone service,Fiber optic,No,Yes,No,No,No,No,Month-to-month,Yes,Electronic check,83.24,,No
CUST-0005312,Female,0,No,No,7,Yes,Yes,DSL,Yes,No,Yes,Yes,No,No,Month-to-month,No,Bank transfer (automatic),32.12,224.18,No
CUST-0005313,Female,0,Yes,Yes,12,Yes,No,No,No internet service,No internet service,No internet service,No internet service,No internet service,No internet service,Month-to-month,Yes,Credit card (automatic),32.64,400.31,No
CUST-0005314,Female,0,Yes,No,21,Yes,Yes,Fiber optic,No,Yes,Yes,No,No,Yes,Month-to-month,Yes,Credit card (automatic),29.55,632.1,Yes
CUST-0005315,Female,0,No,No,58,Yes,No,DSL,No,Yes,No,Yes,Yes,No,Month-to-month,No,Credit card (automatic),60.67,3521.17,No
CUST-0005316,Male,0,No,No,12,Yes,Yes,Fiber optic,No,No,Yes,No,No,No,One year,No,Electronic check,25.07,302.07,No
CUST-0005317,Male,0,No,No,15,Yes,No,Fiber optic,No,No,Yes,Yes,No,No,One year,No,Electronic check,84.93,1307.17,No
CUST-0005318,Female,0,No,No,12,Yes,Yes,Fiber optic,No,No,Yes,Yes,No,No,Month-to-month,Yes,Credit card (automatic),70.27,874.45,No
CUST-0005319,Male,0,No,Yes,0,Yes,Yes,Fiber optic,No,No,Yes,No,No,No,Month-to-month,No,Bank transfer (automatic),71.07,,No
CUST-0005320,Female,0,Yes,Yes,72,Yes,No,Fiber optic,No,Yes,No,No,Yes,No,Month-to-month,Yes,Credit card (automatic),118.75,8572.78,No
CUST-0005321,Male,0,Yes,No,4,Yes,No,DSL,No,No,No,Yes,No,Yes,Month-to-month,Yes,Electronic check,118.75,458.79,Yes
CUST-0005322,Male,0,Yes,No,10,Yes,No,DSL,No,No,Yes,No,Yes,No,Two year,No,Bank transfer (automatic),102.15,1022.04,No
CUST-0005323,Male,0,No,Yes,4,Yes,Yes,Fiber optic,Yes,Yes,Yes,No,Yes,No,Two year,No,Mailed check,94.57,362.54,No
CUST-0005324,Female,0,Yes,No,21,Yes,Yes,Fiber optic,Yes,No,No,Yes,No,Yes,Month-to-month,No,Bank transfer (automatic),38.84,827.09,Yes
CUST-0005325,Male,0,No,Yes,72,Yes,No,DSL,No,No,No,No,Yes,No,Month-to-month,No,Bank transfer (automatic),59.87,4295.07,Yes
CUST-0005326,Female,0,Yes,No,3,Yes,No,DSL,No,No,No,No,No,Yes,Two year,Yes,Bank transfer (automatic),118.75,357.55,Yes
CUST-0005327,Male,1,No,No,18,Yes,Yes,No,No internet service,No internet service,No internet service,No internet service,No internet service,No internet service,Month-to-month,No,Electronic check,79.42,1433.48,No
CUST-0005328,Male,0,Yes,Yes,0,Yes,Yes,No,No internet service,No internet service,No internet service,No internet service,No internet service,No internet service,Month-to-month,Yes,Credit card (automatic),52.67,,No
CUST-0005329,Male,0,No,No,47,Yes,Yes,Fiber optic,No,Yes,Yes,Yes,No,Yes,Month-to-month,Yes,Mailed check,47.9,2261.52,No
CUST-0005330,Female,0,Yes,Yes,32,Yes,Yes,DSL,No,No,No,No,Yes,No,Two year,No,Credit card (automatic),47.93,1563.44,No
CUST-0005331,Male,0,Yes,No,38,Yes,Yes,Fiber optic,Yes,No,Yes,No,No,Yes,Month-to-month,Yes,Electronic check,82.94,3157.03,No
CUST-0005332,Male,1,No,No,20,Yes,No,DSL,Yes,Yes,No,No,No,No,Month-to-month,Yes,Electronic check,51.45,1038.32,No
CUST-0005333,Male,0,Yes,Yes,72,No,No phone service,Fiber optic,No,Yes,No,No,No,No,Two year,Yes,Electronic check,67.3,4876.84,No
CUST-0005334,Male,0,No,No,16,No,No phone service,Fiber optic,No,Yes,Yes,No,No,No,One year,Yes,Bank transfer (automatic),54.87,866.2,No
CUST-0005335,Female,0,No,No,23,Yes,No,Fiber optic,No,No,Yes,Yes,No,No,One year,Yes,Electronic check,57.4,1335.43,No
CUST-0005336,Female,0,No,Yes,38,Yes,No,DSL,No,No,No,No,Yes,Yes,Two year,No,Bank transfer (automatic),60.74,2314.41,No
CUST-0005337,Male,1,No,Yes,23,Yes,No,Fiber optic,No,No,No,No,No,Yes,Month-to-month,Yes,Electronic check,46.0,1066.33,No
CUST-0005338,Female,0,Yes,Yes,6,Yes,No,No,No internet service,No internet service,No internet service,No internet service,No internet service,No internet service,Month-to-month,Yes,Mailed check,53.46,325.97,No
CUST-0005339,Female,0,No,No,12,Yes,No,Fiber optic,No,No,No,No,Yes,No,Month-to-month,Yes,Electronic check,85.67,1023.1,No
CUST-0005340,Male,0,Yes,Yes,3,Yes,No,Fiber optic,No,No,Yes,Yes,No,Yes,One year,No,Electronic check,33.35,94.23,No
CUST-0005341,Female,0,Yes,No,18,Yes,No,DSL,No,Yes,No,No,Yes,No,Month-to-month,Yes,Bank transfer (automatic),57.88,1055.44,No
CUST-0005342,Female,0,Yes,No,30,Yes,Yes,Fiber optic,Yes,No,No,No,No,No,One year,Yes,Credit card (automatic),101.51,3073.32,No
CUST-0005343,Male,0,Yes,No,4,Yes,Yes,Fiber optic,No,No,No,No,Yes,No,One year,Yes,Credit card (automatic),32.04,129.21,Yes
CUST-0005344,Male,0,No,No,31,No,No phone service,DSL,Yes,No,Yes,Yes,No,No,Month-to-month,No,Electronic check,18.25,579.25,No
CUST-0005345,Female,0,No,No,71,Yes,No,Fiber optic,No,No,No,No,Yes,Yes,One year,No,Credit card (automatic),18.25,1307.6,Yes
CUST-0005346,Female,1,Yes,No,13,Yes,Yes,Fiber optic,Yes,No,No,No,No,Yes,One year,No,Credit card (automatic),59.53,788.1,Yes
CUST-0005347,Male,0,Yes,Yes,8,Yes,No,Fiber optic,No,No,No,No,No,Yes,Two year,No,Electronic check,55.27,429.23,Yes
CUST-0005348,Male,0,Yes,No,71,Yes,Yes,DSL,No,No,Yes,Yes,Yes,Yes,Two year,Yes,Credit card (automatic),109.44,7769.46,No
CUST-0005349,Male,1,Yes,No,37,Yes,Yes,DSL,No,No,Yes,No,No,Yes,Month-to-month,Yes,Electronic check,87.85,3231.44,No
CUST-0005350,Female,0,No,No,3,Yes,No,No,No internet service,No internet service,No internet service,No internet service,No internet service,No internet service,One year,Yes,Electronic check,97.62,291.45,No
CUST-0005351,Female,1,Yes,No,16,Yes,No,Fiber optic,No,Yes,No,Yes,No,Yes,Month-to-month,Yes,Credit card (automatic),67.3,1063.41,Yes
CUST-0005352,Female,0,Yes,No,35,Yes,No,DSL,No,Yes,No,No,Yes,Yes,Month-to-month,Yes,Credit card (automatic),47.59,1668.1,No
CUST-0005353,Male,0,No,No,27,Yes,Yes,No,No internet service,No internet service,No internet service,No internet service,No internet service,No internet service,Month-to-month,Yes,Mailed check,101.13,2697.82,Yes
CUST-0005354,Female,0,No,Yes,30,Yes,No,DSL,No,No,No,Yes,Yes,Yes,Two year,No,Bank transfer (automatic),50.11,1489.72,Yes
CUST-0005355,Female,0,No,Yes,26,Yes,No,Fiber optic,No,No,No,No,No,No,Month-to-month,Yes,Electronic check,49.42,1275.75,No
CUST-0005356,Male,0,No,No,51,Yes,Yes,DSL,No,No,Yes,No,Yes,No,Two year,No,Bank transfer (automatic),44.22,2261.76,Yes
CUST-0005357,Male,0,Yes,Yes,12,Yes,Yes,No,No internet service,No internet service,No internet service,No internet service,No internet service,No internet service,Month-to-month,Yes,Credit card (automatic),92.21,1081.27,No
CUST-0005358,Female,0,Yes,No,39,Yes,Yes,Fiber optic,No,No,No,No,No,No,One year,Yes,Electronic check,59.15,2310.1,No
CUST-0005359,Female,0,Yes,No,72,Yes,No,Fiber optic,No,No,No,No,Yes,Yes,One year,Yes,Bank transfer (automatic),75.19,5406.8,No
CUST-0005360,Male,0,Yes,No,15,Yes,No,Fiber optic,No,No,No,No,Yes,No,Month-to-month,No,Credit card (automatic),50.75,763.56,No
CUST-0005361,Female,0,No,No,50,Yes,No,DSL,Yes,No,No,No,No,Yes,Two year,No,Bank transfer (automatic),118.75,5941.82,No
CUST-0005362,Male,1,No,No,9,Yes,No,Fiber optic,No,Yes,No,No,No,Yes,Two year,No,Credit card (automatic),118.28,1078.33,No
CUST-0005363,Female,0,Yes,No,10,No,No phone service,Fiber optic,No,No,No,No,No,Yes,Month-to-month,Yes,Electronic check,58.08,598.92,Yes
CUST-0005364,Female,0,Yes,Yes,72,Yes,No,No,No internet service,No internet service,No internet service,No internet service,No internet service,No internet service,One year,No,Credit card (automatic),28.21,2015.01,No
CUST-0005365,Female,0,Yes,No,0,Yes,Yes,No,No internet service,No internet service,No internet service,No internet service,No internet service,No internet service,Month-to-month,Yes,Mailed check,59.32,,No
CUST-0005366,Female,1,No,No,7,Yes,Yes,No,No internet service,No internet service,No internet service,No internet service,No internet service,No internet service,Month-to-month,Yes,Electronic check,118.75,807.14,No
CUST-0005367,Female,1,Yes,No,21,Yes,Yes,DSL,Yes,Yes,No,No,Yes,No,Month-to-month,Yes,Bank transfer (automatic),69.03,1454.89,Yes
CUST-0005368,Male,0,Yes,No,16,Yes,No,DSL,Yes,No,Yes,No,No,No,Month-to-month,Yes,Bank transfer (automatic),18.25,295.94,No
CUST-0005369,Female,1,No,Yes,31,Yes,Yes,Fiber optic,No,Yes,No,No,Yes,No,Month-to-month,Yes,Credit card (automatic),49.67,1542.43,No
CUST-0005370,Male,0,Yes,No,6,Yes,Yes,Fiber optic,No,No,Yes,No,No,Yes,One year,Yes,Credit card (automatic),41.64,232.61,No
CUST-0005371,Male,1,Yes,No,2,Yes,Yes,Fiber optic,Yes,No,Yes,Yes,Yes,Yes,Two year,Yes,Electronic check,103.19,205.21,No
CUST-0005372,Male,0,Yes,No,14,Yes,No,No,No internet service,No internet service,No internet service,No internet service,No internet service,No internet service,Month-to-month,Yes,Electronic check,28.8,391.86,No
CUST-0005373,Male,0,Yes,No,23,Yes,No,No,No internet service,No internet service,No internet service,No internet service,No internet service,No internet service,Two year,No,Credit card (automatic),101.95,2338.96,No
CUST-0005374,Female,0,Yes,No,26,Yes,No,DSL,No,No,No,No,No,No,One year,Yes,Bank transfer (automatic),33.28,900.04,No
CUST-0005375,Male,0,Yes,No,29,Yes,No,No,No internet service,No internet service,No internet service,No internet service,No internet service,No internet service,Month-to-month,No,Mailed check,50.67,1473.68,No
CUST-0005376,Female,0,No,No,25,Yes,No,Fiber optic,No,No,No,No,No,Yes,Two year,No,Electronic check,42.07,1070.03,No
CUST-0005377,Female,0,No,Yes,9,Yes,Yes,Fiber optic,No,No,Yes,Yes,No,No,One year,No,Credit card (automatic),18.25,203.42,No
CUST-0005378,Male,1,No,No,46,Yes,Yes,Fiber optic,No,No,No,No,No,No,Two year,No,Electronic check,48.98,2236.68,No
CUST-0005379,Female,0,No,Yes,2,Yes,Yes,No,No internet service,No internet service,No internet service,No internet service,No internet service,No internet service,Month-to-month,Yes,Credit card (automatic),80.91,139.56,No
CUST-0005380,Male,0,Yes,No,7,Yes,Yes,Fiber optic,No,No,No,No,No,No,Two year,Yes,Mailed check,33.0,258.55,Yes
CUST-0005381,Male,0,No,No,43,Yes,No,DSL,No,No,No,No,No,No,One year,Yes,Mailed check,68.97,2940.67,No
CUST-0005382,Male,0,Yes,Yes,10,Yes,Yes,Fiber optic,No,No,No,No,Yes,No,Month-to-month,No,Bank transfer (automatic),18.25,163.41,No
CUST-0005383,Male,0,Yes,No,21,Yes,No,No,No internet service,No internet service,No internet service,No internet service,No internet service,No internet service,Two year,Yes,Mailed check,57.11,1209.88,No
CUST-0005384,Male,0,Yes,Yes,12,Yes,Yes,No,No internet service,No internet service,No internet service,No internet service,No internet service,No internet service,Month-to-month,No,Electronic check,70.62,834.96,No
CUST-0005385,Female,0,Yes,No,22,Yes,Yes,DSL,Yes,No,No,Yes,No,Yes,Month-to-month,No,Bank transfer (automatic),59.84,1322.13,No
CUST-0005386,Female,0,No,Yes,13,Yes,No,Fiber optic,Yes,Yes,No,No,Yes,Yes,Month-to-month,No,Mailed check,118.75,1553.89,Yes
CUST-0005387,Male,0,Yes,No,72,Yes,Yes,DSL,No,No,Yes,No,Yes,No,One year,No,Mailed check,43.42,3088.69,No
CUST-0005388,Female,1,Yes,No,14,Yes,No,Fiber optic,Yes,Yes,No,Yes,No,No,Month-to-month,Yes,Bank transfer (automatic),31.87,480.02,Yes
CUST-0005389,Female,0,Yes,No,31,Yes,Yes,Fiber optic,No,No,No,No,No,No,Two year,Yes,Electronic check,75.86,2398.01,No
CUST-0005390,Female,1,Yes,No,70,Yes,Yes,Fiber optic,Yes,Yes,No,Yes,Yes,No,Month-to-month,Yes,Electronic check,47.84,3346.63,No
CUST-0005391,Male,0,Yes,Yes,32,Yes,No,DSL,No,No,Yes,No,No,No,Two year,Yes,Electronic check,25.99,847.84,Yes
CUST-0005392,Female,0,Yes,Yes,26,Yes,No,Fiber optic,No,Yes,No,Yes,Yes,No,One year,Yes,Mailed check,18.25,523.82,No
CUST-0005393,Female,1,Yes,No,26,Yes,Yes,No,No internet service,No internet service,No internet service,No internet service,No internet service,No internet service,Two year,No,Electronic check,88.82,2315.76,No
CUST-0005394,Female,0,No,No,21,Yes,No,Fiber optic,No,Yes,No,No,No,No,Month-to-month,Yes,Electronic check,70.09,1445.76,No
CUST-0005395,Female,0,Yes,Yes,52,Yes,No,DSL,No,No,Yes,No,No,Yes,Month-to-month,Yes,Electronic check,105.53,5494.13,No
CUST-0005396,Male,0,Yes,Yes,1,Yes,Yes,DSL,Yes,No,No,No,No,No,Month-to-month,No,Bank transfer (automatic),72.88,53.93,Yes
CUST-0005397,Male,0,No,No,69,Yes,Yes,DSL,No,Yes,Yes,No,No,No,Month-to-month,No,Bank transfer (automatic),77.7,5358.65,No
CUST-0005398,Male,0,No,No,28,Yes,No,DSL,Yes,Yes,Yes,Yes,Yes,Yes,Month-to-month,No,Electronic check,94.44,2669.23,No
CUST-0005399,Male,0,Yes,No,60,Yes,No,No,No internet service,No internet service,No internet service,No internet service,No internet service,No internet service,Two year,Yes,Electronic check,92.88,5598.94,Yes
CUST-0005400,Female,1,Yes,Yes,0,Yes,Yes,Fiber optic,No,No,Yes,No,Yes,No,Month-to-month,Yes,Mailed check,75.47,,No
CUST-0005401,Male,0,No,No,65,Yes,Yes,DSL,Yes,Yes,Yes,No,Yes,Yes,Month-to-month,No,Mailed check,69.11,4503.6,Yes
CUST-0005402,Female,0,Yes,Yes,4,Yes,Yes,DSL,No,No,No,No,Yes,No,Month-to-month,Yes,Electronic check,50.24,195.52,No
CUST-0005403,Female,0,No,No,40,Yes,Yes,No,No internet service,No internet service,No internet service,No internet service,No internet service,No internet service,Month-to-month,Yes,Mailed check,18.25,711.9,No
CUST-0005404,Male,0,Yes,No,17,Yes,Yes,Fiber optic,No,No,Yes,No,Yes,Yes,Two year,Yes,Electronic check,69.41,1185.35,Yes
CUST-0005405,Male,1,No,No,36,Yes,No,Fiber optic,No,Yes,No,No,No,No,Month-to-month,No,Electronic check,43.51,1577.32,Yes
CUST-0005406,Female,0,No,No,31,Yes,No,Fiber optic,Yes,No,No,No,No,Yes,One year,Yes,Electronic check,94.1,2942.63,No
CUST-0005407,Female,0,No,Yes,5,Yes,No,DSL,No,No,No,No,No,No,Month-to-month,Yes,Electronic check,67.75,349.69,Yes
CUST-0005408,Male,1,Yes,No,23,Yes,Yes,No,No internet service,No internet service,No internet service,No internet service,No internet service,No internet service,Two year,Yes,Electronic check,66.77,1531.46,Yes
CUST-0005409,Male,0,Yes,No,10,Yes,Yes,DSL,No,No,Yes,No,No,Yes,Month-to-month,No,Credit card (automatic),104.77,1044.42,No
CUST-0005410,Female,0,Yes,Yes,26,Yes,Yes,Fiber optic,No,No,No,Yes,No,No,One year,Yes,Credit card (automatic),74.23,1958.48,No
CUST-0005411,Female,0,No,No,42,Yes,No,DSL,No,Yes,No,No,No,No,One year,Yes,Credit card (automatic),43.96,1838.27,Yes
CUST-0005412,Male,0,No,No,2,Yes,Yes,Fiber optic,No,Yes,No,No,Yes,No,Month-to-month,No,Bank transfer (automatic),50.25,93.24,No
CUST-0005413,Female,0,Yes,No,23,No,No phone service,No,No internet service,No internet service,No internet service,No internet service,No internet service,No internet service,Month-to-month,Yes,Mailed check,18.25,419.9,No
CUST-0005414,Male,0,No,No,30,Yes,Yes,Fiber optic,Yes,No,No,Yes,No,No,Month-to-month,Yes,Electronic check,115.96,3478.42,Yes
CUST-0005415,Male,0,Yes,No,11,Yes,No,DSL,Yes,No,Yes,No,Yes,No,Two year,Yes,Electronic check,33.92,366.3,No
CUST-0005416,Male,0,Yes,No,72,Yes,No,Fiber optic,No,No,No,No,No,No,Two year,No,Mailed check,58.43,4231.5,Yes
CUST-0005417,Male,0,No,No,23,Yes,Yes,DSL,Yes,No,No,No,No,No,Month-to-month,Yes,Electronic check,57.35,1325.61,No
CUST-0005418,Male,0,Yes,No,6,Yes,No,No,No internet service,No internet service,No internet service,No internet service,No internet service,No internet service,Two year,No,Electronic check,18.25,143.0,Yes
CUST-0005419,Male,0,Yes,No,3,Yes,No,Fiber optic,No,Yes,No,No,No,No,Month-to-month,Yes,Credit card (automatic),86.33,291.26,Yes
CUST-0005420,Male,1,Yes,No,24,Yes,Yes,Fiber optic,Yes,No,No,No,No,No,Month-to-month,Yes,Mailed check,105.79,2550.48,No
CUST-0005421,Male,0,No,Yes,15,Yes,Yes,DSL,No,Yes,Yes,Yes,Yes,No,Two year,No,Electronic check,57.65,860.69,No
CUST-0005422,Male,0,No,No,6,Yes,No,DSL,No,No,No,Yes,No,Yes,Month-to-month,Yes,Mailed check,65.73,367.02,No
CUST-0005423,Female,0,No,No,0,Yes,Yes,No,No internet service,No internet service,No internet service,No internet service,No internet service,No internet service,Month-to-month,Yes,Electronic check,25.96,,No
CUST-0005424,Male,0,No,Yes,26,Yes,No,Fiber optic,No,No,No,Yes,No,No,Month-to-month,No,Bank transfer (automatic),72.42,1913.08,No
CUST-0005425,Male,0,No,Yes,29,Yes,Yes,DSL,No,Yes,No,No,Yes,No,Two year,No,Bank transfer (automatic),50.13,1446.82,No
CUST-0005426,Female,0,Yes,No,4,Yes,No,No,No internet service,No internet service,No internet service,No internet service,No internet service,No internet service,One year,Yes,Mailed check,50.62,187.73,Yes
CUST-0005427,Female,0,No,No,29,Yes,Yes,DSL,No,No,No,No,No,No,Month-to-month,Yes,Mailed check,60.33,1772.83,No
CUST-0005428,Male,0,No,No,72,Yes,No,DSL,No,No,No,Yes,Yes,Yes,Month-to-month,No,Credit card (automatic),110.76,7977.59,No
CUST-0005429,Female,0,No,No,72,Yes,No,Fiber optic,No,Yes,No,No,Yes,No,Month-to-month,Yes,Electronic check,104.34,7511.91,No
CUST-0005430,Female,0,No,Yes,70,Yes,Yes,DSL,No,No,Yes,No,No,No,Month-to-month,Yes,Electronic check,18.25,1293.26,No
CUST-0005431,Female,0,No,No,52,Yes,Yes,Fiber optic,Yes,Yes,No,No,No,No,Two year,Yes,Electronic check,40.82,2099.15,No
CUST-0005432,Male,0,Yes,Yes,7,Yes,Yes,Fiber optic,Yes,No,No,No,No,No,Month-to-month,Yes,Electronic check,70.1,483.54,No
CUST-0005433,Female,0,Yes,No,5,No,No phone service,DSL,No,No,No,No,Yes,No,One year,Yes,Credit card (automatic),20.03,124.56,No
CUST-0005434,Male,0,No,No,18,Yes,No,DSL,No,No,No,No,No,No,Two year,Yes,Electronic check,28.54,521.77,Yes
CUST-0005435,Female,0,No,No,30,Yes,Yes,DSL,No,Yes,Yes,Yes,Yes,Yes,Month-to-month,Yes,Electronic check,86.96,2623.31,Yes
CUST-0005436,Female,0,No,No,60,No,No phone service,DSL,Yes,No,No,Yes,No,Yes,Month-to-month,No,Credit card (automatic),54.93,3322.25,No
CUST-0005437,Male,0,Yes,No,8,Yes,No,DSL,No,No,Yes,No,Yes,Yes,Month-to-month,No,Mailed check,105.94,868.08,No
CUST-0005438,Female,0,Yes,No,20,Yes,Yes,DSL,No,No,No,No,Yes,Yes,Two year,Yes,Mailed check,23.44,461.81,No
CUST-0005439,Male,1,No,No,33,Yes,No,Fiber optic,No,Yes,No,Yes,No,No,Month-to-month,Yes,Bank transfer (automatic),88.55,2924.19,Yes
CUST-0005440,Female,0,No,No,18,Yes,No,No,No internet service,No internet service,No internet service,No internet service,No internet service,No internet service,Month-to-month,No,Credit card (automatic),102.9,1815.75,No
CUST-0005441,Male,0,No,No,19,Yes,No,DSL,No,Yes,No,No,Yes,No,Month-to-month,No,Bank transfer (automatic),61.81,1206.25,Yes
CUST-0005442,Male,0,Yes,Yes,8,Yes,Yes,Fiber optic,Yes,No,No,No,No,No,Month-to-month,Yes,Mailed check,90.84,735.87,No
CUST-0005443,Male,0,No,No,72,No,No phone service,DSL,No,No,No,No,No,No,Two year,Yes,Credit card (automatic),63.35,4542.36,No
CUST-0005444,Female,0,No,No,20,Yes,No,Fiber optic,No,No,Yes,Yes,No,No,Month-to-month,No,Bank transfer (automatic),82.35,1615.41,No
CUST-0005445,Male,0,No,Yes,24,Yes,No,No,No internet service,No internet service,No internet service,No internet service,No internet service,No internet service,Month-to-month,No,Credit card (automatic),64.95,1549.43,Yes
CUST-0005446,Male,0,Yes,No,7,Yes,Yes,Fiber optic,Yes,No,No,No,Yes,Yes,One year,No,Electronic check,35.71,247.33,No
CUST-0005447,Male,0,Yes,Yes,23,Yes,No,DSL,No,No,Yes,No,No,Yes,One year,No,Electronic check,70.55,1624.04,Yes
CUST-0005448,Female,0,No,No,9,Yes,No,DSL,No,No,No,No,Yes,Yes,One year,No,Electronic check,34.7,284.58,Yes
CUST-0005449,Female,0,Yes,No,7,Yes,No,No,No internet service,No internet service,No internet service,No internet service,No internet service,No internet service,Month-to-month,Yes,Mailed check,42.64,281.72,Yes
CUST-0005450,Male,0,No,No,10,Yes,Yes,Fiber optic,No,No,No,No,Yes,No,Month-to-month,Yes,Electronic check,67.69,682.78,Yes
CUST-0005451,Male,0,Yes,No,0,No,No phone service,DSL,No,Yes,No,No,No,No,Month-to-month,Yes,Electronic check,78.27,,Yes
CUST-0005452,Male,0,No,No,27,Yes,No,No,No internet service,No internet service,No internet service,No internet service,No internet service,No internet service,One year,Yes,Credit card (automatic),42.29,1148.86,No
CUST-0005453,Male,1,Yes,Yes,15,Yes,No,Fiber optic,Yes,No,Yes,No,No,No,Month-to-month,Yes,Credit card (automatic),27.47,420.54,No
CUST-0005454,Male,0,Yes,Yes,72,Yes,Yes,No,No internet service,No internet service,No internet service,No internet service,No internet service,No internet service,Two year,No,Mailed check,94.11,6750.29,No
CUST-0005455,Female,0,No,Yes,1,Yes,No,DSL,Yes,No,No,No,No,Yes,One year,Yes,Electronic check,81.15,81.2,Yes
CUST-0005456,Male,0,No,No,1,Yes,Yes,DSL,No,No,Yes,Yes,Yes,Yes,Month-to-month,No,Electronic check,35.01,8.2,No
CUST-0005457,Male,1,Yes,Yes,69,Yes,Yes,Fiber optic,No,No,Yes,Yes,Yes,Yes,Month-to-month,Yes,Bank transfer (automatic),18.25,1256.66,No
CUST-0005458,Male,0,Yes,No,4,No,No phone service,Fiber optic,No,Yes,No,No,No,No,Month-to-month,Yes,Bank transfer (automatic),72.03,324.32,No
CUST-0005459,Female,0,No,No,0,Yes,No,DSL,No,No,No,No,Yes,No,One year,No,Bank transfer (automatic),63.07,,Yes
CUST-0005460,Female,0,Yes,No,6,Yes,No,Fiber optic,Yes,No,Yes,Yes,No,No,Two year,No,Credit card (automatic),71.11,430.36,No
CUST-0005461,Female,0,No,Yes,55,No,No phone service,Fiber optic,No,Yes,Yes,No,Yes,No,Month-to-month,Yes,Credit card (automatic),86.19,4721.44,No
CUST-0005462,Male,0,Yes,No,51,Yes,No,Fiber optic,Yes,No,Yes,Yes,No,Yes,Two year,Yes,Credit card (automatic),75.15,3843.56,No
CUST-0005463,Male,1,No,Yes,13,Yes,No,Fiber optic,Yes,Yes,No,No,No,No,One year,Yes,Mailed check,24.48,313.01,Yes
CUST-0005464,Male,0,No,No,35,Yes,No,Fiber optic,Yes,No,No,No,No,Yes,Month-to-month,No,Credit card (automatic),77.44,2677.48,No
CUST-0005465,Male,1,No,No,22,Yes,No,Fiber optic,No,Yes,No,Yes,No,No,One year,No,Bank transfer (automatic),60.93,1338.82,No
CUST-0005466,Female,0,Yes,Yes,72,No,No phone service,DSL,No,Yes,Yes,Yes,Yes,Yes,Two year,Yes,Electronic check,94.43,6836.45,No
CUST-0005467,Female,1,No,Yes,1,Yes,Yes,Fiber optic,No,Yes,Yes,Yes,No,Yes,Month-to-month,Yes,Bank transfer (automatic),55.74,65.83,No
CUST-0005468,Female,0,Yes,No,53,Yes,No,DSL,No,No,Yes,Yes,No,No,Two year,No,Mailed check,18.25,972.09,Yes
CUST-0005469,Female,1,No,No,5,Yes,Yes,No,No internet service,No internet service,No internet service,No internet service,No internet service,No internet service,One year,No,Electronic check,51.83,248.71,No
CUST-0005470,Male,0,No,No,15,Yes,No,Fiber optic,No,Yes,No,Yes,Yes,No,Month-to-month,Yes,Electronic check,42.38,627.47,No
CUST-0005471,Female,0,No,No,6,Yes,No,Fiber optic,No,Yes,No,No,No,No,Month-to-month,Yes,Bank transfer (automatic),67.37,434.88,No
CUST-0005472,Male,0,Yes,No,38,Yes,Yes,No,No internet service,No internet service,No internet service,No internet service,No internet service,No internet service,Two year,Yes,Mailed check,84.82,3218.99,No
CUST-0005473,Male,0,No,No,36,No,No phone service,DSL,No,No,Yes,No,Yes,No,One year,Yes,Bank transfer (automatic),40.11,1449.9,No
CUST-0005474,Female,0,Yes,No,25,Yes,Yes,Fiber optic,Yes,No,Yes,No,No,No,One year,Yes,Credit card (automatic),111.48,2796.59,Yes
CUST-0005475,Male,1,Yes,No,38,Yes,Yes,Fiber optic,Yes,No,No,No,Yes,No,Month-to-month,Yes,Bank transfer (automatic),61.54,2315.04,No
CUST-0005476,Male,0,Yes,No,32,Yes,Yes,No,No internet service,No internet service,No internet service,No internet service,No internet service,No internet service,Month-to-month,No,Credit card (automatic),18.25,537.22,Yes
CUST-0005477,Male,0,Yes,Yes,47,Yes,No,No,No internet service,No internet service,No internet service,No internet service,No internet service,No internet service,Month-to-month,Yes,Mailed check,70.66,3298.1,No
CUST-0005478,Female,0,Yes,No,8,Yes,Yes,Fiber optic,No,No,No,Yes,Yes,No,Month-to-month,Yes,Credit card (automatic),18.25,116.95,No
CUST-0005479,Female,1,Yes,Yes,17,Yes,No,DSL,No,No,Yes,No,No,Yes,One year,No,Credit card (automatic),89.3,1545.44,No
CUST-0005480,Male,0,No,Yes,5,Yes,No,DSL,No,Yes,No,Yes,No,No,Month-to-month,Yes,Mailed check,23.34,97.32,No
CUST-0005481,Female,0,Yes,No,17,Yes,No,DSL,No,Yes,Yes,No,Yes,Yes,Month-to-month,No,Mailed check,26.62,440.58,No
CUST-0005482,Male,0,No,No,38,Yes,No,Fiber optic,No,No,No,Yes,Yes,No,One year,No,Mailed check,87.24,3325.58,No
CUST-0005483,Male,0,Yes,Yes,37,No,No phone service,Fiber optic,No,Yes,No,No,Yes,Yes,Month-to-month,Yes,Mailed check,64.55,2376.26,No
CUST-0005484,Female,0,No,No,39,Yes,Yes,DSL,Yes,No,No,No,No,No,One year,Yes,Bank transfer (automatic),69.33,2721.67,No
CUST-0005485,Female,0,Yes,No,11,Yes,Yes,Fiber optic,No,No,Yes,No,No,Yes,Two year,No,Mailed check,54.17,641.37,Yes
CUST-0005486,Female,0,No,Yes,34,Yes,No,No,No internet service,No internet service,No internet service,No internet service,No internet service,No internet service,Month-to-month,Yes,Bank transfer (automatic),57.5,1980.1,No
CUST-0005487,Male,0,No,No,14,Yes,No,DSL,No,No,Yes,Yes,Yes,Yes,Month-to-month,Yes,Bank transfer (automatic),102.56,1452.27,No
CUST-0005488,Female,0,Yes,No,72,No,No phone service,No,No internet service,No internet service,No internet service,No internet service,No internet service,No internet service,Month-to-month,No,Electronic check,41.08,2945.0,Yes
CUST-0005489,Female,0,No,Yes,13,No,No phone service,DSL,No,Yes,No,Yes,Yes,No,Month-to-month,Yes,Credit card (automatic),56.95,735.95,Yes
CUST-0005490,Female,0,Yes,No,29,Yes,No,DSL,No,Yes,No,Yes,No,No,Month-to-month,Yes,Bank transfer (automatic),32.6,947.74,Yes
CUST-0005491,Male,0,No,No,44,Yes,No,No,No internet service,No internet service,No internet service,No internet service,No internet service,No internet service,One year,Yes,Bank transfer (automatic),46.69,2079.46,No
CUST-0005492,Female,0,Yes,No,72,Yes,No,Fiber optic,No,Yes,No,Yes,No,Yes,Month-to-month,No,Electronic check,44.66,3216.49,No
CUST-0005493,Female,0,Yes,Yes,18,No,No phone service,No,No internet service,No internet service,No internet service,No internet service,No internet service,No internet service,Two year,Yes,Mailed check,65.04,1166.41,No
CUST-0005494,Male,0,Yes,No,14,Yes,No,Fiber optic,Yes,No,Yes,No,No,Yes,Two year,Yes,Mailed check,45.49,667.39,No
CUST-0005495,Male,0,No,Yes,17,Yes,No,No,No internet service,No internet service,No internet service,No internet service,No internet service,No internet service,Two year,Yes,Electronic check,49.43,861.23,No
CUST-0005496,Male,0,No,No,12,Yes,No,DSL,No,Yes,Yes,No,Yes,Yes,Month-to-month,Yes,Credit card (automatic),38.11,426.7,No
CUST-0005497,Female,0,No,Yes,33,Yes,No,Fiber optic,No,Yes,Yes,No,No,Yes,Month-to-month,Yes,Bank transfer (automatic),27.59,923.04,No
CUST-0005498,Female,0,No,No,72,Yes,Yes,No,No internet service,No internet service,No internet service,No internet service,No internet service,No internet service,Two year,No,Mailed check,45.33,3254.16,No
CUST-0005499,Female,0,Yes,No,4,Yes,Yes,Fiber optic,No,No,Yes,Yes,No,No,Two year,Yes,Bank transfer (automatic),38.37,208.77,No
CUST-0005500,Female,1,No,Yes,26,Yes,No,DSL,Yes,No,No,No,No,No,Month-to-month,Yes,Credit card (automatic),63.3,1642.92,No
CUST-0005501,Female,0,No,Yes,72,Yes,Yes,DSL,No,No,Yes,Yes,Yes,No,One year,Yes,Electronic check,33.66,2430.64,No
CUST-0005502,Male,0,No,Yes,3,Yes,Yes,No,No internet service,No internet service,No internet service,No internet service,No internet service,No internet service,Month-to-month,No,Electronic check,95.55,307.84,Yes
CUST-0005503,Male,0,No,Yes,21,Yes,No,Fiber optic,No,No,No,Yes,Yes,Yes,Two year,Yes,Credit card (automatic),34.09,745.08,No
CUST-0005504,Male,0,No,No,64,Yes,No,Fiber optic,No,No,No,Yes,Yes,No,Month-to-month,No,Electronic check,65.6,4210.79,Yes
CUST-0005505,Male,0,No,No,72,Yes,Yes,No,No internet service,No internet service,No internet service,No internet service,No internet service,No internet service,One year,Yes,Bank transfer (automatic),63.37,4574.82,No
CUST-0005506,Male,0,Yes,No,23,Yes,No,No,No internet service,No internet service,No internet service,No internet service,No internet service,No internet service,Month-to-month,No,Mailed check,60.5,1413.3,Yes
CUST-0005507,Male,1,Yes,No,0,Yes,No,Fiber optic,No,No,No,Yes,Yes,Yes,Month-to-month,Yes,Credit card (automatic),47.68,,No
CUST-0005508,Male,0,Yes,No,3,Yes,No,No,No internet service,No internet service,No internet service,No internet service,No internet service,No internet service,Month-to-month,No,Mailed check,118.75,354.4,Yes
CUST-0005509,Male,0,Yes,Yes,28,Yes,No,Fiber optic,No,No,No,No,No,Yes,Month-to-month,No,Credit card (automatic),93.64,2638.46,No
CUST-0005510,Male,0,Yes,No,4,No,No phone service,Fiber optic,Yes,Yes,Yes,No,No,No,Month-to-month,Yes,Electronic check,103.8,429.98,No
CUST-0005511,Male,0,No,No,5,Yes,No,DSL,Yes,No,Yes,No,Yes,No,One year,Yes,Mailed check,87.51,440.71,Yes
CUST-0005512,Female,0,Yes,No,47,Yes,No,DSL,No,Yes,No,No,No,No,Month-to-month,No,Electronic check,78.28,3690.81,No
CUST-0005513,Female,0,No,No,44,Yes,No,No,No internet service,No internet service,No internet service,No internet service,No internet service,No internet service,One year,No,Electronic check,54.82,2438.21,No
CUST-0005514,Female,0,No,No,59,Yes,Yes,DSL,Yes,No,Yes,No,No,Yes,Month-to-month,Yes,Credit card (automatic),46.77,2755.7,Yes
CUST-0005515,Male,0,Yes,No,3,Yes,Yes,DSL,Yes,No,No,Yes,Yes,No,Month-to-month,Yes,Credit card (automatic),106.63,287.45,No
CUST-0005516,Female,1,Yes,Yes,7,Yes,No,Fiber optic,No,No,No,Yes,No,No,Two year,No,Electronic check,80.85,557.43,Yes
CUST-0005517,Female,0,No,Yes,57,Yes,No,Fiber optic,No,Yes,Yes,Yes,No,No,Month-to-month,Yes,Mailed check,72.29,4136.69,Yes
CUST-0005518,Female,0,No,No,40,Yes,No,DSL,No,No,Yes,No,Yes,Yes,Two year,Yes,Electronic check,29.95,1195.28,No
CUST-0005519,Male,0,No,No,52,Yes,No,Fiber optic,Yes,Yes,Yes,No,Yes,Yes,One year,No,Electronic check,73.12,3799.44,Yes
CUST-0005520,Female,0,Yes,Yes,72,Yes,No,Fiber optic,No,Yes,Yes,No,Yes,No,Month-to-month,No,Bank transfer (automatic),78.44,5635.8,Yes
CUST-0005521,Female,1,No,No,63,Yes,No,No,No internet service,No internet service,No internet service,No internet service,No internet service,No internet service,One year,No,Credit card (automatic),77.12,4868.22,No
CUST-0005522,Female,0,Yes,No,23,Yes,No,Fiber optic,No,No,No,Yes,No,No,Two year,Yes,Bank transfer (automatic),34.74,813.67,No
CUST-0005523,Female,0,No,No,11,Yes,No,Fiber optic,No,Yes,No,Yes,Yes,No,Month-to-month,No,Electronic check,18.25,195.94,Yes
CUST-0005524,Male,0,No,Yes,26,Yes,No,Fiber optic,No,No,No,No,Yes,No,Month-to-month,Yes,Credit card (automatic),60.41,1582.91,No
CUST-0005525,Female,0,Yes,No,32,Yes,No,DSL,Yes,No,No,No,Yes,Yes,Month-to-month,No,Credit card (automatic),27.52,910.06,No
CUST-0005526,Male,0,Yes,No,13,Yes,No,DSL,No,No,No,Yes,No,No,Two year,No,Mailed check,67.73,865.86,No
CUST-0005527,Female,0,Yes,Yes,47,Yes,Yes,DSL,No,Yes,Yes,No,No,Yes,One year,Yes,Mailed check,32.63,1530.14,No
CUST-0005528,Male,1,Yes,No,3,Yes,No,No,No internet service,No internet service,No internet service,No internet service,No internet service,No internet service,Month-to-month,No,Mailed check,22.96,71.15,No
CUST-0005529,Male,0,No,No,48,Yes,No,No,No internet service,No internet service,No internet service,No internet service,No internet service,No internet service,One year,No,Bank transfer (automatic),44.85,2148.99,No
CUST-0005530,Male,0,Yes,No,1,Yes,No,Fiber optic,No,No,Yes,Yes,No,Yes,Month-to-month,Yes,Credit card (automatic),56.71,49.45,No
CUST-0005531,Female,0,No,Yes,22,No,No phone service,DSL,No,No,Yes,No,Yes,Yes,Month-to-month,Yes,Credit card (automatic),99.08,2191.2,No
CUST-0005532,Male,0,Yes,No,63,No,No phone service,DSL,No,No,No,Yes,No,Yes,Month-to-month,No,Credit card (automatic),56.19,3538.19,Yes
CUST-0005533,Female,0,No,Yes,2,Yes,No,DSL,Yes,No,Yes,Yes,Yes,No,Month-to-month,No,Mailed check,56.46,135.55,No
CUST-0005534,Female,0,No,No,23,Yes,No,No,No internet service,No internet service,No internet service,No internet service,No internet service,No internet service,Month-to-month,No,Mailed check,99.9,2298.93,No
CUST-0005535,Male,0,No,No,5,Yes,Yes,Fiber optic,No,No,No,Yes,No,No,One year,Yes,Bank transfer (automatic),65.78,315.3,No
CUST-0005536,Male,0,No,No,72,Yes,No,No,No internet service,No internet service,No internet service,No internet service,No internet service,No internet service,Month-to-month,Yes,Bank transfer (automatic),58.12,4190.25,No
CUST-0005537,Male,0,Yes,No,57,Yes,Yes,Fiber optic,No,Yes,Yes,No,No,No,Two year,No,Credit card (automatic),96.63,5543.25,No
CUST-0005538,Female,0,No,No,72,Yes,No,Fiber optic,Yes,No,Yes,Yes,No,No,Month-to-month,Yes,Credit card (automatic),73.28,5281.13,Yes
CUST-0005539,Female,1,Yes,No,66,Yes,Yes,Fiber optic,No,Yes,No,No,No,No,Two year,Yes,Credit card (automatic),78.73,5204.04,Yes
CUST-0005540,Male,0,Yes,No,42,Yes,No,DSL,Yes,Yes,No,No,Yes,Yes,Month-to-month,No,Electronic check,81.96,3470.17,No
CUST-0005541,Male,0,Yes,Yes,6,Yes,No,Fiber optic,Yes,No,No,No,No,No,Two year,No,Credit card (automatic),51.95,292.83,Yes
CUST-0005542,Female,0,No,Yes,11,No,No phone service,No,No internet service,No internet service,No internet service,No internet service,No internet service,No internet service,Two year,Yes,Credit card (automatic),82.81,919.92,Yes
CUST-0005543,Female,0,No,Yes,21,Yes,No,Fiber optic,No,Yes,Yes,No,Yes,Yes,One year,Yes,Credit card (automatic),86.07,1802.9,No
CUST-0005544,Female,0,No,No,28,Yes,Yes,Fiber optic,No,No,No,No,Yes,Yes,Two year,No,Electronic check,68.01,1880.26,Yes
CUST-0005545,Female,0,Yes,No,48,Yes,No,Fiber optic,Yes,No,Yes,No,No,No,Two year,Yes,Credit card (automatic),94.47,4534.31,Yes
CUST-0005546,Male,1,Yes,No,8,Yes,No,Fiber optic,No,No,No,No,No,No,Two year,Yes,Bank transfer (automatic),67.05,540.83,No
CUST-0005547,Male,0,No,Yes,4,Yes,No,Fiber optic,No,Yes,No,No,Yes,No,Month-to-month,Yes,Mailed check,108.57,399.12,No
CUST-0005548,Male,1,No,No,21,No,No phone service,DSL,Yes,No,No,No,Yes,No,One year,Yes,Mailed check,47.66,959.83,Yes
CUST-0005549,Male,0,Yes,Yes,5,Yes,Yes,No,No internet service,No internet service,No internet service,No internet service,No internet service,No internet service,Month-to-month,Yes,Electronic check,59.71,285.32,No
CUST-0005550,Male,0,No,No,37,Yes,No,DSL,Yes,No,No,Yes,No,Yes,Month-to-month,Yes,Mailed check,44.21,1645.11,No
CUST-0005551,Male,0,Yes,No,27,Yes,Yes,Fiber optic,No,Yes,No,No,No,Yes,One year,Yes,Electronic check,87.9,2372.11,No
CUST-0005552,Male,0,Yes,Yes,43,Yes,No,DSL,No,No,No,No,No,No,Month-to-month,Yes,Bank transfer (automatic),34.78,1528.54,No
CUST-0005553,Female,0,Yes,No,2,Yes,Yes,DSL,No,No,Yes,No,Yes,Yes,Two year,Yes,Bank transfer (automatic),75.42,149.86,No
CUST-0005554,Female,0,Yes,Yes,72,Yes,Yes,Fiber optic,Yes,No,No,Yes,No,Yes,Month-to-month,Yes,Credit card (automatic),79.49,5721.31,No
CUST-0005555,Female,0,Yes,No,0,Yes,Yes,No,No internet service,No internet service,No internet service,No internet service,No internet service,No internet service,Month-to-month,Yes,Bank transfer (automatic),100.6,,No
CUST-0005556,Female,0,No,No,12,Yes,No,Fiber optic,No,Yes,No,No,No,Yes,Two year,No,Bank transfer (automatic),69.88,855.52,No
CUST-0005557,Male,0,No,No,36,Yes,No,DSL,No,Yes,No,No,No,No,Month-to-month,Yes,Credit card (automatic),64.28,2301.81,No
CUST-0005558,Female,0,No,No,1,No,No phone service,Fiber optic,Yes,No,Yes,No,Yes,No,Month-to-month,Yes,Electronic check,99.68,112.57,No
CUST-0005559,Male,0,No,No,2,Yes,Yes,DSL,No,No,Yes,No,No,Yes,Month-to-month,Yes,Credit card (automatic),60.81,134.15,No
CUST-0005560,Female,0,No,No,2,Yes,Yes,Fiber optic,No,Yes,No,Yes,Yes,Yes,Month-to-month,No,Electronic check,56.08,101.21,No
CUST-0005561,Male,0,Yes,No,27,Yes,Yes,DSL,No,No,No,No,No,No,Month-to-month,Yes,Electronic check,18.25,514.55,No
CUST-0005562,Female,0,No,No,72,Yes,No,No,No internet service,No internet service,No internet service,No internet service,No internet service,No internet service,Month-to-month,Yes,Mailed check,74.75,5398.45,Yes
CUST-0005563,Male,0,No,Yes,25,Yes,No,DSL,No,Yes,No,No,No,Yes,Two year,Yes,Mailed check,73.21,1854.69,No
CUST-0005564,Male,0,Yes,No,29,Yes,No,DSL,Yes,Yes,No,Yes,No,Yes,Month-to-month,Yes,Credit card (automatic),75.79,2213.19,No
CUST-0005565,Female,1,Yes,Yes,13,Yes,No,No,No internet service,No internet service,No internet service,No internet service,No internet service,No internet service,Month-to-month,No,Mailed check,102.26,1358.55,Yes
CUST-0005566,Male,1,Yes,Yes,0,Yes,No,No,No internet service,No internet service,No internet service,No internet service,No internet service,No internet service,Two year,No,Mailed check,62.94,,Yes
CUST-0005567,Female,1,No,Yes,0,Yes,No,DSL,Yes,No,Yes,No,No,Yes,Month-to-month,Yes,Credit card (automatic),48.46,,Yes
CUST-0005568,Female,0,Yes,Yes,70,Yes,No,DSL,No,No,No,Yes,No,No,Month-to-month,No,Electronic check,94.93,6606.94,No
CUST-0005569,Female,0,No,Yes,3,Yes,No,Fiber optic,No,No,No,No,No,Yes,One year,Yes,Credit card (automatic),68.94,213.11,No
CUST-0005570,Female,0,No,Yes,72,Yes,Yes,Fiber optic,Yes,No,No,No,Yes,No,One year,Yes,Electronic check,44.67,3242.05,Yes
CUST-0005571,Female,0,Yes,No,5,Yes,No,No,No internet service,No internet service,No internet service,No internet service,No internet service,No internet service,Month-to-month,Yes,Mailed check,61.82,282.45,No
CUST-0005572,Male,1,No,Yes,35,Yes,No,Fiber optic,No,Yes,Yes,No,No,No,Month-to-month,No,Credit card (automatic),50.79,1784.14,No
CUST-0005573,Female,0,No,Yes,72,Yes,No,DSL,No,Yes,No,No,No,No,Month-to-month,Yes,Mailed check,51.44,3726.79,No
CUST-0005574,Female,0,Yes,No,14,Yes,No,DSL,No,No,No,Yes,No,No,One year,Yes,Credit card (automatic),118.75,1642.08,No
CUST-0005575,Female,0,No,Yes,42,Yes,Yes,Fiber optic,No,Yes,No,No,Yes,No,One year,Yes,Mailed check,79.0,3314.63,No
CUST-0005576,Male,0,Yes,Yes,13,Yes,Yes,Fiber optic,No,Yes,No,No,Yes,No,Month-to-month,Yes,Electronic check,23.03,308.39,No
CUST-0005577,Female,0,Yes,No,11,Yes,No,No,No internet service,No internet service,No internet service,No internet service,No internet service,No internet service,Month-to-month,No,Bank transfer (automatic),81.83,875.65,No
CUST-0005578,Female,0,Yes,No,7,Yes,No,No,No internet service,No internet service,No internet service,No internet service,No internet service,No internet service,One year,No,Electronic check,48.08,361.37,No
CUST-0005579,Female,1,No,No,55,Yes,No,DSL,Yes,No,No,Yes,No,Yes,Two year,No,Bank transfer (automatic),97.38,5358.77,No
CUST-0005580,Male,1,No,No,9,No,No phone service,Fiber optic,No,No,No,No,No,Yes,Two year,Yes,Bank transfer (automatic),88.95,798.63,No
CUST-0005581,Male,0,Yes,No,10,Yes,Yes,No,No internet service,No internet service,No internet service,No internet service,No internet service,No internet service,Month-to-month,No,Credit card (automatic),27.28,241.53,No
CUST-0005582,Male,0,Yes,No,72,Yes,No,No,No internet service,No internet service,No internet service,No internet service,No internet service,No internet service,Two year,Yes,Mailed check,46.3,3337.7,No
CUST-0005583,Female,0,Yes,No,12,Yes,No,Fiber optic,No,No,No,No,Yes,No,One year,No,Credit card (automatic),55.98,653.37,No
CUST-0005584,Female,0,No,No,17,Yes,No,Fiber optic,No,Yes,No,No,No,No,Month-to-month,No,Bank transfer (automatic),108.99,1874.59,No
CUST-0005585,Male,1,No,No,72,Yes,No,Fiber optic,No,No,No,No,No,Yes,Month-to-month,Yes,Electronic check,87.46,6303.52,No
CUST-0005586,Male,0,No,Yes,14,Yes,No,Fiber optic,No,No,No,Yes,Yes,No,One year,Yes,Bank transfer (automatic),76.22,1042.59,Yes
CUST-0005587,Male,0,No,No,14,Yes,No,DSL,Yes,Yes,No,No,Yes,No,Two year,Yes,Bank transfer (automatic),100.61,1387.98,No
CUST-0005588,Male,0,No,Yes,56,Yes,Yes,Fiber optic,Yes,Yes,No,Yes,No,Yes,Month-to-month,No,Credit card (automatic),43.84,2453.69,No
CUST-0005589,Female,0,Yes,No,11,Yes,Yes,Fiber optic,No,No,No,No,Yes,Yes,Month-to-month,Yes,Mailed check,118.75,1318.45,No
CUST-0005590,Female,0,Yes,No,8,Yes,No,DSL,No,Yes,No,No,No,No,Month-to-month,No,Mailed check,38.72,325.35,Yes
CUST-0005591,Male,0,No,No,17,Yes,Yes,Fiber optic,No,Yes,No,No,No,No,Month-to-month,Yes,Bank transfer (automatic),48.67,796.43,No
CUST-0005592,Female,0,No,No,38,Yes,No,Fiber optic,No,Yes,Yes,No,No,Yes,Month-to-month,Yes,Bank transfer (automatic),90.84,3445.39,No
CUST-0005593,Male,0,Yes,No,1,Yes,No,Fiber optic,Yes,Yes,Yes,No,Yes,No,Month-to-month,No,Bank transfer (automatic),51.74,31.25,No
CUST-0005594,Female,0,No,Yes,14,Yes,Yes,Fiber optic,Yes,No,No,No,Yes,No,Two year,No,Mailed check,79.59,1134.54,No
CUST-0005595,Male,0,No,Yes,13,Yes,Yes,Fiber optic,No,No,No,No,No,Yes,Month-to-month,No,Bank transfer (automatic),18.25,235.08,No
CUST-0005596,Male,0,Yes,No,8,Yes,Yes,Fiber optic,Yes,No,No,No,No,No,Two year,Yes,Electronic check,47.84,368.37,Yes
CUST-0005597,Male,0,No,No,33,Yes,No,DSL,No,No,No,No,No,Yes,One year,Yes,Electronic check,80.94,2700.91,Yes
CUST-0005598,Female,0,No,No,10,Yes,Yes,DSL,No,Yes,No,No,Yes,Yes,Month-to-month,No,Credit card (automatic),30.84,322.2,No
CUST-0005599,Female,0,Yes,No,29,Yes,Yes,DSL,No,Yes,No,No,Yes,Yes,Month-to-month,No,Credit card (automatic),18.25,528.16,No
CUST-0005600,Female,0,No,No,22,Yes,No,DSL,No,Yes,Yes,No,No,No,Month-to-month,Yes,Bank transfer (automatic),72.98,1594.32,Yes
CUST-0005601,Male,1,Yes,No,7,Yes,Yes,Fiber optic,Yes,No,No,No,Yes,No,Month-to-month,Yes,Electronic check,118.75,788.32,No
CUST-0005602,Male,0,Yes,No,9,Yes,Yes,No,No internet service,No internet service,No internet service,No internet service,No internet service,No internet service,One year,Yes,Bank transfer (automatic),46.5,411.6,No
CUST-0005603,Male,0,No,No,5,Yes,Yes,DSL,No,Yes,No,No,Yes,Yes,Month-to-month,No,Electronic check,55.32,271.06,No
CUST-0005604,Female,0,Yes,No,1,Yes,Yes,No,No internet service,No internet service,No internet service,No internet service,No internet service,No internet service,Month-to-month,Yes,Mailed check,79.86,102.34,Yes
CUST-0005605,Male,0,Yes,No,30,Yes,No,Fiber optic,No,No,No,No,Yes,Yes,Month-to-month,No,Electronic check,57.87,1710.73,Yes
CUST-0005606,Female,0,Yes,No,35,Yes,No,DSL,Yes,No,Yes,Yes,No,No,Month-to-month,No,Electronic check,93.73,3288.1,No
CUST-0005607,Female,1,Yes,No,5,Yes,Yes,DSL,No,No,No,No,No,No,One year,No,Electronic check,88.02,453.55,No
CUST-0005608,Female,0,Yes,No,30,Yes,No,Fiber optic,No,No,No,Yes,Yes,No,Month-to-month,Yes,Credit card (automatic),18.25,540.05,Yes
CUST-0005609,Male,0,No,No,72,Yes,No,Fiber optic,No,Yes,Yes,No,No,Yes,One year,No,Electronic check,24.02,1728.88,No
CUST-0005610,Male,0,Yes,No,2,Yes,No,DSL,No,No,No,No,Yes,No,One year,No,Electronic check,36.7,82.11,No
CUST-0005611,Male,0,No,No,21,Yes,No,DSL,Yes,No,No,No,No,Yes,Two year,No,Electronic check,58.57,1227.18,No
CUST-0005612,Female,0,No,No,42,Yes,No,No,No internet service,No internet service,No internet service,No internet service,No internet service,No internet service,One year,No,Bank transfer (automatic),90.55,3844.23,No
CUST-0005613,Female,0,Yes,Yes,1,Yes,Yes,DSL,No,No,No,No,No,No,One year,Yes,Electronic check,58.01,81.73,No
CUST-0005614,Male,0,No,No,48,Yes,Yes,No,No internet service,No internet service,No internet service,No internet service,No internet service,No internet service,Month-to-month,No,Mailed check,30.23,1458.75,Yes
CUST-0005615,Male,0,No,No,72,Yes,No,DSL,No,No,No,No,No,Yes,Two year,Yes,Bank transfer (automatic),67.98,4894.41,No
CUST-0005616,Female,0,Yes,No,2,Yes,Yes,Fiber optic,No,Yes,No,Yes,Yes,Yes,Month-to-month,Yes,Mailed check,18.25,52.39,No
CUST-0005617,Female,0,Yes,No,55,Yes,No,Fiber optic,No,Yes,No,No,Yes,Yes,Month-to-month,Yes,Bank transfer (automatic),59.78,3286.67,No
CUST-0005618,Male,0,No,No,15,No,No phone service,Fiber optic,Yes,Yes,No,Yes,No,Yes,Month-to-month,No,Mailed check,108.77,1608.16,No
CUST-0005619,Female,0,No,No,4,Yes,Yes,DSL,No,Yes,Yes,Yes,No,No,One year,Yes,Electronic check,31.26,136.1,Yes
CUST-0005620,Male,0,Yes,Yes,21,Yes,No,DSL,No,No,No,Yes,Yes,No,Month-to-month,No,Bank transfer (automatic),68.57,1432.43,No
CUST-0005621,Male,0,Yes,Yes,2,Yes,No,Fiber optic,No,Yes,No,Yes,No,Yes,Two year,No,Electronic check,54.08,114.24,No
CUST-0005622,Female,0,Yes,No,23,Yes,No,DSL,Yes,No,No,No,No,Yes,Month-to-month,Yes,Mailed check,18.25,412.21,No
CUST-0005623,Female,0,Yes,No,0,Yes,Yes,Fiber optic,Yes,Yes,No,No,No,No,Month-to-month,No,Credit card (automatic),31.2,,No
CUST-0005624,Female,0,No,No,41,Yes,Yes,No,No internet service,No internet service,No internet service,No internet service,No internet service,No internet service,One year,Yes,Electronic check,50.84,2127.62,Yes
CUST-0005625,Male,0,Yes,Yes,21,Yes,No,No,No internet service,No internet service,No internet service,No internet service,No internet service,No internet service,Two year,No,Credit card (automatic),87.49,1819.67,No
CUST-0005626,Female,0,Yes,No,19,Yes,No,DSL,Yes,Yes,No,No,No,Yes,Two year,No,Bank transfer (automatic),53.89,1032.95,No
CUST-0005627,Male,0,Yes,No,6,Yes,No,Fiber optic,No,Yes,Yes,Yes,No,No,Month-to-month,Yes,Credit card (automatic),90.12,561.92,No
CUST-0005628,Male,0,Yes,No,14,Yes,No,Fiber optic,Yes,No,Yes,No,Yes,No,Month-to-month,No,Credit card (automatic),118.75,1670.93,No
CUST-0005629,Female,0,Yes,No,6,Yes,Yes,DSL,Yes,Yes,Yes,No,Yes,No,Month-to-month,No,Bank transfer (automatic),50.97,330.96,No
CUST-0005630,Male,0,Yes,No,42,Yes,No,Fiber optic,No,No,Yes,Yes,No,No,Month-to-month,No,Electronic check,82.67,3484.36,Yes
CUST-0005631,Female,0,Yes,No,7,Yes,No,DSL,No,Yes,No,No,Yes,No,Month-to-month,Yes,Credit card (automatic),81.15,521.06,No
CUST-0005632,Female,0,No,No,30,Yes,No,Fiber optic,Yes,No,Yes,No,Yes,Yes,Month-to-month,Yes,Credit card (automatic),64.43,1906.65,Yes
CUST-0005633,Male,0,No,No,10,Yes,Yes,No,No internet service,No internet service,No internet service,No internet service,No internet service,No internet service,Two year,Yes,Credit card (automatic),35.54,358.21,No
CUST-0005634,Male,0,Yes,No,34,Yes,No,No,No internet service,No internet service,No internet service,No internet service,No internet service,No internet service,One year,Yes,Credit card (automatic),50.13,1682.78,No
CUST-0005635,Male,0,No,No,24,Yes,No,Fiber optic,Yes,No,No,Yes,No,No,Month-to-month,Yes,Mailed check,21.91,535.1,No
CUST-0005636,Male,0,Yes,No,17,Yes,No,Fiber optic,No,No,Yes,No,No,Yes,Two year,No,Electronic check,49.84,886.89,No
CUST-0005637,Female,0,No,Yes,35,Yes,Yes,No,No internet service,No internet service,No internet service,No internet service,No internet service,No internet service,Month-to-month,Yes,Mailed check,72.66,2552.68,Yes
CUST-0005638,Female,0,Yes,Yes,17,Yes,Yes,Fiber optic,No,No,No,Yes,No,No,Month-to-month,Yes,Electronic check,69.4,1183.56,No
CUST-0005639,Male,0,Yes,No,55,Yes,No,Fiber optic,Yes,Yes,Yes,No,Yes,Yes,Month-to-month,Yes,Mailed check,73.83,4087.62,No
CUST-0005640,Male,0,No,No,41,Yes,No,No,No internet service,No internet service,No internet service,No internet service,No internet service,No internet service,Two year,No,Mailed check,111.92,4618.07,No
CUST-0005641,Female,0,Yes,No,24,Yes,No,DSL,No,No,No,Yes,No,No,Month-to-month,Yes,Bank transfer (automatic),23.79,585.74,No
CUST-0005642,Female,0,Yes,No,67,Yes,Yes,DSL,Yes,No,No,No,Yes,Yes,Month-to-month,No,Electronic check,43.82,2927.0,Yes
CUST-0005643,Male,1,No,No,56,Yes,No,No,No internet service,No internet service,No internet service,No internet service,No internet service,No internet service,Month-to-month,No,Credit card (automatic),106.5,5961.3,Yes
CUST-0005644,Male,0,No,No,24,Yes,No,No,No internet service,No internet service,No internet service,No internet service,No internet service,No internet service,Two year,No,Mailed check,60.67,1442.69,Yes
CUST-0005645,Female,0,No,No,2,Yes,Yes,DSL,Yes,No,No,No,Yes,No,Month-to-month,Yes,Bank transfer (automatic),85.14,163.11,No
CUST-0005646,Male,0,Yes,Yes,26,Yes,Yes,Fiber optic,No,No,No,No,Yes,No,Month-to-month,Yes,Electronic check,54.79,1438.45,No
CUST-0005647,Male,0,No,No,14,Yes,No,Fiber optic,No,No,Yes,No,No,Yes,Two year,No,Bank transfer (automatic),88.15,1245.63,No
CUST-0005648,Female,0,Yes,No,24,Yes,Yes,Fiber optic,No,No,Yes,No,No,No,Two year,Yes,Mailed check,64.85,1558.13,No
CUST-0005649,Female,0,Yes,No,33,Yes,Yes,DSL,No,Yes,No,Yes,No,No,One year,No,Bank transfer (automatic),59.75,1979.73,No
CUST-0005650,Female,0,No,No,33,Yes,No,No,No internet service,No internet service,No internet service,No internet service,No internet service,No internet service,Two year,No,Credit card (automatic),69.29,2300.65,No
CUST-0005651,Female,0,No,No,35,No,No phone service,No,No internet service,No internet service,No internet service,No internet service,No internet service,No internet service,Two year,Yes,Bank transfer (automatic),45.3,1584.74,Yes
CUST-0005652,Female,0,No,No,36,Yes,Yes,Fiber optic,Yes,Yes,Yes,Yes,No,No,Month-to-month,Yes,Bank transfer (automatic),97.53,3515.54,No
CUST-0005653,Male,0,No,No,3,Yes,No,No,No internet service,No internet service,No internet service,No internet service,No internet service,No internet service,One year,Yes,Bank transfer (automatic),81.53,257.8,No
CUST-0005654,Male,0,Yes,No,6,Yes,No,No,No internet service,No internet service,No internet service,No internet service,No internet service,No internet service,Two year,Yes,Bank transfer (automatic),58.11,335.24,No
CUST-0005655,Male,0,Yes,Yes,31,Yes,Yes,Fiber optic,No,No,Yes,No,No,No,One year,No,Mailed check,82.65,2574.35,No
CUST-0005656,Male,1,Yes,No,16,Yes,Yes,No,No internet service,No internet service,No internet service,No internet service,No internet service,No internet service,Month-to-month,Yes,Credit card (automatic),70.56,1086.45,No
CUST-0005657,Female,0,No,Yes,46,Yes,No,No,No internet service,No internet service,No internet service,No internet service,No internet service,No internet service,Month-to-month,No,Mailed check,88.52,4075.89,No
CUST-0005658,Female,0,Yes,No,4,Yes,Yes,DSL,No,No,Yes,No,Yes,Yes,Two year,Yes,Bank transfer (automatic),39.02,145.46,No
CUST-0005659,Female,0,No,No,6,Yes,No,DSL,No,No,No,No,No,No,One year,Yes,Mailed check,72.88,387.81,No
CUST-0005660,Female,0,No,Yes,26,No,No phone service,DSL,No,No,No,No,No,No,Two year,No,Credit card (automatic),44.56,1167.45,Yes
CUST-0005661,Male,0,No,No,22,Yes,No,Fiber optic,No,Yes,No,No,No,Yes,Month-to-month,No,Mailed check,50.82,1111.71,No
CUST-0005662,Male,0,No,No,9,Yes,Yes,DSL,No,No,No,No,Yes,No,Two year,Yes,Electronic check,62.66,536.31,No
CUST-0005663,Female,1,No,No,16,Yes,Yes,DSL,No,No,No,Yes,No,No,One year,Yes,Electronic check,83.6,1350.29,No
CUST-0005664,Female,0,No,Yes,1,Yes,Yes,No,No internet service,No internet service,No internet service,No internet service,No internet service,No internet service,Month-to-month,Yes,Electronic check,82.59,64.56,No
CUST-0005665,Female,0,No,No,1,Yes,Yes,Fiber optic,No,No,No,Yes,No,No,One year,Yes,Electronic check,18.25,14.91,No
CUST-0005666,Female,0,Yes,Yes,3,No,No phone service,No,No internet service,No internet service,No internet service,No internet service,No internet service,No internet service,One year,No,Credit card (automatic),63.23,215.13,No
CUST-0005667,Female,0,Yes,Yes,27,Yes,Yes,No,No internet service,No internet service,No internet service,No internet service,No internet service,No internet service,Two year,Yes,Bank transfer (automatic),68.99,1870.56,Yes
CUST-0005668,Female,0,No,No,63,Yes,No,Fiber optic,No,No,Yes,Yes,Yes,Yes,One year,Yes,Electronic check,54.27,3398.82,No
CUST-0005669,Male,0,No,Yes,9,Yes,No,Fiber optic,No,No,No,No,Yes,No,Two year,No,Credit card (automatic),44.38,408.58,No
CUST-0005670,Female,0,Yes,No,1,Yes,No,DSL,Yes,No,No,Yes,No,No,Month-to-month,No,Mailed check,91.33,116.61,No
CUST-0005671,Female,0,Yes,Yes,39,Yes,Yes,Fiber optic,Yes,No,No,No,No,Yes,Month-to-month,Yes,Electronic check,41.32,1615.5,No
CUST-0005672,Male,0,No,No,61,Yes,No,DSL,Yes,No,No,No,No,No,Month-to-month,No,Mailed check,59.47,3635.98,Yes
CUST-0005673,Female,0,No,No,4,Yes,Yes,DSL,No,Yes,Yes,No,Yes,No,Month-to-month,No,Mailed check,23.3,105.44,No
CUST-0005674,Male,0,Yes,No,15,Yes,Yes,DSL,No,No,Yes,No,No,Yes,Month-to-month,Yes,Electronic check,26.54,400.49,Yes
CUST-0005675,Female,0,No,No,5,Yes,Yes,Fiber optic,Yes,No,No,No,No,No,One year,No,Mailed check,71.08,354.73,No
CUST-0005676,Male,0,No,No,3,Yes,No,No,No internet service,No internet service,No internet service,No internet service,No internet service,No internet service,One year,Yes,Bank transfer (automatic),80.12,248.17,No
CUST-0005677,Female,0,No,No,33,No,No phone service,DSL,No,Yes,No,No,Yes,Yes,Two year,Yes,Mailed check,65.08,2154.89,Yes
CUST-0005678,Male,0,Yes,Yes,72,Yes,Yes,Fiber optic,No,No,No,No,No,No,Month-to-month,No,Electronic check,54.46,3930.32,No
CUST-0005679,Female,0,Yes,No,36,Yes,Yes,Fiber optic,No,No,No,Yes,No,Yes,Two year,Yes,Bank transfer (automatic),68.6,2483.49,Yes
CUST-0005680,Male,1,Yes,Yes,72,Yes,No,Fiber optic,No,No,No,No,No,Yes,Month-to-month,Yes,Credit card (automatic),74.08,5274.29,Yes
CUST-0005681,Male,1,Yes,No,18,Yes,Yes,No,No internet service,No internet service,No internet service,No internet service,No internet service,No internet service,One year,Yes,Credit card (automatic),81.41,1470.11,No
CUST-0005682,Male,0,Yes,No,72,No,No phone service,DSL,Yes,No,No,No,No,Yes,Month-to-month,No,Credit card (automatic),107.37,7728.9,No
CUST-0005683,Female,1,No,Yes,7,No,No phone service,DSL,No,No,No,No,Yes,No,One year,Yes,Mailed check,53.28,405.12,No
CUST-0005684,Male,0,Yes,No,4,No,No phone service,Fiber optic,Yes,No,No,No,No,No,Month-to-month,Yes,Electronic check,56.92,223.6,No
CUST-0005685,Male,0,No,Yes,38,Yes,No,Fiber optic,No,No,No,No,No,Yes,One year,No,Bank transfer (automatic),91.46,3481.48,No
CUST-0005686,Female,0,No,No,14,Yes,Yes,DSL,No,Yes,No,No,No,Yes,One year,No,Bank transfer (automatic),55.2,758.66,Yes
CUST-0005687,Male,0,Yes,Yes,12,Yes,No,DSL,No,Yes,No,No,No,Yes,Month-to-month,No,Credit card (automatic),18.25,234.16,Yes
CUST-0005688,Female,0,No,No,35,Yes,No,No,No internet service,No internet service,No internet service,No internet service,No internet service,No internet service,Month-to-month,Yes,Mailed check,74.92,2605.07,Yes
CUST-0005689,Male,0,No,Yes,12,Yes,No,DSL,No,No,No,No,No,No,Two year,Yes,Credit card (automatic),109.46,1312.25,No
CUST-0005690,Female,0,No,Yes,27,Yes,Yes,Fiber optic,No,No,Yes,No,No,Yes,Two year,No,Electronic check,50.26,1424.47,No
CUST-0005691,Male,0,Yes,No,11,Yes,No,No,No internet service,No internet service,No internet service,No internet service,No internet service,No internet service,One year,Yes,Mailed check,18.25,191.43,Yes
CUST-0005692,Male,0,No,Yes,49,Yes,No,Fiber optic,No,Yes,No,No,No,Yes,Month-to-month,Yes,Bank transfer (automatic),19.36,937.83,Yes
CUST-0005693,Female,0,Yes,No,11,Yes,No,Fiber optic,No,No,No,No,Yes,No,Month-to-month,Yes,Bank transfer (automatic),36.21,378.59,No
CUST-0005694,Female,0,No,No,24,Yes,No,Fiber optic,Yes,No,No,Yes,Yes,No,Month-to-month,No,Electronic check,39.41,939.0,Yes
CUST-0005695,Female,0,Yes,Yes,0,Yes,No,Fiber optic,Yes,No,No,Yes,No,No,Two year,No,Mailed check,100.94,,Yes
CUST-0005696,Male,1,No,No,50,Yes,No,Fiber optic,No,Yes,No,No,No,No,One year,Yes,Electronic check,93.81,4671.28,No
CUST-0005697,Male,0,Yes,Yes,30,No,No phone service,No,No internet service,No internet service,No internet service,No internet service,No internet service,No internet service,Month-to-month,No,Credit card (automatic),118.28,3555.81,No
CUST-0005698,Male,0,Yes,Yes,6,Yes,No,Fiber optic,No,No,No,No,No,No,One year,No,Mailed check,105.99,655.53,No
CUST-0005699,Female,0,No,Yes,7,Yes,No,No,No internet service,No internet service,No internet service,No internet service,No internet service,No internet service,Month-to-month,Yes,Credit card (automatic),74.77,479.07,Yes
CUST-0005700,Male,0,No,No,9,Yes,No,DSL,No,No,No,Yes,No,Yes,Month-to-month,Yes,Mailed check,62.39,571.6,No
CUST-0005701,Male,0,Yes,Yes,27,Yes,No,DSL,No,No,Yes,No,No,No,Month-to-month,No,Electronic check,25.7,718.45,No
CUST-0005702,Male,1,Yes,No,25,Yes,No,Fiber optic,No,No,Yes,No,Yes,Yes,One year,No,Mailed check,18.25,437.2,Yes
CUST-0005703,Female,0,No,No,10,Yes,No,DSL,Yes,No,Yes,No,No,No,Two year,Yes,Bank transfer (automatic),51.86,553.66,No
CUST-0005704,Male,0,No,No,37,Yes,Yes,No,No internet service,No internet service,No internet service,No internet service,No internet service,No internet service,Month-to-month,Yes,Credit card (automatic),18.25,701.62,No
CUST-0005705,Female,0,Yes,No,70,Yes,Yes,Fiber optic,No,Yes,No,No,No,No,Month-to-month,No,Electronic check,109.51,7651.08,Yes
CUST-0005706,Male,0,No,No,1,Yes,No,Fiber optic,No,No,No,No,No,Yes,Month-to-month,No,Electronic check,56.73,58.47,No
CUST-0005707,Female,0,No,No,17,Yes,No,Fiber optic,Yes,No,No,No,Yes,Yes,Month-to-month,No,Electronic check,66.49,1150.34,No
CUST-0005708,Male,0,Yes,Yes,28,Yes,No,Fiber optic,Yes,No,Yes,No,No,No,Month-to-month,Yes,Electronic check,91.16,2570.44,No
CUST-0005709,Female,0,No,No,28,Yes,Yes,Fiber optic,Yes,No,No,No,Yes,No,Two year,No,Bank transfer (automatic),72.09,2014.06,No
CUST-0005710,Female,0,No,No,0,Yes,Yes,Fiber optic,No,No,Yes,No,No,No,Month-to-month,Yes,Bank transfer (automatic),18.25,,No
CUST-0005711,Male,0,No,No,7,Yes,Yes,Fiber optic,No,No,No,Yes,No,No,Month-to-month,No,Mailed check,49.95,371.98,No
CUST-0005712,Female,0,Yes,Yes,2,Yes,Yes,No,No internet service,No internet service,No internet service,No internet service,No internet service,No internet service,One year,Yes,Credit card (automatic),32.8,66.1,No
CUST-0005713,Male,0,No,Yes,26,Yes,Yes,No,No internet service,No internet service,No internet service,No internet service,No internet service,No internet service,Two year,Yes,Mailed check,83.47,2150.13,Yes
CUST-0005714,Female,0,Yes,No,33,No,No phone service,DSL,No,No,Yes,No,Yes,No,Two year,No,Mailed check,66.16,2110.95,Yes
CUST-0005715,Female,1,No,Yes,5,Yes,Yes,No,No internet service,No internet service,No internet service,No internet service,No internet service,No internet service,One year,Yes,Credit card (automatic),56.54,270.35,No
CUST-0005716,Male,0,Yes,No,12,Yes,No,No,No internet service,No internet service,No internet service,No internet service,No internet service,No internet service,Month-to-month,No,Electronic check,64.18,773.46,No
CUST-0005717,Male,0,No,Yes,12,Yes,No,Fiber optic,No,No,Yes,Yes,No,No,Month-to-month,No,Bank transfer (automatic),57.69,716.33,Yes
CUST-0005718,Male,0,No,No,54,Yes,Yes,Fiber optic,No,No,No,No,No,No,Month-to-month,Yes,Mailed check,37.69,2008.15,No
CUST-0005719,Male,0,Yes,No,6,Yes,No,Fiber optic,Yes,No,No,No,Yes,No,One year,Yes,Mailed check,49.56,290.26,No
CUST-0005720,Male,0,No,Yes,25,Yes,No,DSL,No,No,No,No,Yes,Yes,One year,No,Mailed check,36.35,908.77,Yes
CUST-0005721,Male,0,No,Yes,48,No,No phone service,DSL,Yes,No,No,No,No,Yes,Month-to-month,No,Bank transfer (automatic),76.33,3699.12,No
CUST-0005722,Male,0,Yes,No,56,Yes,Yes,No,No internet service,No internet service,No internet service,No internet service,No internet service,No internet service,Month-to-month,Yes,Bank transfer (automatic),87.61,4872.43,No
CUST-0005723,Female,0,No,No,35,Yes,Yes,Fiber optic,No,No,No,No,No,Yes,Month-to-month,Yes,Bank transfer (automatic),26.51,928.68,No
CUST-0005724,Male,0,No,No,11,Yes,Yes,DSL,No,No,No,No,No,No,Two year,No,Mailed check,113.33,1238.02,No
CUST-0005725,Male,1,Yes,No,55,Yes,Yes,Fiber optic,Yes,Yes,Yes,No,Yes,No,Month-to-month,No,Mailed check,101.51,5566.35,No
CUST-0005726,Female,0,No,Yes,43,Yes,No,DSL,No,No,No,Yes,Yes,No,Month-to-month,Yes,Mailed check,28.11,1218.6,Yes
CUST-0005727,Male,0,No,No,39,Yes,Yes,No,No internet service,No internet service,No internet service,No internet service,No internet service,No internet service,Month-to-month,Yes,Mailed check,63.46,2498.7,No
CUST-0005728,Male,0,Yes,No,2,Yes,No,Fiber optic,No,No,No,No,No,Yes,Two year,No,Credit card (automatic),36.02,45.24,No
CUST-0005729,Male,0,No,No,1,Yes,Yes,Fiber optic,No,Yes,No,No,No,Yes,Two year,No,Credit card (automatic),42.96,23.55,No
CUST-0005730,Female,0,Yes,No,38,Yes,No,DSL,Yes,Yes,No,No,Yes,No,Two year,Yes,Electronic check,18.25,659.77,No
CUST-0005731,Female,0,No,No,72,Yes,Yes,No,No internet service,No internet service,No internet service,No internet service,No internet service,No internet service,Month-to-month,No,Electronic check,18.25,1311.28,Yes
CUST-0005732,Male,0,No,No,47,Yes,No,No,No internet service,No internet service,No internet service,No internet service,No internet service,No internet service,Two year,Yes,Electronic check,59.44,2795.53,Yes
CUST-0005733,Female,0,Yes,No,56,Yes,No,No,No internet service,No internet service,No internet service,No internet service,No internet service,No internet service,Month-to-month,Yes,Electronic check,78.93,4434.19,No
CUST-0005734,Female,0,No,Yes,25,Yes,No,Fiber optic,No,No,No,No,No,No,Month-to-month,No,Mailed check,41.48,1036.5,No
CUST-0005735,Female,1,No,Yes,11,Yes,Yes,No,No internet service,No internet service,No internet service,No internet service,No internet service,No internet service,One year,Yes,Electronic check,55.29,608.87,No
CUST-0005736,Female,0,Yes,No,36,Yes,Yes,DSL,No,Yes,Yes,No,Yes,No,Month-to-month,No,Credit card (automatic),67.47,2459.62,No
CUST-0005737,Female,0,No,No,39,No,No phone service,DSL,No,No,No,No,No,No,Month-to-month,No,Bank transfer (automatic),107.95,4226.11,No
CUST-0005738,Male,0,No,No,36,Yes,No,Fiber optic,No,Yes,Yes,No,Yes,Yes,Month-to-month,Yes,Electronic check,82.29,2921.42,No
CUST-0005739,Male,1,Yes,Yes,72,Yes,Yes,DSL,Yes,Yes,Yes,Yes,No,Yes,Month-to-month,Yes,Electronic check,75.04,5417.88,No
CUST-0005740,Male,0,No,No,14,No,No phone service,DSL,Yes,No,No,No,No,Yes,Two year,Yes,Electronic check,49.98,689.04,No
CUST-0005741,Female,0,Yes,No,1,Yes,Yes,Fiber optic,Yes,No,Yes,No,Yes,No,Two year,No,Credit card (automatic),90.31,84.73,No
CUST-0005742,Female,0,Yes,No,72,Yes,Yes,Fiber optic,Yes,Yes,Yes,No,No,No,Month-to-month,Yes,Credit card (automatic),30.09,2164.55,No
CUST-0005743,Female,0,No,Yes,5,Yes,No,No,No internet service,No internet service,No internet service,No internet service,No internet service,No internet service,Month-to-month,Yes,Bank transfer (automatic),86.57,416.63,No
CUST-0005744,Female,0,No,No,38,Yes,Yes,DSL,Yes,Yes,No,Yes,No,No,Month-to-month,No,Mailed check,118.75,4525.33,No
CUST-0005745,Male,1,No,No,66,Yes,Yes,No,No internet service,No internet service,No internet service,No internet service,No internet service,No internet service,Month-to-month,Yes,Mailed check,42.76,2788.48,No
CUST-0005746,Female,0,Yes,Yes,11,Yes,No,Fiber optic,No,Yes,Yes,No,No,No,Month-to-month,Yes,Bank transfer (automatic),37.77,434.74,No
CUST-0005747,Female,0,No,No,56,Yes,No,Fiber optic,No,Yes,No,No,Yes,No,One year,Yes,Mailed check,50.93,2878.1,No
CUST-0005748,Female,0,No,No,12,Yes,Yes,DSL,No,Yes,Yes,Yes,Yes,No,Two year,No,Electronic check,63.91,773.75,No
CUST-0005749,Female,0,Yes,No,50,Yes,Yes,Fiber optic,No,No,No,No,No,No,Month-to-month,Yes,Mailed check,115.92,5807.16,No
CUST-0005750,Female,0,Yes,No,2,Yes,No,No,No internet service,No internet service,No internet service,No internet service,No internet service,No internet service,Two year,Yes,Credit card (automatic),42.61,52.55,No
CUST-0005751,Male,1,No,No,34,Yes,No,Fiber optic,Yes,No,Yes,No,Yes,Yes,Month-to-month,No,Mailed check,49.0,1641.22,Yes
CUST-0005752,Female,0,Yes,Yes,36,Yes,Yes,DSL,Yes,No,No,No,No,No,Two year,No,Bank transfer (automatic),18.25,658.62,Yes
CUST-0005753,Male,1,Yes,Yes,21,Yes,No,Fiber optic,No,No,No,No,Yes,No,Month-to-month,Yes,Credit card (automatic),51.66,1070.99,No
CUST-0005754,Female,0,No,No,37,No,No phone service,Fiber optic,Yes,No,No,No,No,No,Month-to-month,No,Mailed check,22.52,809.81,No
CUST-0005755,Female,0,No,Yes,72,Yes,No,DSL,No,No,Yes,No,Yes,No,Month-to-month,Yes,Mailed check,77.18,5579.98,Yes
CUST-0005756,Male,0,No,No,42,Yes,Yes,No,No internet service,No internet service,No internet service,No internet service,No internet service,No internet service,Month-to-month,Yes,Electronic check,64.85,2715.67,Yes
CUST-0005757,Female,0,No,No,72,Yes,No,Fiber optic,No,Yes,No,No,Yes,Yes,Month-to-month,Yes,Electronic check,109.8,7925.7,No
CUST-0005758,Male,0,No,Yes,19,Yes,Yes,Fiber optic,Yes,No,No,Yes,No,Yes,Month-to-month,No,Mailed check,105.99,1986.18,Yes
CUST-0005759,Male,0,No,No,24,Yes,Yes,DSL,No,No,Yes,Yes,No,No,One year,Yes,Bank transfer (automatic),73.63,1745.53,Yes
CUST-0005760,Male,0,Yes,No,9,No,No phone service,DSL,Yes,No,No,No,No,No,Two year,Yes,Mailed check,76.1,699.2,No
CUST-0005761,Female,0,Yes,Yes,72,Yes,Yes,No,No internet service,No internet service,No internet service,No internet service,No internet service,No internet service,Month-to-month,Yes,Electronic check,62.4,4492.26,No
CUST-0005762,Female,0,Yes,No,1,Yes,Yes,DSL,No,No,Yes,No,Yes,No,Month-to-month,Yes,Mailed check,46.75,67.68,No
CUST-0005763,Female,0,Yes,No,14,Yes,No,Fiber optic,No,No,No,Yes,Yes,Yes,Month-to-month,No,Bank transfer (automatic),49.16,692.49,Yes
CUST-0005764,Male,0,Yes,No,11,Yes,No,Fiber optic,No,No,No,No,Yes,No,Two year,Yes,Electronic check,65.28,751.34,Yes
CUST-0005765,Female,0,Yes,No,15,Yes,Yes,DSL,No,No,Yes,No,No,No,One year,No,Electronic check,95.26,1451.88,No
CUST-0005766,Female,0,Yes,Yes,72,Yes,Yes,Fiber optic,Yes,Yes,Yes,Yes,Yes,No,Month-to-month,No,Electronic check,60.52,4367.61,No
CUST-0005767,Male,0,Yes,Yes,14,Yes,No,Fiber optic,No,No,No,No,Yes,No,Month-to-month,Yes,Bank transfer (automatic),72.53,994.71,No
CUST-0005768,Male,0,No,Yes,72,Yes,No,No,No internet service,No internet service,No internet service,No internet service,No internet service,No internet service,One year,No,Electronic check,79.56,5708.33,No
CUST-0005769,Male,0,Yes,No,17,Yes,No,Fiber optic,No,No,No,No,Yes,No,Two year,Yes,Mailed check,68.16,1124.32,No
CUST-0005770,Female,0,No,No,61,Yes,No,No,No internet service,No internet service,No internet service,No internet service,No internet service,No internet service,One year,Yes,Electronic check,18.25,1127.51,No
CUST-0005771,Female,0,Yes,Yes,23,Yes,No,Fiber optic,No,No,No,Yes,Yes,Yes,Month-to-month,Yes,Electronic check,118.75,2726.12,No
CUST-0005772,Female,0,No,No,11,Yes,Yes,DSL,No,No,No,No,No,Yes,Two year,Yes,Bank transfer (automatic),61.85,644.0,No
CUST-0005773,Male,0,No,Yes,19,Yes,Yes,DSL,Yes,Yes,Yes,No,Yes,Yes,Month-to-month,Yes,Mailed check,79.1,1498.46,No
CUST-0005774,Female,0,No,Yes,17,Yes,Yes,No,No internet service,No internet service,No internet service,No internet service,No internet service,No internet service,Month-to-month,Yes,Credit card (automatic),67.24,1141.42,No
CUST-0005775,Male,1,No,No,9,Yes,No,Fiber optic,No,No,Yes,No,No,No,Month-to-month,No,Credit card (automatic),18.25,160.26,No
CUST-0005776,Male,0,No,No,10,Yes,No,Fiber optic,Yes,No,No,Yes,Yes,Yes,Two year,No,Electronic check,67.27,670.4,No
CUST-0005777,Female,0,Yes,No,6,No,No phone service,No,No internet service,No internet service,No internet service,No internet service,No internet service,No internet service,Month-to-month,Yes,Bank transfer (automatic),18.25,141.08,No
CUST-0005778,Male,0,No,No,13,No,No phone service,DSL,No,No,No,Yes,Yes,No,Month-to-month,No,Electronic check,32.06,414.36,No
CUST-0005779,Female,0,No,No,31,Yes,Yes,Fiber optic,No,Yes,No,Yes,No,Yes,Month-to-month,Yes,Bank transfer (automatic),83.44,2556.8,No
CUST-0005780,Male,0,No,No,15,No,No phone service,Fiber optic,No,No,Yes,No,No,No,Month-to-month,No,Electronic check,74.7,1115.18,Yes
CUST-0005781,Female,0,Yes,No,39,Yes,Yes,Fiber optic,No,Yes,No,Yes,No,Yes,Two year,Yes,Bank transfer (automatic),51.41,2015.5,Yes
CUST-0005782,Male,1,No,No,72,Yes,No,Fiber optic,No,No,No,No,Yes,No,One year,Yes,Electronic check,31.01,2217.07,No
CUST-0005783,Female,0,No,No,15,Yes,Yes,Fiber optic,No,Yes,No,Yes,No,No,Month-to-month,Yes,Mailed check,60.69,918.33,Yes
CUST-0005784,Male,0,No,No,19,Yes,Yes,DSL,No,No,Yes,No,No,Yes,Two year,No,Electronic check,57.0,1083.51,No
CUST-0005785,Male,0,No,No,5,Yes,No,Fiber optic,No,Yes,No,No,Yes,No,One year,Yes,Credit card (automatic),71.61,379.66,No
CUST-0005786,Female,0,Yes,No,15,No,No phone service,Fiber optic,No,Yes,No,No,No,No,Month-to-month,No,Electronic check,84.6,1283.94,No
CUST-0005787,Male,0,Yes,No,41,Yes,No,No,No internet service,No internet service,No internet service,No internet service,No internet service,No internet service,Two year,No,Credit card (automatic),68.24,2788.73,No
CUST-0005788,Female,0,Yes,No,7,Yes,Yes,DSL,No,No,No,No,No,Yes,Month-to-month,Yes,Electronic check,90.18,623.57,No
CUST-0005789,Female,0,Yes,Yes,6,Yes,No,No,No internet service,No internet service,No internet service,No internet service,No internet service,No internet service,One year,Yes,Mailed check,85.33,493.27,Yes
CUST-0005790,Male,0,Yes,No,15,Yes,No,Fiber optic,Yes,No,Yes,Yes,No,No,One year,Yes,Bank transfer (automatic),77.26,1161.0,No
CUST-0005791,Male,0,Yes,No,54,No,No phone service,Fiber optic,Yes,No,No,Yes,No,No,One year,No,Electronic check,24.07,1297.91,No
CUST-0005792,Female,0,Yes,No,31,Yes,No,Fiber optic,No,No,Yes,No,No,No,Two year,No,Electronic check,35.7,1071.55,No
CUST-0005793,Female,0,No,Yes,72,Yes,No,Fiber optic,No,No,No,No,No,Yes,Month-to-month,Yes,Mailed check,80.93,5816.38,No
CUST-0005794,Female,1,Yes,Yes,72,Yes,Yes,Fiber optic,No,Yes,No,No,No,No,Month-to-month,Yes,Bank transfer (automatic),38.98,2810.78,Yes
CUST-0005795,Male,0,No,Yes,5,Yes,Yes,No,No internet service,No internet service,No internet service,No internet service,No internet service,No internet service,One year,Yes,Credit card (automatic),52.3,244.84,No
CUST-0005796,Female,0,No,No,1,Yes,No,Fiber optic,No,No,No,No,No,Yes,Month-to-month,Yes,Credit card (automatic),100.23,124.9,No
CUST-0005797,Male,0,No,Yes,16,Yes,No,No,No internet service,No internet service,No internet service,No internet service,No internet service,No internet service,Month-to-month,No,Electronic check,82.3,1320.87,Yes
CUST-0005798,Female,1,Yes,No,23,Yes,Yes,Fiber optic,No,No,No,No,No,Yes,Month-to-month,No,Electronic check,74.89,1704.42,No
CUST-0005799,Female,0,No,Yes,23,No,No phone service,No,No internet service,No internet service,No internet service,No internet service,No internet service,No internet service,One year,Yes,Bank transfer (automatic),63.99,1471.98,No
CUST-0005800,Male,0,No,Yes,4,Yes,No,DSL,Yes,Yes,Yes,No,No,No,Month-to-month,No,Electronic check,96.47,386.79,No
CUST-0005801,Male,0,No,No,4,Yes,Yes,Fiber optic,No,No,No,No,No,Yes,Month-to-month,Yes,Mailed check,83.34,342.4,Yes
CUST-0005802,Male,0,No,No,1,Yes,Yes,No,No internet service,No internet service,No internet service,No internet service,No internet service,No internet service,Two year,Yes,Credit card (automatic),78.35,68.54,No
CUST-0005803,Male,0,No,Yes,60,Yes,No,No,No internet service,No internet service,No internet service,No internet service,No internet service,No internet service,Month-to-month,Yes,Bank transfer (automatic),18.25,1097.98,No
CUST-0005804,Female,1,No,No,72,Yes,Yes,No,No internet service,No internet service,No internet service,No internet service,No internet service,No internet service,Two year,No,Credit card (automatic),64.86,4649.52,No
CUST-0005805,Male,1,Yes,Yes,3,Yes,Yes,DSL,No,Yes,Yes,No,No,No,Month-to-month,No,Bank transfer (automatic),49.57,128.54,No
CUST-0005806,Male,0,Yes,Yes,7,Yes,No,Fiber optic,No,Yes,Yes,No,No,No,Month-to-month,No,Mailed check,46.61,330.59,No
CUST-0005807,Male,0,No,No,3,No,No phone service,DSL,No,Yes,No,Yes,No,No,Month-to-month,No,Electronic check,76.49,201.18,No
CUST-0005808,Female,0,Yes,No,67,Yes,Yes,Fiber optic,No,No,No,No,No,No,Month-to-month,Yes,Electronic check,74.28,4970.32,No
CUST-0005809,Female,0,Yes,No,72,Yes,No,DSL,No,No,No,Yes,Yes,Yes,Two year,No,Electronic check,90.17,6540.61,No
CUST-0005810,Male,1,No,No,9,No,No phone service,DSL,No,No,No,Yes,No,Yes,Month-to-month,No,Bank transfer (automatic),65.64,607.94,No
CUST-0005811,Male,0,Yes,No,11,Yes,Yes,Fiber optic,Yes,Yes,No,No,No,No,Two year,No,Bank transfer (automatic),43.43,495.07,No
CUST-0005812,Female,0,No,Yes,14,Yes,Yes,Fiber optic,Yes,No,No,No,No,No,One year,Yes,Mailed check,41.63,619.95,No
CUST-0005813,Female,0,No,Yes,22,Yes,No,DSL,No,No,No,Yes,Yes,Yes,Month-to-month,Yes,Credit card (automatic),118.75,2598.64,No
CUST-0005814,Male,0,Yes,Yes,36,No,No phone service,Fiber optic,Yes,Yes,No,Yes,No,Yes,Month-to-month,Yes,Credit card (automatic),106.19,3828.48,No
CUST-0005815,Male,0,Yes,No,22,Yes,No,DSL,No,No,No,No,No,No,Two year,Yes,Electronic check,67.28,1501.08,Yes
CUST-0005816,Male,0,Yes,Yes,72,Yes,Yes,DSL,No,No,No,No,No,No,One year,Yes,Mailed check,23.12,1630.42,No
CUST-0005817,Male,0,Yes,Yes,3,Yes,No,Fiber optic,No,No,No,No,Yes,No,One year,No,Mailed check,69.71,211.02,Yes
CUST-0005818,Female,0,Yes,No,51,Yes,No,Fiber optic,No,No,No,No,Yes,No,Month-to-month,No,Electronic check,89.23,4539.54,No
CUST-0005819,Female,1,Yes,Yes,13,No,No phone service,Fiber optic,No,No,No,No,No,Yes,Month-to-month,Yes,Bank transfer (automatic),84.82,1112.55,Yes
CUST-0005820,Male,0,Yes,Yes,15,Yes,Yes,DSL,No,No,No,No,Yes,Yes,Two year,Yes,Credit card (automatic),85.62,1278.16,No
CUST-0005821,Female,0,Yes,Yes,39,Yes,No,Fiber optic,Yes,Yes,No,No,Yes,Yes,One year,No,Mailed check,103.28,4057.79,Yes
CUST-0005822,Male,0,No,Yes,72,Yes,Yes,DSL,No,No,Yes,No,No,Yes,Month-to-month,Yes,Electronic check,49.38,3541.02,No
CUST-0005823,Female,0,No,No,40,Yes,No,DSL,Yes,No,No,No,No,No,Two year,Yes,Electronic check,56.24,2269.39,Yes
CUST-0005824,Female,0,No,No,47,Yes,No,Fiber optic,No,No,No,Yes,No,No,Month-to-month,No,Bank transfer (automatic),101.39,4790.03,No
CUST-0005825,Male,0,No,Yes,44,Yes,Yes,No,No internet service,No internet service,No internet service,No internet service,No internet service,No internet service,Month-to-month,No,Bank transfer (automatic),24.53,1075.98,No
CUST-0005826,Male,0,Yes,Yes,12,Yes,No,DSL,Yes,No,Yes,No,No,No,One year,No,Mailed check,85.56,1006.74,Yes
CUST-0005827,Female,0,No,No,45,No,No phone service,DSL,No,No,No,No,No,No,Month-to-month,No,Bank transfer (automatic),93.39,4168.08,No
CUST-0005828,Male,0,Yes,No,49,Yes,Yes,DSL,No,No,Yes,No,No,No,Month-to-month,No,Mailed check,64.73,3209.43,No
CUST-0005829,Male,1,Yes,No,24,Yes,No,Fiber optic,No,No,No,No,Yes,No,One year,Yes,Electronic check,70.56,1713.41,No
CUST-0005830,Female,0,No,No,24,Yes,Yes,DSL,No,No,No,Yes,No,Yes,Month-to-month,No,Electronic check,66.54,1605.66,No
CUST-0005831,Female,0,Yes,Yes,45,Yes,No,DSL,No,No,No,No,No,Yes,Month-to-month,No,Mailed check,83.06,3713.5,No
CUST-0005832,Male,1,Yes,No,54,Yes,Yes,No,No internet service,No internet service,No internet service,No internet service,No internet service,No internet service,Two year,Yes,Credit card (automatic),18.25,1014.85,Yes
CUST-0005833,Female,0,No,No,13,Yes,No,DSL,No,No,No,No,No,Yes,Month-to-month,Yes,Credit card (automatic),107.21,1391.88,Yes
CUST-0005834,Male,0,No,Yes,51,No,No phone service,Fiber optic,No,Yes,No,No,Yes,Yes,One year,No,Electronic check,27.27,1390.6,Yes
CUST-0005835,Female,0,Yes,No,53,No,No phone service,No,No internet service,No internet service,No internet service,No internet service,No internet service,No internet service,Month-to-month,Yes,Credit card (automatic),32.25,1752.86,Yes
CUST-0005836,Female,0,Yes,No,8,Yes,Yes,DSL,No,No,Yes,No,No,No,Month-to-month,No,Electronic check,36.92,301.17,No
CUST-0005837,Female,0,No,Yes,40,Yes,Yes,Fiber optic,Yes,Yes,Yes,No,Yes,No,Month-to-month,Yes,Bank transfer (automatic),67.86,2735.23,No
CUST-0005838,Male,0,No,No,6,No,No phone service,Fiber optic,No,No,No,No,No,No,Month-to-month,Yes,Mailed check,61.92,343.67,Yes
CUST-0005839,Female,0,Yes,No,3,Yes,No,No,No internet service,No internet service,No internet service,No internet service,No internet service,No internet service,Month-to-month,Yes,Bank transfer (automatic),45.82,134.61,No
CUST-0005840,Female,0,No,Yes,27,Yes,Yes,No,No internet service,No internet service,No internet service,No internet service,No internet service,No internet service,Month-to-month,No,Mailed check,60.14,1614.71,No
CUST-0005841,Male,0,No,No,72,Yes,Yes,Fiber optic,Yes,Yes,Yes,Yes,No,No,Month-to-month,Yes,Mailed check,67.14,4826.5,No
CUST-0005842,Male,0,Yes,No,1,Yes,No,DSL,No,No,Yes,No,No,No,Two year,No,Electronic check,52.69,54.33,No
CUST-0005843,Male,0,No,Yes,56,Yes,No,Fiber optic,Yes,No,Yes,No,Yes,No,Month-to-month,No,Electronic check,44.45,2497.67,Yes
CUST-0005844,Male,0,No,No,22,No,No phone service,No,No internet service,No internet service,No internet service,No internet service,No internet service,No internet service,Two year,Yes,Electronic check,94.6,2083.14,No
CUST-0005845,Female,0,Yes,No,63,No,No phone service,DSL,No,No,No,Yes,Yes,No,Two year,No,Bank transfer (automatic),18.25,1147.34,Yes
CUST-0005846,Male,1,No,No,59,Yes,No,No,No internet service,No internet service,No internet service,No internet service,No internet service,No internet service,Two year,Yes,Bank transfer (automatic),54.1,3185.57,No
CUST-0005847,Male,0,Yes,No,66,Yes,No,No,No internet service,No internet service,No internet service,No internet service,No internet service,No internet service,Month-to-month,No,Mailed check,80.48,5329.69,No
CUST-0005848,Female,0,No,No,46,No,No phone service,DSL,No,Yes,No,No,Yes,No,Month-to-month,No,Mailed check,81.14,3752.62,No
CUST-0005849,Male,0,No,No,59,Yes,No,No,No internet service,No internet service,No internet service,No internet service,No internet service,No internet service,Two year,No,Bank transfer (automatic),85.79,5053.65,Yes
CUST-0005850,Female,0,Yes,No,6,Yes,No,DSL,Yes,No,Yes,No,No,No,Month-to-month,No,Electronic check,78.93,519.5,No
CUST-0005851,Male,1,No,No,11,Yes,Yes,Fiber optic,No,No,Yes,No,No,No,Two year,Yes,Electronic check,59.13,594.63,No
CUST-0005852,Female,0,No,Yes,8,Yes,Yes,Fiber optic,No,No,Yes,Yes,No,No,Month-to-month,Yes,Credit card (automatic),29.17,243.48,No
CUST-0005853,Female,0,Yes,Yes,43,Yes,No,Fiber optic,Yes,Yes,No,No,No,No,One year,Yes,Bank transfer (automatic),67.43,2865.41,No
CUST-0005854,Female,0,Yes,Yes,5,Yes,Yes,Fiber optic,Yes,No,No,No,No,No,Month-to-month,Yes,Electronic check,66.82,354.39,Yes
CUST-0005855,Male,1,Yes,No,6,No,No phone service,Fiber optic,Yes,No,Yes,No,Yes,No,One year,Yes,Electronic check,77.38,500.43,No
CUST-0005856,Female,1,No,Yes,67,No,No phone service,Fiber optic,Yes,No,Yes,No,Yes,Yes,Month-to-month,No,Electronic check,46.01,3094.84,No
CUST-0005857,Male,0,No,No,39,Yes,Yes,Fiber optic,Yes,No,No,Yes,No,No,Two year,Yes,Mailed check,58.81,2331.21,No
CUST-0005858,Male,1,No,No,66,Yes,Yes,No,No internet service,No internet service,No internet service,No internet service,No internet service,No internet service,One year,Yes,Credit card (automatic),52.38,3462.18,No
CUST-0005859,Male,0,Yes,Yes,4,Yes,Yes,Fiber optic,Yes,Yes,No,No,Yes,No,Month-to-month,No,Bank transfer (automatic),34.76,172.47,No
CUST-0005860,Female,0,No,No,16,Yes,Yes,Fiber optic,No,Yes,Yes,No,No,No,Two year,Yes,Electronic check,82.56,1309.3,Yes
CUST-0005861,Male,1,Yes,No,10,Yes,No,Fiber optic,No,No,Yes,No,No,No,Month-to-month,Yes,Credit card (automatic),72.59,714.39,Yes
CUST-0005862,Female,1,Yes,No,0,Yes,Yes,DSL,No,No,No,No,No,No,Month-to-month,No,Bank transfer (automatic),101.72,,Yes
CUST-0005863,Male,0,Yes,Yes,10,Yes,No,DSL,Yes,No,No,No,No,Yes,Month-to-month,No,Credit card (automatic),118.75,1231.23,No
CUST-0005864,Male,0,Yes,No,15,Yes,Yes,Fiber optic,No,No,No,No,Yes,No,Month-to-month,Yes,Mailed check,56.52,866.3,No
CUST-0005865,Female,0,No,No,3,Yes,No,Fiber optic,No,Yes,No,No,Yes,No,One year,No,Credit card (automatic),85.77,218.41,No
CUST-0005866,Male,0,No,No,26,Yes,Yes,Fiber optic,No,No,Yes,Yes,No,No,Month-to-month,No,Credit card (automatic),73.97,1944.67,No
CUST-0005867,Female,1,No,No,15,Yes,No,No,No internet service,No internet service,No internet service,No internet service,No internet service,No internet service,Two year,Yes,Electronic check,56.83,877.03,No
CUST-0005868,Male,0,No,No,1,Yes,Yes,Fiber optic,No,No,Yes,No,No,No,Month-to-month,Yes,Credit card (automatic),63.7,44.54,No
CUST-0005869,Female,1,Yes,No,38,Yes,Yes,Fiber optic,No,Yes,No,No,No,Yes,Month-to-month,No,Electronic check,51.54,1970.79,No
CUST-0005870,Female,1,No,Yes,41,Yes,No,No,No internet service,No internet service,No internet service,No internet service,No internet service,No internet service,Two year,Yes,Electronic check,57.16,2350.25,Yes
CUST-0005871,Male,0,No,Yes,57,Yes,No,Fiber optic,No,Yes,No,Yes,No,No,Two year,No,Electronic check,57.64,3276.67,No
CUST-0005872,Male,1,No,No,21,Yes,Yes,Fiber optic,Yes,No,No,No,Yes,No,Two year,No,Credit card (automatic),71.53,1495.49,No
CUST-0005873,Female,0,Yes,Yes,72,Yes,Yes,No,No internet service,No internet service,No internet service,No internet service,No internet service,No internet service,Month-to-month,Yes,Mailed check,35.78,2538.91,No
CUST-0005874,Female,0,No,No,72,Yes,No,Fiber optic,Yes,No,No,No,Yes,No,Month-to-month,No,Electronic check,53.15,3817.83,No
CUST-0005875,Male,0,No,No,25,Yes,No,No,No internet service,No internet service,No internet service,No internet service,No internet service,No internet service,Two year,No,Electronic check,22.55,558.64,No
CUST-0005876,Male,0,Yes,No,18,Yes,Yes,No,No internet service,No internet service,No internet service,No internet service,No internet service,No internet service,Month-to-month,Yes,Electronic check,66.99,1200.42,No
CUST-0005877,Female,0,No,Yes,0,Yes,Yes,Fiber optic,No,No,Yes,No,Yes,No,Month-to-month,Yes,Electronic check,63.07,,No
CUST-0005878,Female,1,No,No,39,Yes,Yes,DSL,Yes,No,No,Yes,No,Yes,One year,No,Electronic check,112.62,4430.93,No
CUST-0005879,Male,0,Yes,No,26,Yes,Yes,No,No internet service,No internet service,No internet service,No internet service,No internet service,No internet service,Month-to-month,Yes,Electronic check,83.92,2189.47,No
CUST-0005880,Male,0,Yes,No,72,Yes,Yes,No,No internet service,No internet service,No internet service,No internet service,No internet service,No internet service,Month-to-month,No,Electronic check,64.53,4664.66,No
CUST-0005881,Male,1,No,No,28,No,No phone service,DSL,No,No,No,No,Yes,No,One year,Yes,Electronic check,34.1,968.39,No
CUST-0005882,Female,0,Yes,Yes,72,Yes,No,Fiber optic,No,No,No,No,Yes,Yes,One year,No,Mailed check,18.84,1357.53,No
CUST-0005883,Male,0,No,No,61,Yes,No,Fiber optic,No,No,Yes,No,Yes,No,Two year,Yes,Bank transfer (automatic),18.25,1146.9,No
CUST-0005884,Female,0,No,No,72,Yes,Yes,No,No internet service,No internet service,No internet service,No internet service,No internet service,No internet service,Two year,Yes,Electronic check,94.8,6858.54,Yes
CUST-0005885,Male,0,Yes,No,12,Yes,No,DSL,No,No,Yes,No,Yes,No,Two year,No,Electronic check,70.08,859.76,No
CUST-0005886,Male,0,No,No,5,Yes,Yes,Fiber optic,Yes,No,No,Yes,No,No,Month-to-month,Yes,Bank transfer (automatic),102.68,518.64,No
CUST-0005887,Female,0,No,No,51,Yes,Yes,Fiber optic,Yes,No,Yes,Yes,No,No,Month-to-month,Yes,Bank transfer (automatic),110.31,5625.78,Yes
CUST-0005888,Female,0,No,No,49,Yes,Yes,Fiber optic,No,No,No,No,No,No,Month-to-month,Yes,Bank transfer (automatic),64.55,3173.61,Yes
CUST-0005889,Female,0,No,No,7,Yes,Yes,No,No internet service,No internet service,No internet service,No internet service,No internet service,No internet service,Month-to-month,Yes,Credit card (automatic),89.89,596.26,No
CUST-0005890,Male,0,No,Yes,46,Yes,No,No,No internet service,No internet service,No internet service,No internet service,No internet service,No internet service,Two year,Yes,Electronic check,100.32,4616.79,No
CUST-0005891,Female,0,Yes,No,27,Yes,Yes,DSL,No,No,Yes,Yes,No,No,Month-to-month,No,Electronic check,50.69,1391.13,No
CUST-0005892,Female,0,Yes,No,3,No,No phone service,DSL,Yes,Yes,Yes,No,Yes,No,One year,Yes,Bank transfer (automatic),81.06,215.7,No
CUST-0005893,Male,0,Yes,No,22,Yes,No,DSL,Yes,Yes,Yes,Yes,No,Yes,Two year,Yes,Electronic check,118.75,2583.25,No
CUST-0005894,Male,0,Yes,Yes,72,Yes,No,Fiber optic,No,No,No,Yes,No,Yes,Month-to-month,Yes,Electronic check,18.25,1301.81,No
CUST-0005895,Male,0,No,No,22,Yes,No,Fiber optic,No,No,No,Yes,No,No,Two year,Yes,Mailed check,30.01,644.55,No
CUST-0005896,Male,0,Yes,Yes,49,Yes,Yes,Fiber optic,No,No,Yes,No,Yes,Yes,Two year,Yes,Bank transfer (automatic),64.44,3172.15,No
CUST-0005897,Female,0,No,No,0,Yes,Yes,DSL,Yes,No,Yes,No,No,Yes,One year,No,Bank transfer (automatic),61.36,,No
CUST-0005898,Male,0,Yes,No,41,Yes,Yes,DSL,No,No,Yes,Yes,No,No,One year,Yes,Electronic check,18.25,778.37,No
CUST-0005899,Female,0,Yes,Yes,72,Yes,Yes,DSL,No,No,No,No,No,Yes,Month-to-month,Yes,Bank transfer (automatic),53.73,3845.81,No
CUST-0005900,Female,0,No,No,22,Yes,No,Fiber optic,No,No,No,Yes,No,No,Two year,No,Mailed check,34.55,762.52,No
CUST-0005901,Female,0,Yes,No,13,Yes,No,Fiber optic,Yes,Yes,Yes,No,No,No,One year,No,Mailed check,101.14,1349.74,No
CUST-0005902,Female,0,No,No,33,Yes,Yes,DSL,No,Yes,No,Yes,No,No,Month-to-month,Yes,Bank transfer (automatic),96.21,3206.76,Yes
CUST-0005903,Male,0,Yes,Yes,72,Yes,No,DSL,No,No,No,No,No,No,Month-to-month,Yes,Electronic check,76.03,5442.83,Yes
CUST-0005904,Male,0,No,No,6,Yes,Yes,No,No internet service,No internet service,No internet service,No internet service,No internet service,No internet service,One year,Yes,Mailed check,107.77,609.58,No
CUST-0005905,Male,0,No,No,16,Yes,Yes,No,No internet service,No internet service,No internet service,No internet service,No internet service,No internet service,Month-to-month,Yes,Mailed check,101.02,1629.42,No
CUST-0005906,Female,1,No,Yes,5,Yes,No,DSL,No,Yes,No,Yes,Yes,No,One year,Yes,Electronic check,118.75,572.11,Yes
CUST-0005907,Male,0,Yes,No,21,Yes,Yes,Fiber optic,No,No,No,Yes,No,No,Month-to-month,No,Credit card (automatic),83.09,1733.15,No
CUST-0005908,Female,0,No,No,24,Yes,No,DSL,Yes,No,Yes,No,Yes,Yes,One year,Yes,Bank transfer (automatic),70.41,1703.6,No
CUST-0005909,Male,1,No,Yes,72,Yes,Yes,DSL,No,No,No,No,Yes,Yes,One year,No,Bank transfer (automatic),88.3,6359.74,No
CUST-0005910,Male,0,No,No,17,Yes,Yes,Fiber optic,No,No,Yes,No,Yes,No,Month-to-month,Yes,Bank transfer (automatic),34.74,616.09,No
CUST-0005911,Male,0,Yes,No,26,Yes,Yes,Fiber optic,No,No,Yes,No,No,No,Month-to-month,Yes,Electronic check,82.68,2125.98,No
CUST-0005912,Female,0,Yes,Yes,69,Yes,No,Fiber optic,No,No,No,No,No,Yes,One year,No,Electronic check,45.86,3168.15,No
CUST-0005913,Female,0,Yes,Yes,12,Yes,No,No,No internet service,No internet service,No internet service,No internet service,No internet service,No internet service,Month-to-month,No,Bank transfer (automatic),84.62,1007.91,No
CUST-0005914,Male,1,Yes,No,35,Yes,Yes,Fiber optic,No,No,Yes,No,No,Yes,Month-to-month,Yes,Credit card (automatic),50.87,1792.3,No
CUST-0005915,Female,1,No,No,45,Yes,Yes,Fiber optic,Yes,No,Yes,No,Yes,Yes,Month-to-month,Yes,Bank transfer (automatic),18.25,828.44,Yes
CUST-0005916,Male,0,Yes,No,12,No,No phone service,Fiber optic,No,Yes,No,No,No,Yes,Month-to-month,Yes,Electronic check,101.54,1226.98,No
CUST-0005917,Female,1,Yes,No,5,Yes,Yes,DSL,No,Yes,Yes,No,No,No,Month-to-month,Yes,Credit card (automatic),41.15,232.74,No
CUST-0005918,Female,0,No,Yes,22,Yes,No,Fiber optic,No,No,Yes,No,No,Yes,Month-to-month,No,Bank transfer (automatic),30.73,693.31,No
CUST-0005919,Male,0,Yes,No,14,Yes,Yes,DSL,No,No,Yes,No,No,No,One year,Yes,Bank transfer (automatic),86.68,1244.21,Yes
CUST-0005920,Female,0,No,No,9,Yes,No,DSL,No,Yes,No,No,No,Yes,Month-to-month,Yes,Mailed check,78.6,705.19,No
CUST-0005921,Male,0,No,No,72,Yes,Yes,DSL,Yes,Yes,No,No,Yes,No,Month-to-month,No,Bank transfer (automatic),101.4,7319.01,Yes
CUST-0005922,Female,0,Yes,No,22,Yes,Yes,DSL,No,No,Yes,Yes,No,No,One year,Yes,Credit card (automatic),70.03,1531.34,No
CUST-0005923,Male,0,No,Yes,62,Yes,No,Fiber optic,No,Yes,Yes,Yes,No,Yes,One year,No,Mailed check,66.48,4112.3,No
CUST-0005924,Female,0,Yes,No,6,Yes,No,No,No internet service,No internet service,No internet service,No internet service,No internet service,No internet service,Month-to-month,Yes,Bank transfer (automatic),53.92,302.93,Yes
CUST-0005925,Male,0,Yes,Yes,72,Yes,No,No,No internet service,No internet service,No internet service,No internet service,No internet service,No internet service,Two year,No,Credit card (automatic),62.12,4520.59,No
CUST-0005926,Female,0,Yes,No,50,Yes,No,Fiber optic,Yes,No,No,No,No,Yes,Month-to-month,No,Credit card (automatic),66.8,3323.05,No
CUST-0005927,Female,0,Yes,Yes,52,Yes,Yes,DSL,No,No,Yes,No,No,Yes,Month-to-month,No,Credit card (automatic),41.41,2175.75,No
CUST-0005928,Female,0,Yes,Yes,15,Yes,Yes,DSL,Yes,No,Yes,No,Yes,No,Two year,Yes,Mailed check,56.65,863.36,No
CUST-0005929,Female,1,Yes,No,21,Yes,No,DSL,No,No,Yes,No,Yes,No,One year,Yes,Credit card (automatic),64.48,1362.81,No
CUST-0005930,Female,0,No,No,28,Yes,Yes,DSL,No,Yes,Yes,Yes,No,No,One year,Yes,Electronic check,47.78,1344.54,No
CUST-0005931,Male,0,No,No,49,Yes,No,Fiber optic,No,No,Yes,No,No,Yes,Two year,No,Electronic check,82.17,4027.98,No
CUST-0005932,Male,1,No,No,60,Yes,No,No,No internet service,No internet service,No internet service,No internet service,No internet service,No internet service,Two year,No,Electronic check,71.52,4282.57,Yes
CUST-0005933,Male,0,No,No,2,Yes,No,Fiber optic,Yes,Yes,Yes,No,No,No,Two year,Yes,Mailed check,31.92,96.78,Yes
CUST-0005934,Female,0,Yes,No,72,Yes,No,No,No internet service,No internet service,No internet service,No internet service,No internet service,No internet service,Month-to-month,No,Bank transfer (automatic),38.5,2754.0,No
CUST-0005935,Male,0,Yes,No,72,Yes,No,Fiber optic,No,No,No,Yes,No,No,One year,Yes,Mailed check,80.55,5805.53,No
CUST-0005936,Female,0,Yes,No,28,Yes,Yes,Fiber optic,No,Yes,No,Yes,Yes,No,One year,No,Credit card (automatic),69.06,1938.62,Yes
CUST-0005937,Female,0,Yes,No,6,Yes,No,No,No internet service,No internet service,No internet service,No internet service,No internet service,No internet service,Month-to-month,No,Electronic check,59.68,371.61,Yes
CUST-0005938,Male,0,No,No,54,Yes,Yes,Fiber optic,Yes,No,Yes,No,No,Yes,Two year,No,Credit card (automatic),60.57,3292.56,Yes
CUST-0005939,Male,0,No,No,25,No,No phone service,Fiber optic,Yes,No,Yes,Yes,No,Yes,Two year,No,Credit card (automatic),108.02,2694.99,Yes
CUST-0005940,Male,0,Yes,No,54,Yes,No,DSL,No,No,No,No,Yes,No,Two year,No,Electronic check,54.72,2955.91,No
CUST-0005941,Male,1,Yes,No,53,Yes,No,DSL,Yes,No,Yes,No,Yes,No,Month-to-month,Yes,Mailed check,109.44,5786.05,No
CUST-0005942,Male,0,Yes,No,2,Yes,No,No,No internet service,No internet service,No internet service,No internet service,No internet service,No internet service,Month-to-month,Yes,Bank transfer (automatic),27.36,72.07,No
CUST-0005943,Male,1,Yes,No,29,Yes,No,DSL,No,No,No,No,Yes,Yes,Month-to-month,No,Credit card (automatic),70.57,2067.18,No
CUST-0005944,Female,1,Yes,No,21,Yes,Yes,Fiber optic,No,No,No,No,No,No,Two year,Yes,Bank transfer (automatic),107.81,2255.61,No
CUST-0005945,Female,0,No,No,72,Yes,No,Fiber optic,No,No,No,No,No,No,Month-to-month,No,Credit card (automatic),46.28,3344.75,No
CUST-0005946,Male,0,Yes,Yes,11,Yes,Yes,Fiber optic,Yes,No,Yes,No,No,No,Month-to-month,Yes,Bank transfer (automatic),44.59,496.64,Yes
CUST-0005947,Male,0,No,No,7,Yes,No,DSL,No,No,Yes,No,Yes,Yes,Two year,No,Mailed check,35.86,250.76,No
CUST-0005948,Male,1,Yes,No,72,Yes,No,DSL,No,Yes,No,No,Yes,Yes,One year,Yes,Bank transfer (automatic),48.5,3516.73,Yes
CUST-0005949,Female,0,Yes,Yes,5,No,No phone service,Fiber optic,No,No,Yes,No,Yes,Yes,One year,No,Bank transfer (automatic),89.59,490.04,No
CUST-0005950,Female,0,No,No,37,Yes,No,Fiber optic,No,Yes,No,No,No,Yes,Two year,Yes,Mailed check,47.73,1740.97,Yes
CUST-0005951,Male,0,No,No,11,Yes,No,DSL,No,No,No,No,Yes,Yes,Month-to-month,Yes,Electronic check,114.25,1262.9,No
CUST-0005952,Male,0,Yes,No,26,Yes,Yes,No,No internet service,No internet service,No internet service,No internet service,No internet service,No internet service,Month-to-month,No,Bank transfer (automatic),89.53,2304.06,Yes
CUST-0005953,Female,1,No,No,30,Yes,No,No,No internet service,No internet service,No internet service,No internet service,No internet service,No internet service,Two year,Yes,Credit card (automatic),92.38,2749.52,Yes
CUST-0005954,Female,0,Yes,Yes,17,Yes,Yes,Fiber optic,No,No,No,No,No,No,Two year,No,Credit card (automatic),76.92,1303.25,No
CUST-0005955,Male,1,Yes,No,72,Yes,No,Fiber optic,No,No,No,Yes,No,No,Month-to-month,Yes,Mailed check,37.6,2695.84,No
CUST-0005956,Female,0,No,Yes,4,Yes,Yes,DSL,No,No,No,Yes,No,No,Month-to-month,No,Bank transfer (automatic),72.01,255.29,Yes
CUST-0005957,Male,0,No,Yes,15,Yes,No,No,No internet service,No internet service,No internet service,No internet service,No internet service,No internet service,Two year,Yes,Credit card (automatic),99.21,1515.5,Yes
CUST-0005958,Male,1,Yes,No,18,Yes,Yes,No,No internet service,No internet service,No internet service,No internet service,No internet service,No internet service,Two year,No,Bank transfer (automatic),89.95,1620.07,No
CUST-0005959,Female,0,Yes,Yes,31,Yes,Yes,Fiber optic,No,No,No,No,No,No,Two year,Yes,Mailed check,43.32,1339.24,No
CUST-0005960,Female,1,No,Yes,16,Yes,No,Fiber optic,No,No,No,No,No,No,Month-to-month,Yes,Bank transfer (automatic),55.65,889.81,No
CUST-0005961,Male,0,Yes,No,3,No,No phone service,Fiber optic,No,Yes,Yes,Yes,No,No,Month-to-month,Yes,Credit card (automatic),19.56,77.58,No
CUST-0005962,Female,0,Yes,No,72,Yes,No,Fiber optic,No,No,Yes,Yes,No,No,Two year,Yes,Bank transfer (automatic),51.66,3707.12,No
CUST-0005963,Male,0,No,No,17,Yes,No,Fiber optic,Yes,No,No,No,No,No,Month-to-month,Yes,Bank transfer (automatic),51.24,867.28,No
CUST-0005964,Female,1,No,No,13,Yes,Yes,Fiber optic,No,No,No,No,No,No,One year,No,Electronic check,67.42,836.25,No
CUST-0005965,Male,1,Yes,No,18,Yes,Yes,DSL,No,Yes,No,No,No,Yes,Month-to-month,No,Bank transfer (automatic),67.54,1214.03,Yes
CUST-0005966,Female,0,No,Yes,7,Yes,Yes,Fiber optic,Yes,No,No,No,No,No,Month-to-month,No,Electronic check,47.08,294.15,No
CUST-0005967,Female,0,No,No,3,Yes,Yes,Fiber optic,No,Yes,No,Yes,No,Yes,Two year,No,Credit card (automatic),53.77,174.04,No
CUST-0005968,Male,0,Yes,No,5,Yes,Yes,DSL,Yes,Yes,Yes,No,No,Yes,Month-to-month,No,Electronic check,36.58,169.42,No
CUST-0005969,Female,0,No,No,5,Yes,No,No,No internet service,No internet service,No internet service,No internet service,No internet service,No internet service,Two year,No,Electronic check,19.49,93.77,No
CUST-0005970,Female,0,No,No,7,Yes,Yes,Fiber optic,No,Yes,No,No,No,No,Month-to-month,No,Electronic check,24.08,146.16,No
CUST-0005971,Female,0,Yes,No,17,Yes,Yes,Fiber optic,Yes,No,No,No,No,No,Month-to-month,Yes,Mailed check,18.25,306.62,Yes
CUST-0005972,Male,1,Yes,Yes,31,Yes,No,DSL,Yes,No,Yes,No,No,No,Month-to-month,Yes,Electronic check,118.26,3695.24,Yes
CUST-0005973,Female,0,No,Yes,31,Yes,Yes,Fiber optic,No,No,Yes,No,Yes,Yes,Month-to-month,No,Electronic check,42.43,1307.97,No
CUST-0005974,Female,1,No,Yes,0,Yes,Yes,Fiber optic,Yes,No,No,No,Yes,No,Month-to-month,Yes,Mailed check,92.61,,No
CUST-0005975,Male,0,Yes,No,72,Yes,Yes,Fiber optic,No,No,Yes,No,Yes,Yes,One year,Yes,Bank transfer (automatic),70.18,5038.2,No
CUST-0005976,Female,0,No,No,55,Yes,No,Fiber optic,Yes,No,No,No,Yes,No,Two year,No,Electronic check,29.73,1641.52,No
CUST-0005977,Male,1,No,No,72,Yes,Yes,Fiber optic,No,Yes,Yes,No,No,No,Two year,No,Electronic check,18.25,1350.27,No
CUST-0005978,Male,0,No,No,14,Yes,No,Fiber optic,Yes,No,No,Yes,Yes,Yes,One year,No,Mailed check,51.02,702.62,No
CUST-0005979,Female,1,No,No,34,No,No phone service,Fiber optic,No,Yes,No,No,Yes,No,One year,No,Credit card (automatic),87.34,2967.5,Yes
CUST-0005980,Female,1,Yes,No,5,Yes,Yes,DSL,No,No,No,No,Yes,Yes,Month-to-month,Yes,Mailed check,57.95,240.92,No
CUST-0005981,Female,0,Yes,No,54,Yes,Yes,Fiber optic,No,No,No,No,Yes,No,Month-to-month,No,Mailed check,46.76,2509.17,No
CUST-0005982,Male,0,No,No,5,Yes,No,Fiber optic,No,No,No,No,No,No,Month-to-month,Yes,Mailed check,82.25,410.53,No
CUST-0005983,Female,0,Yes,No,12,Yes,No,Fiber optic,Yes,No,Yes,No,Yes,No,Month-to-month,No,Electronic check,112.1,1355.17,Yes
CUST-0005984,Male,0,No,No,21,Yes,Yes,DSL,Yes,No,No,No,No,No,Month-to-month,Yes,Credit card (automatic),54.05,1106.49,No
CUST-0005985,Male,0,Yes,No,28,Yes,Yes,DSL,No,No,No,No,No,Yes,Month-to-month,Yes,Electronic check,87.23,2472.9,No
CUST-0005986,Male,0,Yes,No,26,Yes,Yes,DSL,No,No,Yes,Yes,Yes,Yes,Two year,Yes,Electronic check,65.68,1693.92,Yes
CUST-0005987,Female,0,Yes,No,3,Yes,Yes,DSL,No,Yes,No,No,No,No,Month-to-month,No,Electronic check,42.69,148.6,No
CUST-0005988,Female,0,No,No,17,Yes,No,Fiber optic,No,No,No,Yes,Yes,No,One year,No,Credit card (automatic),77.65,1275.33,Yes
CUST-0005989,Female,0,No,No,72,Yes,No,DSL,No,No,No,Yes,Yes,No,Month-to-month,Yes,Mailed check,96.25,6902.35,Yes
CUST-0005990,Female,0,No,No,65,Yes,Yes,Fiber optic,No,No,Yes,No,No,No,One year,No,Bank transfer (automatic),55.82,3667.98,Yes
CUST-0005991,Male,0,Yes,No,28,Yes,No,No,No internet service,No internet service,No internet service,No internet service,No internet service,No internet service,Two year,No,Electronic check,72.1,1998.32,No
CUST-0005992,Female,0,Yes,No,27,Yes,Yes,DSL,No,Yes,No,No,Yes,No,Month-to-month,Yes,Bank transfer (automatic),18.25,482.9,Yes
CUST-0005993,Male,0,No,Yes,3,Yes,No,No,No internet service,No internet service,No internet service,No internet service,No internet service,No internet service,Two year,Yes,Electronic check,59.32,204.07,No
CUST-0005994,Male,0,Yes,No,7,Yes,No,Fiber optic,Yes,Yes,No,No,No,Yes,One year,Yes,Electronic check,55.03,373.29,No
CUST-0005995,Male,0,No,No,9,Yes,Yes,No,No internet service,No internet service,No internet service,No internet service,No internet service,No internet service,One year,Yes,Bank transfer (automatic),41.42,376.29,No
CUST-0005996,Female,0,No,Yes,21,No,No phone service,DSL,No,No,No,No,No,No,One year,Yes,Electronic check,92.37,1927.14,No
CUST-0005997,Male,0,Yes,No,42,Yes,Yes,No,No internet service,No internet service,No internet service,No internet service,No internet service,No internet service,Month-to-month,No,Mailed check,18.25,755.83,No
CUST-0005998,Female,0,No,No,19,No,No phone service,No,No internet service,No internet service,No internet service,No internet service,No internet service,No internet service,Two year,No,Mailed check,35.24,634.87,Yes
CUST-0005999,Male,0,Yes,No,4,Yes,No,No,No internet service,No internet service,No internet service,No internet service,No internet service,No internet service,Two year,No,Bank transfer (automatic),78.19,309.56,Yes
CUST-0006000,Male,1,No,No,18,Yes,Yes,No,No internet service,No internet service,No internet service,No internet service,No internet service,No internet service,One year,Yes,Bank transfer (automatic),102.64,1868.42,No
CUST-0006001,Female,1,Yes,No,5,Yes,No,DSL,Yes,Yes,Yes,No,Yes,Yes,Month-to-month,No,Credit card (automatic),75.35,390.75,Yes
CUST-0006002,Male,0,Yes,No,44,Yes,No,DSL,No,No,Yes,No,No,No,Two year,Yes,Bank transfer (automatic),56.85,2520.08,No
CUST-0006003,Female,0,No,No,5,Yes,Yes,No,No internet service,No internet service,No internet service,No internet service,No internet service,No internet service,Two year,Yes,Mailed check,63.8,314.32,No
CUST-0006004,Female,0,No,No,21,Yes,No,DSL,Yes,Yes,No,No,No,No,Month-to-month,Yes,Electronic check,59.34,1265.98,No
CUST-0006005,Male,0,No,Yes,37,No,No phone service,Fiber optic,No,No,Yes,No,Yes,Yes,Month-to-month,Yes,Mailed check,58.95,2185.65,No
CUST-0006006,Female,1,No,Yes,8,Yes,Yes,DSL,No,Yes,Yes,No,No,No,Month-to-month,Yes,Electronic check,107.3,816.81,No
CUST-0006007,Female,0,No,No,2,Yes,No,Fiber optic,No,Yes,Yes,No,No,No,Month-to-month,Yes,Electronic check,77.39,145.62,No
CUST-0006008,Male,1,Yes,No,26,Yes,No,Fiber optic,No,No,No,No,Yes,No,Two year,Yes,Electronic check,58.07,1464.13,No
CUST-0006009,Female,0,No,No,1,Yes,Yes,No,No internet service,No internet service,No internet service,No internet service,No internet service,No internet service,One year,Yes,Mailed check,79.6,93.62,Yes
CUST-0006010,Male,1,No,No,28,Yes,No,No,No internet service,No internet service,No internet service,No internet service,No internet service,No internet service,Month-to-month,No,Bank transfer (automatic),118.75,3311.23,Yes
CUST-0006011,Female,0,Yes,No,44,Yes,Yes,Fiber optic,Yes,No,No,Yes,Yes,Yes,Two year,No,Bank transfer (automatic),26.26,1149.1,No
CUST-0006012,Female,0,No,No,12,Yes,No,Fiber optic,Yes,No,No,No,Yes,Yes,Two year,Yes,Credit card (automatic),25.36,348.32,No
CUST-0006013,Female,0,No,Yes,21,Yes,Yes,Fiber optic,No,No,No,No,No,No,Month-to-month,No,Credit card (automatic),33.51,694.83,Yes
CUST-0006014,Male,0,Yes,No,72,Yes,No,DSL,No,Yes,No,No,Yes,No,Month-to-month,Yes,Mailed check,35.05,2531.02,No
CUST-0006015,Male,0,No,No,20,Yes,No,No,No internet service,No internet service,No internet service,No internet service,No internet service,No internet service,Two year,No,Bank transfer (automatic),76.06,1527.15,No
CUST-0006016,Female,0,Yes,No,72,Yes,Yes,Fiber optic,No,No,No,No,Yes,Yes,Two year,Yes,Mailed check,35.93,2579.15,No
CUST-0006017,Male,0,Yes,No,5,Yes,Yes,Fiber optic,No,No,Yes,Yes,No,No,Month-to-month,No,Bank transfer (automatic),50.57,230.2,No
CUST-0006018,Female,0,Yes,No,39,Yes,No,DSL,Yes,No,No,No,No,No,One year,Yes,Bank transfer (automatic),18.25,743.4,No
CUST-0006019,Female,0,No,No,33,Yes,No,Fiber optic,No,No,No,Yes,No,Yes,Month-to-month,No,Electronic check,118.75,3944.69,No
CUST-0006020,Male,0,Yes,No,65,Yes,Yes,Fiber optic,Yes,No,Yes,No,Yes,Yes,Month-to-month,Yes,Electronic check,56.24,3656.67,No
CUST-0006021,Male,1,No,No,3,Yes,No,DSL,No,No,No,No,No,No,Month-to-month,No,Electronic check,98.74,318.08,No
CUST-0006022,Female,0,No,No,10,Yes,No,No,No internet service,No internet service,No internet service,No internet service,No internet service,No internet service,Two year,Yes,Electronic check,58.86,546.55,No
CUST-0006023,Female,0,No,Yes,4,Yes,Yes,DSL,No,No,Yes,No,Yes,Yes,Month-to-month,Yes,Electronic check,86.92,361.11,No
CUST-0006024,Male,0,Yes,Yes,72,Yes,No,Fiber optic,No,No,Yes,Yes,Yes,Yes,One year,Yes,Mailed check,66.39,4783.69,No
CUST-0006025,Male,0,No,No,17,Yes,No,No,No internet service,No internet service,No internet service,No internet service,No internet service,No internet service,One year,No,Bank transfer (automatic),88.02,1531.71,No
CUST-0006026,Male,1,No,No,72,Yes,No,No,No internet service,No internet service,No internet service,No internet service,No internet service,No internet service,Month-to-month,Yes,Bank transfer (automatic),97.35,6992.73,No
CUST-0006027,Female,0,No,No,11,Yes,Yes,No,No internet service,No internet service,No internet service,No internet service,No internet service,No internet service,Two year,No,Electronic check,18.25,188.03,No
CUST-0006028,Male,0,No,No,4,No,No phone service,No,No internet service,No internet service,No internet service,No internet service,No internet service,No internet service,Month-to-month,Yes,Electronic check,43.28,162.2,Yes
CUST-0006029,Female,1,No,No,11,No,No phone service,DSL,Yes,Yes,Yes,No,No,Yes,Month-to-month,Yes,Bank transfer (automatic),74.98,826.84,Yes
CUST-0006030,Male,0,No,No,29,Yes,No,No,No internet service,No internet service,No internet service,No internet service,No internet service,No internet service,One year,No,Bank transfer (automatic),103.83,3008.62,No
CUST-0006031,Female,0,Yes,Yes,59,Yes,Yes,DSL,No,No,Yes,Yes,No,No,Two year,No,Credit card (automatic),61.07,3610.19,No
CUST-0006032,Male,1,Yes,No,15,Yes,Yes,DSL,No,Yes,No,No,No,Yes,Two year,Yes,Mailed check,41.11,595.7,No
CUST-0006033,Female,0,Yes,No,72,Yes,No,DSL,No,No,Yes,No,No,Yes,Month-to-month,Yes,Mailed check,65.27,4684.56,No
CUST-0006034,Male,0,Yes,No,8,No,No phone service,No,No internet service,No internet service,No internet service,No internet service,No internet service,No internet service,One year,Yes,Bank transfer (automatic),71.28,582.15,No
CUST-0006035,Female,0,No,Yes,37,Yes,Yes,Fiber optic,Yes,No,No,Yes,No,Yes,Two year,No,Electronic check,58.32,2182.92,No
CUST-0006036,Male,1,No,No,42,Yes,No,DSL,No,No,No,No,Yes,No,Month-to-month,No,Electronic check,104.79,4418.58,No
CUST-0006037,Female,1,No,No,10,No,No phone service,DSL,No,No,Yes,Yes,Yes,No,Month-to-month,No,Mailed check,34.9,310.95,Yes
CUST-0006038,Female,0,No,No,0,Yes,No,DSL,No,No,No,No,Yes,No,One year,Yes,Credit card (automatic),78.36,,Yes
CUST-0006039,Male,0,No,No,14,Yes,Yes,Fiber optic,No,No,No,No,No,No,Two year,No,Mailed check,32.0,462.98,Yes
CUST-0006040,Female,0,Yes,No,1,Yes,No,DSL,No,Yes,Yes,No,No,Yes,Month-to-month,Yes,Electronic check,43.68,18.75,No
CUST-0006041,Female,0,No,No,72,Yes,Yes,Fiber optic,No,Yes,No,No,No,Yes,One year,Yes,Credit card (automatic),42.56,3071.19,No
CUST-0006042,Male,0,Yes,No,72,Yes,No,Fiber optic,No,No,No,No,No,No,Month-to-month,Yes,Credit card (automatic),49.06,3502.99,No
CUST-0006043,Male,0,Yes,No,42,Yes,Yes,Fiber optic,Yes,Yes,No,Yes,Yes,Yes,Two year,No,Bank transfer (automatic),84.73,3557.02,No
CUST-0006044,Male,0,No,Yes,41,Yes,Yes,No,No internet service,No internet service,No internet service,No internet service,No internet service,No internet service,Two year,Yes,Mailed check,34.05,1432.47,No
CUST-0006045,Female,1,Yes,No,8,Yes,Yes,DSL,No,No,No,No,No,No,Two year,Yes,Credit card (automatic),90.3,710.17,No
CUST-0006046,Female,0,Yes,No,2,Yes,No,DSL,No,No,No,No,No,No,Two year,No,Bank transfer (automatic),55.97,126.94,No
CUST-0006047,Male,0,No,No,51,Yes,Yes,Fiber optic,No,Yes,No,No,No,Yes,Two year,Yes,Electronic check,84.75,4319.53,No
CUST-0006048,Female,0,Yes,No,26,Yes,No,No,No internet service,No internet service,No internet service,No internet service,No internet service,No internet service,Month-to-month,Yes,Credit card (automatic),57.92,1524.75,Yes
CUST-0006049,Female,0,Yes,Yes,36,Yes,No,Fiber optic,No,No,No,Yes,No,Yes,One year,No,Bank transfer (automatic),85.3,3109.68,Yes
CUST-0006050,Female,0,Yes,Yes,48,Yes,Yes,No,No internet service,No internet service,No internet service,No internet service,No internet service,No internet service,Month-to-month,No,Electronic check,86.48,4112.39,No
CUST-0006051,Female,0,Yes,No,16,Yes,Yes,Fiber optic,No,No,Yes,No,Yes,Yes,Month-to-month,Yes,Electronic check,44.27,691.69,No
CUST-0006052,Female,1,Yes,No,4,Yes,No,DSL,No,No,Yes,No,No,Yes,Month-to-month,Yes,Bank transfer (automatic),116.21,461.08,No
CUST-0006053,Female,1,No,No,50,Yes,No,Fiber optic,No,Yes,No,Yes,No,Yes,Two year,No,Credit card (automatic),46.15,2325.68,No
CUST-0006054,Male,0,Yes,Yes,19,Yes,Yes,DSL,No,No,No,No,No,Yes,One year,No,Credit card (automatic),44.05,831.77,No
CUST-0006055,Female,0,No,No,56,Yes,Yes,Fiber optic,No,Yes,No,No,Yes,No,Two year,No,Electronic check,60.59,3446.85,No
CUST-0006056,Male,0,Yes,Yes,18,Yes,Yes,DSL,No,No,Yes,No,No,Yes,Month-to-month,Yes,Credit card (automatic),79.46,1403.65,No
CUST-0006057,Male,0,No,No,7,Yes,Yes,DSL,No,Yes,No,No,No,Yes,Month-to-month,No,Electronic check,24.97,184.33,Yes
CUST-0006058,Male,0,No,Yes,6,Yes,Yes,No,No internet service,No internet service,No internet service,No internet service,No internet service,No internet service,Month-to-month,No,Bank transfer (automatic),96.14,576.08,Yes
CUST-0006059,Female,0,No,No,43,Yes,No,DSL,No,Yes,No,No,No,No,Month-to-month,No,Electronic check,73.24,3152.42,No
CUST-0006060,Female,0,No,No,27,No,No phone service,DSL,No,Yes,No,No,Yes,Yes,Month-to-month,Yes,Mailed check,97.25,2634.4,No
CUST-0006061,Male,0,No,No,16,Yes,Yes,No,No internet service,No internet service,No internet service,No internet service,No internet service,No internet service,Month-to-month,Yes,Mailed check,77.12,1253.58,Yes
CUST-0006062,Male,0,Yes,No,21,Yes,No,Fiber optic,No,No,Yes,No,Yes,Yes,One year,Yes,Credit card (automatic),82.92,1722.96,No
CUST-0006063,Male,0,No,No,25,Yes,Yes,Fiber optic,Yes,Yes,No,No,No,Yes,Month-to-month,Yes,Mailed check,63.73,1564.19,No
CUST-0006064,Female,0,No,No,8,Yes,Yes,No,No internet service,No internet service,No internet service,No internet service,No internet service,No internet service,Two year,Yes,Bank transfer (automatic),75.02,548.97,No
CUST-0006065,Male,1,Yes,Yes,15,Yes,Yes,Fiber optic,No,No,Yes,No,No,No,One year,Yes,Credit card (automatic),89.6,1328.64,No
CUST-0006066,Female,1,Yes,No,11,No,No phone service,DSL,No,Yes,No,No,Yes,No,Two year,No,Electronic check,46.7,551.79,Yes
CUST-0006067,Male,0,Yes,No,15,Yes,No,Fiber optic,No,No,No,Yes,No,Yes,Month-to-month,No,Electronic check,65.53,959.86,No
CUST-0006068,Male,0,No,No,22,Yes,Yes,Fiber optic,No,No,No,Yes,Yes,No,One year,No,Electronic check,25.86,561.64,Yes
CUST-0006069,Male,0,Yes,Yes,6,Yes,No,No,No internet service,No internet service,No internet service,No internet service,No internet service,No internet service,Two year,Yes,Electronic check,34.28,226.38,No
CUST-0006070,Male,0,Yes,No,16,No,No phone service,DSL,No,No,No,No,No,No,One year,Yes,Mailed check,58.12,900.97,No
CUST-0006071,Female,0,Yes,No,15,Yes,Yes,DSL,No,Yes,No,Yes,No,No,Month-to-month,Yes,Electronic check,87.29,1304.17,No
CUST-0006072,Male,0,No,No,10,Yes,No,DSL,Yes,No,Yes,No,No,No,One year,Yes,Electronic check,75.03,746.79,No
CUST-0006073,Male,0,Yes,Yes,72,Yes,No,Fiber optic,No,No,No,No,Yes,No,Month-to-month,Yes,Electronic check,67.66,4847.9,No
CUST-0006074,Male,0,Yes,No,2,Yes,No,DSL,Yes,Yes,No,Yes,No,Yes,One year,Yes,Electronic check,87.37,164.39,No
CUST-0006075,Male,0,No,No,32,No,No phone service,No,No internet service,No internet service,No internet service,No internet service,No internet service,No internet service,Month-to-month,Yes,Mailed check,63.9,2082.52,Yes
CUST-0006076,Male,1,No,Yes,6,Yes,Yes,No,No internet service,No internet service,No internet service,No internet service,No internet service,No internet service,Month-to-month,Yes,Bank transfer (automatic),61.3,386.45,Yes
CUST-0006077,Male,0,No,No,58,Yes,No,Fiber optic,No,No,No,Yes,No,No,Month-to-month,Yes,Credit card (automatic),79.3,4614.39,No
CUST-0006078,Female,0,No,No,72,Yes,Yes,No,No internet service,No internet service,No internet service,No internet service,No internet service,No internet service,Month-to-month,Yes,Electronic check,66.25,4734.58,Yes
CUST-0006079,Female,0,Yes,Yes,16,Yes,Yes,DSL,No,Yes,Yes,Yes,Yes,No,Month-to-month,Yes,Bank transfer (automatic),18.25,300.6,No
CUST-0006080,Male,0,Yes,No,55,Yes,No,No,No internet service,No internet service,No internet service,No internet service,No internet service,No internet service,Month-to-month,No,Mailed check,41.92,2336.22,No
CUST-0006081,Male,0,Yes,No,9,Yes,Yes,Fiber optic,No,Yes,Yes,No,No,Yes,Month-to-month,No,Credit card (automatic),61.43,543.17,No
CUST-0006082,Female,0,No,Yes,4,Yes,No,DSL,No,No,No,No,No,Yes,Month-to-month,No,Electronic check,88.32,347.6,No
CUST-0006083,Male,0,Yes,Yes,12,Yes,No,DSL,No,No,No,Yes,No,No,Two year,No,Electronic check,61.73,693.49,No
CUST-0006084,Male,0,No,No,13,Yes,No,Fiber optic,No,Yes,Yes,No,Yes,No,Month-to-month,Yes,Mailed check,72.15,970.78,Yes
CUST-0006085,Male,0,No,No,16,Yes,No,No,No internet service,No internet service,No internet service,No internet service,No internet service,No internet service,Month-to-month,Yes,Credit card (automatic),84.76,1381.04,No
CUST-0006086,Male,0,Yes,Yes,14,Yes,Yes,No,No internet service,No internet service,No internet service,No internet service,No internet service,No internet service,Two year,Yes,Mailed check,79.05,1103.12,No
CUST-0006087,Female,0,Yes,No,16,Yes,No,Fiber optic,No,No,No,No,No,No,Month-to-month,Yes,Electronic check,54.47,875.03,No
CUST-0006088,Male,0,Yes,No,39,No,No phone service,Fiber optic,Yes,No,No,No,No,Yes,Month-to-month,No,Bank transfer (automatic),84.2,3289.46,No
CUST-0006089,Female,0,Yes,No,9,Yes,Yes,DSL,No,Yes,No,No,Yes,No,Month-to-month,Yes,Credit card (automatic),78.12,715.86,Yes
CUST-0006090,Male,0,Yes,No,0,Yes,Yes,Fiber optic,No,No,No,No,No,No,Month-to-month,No,Credit card (automatic),46.67,,No
CUST-0006091,Male,0,No,No,21,Yes,No,Fiber optic,No,No,No,No,Yes,No,One year,Yes,Credit card (automatic),52.91,1115.24,No
CUST-0006092,Female,0,Yes,Yes,19,Yes,Yes,DSL,No,No,Yes,Yes,No,No,Month-to-month,Yes,Electronic check,77.09,1441.27,Yes
CUST-0006093,Male,1,Yes,No,1,Yes,Yes,No,No internet service,No internet service,No internet service,No internet service,No internet service,No internet service,One year,Yes,Electronic check,60.27,69.97,No
CUST-0006094,Female,1,Yes,No,4,Yes,Yes,Fiber optic,No,Yes,Yes,No,No,No,Month-to-month,No,Credit card (automatic),60.74,269.91,No
CUST-0006095,Male,0,No,Yes,22,Yes,Yes,No,No internet service,No internet service,No internet service,No internet service,No internet service,No internet service,Month-to-month,Yes,Mailed check,118.75,2603.34,No
CUST-0006096,Female,1,No,Yes,8,Yes,Yes,Fiber optic,No,Yes,Yes,No,No,Yes,Month-to-month,Yes,Mailed check,63.67,515.24,Yes
CUST-0006097,Male,0,No,Yes,67,Yes,No,No,No internet service,No internet service,No internet service,No internet service,No internet service,No internet service,Month-to-month,No,Mailed check,47.59,3185.91,No
CUST-0006098,Female,1,No,No,6,Yes,No,DSL,No,No,No,No,Yes,No,Two year,No,Electronic check,60.01,344.24,Yes
CUST-0006099,Male,0,No,Yes,0,Yes,No,Fiber optic,Yes,Yes,No,No,No,No,Month-to-month,Yes,Credit card (automatic),106.21,,No
CUST-0006100,Female,0,Yes,No,18,Yes,Yes,DSL,Yes,No,No,Yes,No,Yes,One year,Yes,Bank transfer (automatic),35.86,644.25,No
CUST-0006101,Male,0,Yes,No,72,Yes,Yes,DSL,Yes,No,No,No,No,No,One year,Yes,Electronic check,68.51,4934.63,No
CUST-0006102,Female,0,Yes,Yes,32,No,No phone service,DSL,No,Yes,No,Yes,Yes,No,Month-to-month,No,Bank transfer (automatic),37.63,1249.69,No
CUST-0006103,Male,0,No,No,13,Yes,Yes,Fiber optic,No,Yes,No,No,No,Yes,One year,Yes,Mailed check,114.24,1505.2,No
CUST-0006104,Female,1,Yes,Yes,0,Yes,No,No,No internet service,No internet service,No internet service,No internet service,No internet service,No internet service,Two year,No,Mailed check,98.76,,Yes
CUST-0006105,Male,0,Yes,Yes,21,Yes,Yes,Fiber optic,No,Yes,Yes,No,Yes,Yes,Month-to-month,No,Credit card (automatic),82.17,1711.42,No
CUST-0006106,Male,0,No,No,7,Yes,Yes,Fiber optic,No,Yes,No,Yes,No,No,One year,Yes,Mailed check,58.4,398.59,No
CUST-0006107,Male,0,No,No,33,Yes,No,No,No internet service,No internet service,No internet service,No internet service,No internet service,No internet service,Month-to-month,Yes,Bank transfer (automatic),55.24,1809.46,Yes
CUST-0006108,Male,0,No,No,27,No,No phone service,Fiber optic,Yes,Yes,No,No,No,No,Month-to-month,Yes,Electronic check,48.77,1306.98,No
CUST-0006109,Male,0,Yes,No,9,Yes,No,DSL,No,No,No,Yes,No,No,One year,Yes,Mailed check,21.13,209.73,No
CUST-0006110,Female,0,No,No,2,No,No phone service,DSL,No,Yes,Yes,No,Yes,No,One year,No,Bank transfer (automatic),21.55,64.9,No
CUST-0006111,Female,0,No,Yes,45,No,No phone service,DSL,No,No,No,No,No,No,One year,No,Credit card (automatic),56.32,2570.79,Yes
CUST-0006112,Male,0,Yes,Yes,28,Yes,No,DSL,Yes,No,Yes,No,No,No,Month-to-month,No,Credit card (automatic),109.32,3072.96,No
CUST-0006113,Female,0,No,No,59,Yes,Yes,DSL,No,No,No,No,No,No,Two year,No,Credit card (automatic),23.14,1388.66,No
CUST-0006114,Female,0,No,Yes,9,Yes,Yes,Fiber optic,Yes,No,No,No,No,Yes,One year,Yes,Credit card (automatic),41.88,398.43,No
CUST-0006115,Male,0,Yes,No,33,Yes,Yes,DSL,No,No,No,Yes,Yes,No,Month-to-month,Yes,Electronic check,34.35,1126.44,No
CUST-0006116,Female,1,Yes,Yes,4,Yes,Yes,Fiber optic,Yes,No,Yes,No,Yes,Yes,Month-to-month,Yes,Credit card (automatic),66.82,253.0,Yes
CUST-0006117,Female,0,No,No,11,Yes,No,Fiber optic,No,Yes,Yes,Yes,Yes,Yes,Month-to-month,No,Credit card (automatic),99.22,1132.76,Yes
CUST-0006118,Female,0,Yes,No,34,Yes,No,Fiber optic,No,Yes,No,Yes,Yes,No,Month-to-month,Yes,Electronic check,77.21,2651.01,No
CUST-0006119,Male,0,No,Yes,55,No,No phone service,No,No internet service,No internet service,No internet service,No internet service,No internet service,No internet service,Month-to-month,Yes,Mailed check,70.59,3850.07,No
CUST-0006120,Female,0,Yes,No,12,No,No phone service,No,No internet service,No internet service,No internet service,No internet service,No internet service,No internet service,Month-to-month,No,Mailed check,83.87,1002.02,No
CUST-0006121,Male,0,No,No,51,Yes,No,Fiber optic,No,No,No,Yes,Yes,Yes,Month-to-month,Yes,Bank transfer (automatic),48.76,2521.03,No
CUST-0006122,Male,0,No,Yes,36,Yes,Yes,Fiber optic,Yes,No,No,No,No,No,Month-to-month,No,Electronic check,83.46,3029.28,No
CUST-0006123,Male,0,No,No,13,Yes,No,Fiber optic,Yes,No,Yes,No,No,No,Two year,Yes,Bank transfer (automatic),18.25,227.95,No
CUST-0006124,Female,0,Yes,Yes,66,Yes,No,Fiber optic,No,No,No,No,Yes,No,Month-to-month,No,Credit card (automatic),68.29,4516.78,No
CUST-0006125,Female,0,Yes,Yes,22,Yes,Yes,Fiber optic,Yes,No,No,Yes,Yes,No,Two year,Yes,Electronic check,85.86,1875.14,Yes
CUST-0006126,Female,0,Yes,Yes,33,No,No phone service,Fiber optic,No,No,Yes,No,Yes,Yes,Month-to-month,No,Electronic check,43.17,1410.21,No
CUST-0006127,Female,0,Yes,No,21,Yes,No,Fiber optic,Yes,No,No,No,No,No,Month-to-month,Yes,Electronic check,32.74,714.21,No
CUST-0006128,Male,0,Yes,Yes,19,Yes,Yes,No,No internet service,No internet service,No internet service,No internet service,No internet service,No internet service,Month-to-month,Yes,Credit card (automatic),61.21,1155.61,No
CUST-0006129,Male,0,No,Yes,60,Yes,Yes,DSL,No,No,No,No,No,No,Month-to-month,No,Electronic check,61.98,3733.02,No
CUST-0006130,Male,0,Yes,No,11,Yes,No,Fiber optic,No,No,No,No,No,No,Month-to-month,Yes,Credit card (automatic),109.04,1231.59,No
CUST-0006131,Male,1,No,No,1,Yes,Yes,Fiber optic,No,No,No,No,No,Yes,One year,Yes,Mailed check,85.02,94.04,No
CUST-0006132,Female,0,Yes,No,67,Yes,No,Fiber optic,No,No,No,Yes,Yes,No,Two year,Yes,Electronic check,88.09,5897.97,No
CUST-0006133,Female,0,No,Yes,55,Yes,Yes,DSL,No,No,Yes,Yes,Yes,Yes,Month-to-month,No,Electronic check,114.93,6374.25,Yes
CUST-0006134,Male,0,No,No,14,Yes,No,Fiber optic,No,No,No,No,No,Yes,Month-to-month,No,Electronic check,80.74,1144.01,Yes
CUST-0006135,Male,0,Yes,No,6,Yes,No,Fiber optic,No,Yes,No,No,No,No,One year,Yes,Electronic check,59.81,335.12,No
CUST-0006136,Male,0,No,No,36,No,No phone service,Fiber optic,No,No,Yes,No,No,No,Two year,Yes,Electronic check,98.74,3562.85,No
CUST-0006137,Male,0,No,Yes,2,Yes,No,Fiber optic,No,No,Yes,No,No,No,Two year,No,Credit card (automatic),18.25,67.16,No
CUST-0006138,Female,0,No,No,17,Yes,No,Fiber optic,No,No,Yes,No,No,Yes,Month-to-month,No,Electronic check,87.36,1492.7,No
CUST-0006139,Female,0,No,No,2,Yes,No,Fiber optic,No,No,No,Yes,No,Yes,Month-to-month,Yes,Electronic check,48.67,121.65,Yes
CUST-0006140,Female,0,Yes,No,29,Yes,Yes,Fiber optic,Yes,No,Yes,No,No,Yes,One year,Yes,Credit card (automatic),88.3,2562.36,No
CUST-0006141,Male,0,Yes,Yes,0,No,No phone service,No,No internet service,No internet service,No internet service,No internet service,No internet service,No internet service,Month-to-month,Yes,Bank transfer (automatic),66.03,,No
CUST-0006142,Male,0,Yes,Yes,31,Yes,Yes,Fiber optic,No,No,No,Yes,Yes,Yes,One year,Yes,Electronic check,83.46,2579.52,No
CUST-0006143,Male,1,No,No,35,Yes,Yes,DSL,Yes,No,No,No,Yes,No,Month-to-month,No,Electronic check,37.06,1263.08,No
CUST-0006144,Female,0,No,No,21,Yes,Yes,Fiber optic,No,No,No,No,No,No,One year,No,Electronic check,71.68,1504.65,No
CUST-0006145,Female,1,No,Yes,6,Yes,No,DSL,No,No,No,No,Yes,No,Month-to-month,Yes,Credit card (automatic),80.12,498.78,Yes
CUST-0006146,Male,1,Yes,No,3,Yes,Yes,Fiber optic,No,No,No,No,No,No,Month-to-month,Yes,Mailed check,66.33,194.97,No
CUST-0006147,Female,1,No,Yes,12,No,No phone service,Fiber optic,Yes,No,Yes,No,No,Yes,Month-to-month,No,Bank transfer (automatic),38.24,441.53,No
CUST-0006148,Male,0,No,No,20,Yes,Yes,No,No internet service,No internet service,No internet service,No internet service,No internet service,No internet service,Month-to-month,No,Bank transfer (automatic),61.3,1255.6,No
CUST-0006149,Female,0,Yes,No,32,Yes,No,DSL,Yes,No,No,No,No,No,One year,Yes,Mailed check,111.96,3553.16,No
CUST-0006150,Female,0,Yes,No,0,Yes,No,Fiber optic,No,No,Yes,Yes,No,No,One year,Yes,Electronic check,18.25,,No
CUST-0006151,Female,0,Yes,Yes,39,Yes,No,DSL,Yes,No,No,No,Yes,Yes,Two year,Yes,Credit card (automatic),18.25,684.09,No
CUST-0006152,Female,0,No,No,39,Yes,No,No,No internet service,No internet service,No internet service,No internet service,No internet service,No internet service,Month-to-month,Yes,Mailed check,44.96,1750.82,Yes
CUST-0006153,Male,1,No,No,18,Yes,No,Fiber optic,No,No,No,No,No,Yes,Month-to-month,Yes,Electronic check,80.13,1442.21,No
CUST-0006154,Male,1,Yes,No,13,Yes,No,Fiber optic,No,No,No,No,Yes,Yes,Month-to-month,Yes,Bank transfer (automatic),38.8,512.52,Yes
CUST-0006155,Male,0,Yes,No,59,Yes,No,Fiber optic,No,No,Yes,No,No,No,Month-to-month,Yes,Credit card (automatic),62.62,3741.85,No
CUST-0006156,Male,0,No,Yes,49,Yes,Yes,DSL,No,No,No,Yes,No,Yes,Month-to-month,Yes,Bank transfer (automatic),70.39,3422.15,No
CUST-0006157,Female,0,No,No,72,Yes,No,No,No internet service,No internet service,No internet service,No internet service,No internet service,No internet service,Month-to-month,Yes,Mailed check,26.88,1911.36,No
CUST-0006158,Female,0,No,Yes,14,Yes,Yes,Fiber optic,No,Yes,No,No,Yes,Yes,Two year,Yes,Credit card (automatic),67.06,920.48,No
CUST-0006159,Male,0,No,No,72,Yes,Yes,Fiber optic,No,Yes,Yes,Yes,No,No,Two year,Yes,Electronic check,71.4,5164.19,No
CUST-0006160,Female,0,Yes,No,2,Yes,No,Fiber optic,No,Yes,Yes,Yes,No,Yes,Month-to-month,Yes,Electronic check,41.32,69.53,No
CUST-0006161,Male,0,No,Yes,16,Yes,Yes,No,No internet service,No internet service,No internet service,No internet service,No internet service,No internet service,Month-to-month,Yes,Electronic check,64.01,971.32,No
CUST-0006162,Male,0,Yes,No,20,Yes,Yes,DSL,No,Yes,No,Yes,No,Yes,Month-to-month,Yes,Electronic check,70.57,1406.15,No
CUST-0006163,Male,1,No,No,18,Yes,Yes,Fiber optic,No,No,No,No,No,Yes,Month-to-month,No,Mailed check,63.07,1120.25,Yes
CUST-0006164,Male,0,Yes,No,31,No,No phone service,No,No internet service,No internet service,No internet service,No internet service,No internet service,No internet service,One year,Yes,Bank transfer (automatic),18.25,548.72,No
CUST-0006165,Male,1,No,No,5,Yes,Yes,DSL,No,No,No,No,No,No,Month-to-month,No,Electronic check,73.84,371.87,No
CUST-0006166,Male,0,Yes,Yes,64,Yes,Yes,Fiber optic,Yes,No,No,No,No,No,One year,Yes,Electronic check,84.68,5439.48,No
CUST-0006167,Male,1,No,No,25,Yes,Yes,Fiber optic,Yes,No,No,Yes,No,No,Two year,No,Mailed check,109.99,2776.62,Yes
CUST-0006168,Female,0,Yes,No,72,Yes,No,DSL,No,Yes,Yes,Yes,Yes,Yes,One year,No,Mailed check,92.25,6604.89,No
CUST-0006169,Male,0,Yes,No,0,Yes,Yes,Fiber optic,No,Yes,No,Yes,No,Yes,Month-to-month,Yes,Credit card (automatic),53.91,,Yes
CUST-0006170,Male,0,No,No,31,Yes,No,No,No internet service,No internet service,No internet service,No internet service,No internet service,No internet service,Month-to-month,No,Electronic check,33.13,1046.08,No
CUST-0006171,Male,1,Yes,Yes,17,No,No phone service,Fiber optic,No,Yes,Yes,Yes,Yes,No,Month-to-month,Yes,Mailed check,49.38,833.26,Yes
CUST-0006172,Female,0,No,Yes,22,Yes,Yes,DSL,No,No,Yes,No,Yes,Yes,One year,No,Electronic check,50.0,1111.58,No
CUST-0006173,Male,0,No,No,43,Yes,Yes,DSL,Yes,Yes,No,No,No,Yes,Month-to-month,No,Electronic check,50.8,2171.18,Yes
CUST-0006174,Female,0,No,No,8,Yes,Yes,No,No internet service,No internet service,No internet service,No internet service,No internet service,No internet service,Month-to-month,Yes,Electronic check,29.54,191.31,Yes
CUST-0006175,Female,0,No,No,7,Yes,No,DSL,No,No,Yes,Yes,Yes,No,Two year,Yes,Credit card (automatic),86.19,599.49,Yes
CUST-0006176,Female,1,No,No,38,Yes,No,DSL,No,No,No,Yes,No,No,Month-to-month,No,Electronic check,52.71,2000.31,Yes
CUST-0006177,Female,0,No,No,23,Yes,No,No,No internet service,No internet service,No internet service,No internet service,No internet service,No internet service,Month-to-month,Yes,Credit card (automatic),54.1,1207.73,No
CUST-0006178,Male,0,No,No,8,Yes,No,No,No internet service,No internet service,No internet service,No internet service,No internet service,No internet service,Month-to-month,Yes,Bank transfer (automatic),43.47,356.8,No
CUST-0006179,Male,1,Yes,No,21,Yes,No,Fiber optic,No,Yes,Yes,No,No,Yes,Month-to-month,No,Electronic check,88.93,1903.08,No
CUST-0006180,Male,0,Yes,No,19,Yes,No,DSL,No,No,No,No,No,No,Month-to-month,Yes,Electronic check,89.73,1716.28,Yes
CUST-0006181,Female,1,No,No,37,Yes,No,DSL,No,Yes,Yes,No,No,Yes,Two year,Yes,Electronic check,105.04,3890.14,Yes
CUST-0006182,Male,0,Yes,No,0,Yes,No,DSL,No,No,No,No,Yes,No,Month-to-month,Yes,Electronic check,70.02,,No
CUST-0006183,Male,0,Yes,Yes,28,Yes,No,Fiber optic,Yes,Yes,No,No,No,No,Two year,Yes,Bank transfer (automatic),18.25,546.7,No
CUST-0006184,Female,0,Yes,Yes,29,Yes,Yes,Fiber optic,Yes,Yes,No,Yes,Yes,Yes,Month-to-month,No,Electronic check,62.0,1768.01,Yes
CUST-0006185,Male,0,Yes,Yes,43,Yes,No,DSL,No,Yes,No,No,No,No,One year,No,Electronic check,49.84,2121.92,No
CUST-0006186,Female,0,No,Yes,70,Yes,No,DSL,No,No,No,No,No,No,Month-to-month,Yes,Bank transfer (automatic),54.03,3775.74,Yes
CUST-0006187,Female,0,No,Yes,18,Yes,Yes,No,No internet service,No internet service,No internet service,No internet service,No internet service,No internet service,Two year,Yes,Bank transfer (automatic),118.75,2137.88,No
CUST-0006188,Male,0,No,No,13,Yes,No,No,No internet service,No internet service,No internet service,No internet service,No internet service,No internet service,One year,No,Credit card (automatic),96.08,1212.58,No
CUST-0006189,Male,0,No,No,3,Yes,No,Fiber optic,No,No,Yes,No,Yes,No,Month-to-month,Yes,Electronic check,50.58,168.4,Yes
CUST-0006190,Male,0,Yes,No,13,Yes,Yes,DSL,Yes,No,No,No,No,Yes,One year,Yes,Mailed check,114.5,1478.79,No
CUST-0006191,Female,0,Yes,No,2,No,No phone service,No,No internet service,No internet service,No internet service,No internet service,No internet service,No internet service,Two year,Yes,Electronic check,59.36,126.09,No
CUST-0006192,Female,0,Yes,No,51,Yes,Yes,Fiber optic,Yes,No,Yes,No,Yes,No,Month-to-month,Yes,Electronic check,18.25,922.47,No
CUST-0006193,Female,1,No,Yes,52,Yes,No,Fiber optic,Yes,No,No,Yes,No,Yes,Two year,No,Credit card (automatic),25.01,1334.88,No
CUST-0006194,Female,0,Yes,No,17,Yes,Yes,No,No internet service,No internet service,No internet service,No internet service,No internet service,No internet service,Two year,No,Electronic check,29.86,496.46,Yes
CUST-0006195,Female,0,Yes,No,9,Yes,Yes,DSL,No,No,No,Yes,No,No,Month-to-month,Yes,Mailed check,67.9,609.16,No
CUST-0006196,Male,1,No,No,4,Yes,No,Fiber optic,No,No,No,No,No,No,Month-to-month,No,Credit card (automatic),18.25,83.89,No
CUST-0006197,Male,1,No,Yes,60,Yes,Yes,No,No internet service,No internet service,No internet service,No internet service,No internet service,No internet service,Month-to-month,Yes,Electronic check,53.33,3195.86,No
CUST-0006198,Female,0,Yes,No,67,Yes,No,DSL,No,No,Yes,No,No,No,Month-to-month,Yes,Electronic check,28.93,1929.42,No
CUST-0006199,Male,0,Yes,No,9,Yes,Yes,Fiber optic,No,Yes,No,Yes,No,No,Month-to-month,Yes,Electronic check,65.72,618.57,No
CUST-0006200,Male,0,No,Yes,31,Yes,No,No,No internet service,No internet service,No internet service,No internet service,No internet service,No internet service,Month-to-month,Yes,Credit card (automatic),61.36,1896.74,Yes
CUST-0006201,Female,0,No,No,9,Yes,Yes,DSL,No,No,Yes,No,Yes,No,Month-to-month,Yes,Credit card (automatic),38.85,343.79,No
CUST-0006202,Male,0,Yes,Yes,8,Yes,Yes,Fiber optic,No,No,No,No,Yes,No,Month-to-month,Yes,Electronic check,18.25,145.87,No
CUST-0006203,Female,0,Yes,No,0,Yes,No,Fiber optic,No,No,Yes,No,Yes,No,Two year,No,Credit card (automatic),42.7,,No
CUST-0006204,Female,0,No,No,27,Yes,Yes,Fiber optic,No,No,No,Yes,No,Yes,Two year,No,Credit card (automatic),79.83,2158.26,No
CUST-0006205,Male,0,No,No,5,Yes,No,Fiber optic,Yes,Yes,No,No,Yes,No,One year,Yes,Electronic check,105.87,494.65,No
CUST-0006206,Female,0,No,Yes,0,Yes,No,DSL,Yes,No,No,No,Yes,Yes,Month-to-month,Yes,Bank transfer (automatic),63.54,,Yes
CUST-0006207,Male,0,No,Yes,3,Yes,Yes,DSL,Yes,Yes,No,No,No,Yes,One year,Yes,Electronic check,90.58,262.26,No
CUST-0006208,Male,0,No,No,12,Yes,No,No,No internet service,No internet service,No internet service,No internet service,No internet service,No internet service,Two year,Yes,Bank transfer (automatic),105.8,1292.9,Yes
CUST-0006209,Male,0,Yes,Yes,35,No,No phone service,No,No internet service,No internet service,No internet service,No internet service,No internet service,No internet service,Month-to-month,Yes,Electronic check,66.39,2330.72,No
CUST-0006210,Male,0,Yes,No,7,Yes,Yes,DSL,No,No,Yes,Yes,No,Yes,Month-to-month,Yes,Bank transfer (automatic),107.67,758.56,No
CUST-0006211,Male,0,No,No,69,Yes,Yes,Fiber optic,Yes,No,No,Yes,No,Yes,Month-to-month,Yes,Bank transfer (automatic),93.75,6437.49,No
CUST-0006212,Male,0,No,No,10,Yes,No,Fiber optic,No,Yes,Yes,No,No,No,Month-to-month,Yes,Bank transfer (automatic),79.06,772.82,Yes
CUST-0006213,Male,0,No,Yes,12,Yes,No,Fiber optic,No,No,No,Yes,No,No,Two year,No,Credit card (automatic),118.75,1408.03,No
CUST-0006214,Male,0,Yes,No,7,Yes,Yes,Fiber optic,No,Yes,No,No,Yes,No,Month-to-month,Yes,Electronic check,97.72,676.55,No
CUST-0006215,Female,0,No,No,9,Yes,Yes,DSL,No,No,No,No,Yes,Yes,Two year,Yes,Electronic check,84.17,733.27,No
CUST-0006216,Female,0,Yes,No,2,Yes,No,No,No internet service,No internet service,No internet service,No internet service,No internet service,No internet service,Two year,Yes,Electronic check,70.24,141.98,No
CUST-0006217,Male,0,No,No,11,Yes,Yes,DSL,No,Yes,No,No,Yes,Yes,Month-to-month,Yes,Mailed check,38.45,461.52,No
CUST-0006218,Male,0,Yes,No,62,Yes,No,No,No internet service,No internet service,No internet service,No internet service,No internet service,No internet service,Month-to-month,Yes,Mailed check,61.81,3812.73,Yes
CUST-0006219,Male,0,No,Yes,37,No,No phone service,Fiber optic,Yes,No,Yes,No,No,No,One year,No,Electronic check,65.91,2468.3,No
CUST-0006220,Male,0,No,Yes,66,Yes,No,Fiber optic,No,No,Yes,No,No,Yes,Month-to-month,Yes,Credit card (automatic),40.92,2683.51,No
CUST-0006221,Female,0,Yes,No,3,Yes,No,No,No internet service,No internet service,No internet service,No internet service,No internet service,No internet service,Month-to-month,Yes,Bank transfer (automatic),54.31,124.6,No
CUST-0006222,Female,0,Yes,Yes,19,Yes,Yes,DSL,Yes,No,No,Yes,Yes,Yes,Two year,No,Electronic check,79.97,1491.11,No
CUST-0006223,Male,1,No,No,8,Yes,No,Fiber optic,Yes,No,Yes,No,Yes,Yes,Month-to-month,No,Mailed check,86.18,674.92,No
CUST-0006224,Male,0,No,No,40,Yes,No,Fiber optic,No,Yes,No,Yes,No,No,Two year,No,Credit card (automatic),52.39,2072.28,No
CUST-0006225,Male,0,Yes,No,72,Yes,No,Fiber optic,No,Yes,No,No,No,No,One year,Yes,Electronic check,36.73,2650.7,No
CUST-0006226,Female,1,Yes,Yes,54,Yes,Yes,Fiber optic,No,No,Yes,No,No,Yes,Month-to-month,Yes,Mailed check,77.21,4156.73,No
CUST-0006227,Male,1,Yes,No,1,Yes,Yes,DSL,No,No,No,No,Yes,Yes,Month-to-month,No,Bank transfer (automatic),91.13,122.13,Yes
CUST-0006228,Female,0,No,No,12,Yes,No,DSL,Yes,No,No,No,No,No,Month-to-month,Yes,Electronic check,21.87,287.8,No
CUST-0006229,Female,0,Yes,Yes,0,Yes,Yes,Fiber optic,No,No,No,No,No,Yes,Month-to-month,Yes,Credit card (automatic),69.06,,No
CUST-0006230,Male,0,Yes,Yes,1,Yes,Yes,DSL,No,No,Yes,Yes,No,No,Month-to-month,Yes,Electronic check,53.82,59.15,Yes
CUST-0006231,Female,0,No,No,2,Yes,No,No,No internet service,No internet service,No internet service,No internet service,No internet service,No internet service,Month-to-month,Yes,Mailed check,97.39,173.09,No
CUST-0006232,Female,0,No,No,10,Yes,Yes,Fiber optic,Yes,No,No,No,Yes,No,One year,Yes,Credit card (automatic),118.75,1185.65,No
CUST-0006233,Female,0,Yes,Yes,11,Yes,Yes,Fiber optic,No,Yes,No,No,Yes,No,Two year,No,Mailed check,18.25,192.25,No
CUST-0006234,Male,0,No,Yes,16,Yes,Yes,DSL,No,No,Yes,No,Yes,No,Two year,No,Credit card (automatic),111.22,1788.53,No
CUST-0006235,Male,0,No,Yes,16,Yes,Yes,Fiber optic,Yes,No,No,No,No,Yes,Month-to-month,Yes,Credit card (automatic),35.36,579.93,No
CUST-0006236,Female,0,No,No,47,Yes,Yes,DSL,No,No,No,Yes,No,No,Month-to-month,No,Mailed check,100.02,4693.13,No
CUST-0006237,Female,1,Yes,No,4,Yes,No,Fiber optic,No,Yes,No,No,Yes,No,Two year,Yes,Credit card (automatic),71.0,311.86,No
CUST-0006238,Female,0,No,No,5,Yes,No,DSL,No,Yes,No,No,No,No,Month-to-month,Yes,Electronic check,68.35,366.44,No
CUST-0006239,Female,0,Yes,No,31,No,No phone service,Fiber optic,No,Yes,No,No,Yes,No,One year,Yes,Mailed check,60.02,1858.96,Yes
CUST-0006240,Female,0,Yes,No,27,No,No phone service,Fiber optic,No,No,Yes,No,No,No,Two year,No,Credit card (automatic),32.99,942.42,Yes
CUST-0006241,Female,0,Yes,No,5,No,No phone service,Fiber optic,No,Yes,No,No,No,No,Month-to-month,Yes,Mailed check,63.41,320.48,No
CUST-0006242,Male,0,No,Yes,61,Yes,Yes,DSL,No,No,Yes,No,No,Yes,Two year,Yes,Bank transfer (automatic),54.28,3318.31,No
CUST-0006243,Female,1,No,No,12,Yes,Yes,DSL,No,No,Yes,No,No,No,Month-to-month,Yes,Electronic check,114.94,1387.12,No
CUST-0006244,Female,1,No,Yes,14,Yes,Yes,DSL,No,No,Yes,No,No,No,Two year,Yes,Bank transfer (automatic),50.78,721.05,No
CUST-0006245,Female,0,Yes,No,17,Yes,No,Fiber optic,No,No,No,No,Yes,Yes,Month-to-month,No,Credit card (automatic),89.22,1487.1,No
CUST-0006246,Female,0,No,Yes,12,Yes,No,DSL,Yes,No,No,No,No,Yes,One year,No,Bank transfer (automatic),55.47,664.14,No
CUST-0006247,Male,0,No,Yes,26,Yes,No,DSL,No,No,No,No,Yes,Yes,Two year,No,Credit card (automatic),98.35,2537.99,No
CUST-0006248,Female,0,Yes,Yes,15,Yes,No,DSL,Yes,No,Yes,No,Yes,No,Month-to-month,Yes,Bank transfer (automatic),18.25,272.59,No
CUST-0006249,Female,0,No,No,9,Yes,No,Fiber optic,No,Yes,No,Yes,No,No,Month-to-month,Yes,Electronic check,44.12,417.05,No
CUST-0006250,Male,0,Yes,No,72,Yes,Yes,Fiber optic,Yes,No,No,No,No,Yes,Month-to-month,Yes,Electronic check,50.31,3642.33,Yes
CUST-0006251,Male,0,No,No,11,Yes,No,No,No internet service,No internet service,No internet service,No internet service,No internet service,No internet service,Two year,No,Bank transfer (automatic),37.2,415.93,No
CUST-0006252,Male,0,Yes,No,38,Yes,No,Fiber optic,No,No,No,No,No,No,Month-to-month,Yes,Electronic check,118.75,4523.13,No
CUST-0006253,Male,0,No,No,13,Yes,Yes,DSL,No,Yes,No,No,Yes,No,Month-to-month,Yes,Mailed check,108.21,1368.47,No
CUST-0006254,Male,1,No,No,18,Yes,Yes,Fiber optic,No,No,No,No,No,Yes,Month-to-month,Yes,Mailed check,111.71,2003.22,No
CUST-0006255,Male,0,No,Yes,8,Yes,Yes,Fiber optic,No,No,No,No,No,No,Month-to-month,No,Bank transfer (automatic),18.25,124.85,Yes
CUST-0006256,Female,0,Yes,No,44,Yes,No,Fiber optic,Yes,Yes,No,No,No,No,Two year,No,Electronic check,61.57,2678.55,Yes
CUST-0006257,Female,0,Yes,Yes,42,Yes,No,No,No internet service,No internet service,No internet service,No internet service,No internet service,No internet service,Two year,No,Credit card (automatic),49.06,2055.27,No
CUST-0006258,Female,0,Yes,No,0,Yes,No,Fiber optic,No,No,No,No,No,Yes,Month-to-month,Yes,Credit card (automatic),49.78,,No
CUST-0006259,Female,0,No,No,1,Yes,No,Fiber optic,No,Yes,No,No,Yes,No,One year,Yes,Bank transfer (automatic),18.25,20.57,No
CUST-0006260,Male,0,No,No,72,Yes,No,Fiber optic,No,Yes,No,No,No,Yes,Two year,Yes,Bank transfer (automatic),74.85,5362.61,No
CUST-0006261,Male,0,Yes,Yes,70,Yes,No,Fiber optic,Yes,No,Yes,No,No,No,One year,Yes,Electronic check,106.46,7461.86,No
CUST-0006262,Female,0,Yes,No,22,Yes,No,Fiber optic,Yes,No,No,Yes,Yes,No,Month-to-month,Yes,Electronic check,73.01,1621.9,No
CUST-0006263,Male,0,No,No,21,Yes,No,DSL,Yes,No,Yes,No,Yes,No,Month-to-month,No,Electronic check,18.25,420.78,Yes
CUST-0006264,Female,0,No,No,53,Yes,Yes,No,No internet service,No internet service,No internet service,No internet service,No internet service,No internet service,Two year,Yes,Mailed check,65.4,3418.59,No
CUST-0006265,Female,1,Yes,No,4,Yes,No,Fiber optic,Yes,No,No,No,Yes,No,Month-to-month,Yes,Credit card (automatic),60.53,230.38,Yes
CUST-0006266,Male,1,Yes,No,33,Yes,No,DSL,Yes,Yes,No,No,Yes,Yes,Month-to-month,Yes,Electronic check,79.83,2621.04,No
CUST-0006267,Female,0,Yes,No,20,Yes,Yes,No,No internet service,No internet service,No internet service,No internet service,No internet service,No internet service,Month-to-month,No,Electronic check,79.35,1606.24,No
CUST-0006268,Male,0,No,Yes,43,Yes,No,No,No internet service,No internet service,No internet service,No internet service,No internet service,No internet service,Month-to-month,Yes,Electronic check,23.25,973.29,No
CUST-0006269,Male,0,No,No,0,No,No phone service,DSL,Yes,No,No,No,No,No,Month-to-month,Yes,Electronic check,56.45,,Yes
CUST-0006270,Female,0,No,No,28,Yes,No,DSL,No,Yes,No,No,No,Yes,Month-to-month,Yes,Bank transfer (automatic),100.67,2818.7,Yes
CUST-0006271,Male,0,Yes,No,26,Yes,Yes,Fiber optic,No,Yes,No,No,Yes,Yes,Two year,Yes,Mailed check,43.81,1124.6,No
CUST-0006272,Female,0,No,No,58,Yes,No,DSL,No,Yes,No,No,Yes,No,Two year,No,Mailed check,62.76,3631.51,No
CUST-0006273,Male,0,Yes,No,36,Yes,Yes,DSL,No,No,No,No,No,Yes,One year,No,Bank transfer (automatic),100.35,3591.85,No
CUST-0006274,Female,0,Yes,No,67,Yes,Yes,No,No internet service,No internet service,No internet service,No internet service,No internet service,No internet service,Month-to-month,Yes,Bank transfer (automatic),89.32,5980.29,No
CUST-0006275,Female,0,No,Yes,69,Yes,Yes,Fiber optic,No,Yes,No,Yes,No,Yes,Two year,Yes,Mailed check,99.83,6888.07,Yes
CUST-0006276,Female,1,Yes,No,16,Yes,Yes,Fiber optic,Yes,No,Yes,No,No,Yes,Month-to-month,Yes,Electronic check,67.65,1067.79,No
CUST-0006277,Male,0,Yes,No,4,Yes,No,Fiber optic,No,Yes,No,No,Yes,No,One year,No,Credit card (automatic),84.42,297.75,Yes
CUST-0006278,Male,0,No,No,31,Yes,Yes,Fiber optic,Yes,Yes,No,No,No,Yes,Two year,Yes,Electronic check,93.94,2936.46,Yes
CUST-0006279,Female,0,Yes,Yes,66,Yes,Yes,No,No internet service,No internet service,No internet service,No internet service,No internet service,No internet service,Two year,Yes,Credit card (automatic),78.93,5212.61,No
CUST-0006280,Male,0,No,Yes,2,Yes,No,Fiber optic,No,Yes,Yes,Yes,No,Yes,One year,Yes,Bank transfer (automatic),46.32,103.8,No
CUST-0006281,Female,0,No,No,26,Yes,Yes,Fiber optic,No,No,No,No,No,No,Month-to-month,Yes,Credit card (automatic),53.11,1376.27,Yes
CUST-0006282,Female,0,No,No,3,Yes,Yes,No,No internet service,No internet service,No internet service,No internet service,No internet service,No internet service,Two year,Yes,Credit card (automatic),100.8,317.38,No
CUST-0006283,Female,0,Yes,Yes,0,Yes,Yes,No,No internet service,No internet service,No internet service,No internet service,No internet service,No internet service,One year,No,Electronic check,101.98,,No
CUST-0006284,Female,0,Yes,No,36,Yes,No,Fiber optic,No,No,No,No,No,No,Two year,No,Mailed check,49.15,1765.98,No
CUST-0006285,Male,0,Yes,No,36,Yes,No,No,No internet service,No internet service,No internet service,No internet service,No internet service,No internet service,Month-to-month,Yes,Electronic check,89.76,3216.6,No
CUST-0006286,Female,0,Yes,No,29,Yes,No,DSL,No,No,Yes,No,No,Yes,One year,No,Electronic check,74.29,2139.97,No
CUST-0006287,Female,1,No,Yes,62,Yes,No,DSL,No,No,Yes,No,Yes,No,Month-to-month,Yes,Electronic check,27.97,1753.89,No
CUST-0006288,Male,0,Yes,No,2,Yes,No,DSL,No,No,Yes,No,No,No,Two year,No,Bank transfer (automatic),88.21,146.22,No
CUST-0006289,Female,0,Yes,No,3,Yes,No,DSL,No,No,Yes,Yes,No,No,Month-to-month,No,Bank transfer (automatic),22.15,88.63,Yes
CUST-0006290,Male,0,No,No,63,Yes,Yes,DSL,No,No,Yes,No,Yes,No,Month-to-month,Yes,Bank transfer (automatic),22.12,1377.72,Yes
CUST-0006291,Male,1,No,No,22,Yes,No,DSL,No,No,No,No,Yes,Yes,Month-to-month,No,Electronic check,43.39,946.18,Yes
CUST-0006292,Male,0,No,Yes,10,Yes,Yes,No,No internet service,No internet service,No internet service,No internet service,No internet service,No internet service,Two year,Yes,Electronic check,47.91,480.69,No
CUST-0006293,Female,0,Yes,No,42,Yes,Yes,DSL,No,No,No,No,No,Yes,Two year,Yes,Electronic check,41.82,1758.61,No
CUST-0006294,Male,1,No,No,71,Yes,No,Fiber optic,No,No,Yes,No,Yes,No,Two year,Yes,Electronic check,65.88,4691.18,No
CUST-0006295,Female,0,No,No,37,Yes,Yes,No,No internet service,No internet service,No internet service,No internet service,No internet service,No internet service,Month-to-month,No,Mailed check,18.25,652.76,Yes
CUST-0006296,Female,0,Yes,No,50,Yes,No,DSL,Yes,No,Yes,Yes,No,No,Month-to-month,No,Bank transfer (automatic),28.38,1397.8,Yes
CUST-0006297,Male,0,Yes,Yes,10,Yes,Yes,DSL,Yes,Yes,Yes,No,No,No,One year,Yes,Credit card (automatic),50.78,513.27,No
CUST-0006298,Male,0,Yes,No,10,Yes,Yes,DSL,No,No,No,No,Yes,No,Month-to-month,Yes,Electronic check,57.72,566.54,No
CUST-0006299,Female,0,No,No,63,Yes,Yes,DSL,Yes,Yes,No,Yes,Yes,No,Two year,Yes,Electronic check,97.18,6114.69,No
CUST-0006300,Male,0,Yes,No,30,Yes,Yes,No,No internet service,No internet service,No internet service,No internet service,No internet service,No internet service,Two year,Yes,Bank transfer (automatic),114.52,3408.05,No
CUST-0006301,Female,0,No,Yes,8,Yes,No,No,No internet service,No internet service,No internet service,No internet service,No internet service,No internet service,Two year,Yes,Mailed check,71.38,574.55,No
CUST-0006302,Male,0,No,Yes,23,Yes,No,No,No internet service,No internet service,No internet service,No internet service,No internet service,No internet service,Two year,Yes,Mailed check,115.04,2627.35,No
CUST-0006303,Male,0,No,No,37,Yes,No,No,No internet service,No internet service,No internet service,No internet service,No internet service,No internet service,Month-to-month,No,Bank transfer (automatic),18.25,699.11,No
CUST-0006304,Female,0,Yes,Yes,7,Yes,Yes,DSL,No,Yes,No,No,Yes,No,Two year,No,Mailed check,66.79,439.9,No
CUST-0006305,Male,0,Yes,No,34,Yes,Yes,No,No internet service,No internet service,No internet service,No internet service,No internet service,No internet service,Two year,Yes,Bank transfer (automatic),89.4,3018.76,No
CUST-0006306,Male,0,Yes,Yes,1,No,No phone service,Fiber optic,Yes,No,No,Yes,Yes,No,Month-to-month,Yes,Mailed check,18.25,4.1,No
CUST-0006307,Male,0,Yes,No,11,Yes,No,No,No internet service,No internet service,No internet service,No internet service,No internet service,No internet service,Two year,Yes,Electronic check,70.82,794.02,No
CUST-0006308,Male,1,No,No,35,Yes,Yes,DSL,No,Yes,Yes,Yes,Yes,No,Two year,Yes,Credit card (automatic),51.9,1805.34,No
CUST-0006309,Female,0,Yes,No,5,Yes,No,Fiber optic,No,Yes,No,No,Yes,No,One year,No,Bank transfer (automatic),79.89,362.97,No
CUST-0006310,Female,1,Yes,No,8,Yes,No,DSL,Yes,No,No,No,Yes,No,One year,No,Electronic check,80.03,648.82,No
CUST-0006311,Male,0,Yes,No,67,Yes,Yes,DSL,No,No,No,No,No,No,Month-to-month,No,Credit card (automatic),50.07,3360.95,Yes
CUST-0006312,Female,0,Yes,No,35,Yes,No,Fiber optic,Yes,No,No,No,No,No,One year,Yes,Electronic check,36.29,1254.93,Yes
CUST-0006313,Female,0,No,No,22,Yes,No,DSL,No,Yes,Yes,Yes,Yes,No,One year,Yes,Mailed check,71.47,1586.74,No
CUST-0006314,Male,0,No,No,7,Yes,Yes,Fiber optic,No,Yes,No,Yes,No,No,Month-to-month,Yes,Credit card (automatic),44.34,338.36,Yes
CUST-0006315,Male,1,No,No,13,Yes,No,Fiber optic,Yes,Yes,Yes,No,Yes,No,Month-to-month,No,Credit card (automatic),118.75,1529.74,No
CUST-0006316,Female,1,Yes,No,27,Yes,No,DSL,No,No,Yes,No,Yes,No,Month-to-month,Yes,Mailed check,45.01,1208.58,Yes
CUST-0006317,Female,0,No,No,5,Yes,Yes,DSL,No,Yes,Yes,No,Yes,Yes,Two year,No,Bank transfer (automatic),55.48,268.16,No
CUST-0006318,Female,0,No,No,21,Yes,Yes,No,No internet service,No internet service,No internet service,No internet service,No internet service,No internet service,Two year,No,Mailed check,59.34,1246.11,No
CUST-0006319,Female,0,Yes,Yes,16,Yes,Yes,No,No internet service,No internet service,No internet service,No internet service,No internet service,No internet service,Month-to-month,Yes,Mailed check,79.4,1281.59,No
CUST-0006320,Male,0,Yes,Yes,20,Yes,No,Fiber optic,No,No,Yes,Yes,Yes,No,Month-to-month,No,Bank transfer (automatic),81.82,1663.41,No
CUST-0006321,Female,0,No,Yes,3,Yes,Yes,No,No internet service,No internet service,No internet service,No internet service,No internet service,No internet service,Month-to-month,No,Mailed check,95.63,279.68,Yes
CUST-0006322,Female,0,No,Yes,3,Yes,Yes,DSL,No,No,No,No,Yes,Yes,One year,Yes,Bank transfer (automatic),61.66,198.14,No
CUST-0006323,Female,0,No,No,72,Yes,Yes,DSL,Yes,No,No,No,Yes,No,One year,Yes,Mailed check,46.6,3393.56,Yes
CUST-0006324,Male,0,Yes,No,72,Yes,Yes,DSL,No,No,Yes,No,No,No,Two year,Yes,Electronic check,26.95,1946.55,No
CUST-0006325,Male,1,Yes,No,17,Yes,Yes,Fiber optic,No,No,No,No,Yes,No,Month-to-month,No,Electronic check,56.41,928.82,Yes
CUST-0006326,Male,0,No,Yes,49,Yes,No,Fiber optic,No,Yes,Yes,No,No,No,Month-to-month,No,Credit card (automatic),59.54,2898.72,No
CUST-0006327,Female,0,No,No,34,Yes,Yes,DSL,Yes,No,Yes,No,Yes,No,Month-to-month,No,Bank transfer (automatic),96.03,3266.92,No
CUST-0006328,Male,1,No,No,3,Yes,No,DSL,No,Yes,Yes,No,No,No,Two year,Yes,Credit card (automatic),116.99,401.32,No
CUST-0006329,Male,0,No,No,11,Yes,No,No,No internet service,No internet service,No internet service,No internet service,No internet service,No internet service,Month-to-month,No,Credit card (automatic),98.08,1079.5,Yes
CUST-0006330,Male,0,Yes,No,12,Yes,No,Fiber optic,No,No,No,No,No,Yes,Month-to-month,No,Electronic check,59.56,722.77,No
CUST-0006331,Male,0,No,No,28,Yes,No,No,No internet service,No internet service,No internet service,No internet service,No internet service,No internet service,Two year,Yes,Electronic check,18.25,544.56,No
CUST-0006332,Female,0,No,No,27,Yes,No,DSL,No,No,No,No,No,No,One year,No,Mailed check,53.2,1475.35,No
CUST-0006333,Female,0,No,Yes,72,Yes,No,Fiber optic,No,No,No,No,No,No,Month-to-month,Yes,Electronic check,60.08,4360.81,Yes
CUST-0006334,Female,1,Yes,No,49,Yes,Yes,No,No internet service,No internet service,No internet service,No internet service,No internet service,No internet service,Month-to-month,No,Electronic check,66.52,3271.67,Yes
CUST-0006335,Male,1,Yes,No,62,Yes,Yes,No,No internet service,No internet service,No internet service,No internet service,No internet service,No internet service,One year,Yes,Credit card (automatic),88.26,5464.68,No
CUST-0006336,Female,0,No,No,70,Yes,Yes,DSL,No,No,Yes,No,No,No,Two year,No,Credit card (automatic),49.07,3465.59,No
CUST-0006337,Male,0,No,Yes,51,Yes,Yes,DSL,Yes,No,No,No,No,No,Month-to-month,Yes,Electronic check,70.63,3621.89,No
CUST-0006338,Male,0,No,Yes,12,Yes,No,DSL,No,No,No,No,No,No,Month-to-month,Yes,Mailed check,57.82,670.28,No
CUST-0006339,Male,0,No,No,7,Yes,Yes,Fiber optic,No,No,No,Yes,No,No,Two year,No,Credit card (automatic),100.02,700.32,No
CUST-0006340,Male,0,No,No,27,Yes,Yes,Fiber optic,Yes,No,Yes,No,No,No,Month-to-month,Yes,Bank transfer (automatic),80.49,2170.36,No
CUST-0006341,Male,0,No,No,37,Yes,No,Fiber optic,No,No,No,No,No,Yes,Two year,No,Mailed check,71.31,2614.02,No
CUST-0006342,Female,0,Yes,No,15,Yes,No,DSL,Yes,No,No,No,Yes,No,Two year,No,Mailed check,51.12,755.29,Yes
CUST-0006343,Female,0,Yes,No,60,Yes,No,Fiber optic,No,No,Yes,No,Yes,Yes,One year,Yes,Electronic check,61.86,3711.67,No
CUST-0006344,Female,0,Yes,Yes,72,Yes,Yes,DSL,Yes,No,No,Yes,Yes,No,Two year,No,Electronic check,117.83,8476.16,Yes
CUST-0006345,Male,0,No,No,26,Yes,No,No,No internet service,No internet service,No internet service,No internet service,No internet service,No internet service,Month-to-month,Yes,Credit card (automatic),66.03,1728.63,No
CUST-0006346,Male,0,Yes,Yes,19,Yes,Yes,Fiber optic,No,Yes,No,No,No,No,Two year,Yes,Electronic check,31.22,572.87,Yes
CUST-0006347,Male,0,Yes,No,59,Yes,No,Fiber optic,Yes,No,Yes,Yes,No,Yes,One year,Yes,Electronic check,107.7,6345.31,Yes
CUST-0006348,Female,0,No,No,0,Yes,No,Fiber optic,No,Yes,Yes,No,Yes,No,Month-to-month,Yes,Electronic check,106.4,,Yes
CUST-0006349,Female,0,No,Yes,4,Yes,Yes,DSL,No,No,No,No,No,Yes,Month-to-month,No,Mailed check,40.34,129.49,Yes
CUST-0006350,Female,0,No,No,59,No,No phone service,Fiber optic,No,No,No,No,Yes,Yes,Two year,Yes,Bank transfer (automatic),81.25,4783.78,No
CUST-0006351,Male,1,Yes,No,42,Yes,Yes,DSL,Yes,No,Yes,No,Yes,No,Two year,No,Mailed check,75.32,3147.9,Yes
CUST-0006352,Female,0,No,Yes,17,Yes,No,Fiber optic,No,Yes,No,Yes,No,No,Two year,No,Electronic check,18.25,326.07,Yes
CUST-0006353,Male,0,Yes,Yes,70,Yes,No,Fiber optic,No,No,No,No,Yes,No,Month-to-month,Yes,Mailed check,73.66,5164.15,No
CUST-0006354,Female,0,Yes,No,13,No,No phone service,DSL,No,No,No,No,Yes,No,Two year,No,Mailed check,54.38,713.4,No
CUST-0006355,Female,0,Yes,No,32,Yes,No,Fiber optic,Yes,Yes,No,No,No,Yes,Month-to-month,No,Electronic check,84.95,2720.46,Yes
CUST-0006356,Female,0,Yes,No,32,Yes,No,DSL,No,No,No,Yes,Yes,Yes,Two year,Yes,Bank transfer (automatic),96.34,3068.73,No
CUST-0006357,Female,0,Yes,No,6,Yes,No,DSL,No,Yes,No,No,Yes,No,Month-to-month,Yes,Credit card (automatic),90.76,518.59,Yes
CUST-0006358,Male,1,No,No,10,Yes,Yes,No,No internet service,No internet service,No internet service,No internet service,No internet service,No internet service,Month-to-month,No,Bank transfer (automatic),18.25,189.65,No
CUST-0006359,Female,0,Yes,No,72,Yes,No,Fiber optic,Yes,No,No,No,No,No,Month-to-month,No,Electronic check,103.36,7401.4,No
CUST-0006360,Female,0,No,No,6,Yes,No,Fiber optic,Yes,No,No,No,Yes,No,One year,No,Bank transfer (automatic),24.39,127.77,Yes
CUST-0006361,Male,0,Yes,No,6,Yes,No,Fiber optic,No,No,Yes,No,Yes,No,Month-to-month,No,Electronic check,48.84,306.76,No
CUST-0006362,Male,0,Yes,No,20,Yes,No,Fiber optic,No,Yes,Yes,No,No,No,Two year,Yes,Mailed check,53.62,1062.29,Yes
CUST-0006363,Male,0,No,No,3,Yes,Yes,Fiber optic,No,Yes,No,No,Yes,No,Month-to-month,Yes,Credit card (automatic),114.52,363.9,No
CUST-0006364,Male,0,No,Yes,72,Yes,No,DSL,Yes,No,No,Yes,No,No,One year,Yes,Credit card (automatic),63.99,4632.15,No
CUST-0006365,Male,1,No,Yes,3,Yes,No,Fiber optic,No,No,Yes,No,Yes,No,Month-to-month,Yes,Credit card (automatic),95.52,283.81,No
CUST-0006366,Female,0,No,Yes,30,Yes,No,Fiber optic,No,Yes,No,Yes,No,Yes,One year,No,Mailed check,55.29,1682.65,No
CUST-0006367,Male,1,No,No,13,Yes,No,No,No internet service,No internet service,No internet service,No internet service,No internet service,No internet service,Month-to-month,Yes,Bank transfer (automatic),68.34,864.2,No
CUST-0006368,Male,0,No,No,52,No,No phone service,DSL,No,Yes,No,No,No,No,Month-to-month,Yes,Electronic check,72.2,3719.54,No
CUST-0006369,Male,0,No,No,28,Yes,Yes,DSL,No,No,Yes,Yes,Yes,No,Two year,No,Credit card (automatic),71.84,2005.92,No
CUST-0006370,Female,0,No,No,15,Yes,No,No,No internet service,No internet service,No internet service,No internet service,No internet service,No internet service,Month-to-month,No,Mailed check,105.24,1609.9,No
CUST-0006371,Female,0,Yes,No,72,Yes,No,Fiber optic,No,No,Yes,No,No,No,One year,Yes,Bank transfer (automatic),49.85,3582.91,No
CUST-0006372,Male,1,No,No,2,Yes,No,No,No internet service,No internet service,No internet service,No internet service,No internet service,No internet service,Month-to-month,No,Mailed check,67.14,157.74,No
CUST-0006373,Female,0,Yes,Yes,27,Yes,Yes,Fiber optic,Yes,No,Yes,No,Yes,No,Two year,Yes,Mailed check,118.75,3221.73,No
CUST-0006374,Female,0,Yes,No,72,Yes,No,Fiber optic,No,Yes,Yes,Yes,No,Yes,Month-to-month,No,Mailed check,118.75,8571.35,Yes
CUST-0006375,Male,1,No,No,37,Yes,No,Fiber optic,No,No,Yes,No,Yes,Yes,Two year,Yes,Mailed check,20.32,737.14,No
CUST-0006376,Male,1,Yes,Yes,43,Yes,No,DSL,No,No,No,Yes,Yes,Yes,Month-to-month,Yes,Credit card (automatic),74.23,3210.1,No
CUST-0006377,Female,0,Yes,No,1,Yes,No,Fiber optic,Yes,Yes,No,No,Yes,Yes,Two year,No,Credit card (automatic),80.84,33.84,No
CUST-0006378,Female,1,Yes,No,0,Yes,Yes,DSL,No,Yes,No,No,No,No,Two year,No,Mailed check,60.64,,No
CUST-0006379,Female,0,No,Yes,1,Yes,No,Fiber optic,No,No,Yes,No,No,No,Two year,No,Electronic check,60.1,72.85,Yes
CUST-0006380,Female,0,Yes,No,72,Yes,No,No,No internet service,No internet service,No internet service,No internet service,No internet service,No internet service,Month-to-month,No,Mailed check,99.5,7163.91,No
CUST-0006381,Female,0,Yes,No,72,Yes,No,DSL,Yes,No,No,No,Yes,No,Month-to-month,Yes,Electronic check,106.56,7709.02,No
CUST-0006382,Female,1,No,No,13,Yes,No,DSL,Yes,Yes,No,Yes,Yes,Yes,Month-to-month,No,Bank transfer (automatic),52.64,714.57,Yes
CUST-0006383,Male,0,Yes,No,11,No,No phone service,No,No internet service,No internet service,No internet service,No internet service,No internet service,No internet service,One year,Yes,Electronic check,111.83,1239.62,No
CUST-0006384,Male,0,Yes,No,5,Yes,No,DSL,No,No,No,Yes,Yes,Yes,Two year,No,Electronic check,18.25,70.32,No
CUST-0006385,Male,0,Yes,No,12,Yes,No,Fiber optic,Yes,No,No,Yes,No,No,Month-to-month,Yes,Electronic check,57.25,669.82,No
CUST-0006386,Female,0,Yes,Yes,14,No,No phone service,No,No internet service,No internet service,No internet service,No internet service,No internet service,No internet service,Month-to-month,Yes,Credit card (automatic),73.71,1030.12,No
CUST-0006387,Female,0,Yes,No,44,Yes,Yes,DSL,No,No,No,No,No,No,Two year,No,Credit card (automatic),49.22,2191.41,Yes
CUST-0006388,Female,0,Yes,Yes,64,Yes,Yes,No,No internet service,No internet service,No internet service,No internet service,No internet service,No internet service,Month-to-month,Yes,Electronic check,118.75,7595.76,No
CUST-0006389,Male,1,Yes,No,43,No,No phone service,Fiber optic,No,No,Yes,Yes,No,Yes,Month-to-month,No,Bank transfer (automatic),66.99,2858.0,No
CUST-0006390,Female,0,No,Yes,33,Yes,No,DSL,No,No,No,No,Yes,Yes,Month-to-month,Yes,Credit card (automatic),24.31,821.65,Yes
CUST-0006391,Male,0,No,No,46,Yes,No,No,No internet service,No internet service,No internet service,No internet service,No internet service,No internet service,One year,No,Mailed check,66.42,3095.14,No
CUST-0006392,Male,0,No,No,42,Yes,Yes,Fiber optic,No,No,No,Yes,No,Yes,Month-to-month,Yes,Electronic check,94.27,3923.57,Yes
CUST-0006393,Female,1,Yes,No,20,Yes,No,Fiber optic,No,No,No,No,Yes,Yes,Two year,No,Electronic check,67.88,1345.75,Yes
CUST-0006394,Female,0,Yes,Yes,13,Yes,Yes,Fiber optic,No,Yes,No,No,No,No,Month-to-month,No,Electronic check,84.81,1124.83,No
CUST-0006395,Female,0,No,No,10,Yes,No,DSL,No,No,Yes,No,No,Yes,Month-to-month,No,Electronic check,77.14,775.73,No
CUST-0006396,Male,1,Yes,Yes,36,Yes,No,DSL,No,No,Yes,No,No,No,One year,Yes,Electronic check,53.17,1940.09,No
CUST-0006397,Male,0,No,No,72,Yes,No,DSL,No,No,Yes,No,No,No,Month-to-month,No,Credit card (automatic),106.75,7671.06,No
CUST-0006398,Male,0,No,No,27,Yes,Yes,DSL,No,No,Yes,Yes,Yes,Yes,Month-to-month,No,Credit card (automatic),18.25,476.43,No
CUST-0006399,Male,0,No,No,72,Yes,No,DSL,No,Yes,Yes,Yes,No,No,Two year,No,Credit card (automatic),24.75,1782.36,Yes
CUST-0006400,Female,1,Yes,No,0,Yes,No,DSL,No,No,No,No,Yes,Yes,Two year,Yes,Bank transfer (automatic),18.25,,No
CUST-0006401,Female,0,Yes,No,50,Yes,Yes,DSL,No,No,No,No,Yes,No,Month-to-month,No,Bank transfer (automatic),77.57,3875.2,No
CUST-0006402,Female,0,No,Yes,61,Yes,No,DSL,No,Yes,Yes,No,Yes,Yes,Month-to-month,No,Bank transfer (automatic),31.27,1901.06,No
CUST-0006403,Male,1,No,No,31,Yes,No,Fiber optic,No,No,No,Yes,No,No,Month-to-month,Yes,Credit card (automatic),32.03,939.22,Yes
CUST-0006404,Female,0,Yes,No,72,Yes,No,DSL,Yes,No,Yes,No,Yes,Yes,One year,Yes,Electronic check,24.44,1753.62,No
CUST-0006405,Male,0,No,No,28,Yes,No,Fiber optic,No,Yes,Yes,Yes,No,Yes,Month-to-month,No,Bank transfer (automatic),47.91,1338.3,No
CUST-0006406,Female,0,Yes,No,8,No,No phone service,Fiber optic,No,No,No,No,No,No,Month-to-month,Yes,Credit card (automatic),32.08,265.29,No
CUST-0006407,Male,0,Yes,Yes,7,Yes,Yes,No,No internet service,No internet service,No internet service,No internet service,No internet service,No internet service,Two year,Yes,Bank transfer (automatic),112.4,785.46,No
CUST-0006408,Male,0,No,No,25,Yes,Yes,Fiber optic,Yes,Yes,No,No,Yes,No,One year,No,Credit card (automatic),53.13,1304.72,No
CUST-0006409,Female,0,No,No,72,Yes,Yes,No,No internet service,No internet service,No internet service,No internet service,No internet service,No internet service,Two year,Yes,Electronic check,58.14,4163.54,Yes
CUST-0006410,Female,1,No,No,2,Yes,Yes,Fiber optic,No,No,No,No,No,No,Month-to-month,Yes,Mailed check,75.59,154.84,No
CUST-0006411,Male,0,Yes,No,29,Yes,No,DSL,Yes,Yes,No,No,Yes,No,One year,Yes,Bank transfer (automatic),53.22,1520.37,No
CUST-0006412,Male,0,Yes,No,47,Yes,No,Fiber optic,No,Yes,No,No,Yes,No,Two year,Yes,Electronic check,48.31,2224.93,No
CUST-0006413,Female,0,No,No,3,Yes,No,Fiber optic,No,Yes,Yes,No,No,No,Month-to-month,Yes,Electronic check,54.81,178.88,No
CUST-0006414,Male,0,Yes,No,3,Yes,No,Fiber optic,No,No,No,Yes,Yes,No,One year,No,Credit card (automatic),84.6,250.62,No
CUST-0006415,Male,0,Yes,No,14,Yes,No,Fiber optic,Yes,No,No,No,Yes,No,Two year,Yes,Credit card (automatic),80.67,1144.54,No
CUST-0006416,Male,1,No,Yes,10,Yes,Yes,Fiber optic,No,Yes,No,No,No,No,Month-to-month,Yes,Electronic check,65.58,659.58,No
CUST-0006417,Male,0,Yes,No,7,Yes,No,DSL,Yes,No,No,No,No,No,Month-to-month,No,Electronic check,18.25,106.09,No
CUST-0006418,Female,1,No,No,7,Yes,Yes,No,No internet service,No internet service,No internet service,No internet service,No internet service,No internet service,Month-to-month,Yes,Mailed check,52.69,345.56,No
CUST-0006419,Female,0,Yes,No,4,Yes,Yes,Fiber optic,No,No,No,Yes,Yes,No,One year,Yes,Credit card (automatic),47.53,209.09,No
CUST-0006420,Female,0,No,No,30,Yes,No,Fiber optic,Yes,No,No,No,Yes,No,Two year,Yes,Credit card (automatic),116.42,3509.44,No
CUST-0006421,Female,0,No,No,37,Yes,No,No,No internet service,No internet service,No internet service,No internet service,No internet service,No internet service,Month-to-month,No,Mailed check,60.28,2223.62,No
CUST-0006422,Male,0,Yes,No,38,Yes,Yes,No,No internet service,No internet service,No internet service,No internet service,No internet service,No internet service,Month-to-month,Yes,Mailed check,109.06,4122.47,Yes
CUST-0006423,Male,0,Yes,Yes,24,Yes,Yes,Fiber optic,No,Yes,No,No,No,No,Month-to-month,Yes,Bank transfer (automatic),57.01,1382.27,Yes
CUST-0006424,Male,0,Yes,No,72,Yes,Yes,No,No internet service,No internet service,No internet service,No internet service,No internet service,No internet service,Month-to-month,No,Bank transfer (automatic),101.46,7271.16,No
CUST-0006425,Male,1,Yes,Yes,67,Yes,No,Fiber optic,Yes,No,Yes,No,No,Yes,Two year,No,Electronic check,54.99,3677.63,No
CUST-0006426,Male,0,No,No,72,Yes,No,Fiber optic,No,No,Yes,No,Yes,No,Month-to-month,No,Electronic check,31.61,2300.83,No
CUST-0006427,Female,0,No,Yes,15,Yes,No,No,No internet service,No internet service,No internet service,No internet service,No internet service,No internet service,Two year,No,Credit card (automatic),50.44,754.65,No
CUST-0006428,Female,0,No,No,67,Yes,No,DSL,Yes,Yes,Yes,No,No,No,Two year,Yes,Mailed check,19.89,1322.7,No
CUST-0006429,Male,0,No,No,46,Yes,No,Fiber optic,Yes,No,No,Yes,No,No,Month-to-month,Yes,Electronic check,76.52,3504.42,No
CUST-0006430,Female,0,Yes,No,13,Yes,Yes,Fiber optic,No,No,No,No,Yes,No,Month-to-month,No,Credit card (automatic),42.14,548.59,No
CUST-0006431,Female,0,Yes,No,3,Yes,No,Fiber optic,No,No,No,No,Yes,Yes,Two year,No,Bank transfer (automatic),99.84,323.07,No
CUST-0006432,Female,0,No,Yes,36,Yes,Yes,DSL,No,Yes,No,Yes,Yes,No,Two year,No,Bank transfer (automatic),80.08,2885.37,Yes
CUST-0006433,Female,0,No,Yes,4,Yes,Yes,Fiber optic,Yes,Yes,No,Yes,Yes,Yes,Month-to-month,Yes,Bank transfer (automatic),45.54,194.42,No
CUST-0006434,Female,0,No,No,11,Yes,No,Fiber optic,No,No,Yes,No,No,Yes,Month-to-month,Yes,Mailed check,24.05,280.04,No
CUST-0006435,Female,0,Yes,No,22,Yes,No,DSL,No,No,Yes,No,No,No,Month-to-month,Yes,Credit card (automatic),34.3,783.97,No
CUST-0006436,Female,0,No,No,36,Yes,No,No,No internet service,No internet service,No internet service,No internet service,No internet service,No internet service,Two year,Yes,Mailed check,116.34,4170.34,Yes
CUST-0006437,Female,1,Yes,Yes,72,Yes,No,DSL,No,No,Yes,No,No,No,Month-to-month,Yes,Electronic check,18.25,1332.35,Yes
CUST-0006438,Male,0,No,No,28,Yes,No,Fiber optic,No,No,Yes,No,Yes,No,One year,Yes,Mailed check,29.26,839.52,Yes
CUST-0006439,Male,0,No,No,35,Yes,Yes,DSL,No,No,Yes,Yes,No,Yes,Month-to-month,Yes,Mailed check,18.25,605.87,No
CUST-0006440,Female,0,Yes,No,11,Yes,No,Fiber optic,No,No,Yes,No,No,Yes,Month-to-month,No,Electronic check,61.85,672.64,No
CUST-0006441,Male,0,No,No,37,Yes,No,No,No internet service,No internet service,No internet service,No internet service,No internet service,No internet service,Month-to-month,Yes,Electronic check,73.45,2727.9,Yes
CUST-0006442,Male,0,No,No,18,Yes,No,No,No internet service,No internet service,No internet service,No internet service,No internet service,No internet service,Month-to-month,No,Mailed check,65.55,1178.58,Yes
CUST-0006443,Female,1,No,Yes,62,Yes,No,DSL,No,No,Yes,No,No,Yes,One year,Yes,Credit card (automatic),110.97,6891.61,No
CUST-0006444,Male,0,No,Yes,15,Yes,No,Fiber optic,No,No,No,No,Yes,No,Month-to-month,Yes,Mailed check,62.25,946.85,Yes
CUST-0006445,Female,0,Yes,No,20,Yes,No,Fiber optic,Yes,No,Yes,Yes,No,No,Month-to-month,No,Credit card (automatic),84.28,1683.68,Yes
CUST-0006446,Female,0,No,No,18,Yes,Yes,Fiber optic,No,No,Yes,Yes,Yes,Yes,Month-to-month,Yes,Bank transfer (automatic),118.75,2124.78,No
CUST-0006447,Female,0,Yes,Yes,53,Yes,Yes,Fiber optic,No,No,No,Yes,No,Yes,One year,Yes,Credit card (automatic),87.81,4648.74,No
CUST-0006448,Male,1,Yes,No,72,Yes,Yes,Fiber optic,No,No,No,No,No,Yes,Month-to-month,Yes,Credit card (automatic),104.86,7525.38,Yes
CUST-0006449,Male,0,Yes,No,12,Yes,No,DSL,Yes,No,No,No,Yes,No,One year,No,Electronic check,66.84,773.52,Yes
CUST-0006450,Female,0,No,No,20,Yes,No,DSL,No,No,No,No,Yes,Yes,Two year,Yes,Credit card (automatic),60.93,1231.36,No
CUST-0006451,Female,0,Yes,Yes,39,Yes,No,Fiber optic,No,No,No,Yes,Yes,Yes,Two year,No,Electronic check,88.67,3475.99,Yes
CUST-0006452,Female,0,Yes,No,72,Yes,Yes,Fiber optic,No,No,No,No,Yes,No,Month-to-month,Yes,Mailed check,57.52,4117.5,No
CUST-0006453,Male,0,Yes,No,21,Yes,No,Fiber optic,No,Yes,No,No,No,Yes,Month-to-month,No,Electronic check,57.33,1213.36,Yes
CUST-0006454,Male,1,No,Yes,3,Yes,Yes,Fiber optic,No,No,Yes,No,Yes,Yes,Two year,No,Mailed check,40.02,125.21,No
CUST-0006455,Female,0,No,No,14,Yes,No,Fiber optic,Yes,Yes,No,Yes,Yes,No,Month-to-month,Yes,Electronic check,76.04,1035.02,No
CUST-0006456,Male,0,Yes,No,25,Yes,No,Fiber optic,Yes,No,Yes,Yes,No,Yes,Month-to-month,Yes,Credit card (automatic),18.25,495.07,No
CUST-0006457,Female,0,No,No,17,Yes,Yes,DSL,No,Yes,Yes,No,Yes,Yes,Month-to-month,Yes,Bank transfer (automatic),18.25,305.35,No
CUST-0006458,Male,0,Yes,No,6,Yes,No,Fiber optic,No,No,No,No,No,Yes,Month-to-month,Yes,Electronic check,88.7,540.21,Yes
CUST-0006459,Male,0,No,No,1,Yes,No,DSL,No,No,No,No,Yes,Yes,One year,No,Electronic check,74.25,80.68,No
CUST-0006460,Male,0,No,No,37,Yes,Yes,Fiber optic,No,Yes,Yes,Yes,No,Yes,Month-to-month,Yes,Electronic check,18.25,676.42,No
CUST-0006461,Male,0,No,No,72,Yes,No,No,No internet service,No internet service,No internet service,No internet service,No internet service,No internet service,Month-to-month,Yes,Bank transfer (automatic),46.25,3340.23,No
CUST-0006462,Female,0,Yes,No,72,Yes,Yes,Fiber optic,No,Yes,No,No,No,No,Month-to-month,Yes,Mailed check,50.67,3678.69,No
CUST-0006463,Female,1,No,Yes,36,Yes,Yes,Fiber optic,No,No,No,Yes,No,Yes,Two year,Yes,Credit card (automatic),39.57,1464.95,Yes
CUST-0006464,Male,0,No,No,58,Yes,No,DSL,No,No,No,No,Yes,No,One year,Yes,Electronic check,98.84,5737.2,No
CUST-0006465,Female,0,No,No,9,Yes,No,DSL,No,No,No,No,Yes,No,Two year,Yes,Mailed check,90.29,819.12,No
CUST-0006466,Male,0,Yes,No,31,Yes,Yes,DSL,No,Yes,No,Yes,No,No,One year,No,Mailed check,61.45,1944.92,No
CUST-0006467,Female,0,Yes,No,2,No,No phone service,DSL,No,No,No,No,Yes,No,Two year,Yes,Credit card (automatic),118.75,236.92,Yes
CUST-0006468,Male,0,No,Yes,39,Yes,No,Fiber optic,No,Yes,No,No,Yes,No,One year,Yes,Bank transfer (automatic),28.83,1106.86,Yes
CUST-0006469,Female,1,Yes,No,72,Yes,No,No,No internet service,No internet service,No internet service,No internet service,No internet service,No internet service,Month-to-month,Yes,Mailed check,57.44,4125.44,No
CUST-0006470,Female,0,No,No,63,Yes,Yes,DSL,No,Yes,No,No,No,No,Month-to-month,Yes,Bank transfer (automatic),64.19,4041.85,Yes
CUST-0006471,Female,0,Yes,No,24,Yes,No,DSL,No,No,No,No,Yes,No,One year,No,Bank transfer (automatic),49.46,1175.79,No
CUST-0006472,Female,0,No,Yes,49,Yes,No,No,No internet service,No internet service,No internet service,No internet service,No internet service,No internet service,Month-to-month,Yes,Credit card (automatic),18.25,920.86,Yes
CUST-0006473,Female,0,Yes,Yes,72,Yes,No,Fiber optic,No,No,No,Yes,No,No,Two year,Yes,Electronic check,37.81,2709.19,No
CUST-0006474,Female,0,Yes,Yes,7,Yes,No,Fiber optic,No,Yes,No,Yes,Yes,Yes,Two year,No,Electronic check,112.71,763.08,No
CUST-0006475,Female,1,Yes,No,50,Yes,Yes,No,No internet service,No internet service,No internet service,No internet service,No internet service,No internet service,Month-to-month,No,Electronic check,75.44,3772.27,No
CUST-0006476,Female,0,Yes,No,10,Yes,Yes,Fiber optic,No,Yes,Yes,Yes,No,No,Month-to-month,Yes,Mailed check,89.87,914.56,No
CUST-0006477,Female,0,No,Yes,67,Yes,No,Fiber optic,No,No,No,No,Yes,Yes,Month-to-month,Yes,Mailed check,113.59,7625.25,No
CUST-0006478,Male,0,No,No,3,Yes,No,Fiber optic,No,Yes,No,No,No,No,Two year,Yes,Electronic check,27.53,76.89,Yes
CUST-0006479,Female,0,No,No,6,Yes,No,DSL,No,No,Yes,No,No,No,Month-to-month,No,Bank transfer (automatic),116.92,699.75,Yes
CUST-0006480,Male,0,No,Yes,40,No,No phone service,Fiber optic,Yes,No,No,No,No,Yes,One year,Yes,Credit card (automatic),51.84,2074.04,No
CUST-0006481,Female,1,No,No,6,Yes,No,DSL,Yes,Yes,Yes,No,Yes,No,Month-to-month,Yes,Electronic check,84.68,486.26,No
CUST-0006482,Male,0,Yes,No,5,Yes,No,Fiber optic,No,Yes,No,No,Yes,No,Month-to-month,No,Mailed check,94.65,467.13,No
CUST-0006483,Female,1,Yes,No,25,Yes,No,DSL,No,No,No,No,No,No,Two year,Yes,Credit card (automatic),53.63,1318.51,No
CUST-0006484,Male,0,Yes,No,57,Yes,Yes,Fiber optic,Yes,No,No,No,No,No,One year,Yes,Electronic check,61.69,3487.02,No
CUST-0006485,Male,0,No,No,10,Yes,Yes,Fiber optic,Yes,No,Yes,Yes,No,Yes,Month-to-month,No,Electronic check,61.33,644.64,Yes
CUST-0006486,Male,0,Yes,No,58,Yes,Yes,DSL,No,No,Yes,No,No,No,One year,No,Mailed check,30.99,1785.31,No
CUST-0006487,Female,0,Yes,Yes,52,No,No phone service,DSL,No,No,Yes,No,Yes,No,Two year,No,Electronic check,39.42,2053.35,No
CUST-0006488,Male,1,No,Yes,27,Yes,Yes,Fiber optic,No,No,Yes,No,No,No,One year,No,Mailed check,70.0,1895.1,Yes
CUST-0006489,Male,0,No,No,33,Yes,No,Fiber optic,Yes,Yes,Yes,No,No,No,Month-to-month,No,Credit card (automatic),18.25,608.66,No
CUST-0006490,Female,0,No,Yes,1,Yes,Yes,No,No internet service,No internet service,No internet service,No internet service,No internet service,No internet service,Two year,Yes,Mailed check,55.35,73.31,No
CUST-0006491,Female,0,No,Yes,14,Yes,Yes,No,No internet service,No internet service,No internet service,No internet service,No internet service,No internet service,Month-to-month,Yes,Electronic check,58.85,807.42,No
CUST-0006492,Male,0,No,No,9,Yes,No,DSL,Yes,No,No,No,Yes,No,Month-to-month,Yes,Bank transfer (automatic),47.45,434.64,Yes
CUST-0006493,Male,0,No,No,5,Yes,No,Fiber optic,Yes,No,No,No,No,Yes,One year,Yes,Credit card (automatic),102.5,519.22,Yes
CUST-0006494,Male,0,No,Yes,15,Yes,No,Fiber optic,Yes,No,No,No,No,No,Month-to-month,No,Credit card (automatic),82.94,1253.31,No
CUST-0006495,Female,0,No,Yes,14,Yes,Yes,Fiber optic,No,Yes,No,Yes,Yes,No,Month-to-month,Yes,Bank transfer (automatic),66.65,931.78,Yes
CUST-0006496,Male,0,Yes,No,41,Yes,No,No,No internet service,No internet service,No internet service,No internet service,No internet service,No internet service,Month-to-month,No,Bank transfer (automatic),112.92,4636.17,Yes
CUST-0006497,Male,0,Yes,No,29,No,No phone service,Fiber optic,No,Yes,No,No,No,No,One year,Yes,Electronic check,70.6,2059.47,No
CUST-0006498,Male,0,Yes,No,72,Yes,No,Fiber optic,Yes,No,No,No,Yes,No,Month-to-month,Yes,Mailed check,39.69,2868.24,No
CUST-0006499,Male,1,Yes,No,5,Yes,No,No,No internet service,No internet service,No internet service,No internet service,No internet service,No internet service,Two year,Yes,Mailed check,61.66,311.34,No
CUST-0006500,Female,0,No,Yes,1,Yes,No,DSL,No,No,No,No,No,No,Month-to-month,No,Electronic check,46.51,91.62,Yes
CUST-0006501,Male,1,Yes,Yes,24,Yes,No,Fiber optic,No,No,No,No,No,Yes,Month-to-month,Yes,Electronic check,39.89,934.0,No
CUST-0006502,Male,0,Yes,Yes,0,Yes,Yes,DSL,Yes,Yes,No,No,No,Yes,One year,No,Mailed check,75.17,,No
CUST-0006503,Male,0,No,Yes,49,Yes,Yes,DSL,No,Yes,No,No,No,Yes,Two year,Yes,Bank transfer (automatic),110.25,5403.38,Yes
CUST-0006504,Male,0,No,No,22,Yes,No,DSL,No,No,Yes,Yes,No,Yes,One year,No,Electronic check,96.7,2115.65,No
CUST-0006505,Male,0,No,No,21,Yes,No,Fiber optic,Yes,No,No,No,Yes,No,Month-to-month,Yes,Credit card (automatic),58.03,1208.04,No
CUST-0006506,Female,1,No,No,14,Yes,Yes,No,No internet service,No internet service,No internet service,No internet service,No internet service,No internet service,Two year,Yes,Bank transfer (automatic),73.89,1007.87,No
CUST-0006507,Female,0,No,No,15,Yes,No,DSL,No,No,Yes,Yes,Yes,No,One year,Yes,Credit card (automatic),49.31,722.45,Yes
CUST-0006508,Female,0,No,Yes,18,Yes,No,Fiber optic,No,No,Yes,Yes,Yes,No,Two year,No,Electronic check,96.2,1721.08,No
CUST-0006509,Female,0,Yes,Yes,0,Yes,Yes,DSL,No,No,No,Yes,No,Yes,Two year,Yes,Bank transfer (automatic),76.95,,No
CUST-0006510,Female,0,Yes,No,2,Yes,No,DSL,No,No,No,Yes,Yes,No,Month-to-month,No,Electronic check,61.75,123.95,Yes
CUST-0006511,Male,0,Yes,No,22,Yes,No,No,No internet service,No internet service,No internet service,No internet service,No internet service,No internet service,One year,Yes,Mailed check,97.6,2123.04,No
CUST-0006512,Female,0,No,No,5,Yes,No,DSL,No,No,No,No,No,Yes,One year,Yes,Bank transfer (automatic),65.43,308.59,No
CUST-0006513,Female,0,No,No,48,Yes,Yes,DSL,No,Yes,No,No,Yes,No,Two year,Yes,Bank transfer (automatic),43.86,2105.7,No
CUST-0006514,Female,0,No,No,10,Yes,Yes,DSL,No,No,No,No,No,No,Two year,No,Electronic check,115.81,1163.74,No
CUST-0006515,Female,0,No,Yes,3,Yes,Yes,DSL,Yes,Yes,Yes,Yes,Yes,No,Month-to-month,Yes,Electronic check,64.41,194.47,Yes
CUST-0006516,Male,0,Yes,Yes,8,No,No phone service,Fiber optic,No,Yes,No,No,Yes,No,Month-to-month,Yes,Mailed check,46.68,351.09,No
CUST-0006517,Female,0,No,Yes,14,Yes,No,DSL,Yes,Yes,No,No,No,No,Two year,Yes,Bank transfer (automatic),78.2,1087.65,No
CUST-0006518,Female,0,No,No,1,Yes,No,Fiber optic,Yes,No,No,No,No,Yes,Month-to-month,No,Electronic check,18.25,18.44,No
CUST-0006519,Female,0,Yes,Yes,4,Yes,No,Fiber optic,Yes,Yes,No,Yes,Yes,No,One year,Yes,Credit card (automatic),73.0,295.49,No
CUST-0006520,Male,0,No,No,12,Yes,No,Fiber optic,No,Yes,No,No,No,Yes,Two year,No,Mailed check,116.31,1405.68,No
CUST-0006521,Male,0,Yes,No,11,Yes,Yes,No,No internet service,No internet service,No internet service,No internet service,No internet service,No internet service,Month-to-month,No,Credit card (automatic),101.22,1106.63,No
CUST-0006522,Male,0,Yes,No,51,Yes,Yes,DSL,No,Yes,No,No,Yes,Yes,One year,Yes,Bank transfer (automatic),96.03,4893.58,Yes
CUST-0006523,Female,0,No,Yes,59,Yes,Yes,Fiber optic,No,No,No,Yes,No,No,Month-to-month,No,Credit card (automatic),83.83,4941.27,No
CUST-0006524,Male,0,No,No,6,Yes,No,Fiber optic,No,No,Yes,No,No,Yes,One year,Yes,Mailed check,100.39,608.28,No
CUST-0006525,Male,0,Yes,No,4,Yes,Yes,DSL,No,No,No,No,Yes,Yes,Two year,Yes,Bank transfer (automatic),53.87,219.2,Yes
CUST-0006526,Female,1,No,Yes,32,No,No phone service,No,No internet service,No internet service,No internet service,No internet service,No internet service,No internet service,Month-to-month,Yes,Mailed check,85.32,2715.53,Yes
CUST-0006527,Male,1,No,Yes,52,Yes,Yes,Fiber optic,No,Yes,No,Yes,No,Yes,Two year,Yes,Electronic check,77.22,4013.05,No
CUST-0006528,Female,0,No,No,72,Yes,Yes,DSL,No,Yes,No,Yes,Yes,No,Month-to-month,Yes,Electronic check,96.62,6983.12,No
CUST-0006529,Male,0,Yes,Yes,0,Yes,Yes,DSL,No,No,No,No,Yes,No,Month-to-month,Yes,Electronic check,28.79,,No
CUST-0006530,Female,1,Yes,No,17,Yes,No,DSL,No,No,No,Yes,No,No,Two year,Yes,Bank transfer (automatic),77.68,1272.89,No
CUST-0006531,Female,0,Yes,No,42,Yes,Yes,No,No internet service,No internet service,No internet service,No internet service,No internet service,No internet service,Month-to-month,Yes,Credit card (automatic),74.49,3140.24,No
CUST-0006532,Female,0,No,Yes,56,No,No phone service,Fiber optic,Yes,No,Yes,No,Yes,No,Month-to-month,Yes,Electronic check,97.86,5473.96,No
CUST-0006533,Female,0,Yes,No,2,Yes,No,Fiber optic,Yes,No,No,No,No,No,Month-to-month,No,Credit card (automatic),18.25,76.47,Yes
CUST-0006534,Male,0,Yes,No,36,Yes,No,DSL,No,Yes,Yes,No,No,No,Month-to-month,Yes,Mailed check,61.32,2229.19,Yes
CUST-0006535,Male,0,No,Yes,10,Yes,No,Fiber optic,Yes,No,No,Yes,Yes,No,Two year,Yes,Mailed check,51.08,517.59,Yes
CUST-0006536,Male,1,No,Yes,2,Yes,No,No,No internet service,No internet service,No internet service,No internet service,No internet service,No internet service,Month-to-month,Yes,Electronic check,58.15,129.95,No
CUST-0006537,Female,0,No,No,21,Yes,No,Fiber optic,Yes,No,Yes,No,No,No,One year,Yes,Credit card (automatic),107.4,2291.88,No
CUST-0006538,Female,0,No,Yes,5,Yes,Yes,DSL,No,No,Yes,No,No,Yes,Month-to-month,Yes,Electronic check,118.75,599.24,No
CUST-0006539,Male,0,Yes,Yes,42,Yes,No,DSL,No,No,No,Yes,Yes,No,Month-to-month,No,Electronic check,111.94,4671.65,No
CUST-0006540,Female,0,Yes,Yes,43,Yes,Yes,DSL,No,Yes,No,Yes,No,No,Month-to-month,Yes,Bank transfer (automatic),65.71,2832.05,No
CUST-0006541,Male,0,No,Yes,59,Yes,Yes,DSL,Yes,No,No,No,No,No,Month-to-month,Yes,Bank transfer (automatic),34.21,2024.13,No
CUST-0006542,Female,0,No,No,15,Yes,No,Fiber optic,Yes,No,No,No,Yes,Yes,One year,Yes,Mailed check,82.11,1238.74,No
CUST-0006543,Female,0,No,No,0,Yes,Yes,DSL,No,No,No,No,No,No,Month-to-month,Yes,Credit card (automatic),118.75,,No
CUST-0006544,Male,1,No,No,9,Yes,Yes,No,No internet service,No internet service,No internet service,No internet service,No internet service,No internet service,Month-to-month,Yes,Electronic check,65.04,597.92,No
CUST-0006545,Male,0,No,No,20,Yes,Yes,Fiber optic,No,Yes,No,No,Yes,No,One year,Yes,Electronic check,118.75,2386.08,No
CUST-0006546,Male,0,No,No,37,Yes,No,Fiber optic,Yes,Yes,No,No,No,No,Month-to-month,Yes,Electronic check,18.25,651.0,No
CUST-0006547,Female,0,No,Yes,15,Yes,Yes,Fiber optic,No,No,Yes,No,Yes,No,Month-to-month,No,Electronic check,86.68,1288.44,No
CUST-0006548,Male,0,No,Yes,24,Yes,Yes,DSL,No,Yes,No,Yes,No,No,Two year,Yes,Credit card (automatic),86.18,2069.6,Yes
CUST-0006549,Male,0,Yes,No,23,Yes,No,DSL,Yes,Yes,Yes,No,Yes,Yes,Month-to-month,No,Electronic check,105.41,2423.53,Yes
CUST-0006550,Male,1,Yes,No,5,Yes,Yes,No,No internet service,No internet service,No internet service,No internet service,No internet service,No internet service,One year,No,Bank transfer (automatic),65.82,301.57,Yes
CUST-0006551,Male,1,No,No,31,No,No phone service,Fiber optic,No,No,Yes,Yes,No,No,One year,Yes,Credit card (automatic),46.36,1439.14,No
CUST-0006552,Female,0,Yes,Yes,18,Yes,No,DSL,No,Yes,No,No,Yes,No,Month-to-month,Yes,Credit card (automatic),101.02,1815.32,Yes
CUST-0006553,Female,0,No,Yes,52,Yes,Yes,DSL,Yes,No,Yes,No,No,Yes,Month-to-month,No,Mailed check,18.25,933.63,No
CUST-0006554,Male,0,Yes,No,37,No,No phone service,DSL,No,No,No,Yes,No,No,Month-to-month,Yes,Electronic check,29.94,1100.45,No
CUST-0006555,Female,0,Yes,No,3,Yes,No,DSL,No,Yes,No,No,No,Yes,Month-to-month,Yes,Bank transfer (automatic),62.61,169.47,No
CUST-0006556,Female,0,Yes,No,21,Yes,No,DSL,No,Yes,Yes,No,Yes,No,Two year,Yes,Electronic check,65.95,1387.49,No
CUST-0006557,Male,1,Yes,Yes,38,Yes,Yes,DSL,No,Yes,No,Yes,Yes,Yes,Month-to-month,Yes,Electronic check,112.35,4247.23,No
CUST-0006558,Male,0,Yes,No,2,Yes,No,Fiber optic,No,Yes,Yes,Yes,No,Yes,Month-to-month,No,Credit card (automatic),105.82,213.11,No
CUST-0006559,Female,0,Yes,Yes,50,Yes,Yes,No,No internet service,No internet service,No internet service,No internet service,No internet service,No internet service,Month-to-month,Yes,Bank transfer (automatic),61.82,3099.84,No
CUST-0006560,Female,0,No,Yes,8,Yes,Yes,Fiber optic,No,No,No,No,Yes,Yes,Two year,Yes,Credit card (automatic),18.25,125.28,No
CUST-0006561,Male,0,Yes,No,22,Yes,No,Fiber optic,No,No,Yes,No,Yes,No,Two year,No,Credit card (automatic),64.1,1391.48,No
CUST-0006562,Male,0,Yes,No,72,No,No phone service,DSL,No,Yes,Yes,No,Yes,No,One year,Yes,Mailed check,55.47,4011.18,No
CUST-0006563,Male,0,Yes,No,27,Yes,No,DSL,No,No,No,No,No,No,Month-to-month,Yes,Bank transfer (automatic),38.6,1050.07,No
CUST-0006564,Female,0,No,No,17,Yes,No,Fiber optic,Yes,No,No,No,No,No,Two year,No,Bank transfer (automatic),43.45,770.34,Yes
CUST-0006565,Male,0,No,No,0,Yes,No,No,No internet service,No internet service,No internet service,No internet service,No internet service,No internet service,One year,Yes,Electronic check,83.61,,Yes
CUST-0006566,Male,0,No,No,4,Yes,Yes,DSL,No,No,Yes,No,Yes,No,Two year,Yes,Bank transfer (automatic),53.78,218.23,No
CUST-0006567,Female,0,Yes,Yes,27,No,No phone service,Fiber optic,Yes,No,No,Yes,No,Yes,Month-to-month,No,Electronic check,70.5,1916.35,Yes
CUST-0006568,Female,0,Yes,No,21,Yes,Yes,No,No internet service,No internet service,No internet service,No internet service,No internet service,No internet service,Month-to-month,Yes,Credit card (automatic),29.73,605.46,No
CUST-0006569,Male,1,No,No,14,Yes,Yes,Fiber optic,No,No,No,No,No,No,Month-to-month,Yes,Credit card (automatic),69.08,963.31,No
CUST-0006570,Male,0,No,Yes,72,Yes,Yes,DSL,No,No,No,No,No,Yes,One year,No,Mailed check,88.67,6400.8,No
CUST-0006571,Female,0,Yes,No,12,Yes,Yes,DSL,Yes,No,No,Yes,No,Yes,Two year,Yes,Bank transfer (automatic),96.27,1164.23,No
CUST-0006572,Male,0,No,No,24,Yes,No,No,No internet service,No internet service,No internet service,No internet service,No internet service,No internet service,Two year,No,Bank transfer (automatic),100.78,2393.48,No
CUST-0006573,Male,0,Yes,No,26,Yes,No,DSL,Yes,No,Yes,Yes,Yes,No,One year,No,Electronic check,37.87,977.77,Yes
CUST-0006574,Female,0,Yes,No,23,Yes,No,Fiber optic,No,Yes,No,No,Yes,Yes,Month-to-month,Yes,Electronic check,99.3,2300.34,No
CUST-0006575,Male,0,No,Yes,20,Yes,No,Fiber optic,No,Yes,No,No,Yes,No,Month-to-month,Yes,Credit card (automatic),22.27,452.24,No
CUST-0006576,Female,0,No,No,13,Yes,No,Fiber optic,Yes,Yes,No,No,Yes,No,Month-to-month,No,Electronic check,18.25,249.13,No
CUST-0006577,Female,0,Yes,No,72,Yes,No,DSL,No,Yes,No,No,Yes,No,Month-to-month,No,Bank transfer (automatic),62.64,4464.22,No
CUST-0006578,Male,0,Yes,Yes,19,Yes,No,Fiber optic,No,No,No,No,No,No,One year,Yes,Bank transfer (automatic),99.25,1902.53,Yes
CUST-0006579,Male,0,No,No,24,No,No phone service,DSL,No,No,No,No,No,No,Two year,No,Bank transfer (automatic),29.63,696.49,Yes
CUST-0006580,Female,1,No,No,34,No,No phone service,Fiber optic,No,No,No,No,No,Yes,Month-to-month,Yes,Electronic check,43.59,1475.18,No
CUST-0006581,Female,0,No,Yes,2,Yes,Yes,Fiber optic,No,No,Yes,No,Yes,No,Month-to-month,No,Credit card (automatic),41.72,62.5,No
CUST-0006582,Female,0,Yes,No,48,Yes,No,DSL,No,No,Yes,Yes,Yes,Yes,Month-to-month,Yes,Mailed check,116.68,5588.57,No
CUST-0006583,Female,0,No,No,22,Yes,Yes,Fiber optic,No,Yes,Yes,No,No,No,Two year,Yes,Credit card (automatic),95.05,2073.66,Yes
CUST-0006584,Male,0,Yes,Yes,34,Yes,No,No,No internet service,No internet service,No internet service,No internet service,No internet service,No internet service,Two year,Yes,Mailed check,71.38,2437.04,No
CUST-0006585,Female,0,Yes,No,47,Yes,Yes,No,No internet service,No internet service,No internet service,No internet service,No internet service,No internet service,Month-to-month,No,Electronic check,31.89,1533.76,No
CUST-0006586,Male,1,Yes,No,66,Yes,Yes,DSL,No,Yes,Yes,Yes,No,No,Month-to-month,No,Electronic check,45.46,3033.83,Yes
CUST-0006587,Male,1,No,Yes,15,Yes,No,Fiber optic,Yes,Yes,Yes,No,Yes,No,Two year,Yes,Electronic check,114.26,1690.74,No
CUST-0006588,Male,0,Yes,No,53,Yes,Yes,Fiber optic,Yes,No,No,No,No,No,Month-to-month,No,Credit card (automatic),65.25,3453.11,No
CUST-0006589,Male,0,No,Yes,9,Yes,Yes,Fiber optic,No,No,No,No,Yes,No,Two year,Yes,Electronic check,63.98,526.3,No
CUST-0006590,Female,0,Yes,Yes,34,Yes,Yes,Fiber optic,Yes,No,No,No,Yes,Yes,Two year,Yes,Credit card (automatic),71.28,2429.86,Yes
CUST-0006591,Male,0,Yes,Yes,3,Yes,No,No,No internet service,No internet service,No internet service,No internet service,No internet service,No internet service,Month-to-month,Yes,Mailed check,56.57,160.28,No
CUST-0006592,Male,0,Yes,No,0,Yes,No,Fiber optic,Yes,No,No,No,No,No,Month-to-month,No,Bank transfer (automatic),99.01,,No
CUST-0006593,Male,1,Yes,No,3,Yes,No,Fiber optic,No,No,No,No,No,No,Month-to-month,Yes,Credit card (automatic),64.87,199.42,No
CUST-0006594,Female,0,Yes,No,12,Yes,No,DSL,Yes,Yes,No,No,Yes,No,One year,No,Mailed check,35.55,393.79,No
CUST-0006595,Female,0,Yes,Yes,1,Yes,No,No,No internet service,No internet service,No internet service,No internet service,No internet service,No internet service,Two year,Yes,Mailed check,50.73,39.19,Yes
CUST-0006596,Male,0,Yes,No,31,Yes,No,Fiber optic,No,Yes,Yes,Yes,No,Yes,Month-to-month,No,Credit card (automatic),50.1,1561.59,No
CUST-0006597,Male,0,Yes,Yes,12,Yes,Yes,Fiber optic,Yes,No,Yes,Yes,No,No,Month-to-month,Yes,Mailed check,59.8,707.17,Yes
CUST-0006598,Male,0,No,Yes,42,Yes,Yes,No,No internet service,No internet service,No internet service,No internet service,No internet service,No internet service,Two year,Yes,Electronic check,68.34,2880.92,No
CUST-0006599,Female,0,Yes,Yes,1,Yes,Yes,Fiber optic,No,No,Yes,No,No,Yes,One year,Yes,Bank transfer (automatic),36.78,3.45,No
CUST-0006600,Female,0,No,Yes,7,Yes,No,Fiber optic,No,No,No,No,No,No,Month-to-month,No,Electronic check,22.91,150.72,No
CUST-0006601,Female,0,No,No,16,Yes,No,No,No internet service,No internet service,No internet service,No internet service,No internet service,No internet service,Month-to-month,No,Bank transfer (automatic),71.03,1157.43,Yes
CUST-0006602,Female,0,Yes,Yes,15,No,No phone service,DSL,No,Yes,Yes,No,No,Yes,Month-to-month,Yes,Mailed check,88.26,1301.63,No
CUST-0006603,Male,0,No,Yes,4,Yes,Yes,No,No internet service,No internet service,No internet service,No internet service,No internet service,No internet service,Month-to-month,No,Electronic check,61.91,243.4,No
CUST-0006604,Female,0,No,No,72,Yes,Yes,DSL,No,Yes,Yes,No,No,Yes,Two year,Yes,Mailed check,59.04,4275.46,No
CUST-0006605,Female,0,Yes,Yes,10,Yes,Yes,Fiber optic,No,No,No,No,Yes,Yes,Month-to-month,Yes,Mailed check,67.3,667.01,No
CUST-0006606,Male,0,No,No,40,Yes,No,DSL,Yes,Yes,No,No,Yes,Yes,Two year,Yes,Mailed check,59.9,2402.17,Yes
CUST-0006607,Male,0,No,No,7,Yes,No,DSL,No,No,Yes,No,Yes,No,One year,No,Mailed check,47.04,346.82,No
CUST-0006608,Female,0,No,No,67,Yes,Yes,Fiber optic,Yes,Yes,No,Yes,Yes,Yes,Month-to-month,Yes,Mailed check,45.2,2999.52,No
CUST-0006609,Female,0,No,No,15,Yes,No,DSL,No,No,Yes,No,Yes,No,Month-to-month,Yes,Electronic check,75.58,1130.53,No
CUST-0006610,Male,0,Yes,No,72,Yes,Yes,No,No internet service,No internet service,No internet service,No internet service,No internet service,No internet service,Month-to-month,No,Bank transfer (automatic),42.81,3109.69,No
CUST-0006611,Female,0,Yes,Yes,13,Yes,No,DSL,Yes,No,Yes,No,No,Yes,Month-to-month,Yes,Mailed check,18.25,233.24,No
CUST-0006612,Female,0,No,No,0,Yes,No,DSL,Yes,Yes,No,No,Yes,No,Two year,No,Electronic check,68.67,,No
CUST-0006613,Male,1,No,No,23,Yes,No,No,No internet service,No internet service,No internet service,No internet service,No internet service,No internet service,Month-to-month,Yes,Credit card (automatic),76.14,1738.8,No
CUST-0006614,Male,0,No,No,23,Yes,No,Fiber optic,No,Yes,No,Yes,No,Yes,Month-to-month,No,Electronic check,105.47,2423.5,No
CUST-0006615,Male,0,No,No,4,Yes,Yes,Fiber optic,No,No,Yes,No,Yes,No,One year,Yes,Electronic check,56.81,271.42,No
CUST-0006616,Female,0,Yes,Yes,8,Yes,Yes,DSL,Yes,Yes,No,No,No,Yes,Month-to-month,Yes,Bank transfer (automatic),45.16,379.43,Yes
CUST-0006617,Male,0,Yes,Yes,48,No,No phone service,Fiber optic,No,Yes,No,No,Yes,Yes,Two year,No,Electronic check,61.08,2948.35,No
CUST-0006618,Male,0,No,Yes,1,Yes,Yes,Fiber optic,No,Yes,No,No,Yes,No,Month-to-month,No,Electronic check,58.75,70.94,No
CUST-0006619,Male,0,No,No,21,Yes,No,No,No internet service,No internet service,No internet service,No internet service,No internet service,No internet service,One year,No,Mailed check,68.84,1442.74,No
CUST-0006620,Female,0,No,No,24,Yes,Yes,Fiber optic,No,No,No,No,No,No,Month-to-month,No,Electronic check,18.25,446.09,Yes
CUST-0006621,Male,0,No,No,37,Yes,Yes,No,No internet service,No internet service,No internet service,No internet service,No internet service,No internet service,Two year,Yes,Bank transfer (automatic),42.52,1564.52,No
CUST-0006622,Male,0,Yes,Yes,1,Yes,No,Fiber optic,No,No,Yes,No,Yes,No,Month-to-month,Yes,Electronic check,55.96,20.6,No
CUST-0006623,Male,1,No,Yes,28,Yes,Yes,Fiber optic,No,No,Yes,No,Yes,Yes,Month-to-month,Yes,Bank transfer (automatic),95.86,2692.66,No
CUST-0006624,Female,0,No,No,0,Yes,Yes,Fiber optic,No,No,No,Yes,No,Yes,Month-to-month,Yes,Electronic check,101.67,,Yes
CUST-0006625,Female,0,No,No,9,Yes,No,Fiber optic,Yes,No,No,No,Yes,No,Month-to-month,Yes,Credit card (automatic),73.85,630.58,No
CUST-0006626,Male,1,Yes,Yes,22,No,No phone service,DSL,Yes,Yes,Yes,No,No,No,Two year,No,Credit card (automatic),49.76,1066.47,No
CUST-0006627,Female,1,Yes,Yes,72,Yes,No,Fiber optic,No,Yes,Yes,No,Yes,No,Month-to-month,Yes,Electronic check,76.54,5491.14,No
CUST-0006628,Female,0,No,No,4,Yes,Yes,DSL,No,No,Yes,Yes,No,Yes,One year,Yes,Bank transfer (automatic),99.28,421.5,No
CUST-0006629,Female,0,Yes,Yes,5,Yes,Yes,Fiber optic,No,Yes,No,No,Yes,No,Month-to-month,No,Credit card (automatic),31.01,150.97,No
CUST-0006630,Female,0,No,No,35,No,No phone service,Fiber optic,Yes,No,Yes,Yes,No,No,Month-to-month,Yes,Electronic check,50.17,1747.0,Yes
CUST-0006631,Male,0,Yes,No,15,Yes,Yes,Fiber optic,No,No,No,No,Yes,No,Month-to-month,No,Bank transfer (automatic),39.0,589.54,No
CUST-0006632,Male,1,Yes,No,31,Yes,Yes,No,No internet service,No internet service,No internet service,No internet service,No internet service,No internet service,Two year,No,Credit card (automatic),116.61,3612.84,Yes
CUST-0006633,Female,0,No,No,72,Yes,No,Fiber optic,No,No,No,No,No,Yes,Month-to-month,Yes,Mailed check,49.0,3538.12,No
CUST-0006634,Female,0,Yes,No,72,Yes,No,DSL,No,No,No,No,No,Yes,Month-to-month,No,Bank transfer (automatic),18.25,1317.4,No
CUST-0006635,Female,1,No,Yes,13,Yes,No,DSL,No,Yes,No,No,No,No,Month-to-month,Yes,Credit card (automatic),77.82,961.14,No
CUST-0006636,Male,0,Yes,No,22,Yes,Yes,DSL,Yes,Yes,No,No,No,Yes,Month-to-month,Yes,Bank transfer (automatic),95.64,2115.34,No
CUST-0006637,Female,0,No,No,72,Yes,Yes,DSL,Yes,Yes,No,Yes,Yes,No,One year,No,Credit card (automatic),18.25,1295.04,No
CUST-0006638,Female,1,Yes,No,3,Yes,No,DSL,No,Yes,Yes,No,No,Yes,Month-to-month,Yes,Bank transfer (automatic),82.08,226.08,No
CUST-0006639,Male,1,Yes,No,19,Yes,No,Fiber optic,No,Yes,No,Yes,No,Yes,Two year,Yes,Credit card (automatic),18.25,341.94,No
CUST-0006640,Male,1,No,Yes,15,No,No phone service,DSL,No,Yes,Yes,Yes,Yes,No,Month-to-month,No,Electronic check,59.77,860.09,No
CUST-0006641,Female,0,No,Yes,11,Yes,Yes,DSL,No,Yes,No,No,Yes,No,One year,Yes,Bank transfer (automatic),93.2,1029.81,No
CUST-0006642,Female,0,Yes,No,72,Yes,Yes,No,No internet service,No internet service,No internet service,No internet service,No internet service,No internet service,Two year,Yes,Mailed check,89.9,6482.64,No
CUST-0006643,Male,0,No,No,42,Yes,Yes,No,No internet service,No internet service,No internet service,No internet service,No internet service,No internet service,Two year,No,Bank transfer (automatic),102.8,4339.52,Yes
CUST-0006644,Female,0,No,No,15,Yes,No,Fiber optic,No,No,No,No,Yes,No,One year,Yes,Electronic check,48.72,728.37,No
CUST-0006645,Male,1,No,No,56,Yes,Yes,DSL,No,Yes,No,Yes,Yes,Yes,Two year,Yes,Electronic check,68.49,3817.44,No
CUST-0006646,Male,0,No,No,21,Yes,Yes,No,No internet service,No internet service,No internet service,No internet service,No internet service,No internet service,Month-to-month,Yes,Electronic check,68.96,1425.51,No
CUST-0006647,Female,0,Yes,No,65,Yes,No,Fiber optic,Yes,Yes,Yes,No,No,Yes,One year,Yes,Electronic check,38.07,2485.67,No
CUST-0006648,Female,0,Yes,Yes,9,Yes,Yes,DSL,Yes,No,No,No,No,Yes,Month-to-month,Yes,Electronic check,58.01,512.74,Yes
CUST-0006649,Female,0,Yes,No,8,Yes,No,Fiber optic,Yes,Yes,No,Yes,Yes,No,Month-to-month,Yes,Bank transfer (automatic),63.9,461.22,No
CUST-0006650,Female,0,No,No,9,Yes,No,DSL,Yes,No,Yes,No,No,Yes,Month-to-month,Yes,Bank transfer (automatic),94.23,840.19,No
CUST-0006651,Male,0,Yes,Yes,24,Yes,Yes,No,No internet service,No internet service,No internet service,No internet service,No internet service,No internet service,Two year,Yes,Mailed check,72.28,1756.77,No
CUST-0006652,Female,0,Yes,No,11,Yes,No,No,No internet service,No internet service,No internet service,No internet service,No internet service,No internet service,Month-to-month,No,Electronic check,93.68,1056.48,No
CUST-0006653,Male,0,Yes,No,5,Yes,Yes,DSL,No,No,No,No,No,Yes,One year,Yes,Credit card (automatic),88.68,426.05,Yes
CUST-0006654,Male,1,Yes,No,72,Yes,Yes,Fiber optic,No,No,No,No,Yes,Yes,Month-to-month,Yes,Credit card (automatic),18.25,1299.76,No
CUST-0006655,Male,0,No,No,72,Yes,No,Fiber optic,No,No,Yes,Yes,No,Yes,Month-to-month,Yes,Credit card (automatic),68.27,4909.78,No
CUST-0006656,Male,0,No,No,32,Yes,No,No,No internet service,No internet service,No internet service,No internet service,No internet service,No internet service,Two year,No,Credit card (automatic),78.1,2487.88,No
CUST-0006657,Male,0,No,No,71,Yes,No,Fiber optic,Yes,Yes,Yes,No,Yes,Yes,One year,No,Credit card (automatic),73.55,5246.83,No
CUST-0006658,Male,1,No,Yes,72,Yes,No,DSL,No,Yes,Yes,No,No,No,One year,No,Bank transfer (automatic),72.32,5207.13,Yes
CUST-0006659,Male,0,No,No,36,Yes,Yes,DSL,No,No,No,No,No,No,Month-to-month,Yes,Mailed check,31.94,1156.4,Yes
CUST-0006660,Male,0,No,No,23,Yes,No,DSL,No,Yes,No,No,No,Yes,Month-to-month,No,Electronic check,54.33,1231.25,No
CUST-0006661,Female,0,Yes,No,68,No,No phone service,No,No internet service,No internet service,No internet service,No internet service,No internet service,No internet service,Two year,No,Electronic check,82.62,5612.21,Yes
CUST-0006662,Male,0,Yes,No,26,Yes,Yes,No,No internet service,No internet service,No internet service,No internet service,No internet service,No internet service,One year,No,Credit card (automatic),68.43,1747.41,Yes
CUST-0006663,Male,0,Yes,No,4,Yes,No,DSL,No,No,No,No,Yes,No,Month-to-month,Yes,Mailed check,111.1,451.62,No
CUST-0006664,Female,0,Yes,Yes,14,Yes,Yes,DSL,No,Yes,Yes,No,No,Yes,Two year,Yes,Credit card (automatic),107.36,1506.13,No
CUST-0006665,Female,0,No,Yes,18,Yes,No,Fiber optic,No,No,No,No,Yes,No,Month-to-month,Yes,Electronic check,98.0,1770.76,No
CUST-0006666,Female,1,No,No,72,Yes,No,No,No internet service,No internet service,No internet service,No internet service,No internet service,No internet service,Month-to-month,Yes,Mailed check,77.93,5639.73,No
CUST-0006667,Male,0,Yes,No,34,Yes,No,DSL,Yes,Yes,No,No,No,Yes,Month-to-month,Yes,Electronic check,30.82,1038.81,No
CUST-0006668,Female,0,No,No,66,Yes,Yes,Fiber optic,Yes,No,No,No,Yes,No,Month-to-month,No,Mailed check,31.27,2080.22,Yes
CUST-0006669,Male,0,No,No,45,Yes,Yes,DSL,No,Yes,No,Yes,No,Yes,Two year,Yes,Mailed check,39.22,1763.5,No
CUST-0006670,Male,0,Yes,No,11,Yes,Yes,DSL,No,No,Yes,No,No,No,Two year,No,Bank transfer (automatic),43.22,495.48,No
CUST-0006671,Male,0,No,No,40,Yes,No,Fiber optic,No,No,No,No,No,No,Month-to-month,No,Bank transfer (automatic),99.15,3956.19,No
CUST-0006672,Female,0,No,Yes,6,Yes,Yes,Fiber optic,Yes,No,Yes,No,No,Yes,One year,Yes,Mailed check,62.33,355.42,No
CUST-0006673,Male,0,No,No,16,Yes,No,Fiber optic,No,No,No,No,No,Yes,Month-to-month,Yes,Credit card (automatic),98.23,1546.49,Yes
CUST-0006674,Male,0,No,Yes,52,Yes,Yes,No,No internet service,No internet service,No internet service,No internet service,No internet service,No internet service,Two year,Yes,Mailed check,74.36,3879.56,No
CUST-0006675,Male,0,Yes,Yes,30,No,No phone service,Fiber optic,No,Yes,No,No,No,No,Month-to-month,No,Bank transfer (automatic),35.06,1041.99,No
CUST-0006676,Female,0,Yes,No,55,Yes,Yes,DSL,No,No,Yes,No,No,Yes,Month-to-month,Yes,Bank transfer (automatic),94.45,5162.57,Yes
CUST-0006677,Female,0,Yes,No,9,Yes,No,Fiber optic,No,No,No,No,No,No,Two year,No,Credit card (automatic),72.2,653.72,No
CUST-0006678,Male,0,No,No,44,Yes,No,No,No internet service,No internet service,No internet service,No internet service,No internet service,No internet service,Month-to-month,No,Bank transfer (automatic),118.75,5214.34,Yes
CUST-0006679,Female,0,Yes,Yes,7,Yes,Yes,Fiber optic,No,No,Yes,No,No,No,Two year,Yes,Mailed check,74.32,483.99,No
CUST-0006680,Female,0,Yes,Yes,25,Yes,Yes,Fiber optic,No,No,Yes,No,Yes,Yes,Month-to-month,No,Bank transfer (automatic),28.47,672.96,No
CUST-0006681,Female,0,No,Yes,18,Yes,No,DSL,No,No,Yes,Yes,Yes,No,Month-to-month,Yes,Credit card (automatic),63.69,1158.66,No
CUST-0006682,Male,1,No,No,26,Yes,Yes,DSL,No,Yes,No,No,No,Yes,Month-to-month,Yes,Credit card (automatic),35.55,927.25,No
CUST-0006683,Female,1,No,No,4,Yes,No,DSL,No,No,No,No,No,No,Two year,Yes,Electronic check,22.03,82.21,No
CUST-0006684,Male,1,Yes,No,14,Yes,No,Fiber optic,No,No,No,Yes,Yes,Yes,Two year,Yes,Electronic check,22.65,320.68,No
CUST-0006685,Female,0,Yes,No,35,Yes,Yes,Fiber optic,Yes,No,Yes,Yes,No,Yes,Month-to-month,No,Bank transfer (automatic),81.55,2885.28,No
CUST-0006686,Male,0,Yes,No,26,Yes,No,No,No internet service,No internet service,No internet service,No internet service,No internet service,No internet service,Two year,Yes,Credit card (automatic),65.29,1730.52,No
CUST-0006687,Male,0,No,No,25,Yes,No,Fiber optic,No,No,Yes,No,No,Yes,One year,No,Bank transfer (automatic),18.25,446.14,No
CUST-0006688,Male,0,Yes,Yes,22,Yes,No,Fiber optic,No,No,No,Yes,No,Yes,Month-to-month,No,Mailed check,44.66,1008.41,Yes
CUST-0006689,Female,0,No,Yes,72,Yes,No,Fiber optic,No,Yes,No,No,Yes,No,Month-to-month,No,Bank transfer (automatic),105.19,7578.8,Yes
CUST-0006690,Male,1,No,No,72,Yes,No,Fiber optic,No,No,No,No,No,Yes,Month-to-month,No,Mailed check,73.28,5264.61,No
CUST-0006691,Female,0,Yes,No,14,Yes,Yes,Fiber optic,Yes,No,No,No,Yes,Yes,One year,Yes,Electronic check,18.25,230.1,No
CUST-0006692,Male,0,Yes,No,13,Yes,Yes,No,No internet service,No internet service,No internet service,No internet service,No internet service,No internet service,Month-to-month,Yes,Electronic check,42.55,554.46,No
CUST-0006693,Female,0,No,No,25,Yes,Yes,Fiber optic,Yes,No,Yes,No,Yes,Yes,Month-to-month,Yes,Electronic check,85.74,2154.35,Yes
CUST-0006694,Female,1,No,Yes,3,Yes,No,DSL,No,No,Yes,Yes,No,No,Two year,Yes,Bank transfer (automatic),44.82,102.64,Yes
CUST-0006695,Female,0,No,No,11,Yes,Yes,No,No internet service,No internet service,No internet service,No internet service,No internet service,No internet service,One year,No,Credit card (automatic),63.75,706.07,No
CUST-0006696,Female,0,Yes,No,8,No,No phone service,Fiber optic,Yes,No,No,Yes,No,Yes,Two year,Yes,Electronic check,37.61,275.31,Yes
CUST-0006697,Female,1,Yes,No,8,Yes,No,Fiber optic,Yes,Yes,No,Yes,No,No,One year,Yes,Mailed check,108.16,864.73,No
CUST-0006698,Male,0,No,No,32,Yes,Yes,Fiber optic,No,No,No,Yes,No,No,One year,Yes,Mailed check,23.21,754.9,No
CUST-0006699,Female,0,No,Yes,15,Yes,Yes,Fiber optic,No,No,Yes,Yes,Yes,No,Month-to-month,Yes,Credit card (automatic),18.25,281.35,Yes
CUST-0006700,Male,0,Yes,Yes,6,Yes,Yes,Fiber optic,Yes,Yes,Yes,Yes,No,Yes,Month-to-month,Yes,Credit card (automatic),81.95,483.0,No
CUST-0006701,Female,0,No,Yes,69,Yes,No,No,No internet service,No internet service,No internet service,No internet service,No internet service,No internet service,Two year,No,Mailed check,62.38,4310.55,No
CUST-0006702,Female,0,No,Yes,66,Yes,No,Fiber optic,No,No,Yes,No,No,Yes,Two year,No,Bank transfer (automatic),118.75,7797.35,No
CUST-0006703,Male,0,Yes,Yes,63,Yes,No,No,No internet service,No internet service,No internet service,No internet service,No internet service,No internet service,Two year,Yes,Bank transfer (automatic),83.08,5252.57,Yes
CUST-0006704,Male,1,No,No,15,Yes,Yes,Fiber optic,Yes,Yes,Yes,Yes,No,No,Two year,Yes,Bank transfer (automatic),72.49,1108.37,No
CUST-0006705,Male,0,Yes,No,1,Yes,No,No,No internet service,No internet service,No internet service,No internet service,No internet service,No internet service,Month-to-month,Yes,Credit card (automatic),65.8,53.39,No
CUST-0006706,Female,0,No,No,3,Yes,No,Fiber optic,Yes,No,No,No,No,No,Month-to-month,Yes,Bank transfer (automatic),50.85,176.54,Yes
CUST-0006707,Female,0,No,No,10,Yes,Yes,Fiber optic,No,No,No,No,No,No,Two year,No,Electronic check,40.07,399.32,Yes
CUST-0006708,Female,0,Yes,Yes,7,Yes,Yes,DSL,No,No,Yes,No,Yes,Yes,Month-to-month,No,Bank transfer (automatic),45.78,341.78,Yes
CUST-0006709,Female,0,No,No,66,Yes,No,Fiber optic,No,Yes,No,Yes,No,No,Two year,Yes,Electronic check,89.63,5870.26,No
CUST-0006710,Female,0,No,No,72,Yes,No,DSL,Yes,No,Yes,Yes,No,Yes,Two year,No,Electronic check,47.55,3405.17,No
CUST-0006711,Male,0,No,Yes,54,Yes,Yes,Fiber optic,No,No,Yes,No,Yes,No,Month-to-month,No,Bank transfer (automatic),102.76,5516.2,No
CUST-0006712,Male,0,Yes,No,41,Yes,Yes,Fiber optic,Yes,Yes,No,No,No,Yes,Two year,No,Electronic check,82.54,3361.34,Yes
CUST-0006713,Female,0,No,No,28,Yes,No,DSL,No,No,No,No,No,No,One year,No,Bank transfer (automatic),18.25,530.5,No
CUST-0006714,Female,0,No,No,47,Yes,No,Fiber optic,No,No,Yes,No,No,No,Month-to-month,Yes,Credit card (automatic),64.66,3032.83,No
CUST-0006715,Female,0,No,No,72,Yes,No,Fiber optic,No,No,Yes,No,Yes,No,Two year,No,Electronic check,20.27,1450.74,No
CUST-0006716,Male,0,No,Yes,29,Yes,No,Fiber optic,No,No,No,No,No,No,Month-to-month,Yes,Electronic check,59.74,1712.93,No
CUST-0006717,Male,0,Yes,No,5,Yes,Yes,Fiber optic,Yes,No,Yes,Yes,Yes,Yes,Month-to-month,No,Electronic check,77.37,397.2,Yes
CUST-0006718,Male,0,Yes,Yes,5,Yes,No,Fiber optic,No,Yes,No,Yes,No,Yes,Two year,Yes,Credit card (automatic),36.64,170.24,No
CUST-0006719,Male,0,No,Yes,28,Yes,Yes,Fiber optic,No,No,Yes,No,Yes,No,One year,No,Electronic check,88.47,2466.53,No
CUST-0006720,Male,0,Yes,No,12,Yes,Yes,Fiber optic,No,No,Yes,No,Yes,No,Month-to-month,No,Credit card (automatic),18.25,201.45,No
CUST-0006721,Female,1,No,No,72,Yes,Yes,No,No internet service,No internet service,No internet service,No internet service,No internet service,No internet service,Two year,No,Credit card (automatic),34.82,2541.05,No
CUST-0006722,Male,0,No,No,30,Yes,Yes,Fiber optic,No,No,No,No,Yes,No,Two year,Yes,Electronic check,97.09,2912.29,No
CUST-0006723,Female,0,Yes,No,36,Yes,No,Fiber optic,No,Yes,Yes,No,Yes,No,Month-to-month,No,Mailed check,73.42,2643.9,No
CUST-0006724,Male,0,No,No,0,Yes,No,DSL,Yes,Yes,No,No,No,No,Month-to-month,No,Bank transfer (automatic),42.62,,No
CUST-0006725,Female,0,Yes,No,22,Yes,Yes,No,No internet service,No internet service,No internet service,No internet service,No internet service,No internet service,Month-to-month,Yes,Electronic check,54.32,1163.84,Yes
CUST-0006726,Male,0,No,No,18,Yes,No,No,No internet service,No internet service,No internet service,No internet service,No internet service,No internet service,Two year,No,Mailed check,87.35,1553.86,No
CUST-0006727,Male,0,Yes,No,39,Yes,No,Fiber optic,No,Yes,Yes,Yes,No,Yes,One year,Yes,Mailed check,45.76,1784.33,No
CUST-0006728,Male,0,Yes,No,15,Yes,No,DSL,No,No,No,No,No,Yes,Two year,Yes,Mailed check,55.99,869.14,No
CUST-0006729,Female,0,Yes,No,72,No,No phone service,No,No internet service,No internet service,No internet service,No internet service,No internet service,No internet service,Two year,Yes,Mailed check,73.54,5307.93,No
CUST-0006730,Female,0,No,No,35,Yes,Yes,No,No internet service,No internet service,No internet service,No internet service,No internet service,No internet service,Month-to-month,Yes,Bank transfer (automatic),95.86,3342.62,No
CUST-0006731,Male,0,Yes,Yes,34,Yes,No,Fiber optic,No,No,No,No,No,No,Month-to-month,Yes,Electronic check,61.48,2074.94,No
CUST-0006732,Male,1,Yes,Yes,72,Yes,Yes,Fiber optic,No,Yes,Yes,No,Yes,Yes,One year,No,Credit card (automatic),46.95,3411.61,No
CUST-0006733,Female,1,Yes,No,72,Yes,Yes,No,No internet service,No internet service,No internet service,No internet service,No internet service,No internet service,One year,Yes,Electronic check,70.02,5020.19,No
CUST-0006734,Male,0,Yes,No,7,Yes,Yes,Fiber optic,No,Yes,Yes,No,No,Yes,Month-to-month,Yes,Credit card (automatic),82.83,552.54,No
CUST-0006735,Male,0,No,No,53,Yes,Yes,Fiber optic,No,No,Yes,Yes,Yes,No,Two year,No,Bank transfer (automatic),112.09,5941.43,No
CUST-0006736,Female,0,Yes,No,5,Yes,No,Fiber optic,No,Yes,No,Yes,No,Yes,One year,No,Bank transfer (automatic),95.07,475.09,No
CUST-0006737,Female,0,No,Yes,19,Yes,No,Fiber optic,No,Yes,No,No,No,Yes,Two year,No,Credit card (automatic),29.66,543.16,No
CUST-0006738,Male,1,No,No,3,Yes,No,Fiber optic,Yes,No,Yes,No,No,No,Two year,Yes,Credit card (automatic),50.3,148.98,No
CUST-0006739,Male,0,No,No,31,Yes,No,Fiber optic,No,No,No,No,No,No,Month-to-month,Yes,Electronic check,45.15,1404.38,No
CUST-0006740,Female,0,Yes,No,20,Yes,Yes,Fiber optic,No,Yes,No,Yes,No,No,Month-to-month,Yes,Bank transfer (automatic),64.58,1297.91,Yes
CUST-0006741,Male,0,No,No,31,Yes,Yes,No,No internet service,No internet service,No internet service,No internet service,No internet service,No internet service,Two year,Yes,Mailed check,81.5,2519.88,No
CUST-0006742,Male,0,Yes,Yes,36,Yes,No,No,No internet service,No internet service,No internet service,No internet service,No internet service,No internet service,One year,No,Mailed check,75.21,2695.82,No
CUST-0006743,Female,0,No,No,30,Yes,No,Fiber optic,No,Yes,Yes,No,Yes,Yes,Month-to-month,Yes,Electronic check,22.92,681.22,Yes
CUST-0006744,Female,0,No,No,11,Yes,No,Fiber optic,No,Yes,No,No,No,Yes,Month-to-month,Yes,Mailed check,118.75,1284.2,No
CUST-0006745,Male,0,No,No,58,Yes,Yes,No,No internet service,No internet service,No internet service,No internet service,No internet service,No internet service,Month-to-month,Yes,Electronic check,22.34,1284.76,No
CUST-0006746,Female,0,No,No,25,Yes,No,Fiber optic,No,No,No,No,Yes,No,One year,Yes,Electronic check,62.53,1565.73,No
CUST-0006747,Female,0,No,No,21,Yes,No,Fiber optic,No,No,No,No,Yes,Yes,Month-to-month,No,Electronic check,101.77,2143.38,Yes
CUST-0006748,Male,0,No,No,72,Yes,Yes,Fiber optic,Yes,No,No,No,Yes,No,One year,Yes,Mailed check,49.78,3574.76,No
CUST-0006749,Female,0,Yes,No,10,Yes,No,DSL,Yes,Yes,No,No,No,Yes,Month-to-month,No,Credit card (automatic),24.14,247.04,No
CUST-0006750,Male,0,Yes,Yes,24,Yes,Yes,Fiber optic,No,No,Yes,No,Yes,No,One year,Yes,Credit card (automatic),64.98,1564.38,No
CUST-0006751,Male,0,Yes,No,36,Yes,No,No,No internet service,No internet service,No internet service,No internet service,No internet service,No internet service,Month-to-month,Yes,Electronic check,76.01,2777.24,No
CUST-0006752,Female,1,Yes,Yes,4,Yes,No,No,No internet service,No internet service,No internet service,No internet service,No internet service,No internet service,Month-to-month,Yes,Bank transfer (automatic),92.02,391.39,No
CUST-0006753,Male,1,No,No,13,Yes,No,DSL,Yes,No,No,Yes,No,Yes,Month-to-month,No,Bank transfer (automatic),76.71,931.69,No
CUST-0006754,Male,1,No,No,51,Yes,No,Fiber optic,No,No,Yes,Yes,No,Yes,Month-to-month,Yes,Bank transfer (automatic),67.22,3414.12,Yes
CUST-0006755,Male,0,Yes,No,8,Yes,No,Fiber optic,No,No,No,No,No,No,Two year,Yes,Bank transfer (automatic),77.32,622.93,No
CUST-0006756,Male,1,No,Yes,21,Yes,Yes,Fiber optic,No,No,Yes,Yes,No,Yes,Month-to-month,No,Electronic check,72.28,1509.53,No
CUST-0006757,Female,0,Yes,Yes,31,Yes,Yes,No,No internet service,No internet service,No internet service,No internet service,No internet service,No internet service,Month-to-month,Yes,Bank transfer (automatic),42.42,1366.98,No
CUST-0006758,Female,1,No,Yes,35,Yes,Yes,Fiber optic,No,Yes,Yes,No,No,No,Two year,Yes,Electronic check,49.84,1761.0,Yes
CUST-0006759,Female,0,No,Yes,41,No,No phone service,No,No internet service,No internet service,No internet service,No internet service,No internet service,No internet service,Month-to-month,No,Bank transfer (automatic),18.25,706.37,No
CUST-0006760,Male,1,No,Yes,64,Yes,No,Fiber optic,No,No,No,No,No,Yes,Two year,No,Bank transfer (automatic),55.0,3500.97,Yes
CUST-0006761,Male,0,No,No,15,Yes,No,DSL,Yes,No,No,Yes,No,No,Two year,Yes,Electronic check,50.14,744.9,No
CUST-0006762,Male,0,Yes,No,39,Yes,No,Fiber optic,No,No,No,Yes,Yes,Yes,Month-to-month,Yes,Mailed check,28.38,1131.6,No
CUST-0006763,Male,0,No,No,42,No,No phone service,Fiber optic,No,Yes,No,No,Yes,No,Month-to-month,Yes,Electronic check,46.0,1947.54,No
CUST-0006764,Male,0,Yes,Yes,11,Yes,No,Fiber optic,No,No,Yes,Yes,No,Yes,One year,No,Credit card (automatic),30.52,329.5,No
CUST-0006765,Female,0,Yes,No,72,Yes,No,DSL,No,Yes,Yes,No,Yes,No,Two year,No,Credit card (automatic),41.31,2974.71,No
CUST-0006766,Female,0,No,Yes,64,Yes,No,DSL,No,No,Yes,No,Yes,Yes,Month-to-month,Yes,Mailed check,64.5,4130.51,No
CUST-0006767,Female,0,Yes,Yes,10,Yes,Yes,Fiber optic,No,No,No,Yes,Yes,Yes,Two year,Yes,Mailed check,57.4,569.11,Yes
CUST-0006768,Male,0,No,No,35,Yes,Yes,Fiber optic,No,No,No,No,No,No,Month-to-month,Yes,Electronic check,68.37,2405.21,No
CUST-0006769,Female,0,No,No,40,Yes,Yes,No,No internet service,No internet service,No internet service,No internet service,No internet service,No internet service,One year,No,Mailed check,62.71,2508.16,Yes
CUST-0006770,Male,0,Yes,No,18,Yes,No,Fiber optic,No,No,No,Yes,No,Yes,Month-to-month,Yes,Electronic check,71.51,1296.44,No
CUST-0006771,Male,0,No,No,63,Yes,No,DSL,No,No,No,No,No,No,Month-to-month,No,Bank transfer (automatic),32.74,2063.81,No
CUST-0006772,Female,0,Yes,No,37,Yes,Yes,Fiber optic,No,Yes,No,No,Yes,Yes,Month-to-month,Yes,Credit card (automatic),31.86,1166.73,Yes
CUST-0006773,Female,0,No,No,34,Yes,No,Fiber optic,No,Yes,No,No,Yes,Yes,Month-to-month,No,Credit card (automatic),44.27,1470.07,No
CUST-0006774,Male,0,No,Yes,7,Yes,No,DSL,No,Yes,No,Yes,Yes,Yes,Month-to-month,Yes,Mailed check,48.35,364.94,No
CUST-0006775,Male,0,Yes,No,16,Yes,No,DSL,Yes,Yes,Yes,No,Yes,No,Month-to-month,No,Bank transfer (automatic),60.22,993.64,Yes
CUST-0006776,Male,0,Yes,Yes,18,Yes,No,DSL,No,Yes,Yes,No,No,Yes,Month-to-month,No,Credit card (automatic),102.87,1851.67,No
CUST-0006777,Female,0,Yes,Yes,42,Yes,No,DSL,No,No,No,No,Yes,No,Two year,Yes,Electronic check,63.64,2669.8,No
CUST-0006778,Male,0,No,Yes,30,Yes,No,Fiber optic,No,No,No,No,No,No,One year,No,Electronic check,46.1,1354.36,No
CUST-0006779,Female,0,Yes,No,2,Yes,Yes,Fiber optic,Yes,No,No,No,No,No,Month-to-month,Yes,Electronic check,97.84,189.9,No
CUST-0006780,Male,1,Yes,No,11,Yes,Yes,DSL,No,Yes,No,No,No,Yes,One year,No,Bank transfer (automatic),74.81,840.07,Yes
CUST-0006781,Male,0,No,No,20,Yes,No,Fiber optic,Yes,Yes,Yes,No,No,No,Month-to-month,Yes,Credit card (automatic),41.44,842.83,No
CUST-0006782,Male,0,No,No,42,Yes,Yes,No,No internet service,No internet service,No internet service,No internet service,No internet service,No internet service,Month-to-month,Yes,Mailed check,118.75,4959.44,No
CUST-0006783,Male,0,No,No,43,Yes,No,Fiber optic,No,No,No,No,No,No,One year,No,Mailed check,58.13,2534.5,No
CUST-0006784,Male,0,No,No,21,Yes,No,Fiber optic,No,No,No,No,No,No,One year,Yes,Electronic check,111.9,2331.37,No
CUST-0006785,Female,0,No,No,3,Yes,No,DSL,Yes,No,No,Yes,No,No,Month-to-month,Yes,Mailed check,83.92,243.69,No
CUST-0006786,Female,0,No,No,11,No,No phone service,DSL,No,No,No,No,No,Yes,One year,No,Electronic check,18.25,226.03,No
CUST-0006787,Female,0,Yes,No,9,Yes,No,Fiber optic,Yes,Yes,Yes,No,No,Yes,Month-to-month,Yes,Electronic check,18.25,177.12,Yes
CUST-0006788,Female,0,No,No,48,Yes,Yes,Fiber optic,No,Yes,No,No,Yes,Yes,Two year,No,Electronic check,118.75,5693.82,No
CUST-0006789,Female,0,Yes,No,6,Yes,No,Fiber optic,No,Yes,No,No,Yes,No,Two year,Yes,Electronic check,77.1,443.8,Yes
CUST-0006790,Female,0,Yes,No,20,No,No phone service,No,No internet service,No internet service,No internet service,No internet service,No internet service,No internet service,Month-to-month,Yes,Credit card (automatic),53.63,1105.96,No
CUST-0006791,Female,1,No,Yes,35,Yes,Yes,Fiber optic,Yes,No,Yes,Yes,No,No,One year,Yes,Electronic check,71.97,2506.97,No
CUST-0006792,Male,0,Yes,Yes,72,No,No phone service,Fiber optic,Yes,No,No,Yes,No,Yes,Two year,Yes,Mailed check,74.28,5343.77,No
CUST-0006793,Male,0,No,No,72,Yes,No,No,No internet service,No internet service,No internet service,No internet service,No internet service,No internet service,One year,No,Bank transfer (automatic),35.0,2512.75,No
CUST-0006794,Male,1,Yes,No,72,Yes,No,DSL,No,No,Yes,Yes,No,No,Month-to-month,No,Electronic check,37.42,2700.49,No
CUST-0006795,Male,0,Yes,No,40,Yes,Yes,No,No internet service,No internet service,No internet service,No internet service,No internet service,No internet service,One year,Yes,Mailed check,81.6,3265.98,No
CUST-0006796,Male,0,No,No,43,Yes,Yes,Fiber optic,No,No,No,No,No,No,Two year,No,Electronic check,18.25,801.19,Yes
CUST-0006797,Female,0,No,Yes,45,Yes,No,DSL,No,No,Yes,No,Yes,Yes,Month-to-month,Yes,Credit card (automatic),84.58,3824.47,No
CUST-0006798,Male,0,No,No,63,Yes,No,DSL,No,Yes,No,Yes,No,No,Two year,No,Electronic check,56.4,3539.01,Yes
CUST-0006799,Male,0,No,No,72,Yes,No,No,No internet service,No internet service,No internet service,No internet service,No internet service,No internet service,Two year,No,Bank transfer (automatic),83.85,6014.86,No
CUST-0006800,Female,0,Yes,No,18,No,No phone service,Fiber optic,No,Yes,No,No,Yes,Yes,Two year,Yes,Credit card (automatic),67.69,1238.07,No
CUST-0006801,Male,0,No,Yes,17,Yes,No,DSL,No,No,No,No,No,No,Month-to-month,No,Credit card (automatic),39.93,661.66,No
CUST-0006802,Male,0,Yes,No,19,Yes,No,DSL,No,No,Yes,Yes,Yes,No,Month-to-month,No,Electronic check,78.62,1492.35,No
CUST-0006803,Male,0,No,Yes,34,Yes,No,Fiber optic,No,Yes,Yes,No,No,Yes,Month-to-month,No,Mailed check,96.47,3271.8,No
CUST-0006804,Male,0,Yes,No,47,Yes,No,DSL,Yes,No,Yes,Yes,No,No,Month-to-month,Yes,Electronic check,64.7,3030.4,No
CUST-0006805,Male,0,No,No,65,Yes,No,DSL,No,No,No,No,Yes,Yes,Month-to-month,Yes,Electronic check,18.25,1194.29,No
CUST-0006806,Female,0,No,No,19,Yes,No,Fiber optic,No,Yes,Yes,No,Yes,No,Month-to-month,No,Mailed check,46.16,877.92,No
CUST-0006807,Female,0,Yes,No,14,Yes,No,No,No internet service,No internet service,No internet service,No internet service,No internet service,No internet service,Month-to-month,No,Electronic check,70.62,998.1,Yes
CUST-0006808,Male,0,No,No,72,Yes,Yes,No,No internet service,No internet service,No internet service,No internet service,No internet service,No internet service,Month-to-month,Yes,Electronic check,84.61,6100.33,No
CUST-0006809,Male,0,Yes,Yes,8,Yes,No,DSL,No,No,No,Yes,No,No,Two year,Yes,Credit card (automatic),42.65,329.88,No
CUST-0006810,Male,1,Yes,No,8,Yes,No,No,No internet service,No internet service,No internet service,No internet service,No internet service,No internet service,Month-to-month,Yes,Mailed check,83.56,710.71,No
CUST-0006811,Female,0,No,Yes,40,Yes,No,DSL,No,Yes,Yes,No,Yes,No,Month-to-month,No,Credit card (automatic),118.75,4727.4,No
CUST-0006812,Male,0,Yes,Yes,6,Yes,No,DSL,No,No,No,Yes,No,Yes,One year,Yes,Electronic check,34.86,206.66,No
CUST-0006813,Male,1,Yes,No,16,Yes,Yes,DSL,Yes,Yes,No,No,No,Yes,Two year,Yes,Bank transfer (automatic),89.74,1477.72,Yes
CUST-0006814,Female,0,No,No,11,Yes,Yes,No,No internet service,No internet service,No internet service,No internet service,No internet service,No internet service,Month-to-month,No,Bank transfer (automatic),102.36,1128.26,Yes
CUST-0006815,Male,1,No,No,5,Yes,Yes,No,No internet service,No internet service,No internet service,No internet service,No internet service,No internet service,One year,Yes,Bank transfer (automatic),89.59,436.57,Yes
CUST-0006816,Male,0,Yes,Yes,27,No,No phone service,No,No internet service,No internet service,No internet service,No internet service,No internet service,No internet service,Month-to-month,Yes,Bank transfer (automatic),109.77,2982.81,No
CUST-0006817,Male,0,No,No,14,Yes,Yes,DSL,Yes,No,Yes,No,No,No,Month-to-month,No,Electronic check,70.86,1022.6,No
CUST-0006818,Female,0,No,No,19,Yes,Yes,No,No internet service,No internet service,No internet service,No internet service,No internet service,No internet service,One year,Yes,Mailed check,23.57,430.01,Yes
CUST-0006819,Female,0,No,Yes,6,Yes,Yes,Fiber optic,Yes,Yes,Yes,No,Yes,Yes,One year,Yes,Credit card (automatic),54.33,342.13,No
CUST-0006820,Female,0,No,No,46,Yes,No,DSL,No,No,No,No,No,Yes,Month-to-month,No,Bank transfer (automatic),18.78,876.41,Yes
CUST-0006821,Male,1,No,Yes,12,No,No phone service,DSL,No,No,No,No,No,Yes,One year,Yes,Mailed check,59.03,702.58,No
CUST-0006822,Female,0,No,No,13,Yes,Yes,Fiber optic,No,No,No,No,Yes,Yes,Two year,Yes,Electronic check,44.72,601.33,No
CUST-0006823,Female,0,Yes,No,9,Yes,No,No,No internet service,No internet service,No internet service,No internet service,No internet service,No internet service,Two year,Yes,Bank transfer (automatic),101.84,926.02,Yes
CUST-0006824,Female,0,Yes,No,18,Yes,No,No,No internet service,No internet service,No internet service,No internet service,No internet service,No internet service,Month-to-month,No,Credit card (automatic),55.12,990.7,No
CUST-0006825,Male,0,No,Yes,19,Yes,Yes,Fiber optic,No,No,No,No,No,Yes,Month-to-month,Yes,Electronic check,69.69,1337.2,No
CUST-0006826,Female,0,No,No,24,Yes,Yes,Fiber optic,No,No,Yes,No,No,No,Two year,No,Credit card (automatic),101.06,2391.08,No
CUST-0006827,Male,0,No,No,72,Yes,Yes,Fiber optic,No,Yes,No,No,Yes,No,One year,Yes,Electronic check,18.25,1328.49,No
CUST-0006828,Male,0,Yes,No,72,Yes,No,Fiber optic,No,No,Yes,No,No,No,Month-to-month,No,Bank transfer (automatic),118.75,8546.64,No
CUST-0006829,Female,0,No,Yes,30,Yes,No,DSL,Yes,Yes,No,No,Yes,No,Month-to-month,Yes,Mailed check,64.61,1962.92,Yes
CUST-0006830,Male,0,No,No,1,Yes,Yes,Fiber optic,No,Yes,No,Yes,No,No,Two year,No,Bank transfer (automatic),55.91,66.15,No
CUST-0006831,Female,1,No,Yes,30,No,No phone service,DSL,No,No,Yes,No,No,No,Month-to-month,No,Mailed check,48.29,1482.61,No
CUST-0006832,Male,0,No,No,3,Yes,No,Fiber optic,Yes,No,Yes,No,Yes,Yes,Two year,Yes,Mailed check,50.03,125.74,No
CUST-0006833,Female,0,No,No,39,No,No phone service,DSL,Yes,Yes,Yes,No,No,No,Two year,Yes,Credit card (automatic),105.91,4132.69,No
CUST-0006834,Female,0,Yes,Yes,15,Yes,No,Fiber optic,No,No,No,Yes,Yes,No,One year,Yes,Bank transfer (automatic),58.38,864.56,No
CUST-0006835,Female,0,No,Yes,58,No,No phone service,DSL,No,Yes,No,No,No,No,Two year,Yes,Electronic check,62.02,3607.98,No
CUST-0006836,Male,0,No,No,72,Yes,No,No,No internet service,No internet service,No internet service,No internet service,No internet service,No internet service,Month-to-month,Yes,Mailed check,49.13,3517.41,No
CUST-0006837,Male,1,Yes,Yes,17,Yes,No,Fiber optic,No,No,No,No,Yes,No,Month-to-month,Yes,Mailed check,71.47,1201.63,No
CUST-0006838,Female,0,Yes,No,19,Yes,No,No,No internet service,No internet service,No internet service,No internet service,No internet service,No internet service,Two year,Yes,Electronic check,47.2,910.08,No
CUST-0006839,Male,0,No,No,28,Yes,No,DSL,Yes,Yes,Yes,No,Yes,No,Month-to-month,Yes,Bank transfer (automatic),44.79,1242.77,No
CUST-0006840,Female,0,No,No,7,Yes,No,Fiber optic,No,No,No,No,Yes,Yes,Month-to-month,Yes,Mailed check,70.05,489.33,No
CUST-0006841,Female,0,Yes,No,72,Yes,Yes,No,No internet service,No internet service,No internet service,No internet service,No internet service,No internet service,Month-to-month,Yes,Electronic check,83.26,5980.19,No
CUST-0006842,Male,0,Yes,No,18,Yes,Yes,DSL,No,No,No,Yes,No,Yes,One year,Yes,Electronic check,18.25,339.91,No
CUST-0006843,Male,1,Yes,No,5,Yes,No,DSL,No,No,No,No,No,No,Month-to-month,No,Mailed check,67.89,341.87,No
CUST-0006844,Male,0,Yes,No,46,Yes,No,Fiber optic,Yes,Yes,No,Yes,Yes,No,Month-to-month,Yes,Credit card (automatic),57.76,2683.28,Yes
CUST-0006845,Female,0,No,No,7,Yes,No,Fiber optic,No,No,No,Yes,No,Yes,Month-to-month,No,Mailed check,68.74,500.76,Yes
CUST-0006846,Male,0,No,Yes,4,No,No phone service,DSL,No,No,Yes,No,Yes,Yes,Two year,Yes,Credit card (automatic),96.33,342.35,No
CUST-0006847,Male,0,No,No,26,Yes,No,No,No internet service,No internet service,No internet service,No internet service,No internet service,No internet service,Two year,No,Bank transfer (automatic),96.13,2514.27,No
CUST-0006848,Male,0,No,No,35,Yes,No,Fiber optic,No,Yes,No,No,No,No,Month-to-month,No,Bank transfer (automatic),108.6,3827.96,Yes
CUST-0006849,Female,1,Yes,No,26,Yes,Yes,Fiber optic,Yes,No,No,No,Yes,No,One year,No,Bank transfer (automatic),59.8,1535.36,No
CUST-0006850,Male,0,Yes,No,34,Yes,No,DSL,No,No,No,Yes,No,No,Month-to-month,Yes,Bank transfer (automatic),52.63,1818.59,Yes
CUST-0006851,Male,1,Yes,No,3,Yes,No,DSL,No,Yes,Yes,No,No,No,Month-to-month,No,Mailed check,77.83,211.12,No
CUST-0006852,Female,0,Yes,No,20,Yes,No,DSL,Yes,Yes,No,No,Yes,No,Month-to-month,Yes,Mailed check,80.45,1651.4,No
CUST-0006853,Female,0,Yes,No,14,Yes,No,Fiber optic,No,No,No,No,Yes,No,Month-to-month,Yes,Electronic check,73.14,1059.9,No
CUST-0006854,Female,0,No,No,72,Yes,Yes,Fiber optic,No,No,No,No,No,No,Two year,Yes,Mailed check,18.25,1293.08,No
CUST-0006855,Male,0,No,No,1,Yes,No,DSL,No,No,Yes,No,Yes,No,One year,Yes,Bank transfer (automatic),45.9,33.74,Yes
CUST-0006856,Male,1,No,Yes,11,Yes,No,No,No internet service,No internet service,No internet service,No internet service,No internet service,No internet service,Month-to-month,Yes,Electronic check,90.34,1018.36,No
CUST-0006857,Female,0,No,No,72,Yes,No,Fiber optic,No,Yes,No,No,No,No,One year,Yes,Electronic check,94.06,6777.26,Yes
CUST-0006858,Male,0,No,No,72,Yes,No,DSL,No,No,No,No,No,No,One year,No,Electronic check,78.75,5682.36,Yes
CUST-0006859,Female,0,No,No,55,Yes,No,Fiber optic,No,No,No,No,No,No,Month-to-month,No,Electronic check,68.2,3765.02,Yes
CUST-0006860,Female,0,Yes,No,2,Yes,Yes,DSL,No,Yes,No,No,Yes,No,Month-to-month,Yes,Credit card (automatic),41.2,92.94,No
CUST-0006861,Male,1,No,No,26,Yes,No,Fiber optic,No,No,No,No,No,No,One year,Yes,Credit card (automatic),70.68,1818.73,Yes
CUST-0006862,Female,0,Yes,No,16,Yes,Yes,Fiber optic,No,Yes,No,No,No,Yes,Month-to-month,Yes,Electronic check,81.02,1282.0,No
CUST-0006863,Female,0,Yes,No,52,Yes,No,No,No internet service,No internet service,No internet service,No internet service,No internet service,No internet service,Two year,Yes,Credit card (automatic),108.22,5604.72,Yes
CUST-0006864,Male,1,Yes,Yes,1,Yes,No,Fiber optic,No,No,No,No,Yes,No,Month-to-month,No,Mailed check,32.26,14.81,No
CUST-0006865,Female,0,No,No,7,Yes,Yes,DSL,No,No,No,No,No,No,Month-to-month,Yes,Bank transfer (automatic),91.19,659.38,No
CUST-0006866,Male,1,No,No,21,Yes,No,DSL,Yes,No,No,Yes,No,No,Two year,Yes,Mailed check,106.38,2263.63,Yes
CUST-0006867,Male,0,No,Yes,5,Yes,Yes,DSL,No,No,No,No,No,Yes,Month-to-month,No,Bank transfer (automatic),45.07,246.67,No
CUST-0006868,Male,1,No,No,37,No,No phone service,No,No internet service,No internet service,No internet service,No internet service,No internet service,No internet service,Month-to-month,Yes,Bank transfer (automatic),76.83,2839.4,No
CUST-0006869,Female,0,No,Yes,55,Yes,Yes,Fiber optic,Yes,Yes,No,Yes,Yes,Yes,Month-to-month,No,Electronic check,18.25,977.6,Yes
CUST-0006870,Female,0,No,Yes,39,Yes,No,No,No internet service,No internet service,No internet service,No internet service,No internet service,No internet service,Month-to-month,No,Mailed check,76.93,2953.34,No
CUST-0006871,Male,1,No,Yes,18,Yes,Yes,DSL,No,Yes,No,Yes,Yes,No,Month-to-month,Yes,Mailed check,76.51,1387.8,No
CUST-0006872,Male,0,No,No,67,Yes,Yes,No,No internet service,No internet service,No internet service,No internet service,No internet service,No internet service,One year,No,Credit card (automatic),43.36,2929.12,No
CUST-0006873,Female,0,Yes,Yes,4,Yes,Yes,DSL,No,No,No,Yes,Yes,No,One year,No,Electronic check,55.4,256.01,Yes
CUST-0006874,Male,0,Yes,No,9,Yes,Yes,No,No internet service,No internet service,No internet service,No internet service,No internet service,No internet service,Month-to-month,No,Credit card (automatic),99.12,906.15,No
CUST-0006875,Female,0,No,No,21,No,No phone service,DSL,Yes,No,Yes,No,Yes,Yes,One year,Yes,Mailed check,46.03,972.25,No
CUST-0006876,Male,1,Yes,No,2,Yes,No,No,No internet service,No internet service,No internet service,No internet service,No internet service,No internet service,Two year,Yes,Bank transfer (automatic),81.32,168.88,No
CUST-0006877,Male,0,No,No,3,No,No phone service,DSL,No,Yes,No,Yes,Yes,No,Month-to-month,Yes,Electronic check,18.25,47.78,No
CUST-0006878,Male,0,No,No,16,Yes,No,DSL,Yes,No,No,No,No,Yes,One year,Yes,Electronic check,42.43,697.51,Yes
CUST-0006879,Female,0,No,No,72,Yes,Yes,Fiber optic,No,No,No,No,Yes,No,Month-to-month,Yes,Credit card (automatic),101.82,7336.07,No
CUST-0006880,Male,0,Yes,No,72,No,No phone service,No,No internet service,No internet service,No internet service,No internet service,No internet service,No internet service,Month-to-month,Yes,Electronic check,78.18,5652.15,No
CUST-0006881,Female,0,No,Yes,20,Yes,Yes,Fiber optic,Yes,No,No,No,No,Yes,Month-to-month,Yes,Credit card (automatic),97.91,1938.98,No
CUST-0006882,Male,0,Yes,No,4,Yes,Yes,DSL,Yes,No,Yes,Yes,Yes,No,Month-to-month,Yes,Mailed check,61.21,254.74,No
CUST-0006883,Male,0,No,No,6,Yes,Yes,Fiber optic,No,Yes,Yes,Yes,Yes,Yes,Two year,No,Bank transfer (automatic),39.83,214.38,No
CUST-0006884,Male,0,No,No,15,Yes,Yes,DSL,Yes,No,Yes,Yes,No,Yes,Month-to-month,Yes,Electronic check,92.09,1415.28,No
CUST-0006885,Female,0,No,No,7,Yes,No,No,No internet service,No internet service,No internet service,No internet service,No internet service,No internet service,Month-to-month,Yes,Bank transfer (automatic),100.09,685.68,No
CUST-0006886,Female,0,No,No,2,Yes,No,DSL,No,Yes,No,Yes,No,No,Month-to-month,No,Credit card (automatic),68.01,127.37,No
CUST-0006887,Male,0,Yes,Yes,35,Yes,No,No,No internet service,No internet service,No internet service,No internet service,No internet service,No internet service,Month-to-month,No,Electronic check,85.82,3045.8,No
CUST-0006888,Male,0,No,No,27,Yes,No,Fiber optic,No,No,Yes,Yes,No,No,Month-to-month,No,Credit card (automatic),81.38,2229.75,Yes
CUST-0006889,Male,1,Yes,No,11,Yes,No,Fiber optic,No,Yes,No,Yes,Yes,No,Month-to-month,No,Bank transfer (automatic),89.62,1013.86,Yes
CUST-0006890,Female,0,Yes,No,48,Yes,No,No,No internet service,No internet service,No internet service,No internet service,No internet service,No internet service,Month-to-month,Yes,Electronic check,43.17,2059.66,No
CUST-0006891,Male,1,Yes,No,47,Yes,No,Fiber optic,Yes,No,No,No,Yes,Yes,Month-to-month,Yes,Credit card (automatic),79.43,3729.81,No
CUST-0006892,Female,0,No,No,21,Yes,No,DSL,No,No,No,No,Yes,Yes,Month-to-month,No,Electronic check,61.68,1288.53,No
CUST-0006893,Female,0,Yes,No,3,Yes,No,Fiber optic,No,Yes,No,No,Yes,No,Month-to-month,Yes,Credit card (automatic),93.19,275.23,No
CUST-0006894,Male,0,Yes,No,72,Yes,Yes,DSL,No,No,No,Yes,Yes,No,Month-to-month,No,Mailed check,62.25,4529.29,Yes
CUST-0006895,Male,0,No,No,35,Yes,No,Fiber optic,Yes,Yes,No,Yes,No,Yes,Month-to-month,No,Bank transfer (automatic),80.26,2772.24,No
CUST-0006896,Female,0,No,No,9,Yes,No,DSL,No,Yes,No,No,No,Yes,Month-to-month,Yes,Bank transfer (automatic),70.56,645.63,Yes
CUST-0006897,Female,1,Yes,No,30,Yes,No,Fiber optic,No,No,No,Yes,No,Yes,Two year,No,Mailed check,19.11,590.66,No
CUST-0006898,Male,0,No,Yes,16,Yes,No,DSL,No,No,No,No,No,No,Month-to-month,Yes,Credit card (automatic),76.13,1247.68,No
CUST-0006899,Male,0,No,No,32,Yes,No,No,No internet service,No internet service,No internet service,No internet service,No internet service,No internet service,Month-to-month,No,Mailed check,26.8,893.81,Yes
CUST-0006900,Male,0,Yes,No,20,Yes,No,Fiber optic,No,Yes,No,Yes,Yes,No,One year,Yes,Credit card (automatic),88.41,1787.05,No
CUST-0006901,Male,0,No,No,21,Yes,No,No,No internet service,No internet service,No internet service,No internet service,No internet service,No internet service,Two year,No,Bank transfer (automatic),87.32,1832.36,Yes
CUST-0006902,Male,0,No,No,42,Yes,Yes,DSL,No,Yes,No,No,Yes,No,Month-to-month,Yes,Electronic check,43.94,1817.32,Yes
CUST-0006903,Male,1,No,No,30,Yes,Yes,No,No internet service,No internet service,No internet service,No internet service,No internet service,No internet service,Month-to-month,Yes,Mailed check,30.02,911.72,No
CUST-0006904,Female,0,No,No,2,No,No phone service,No,No internet service,No internet service,No internet service,No internet service,No internet service,No internet service,Month-to-month,Yes,Credit card (automatic),56.32,97.34,No
CUST-0006905,Male,0,No,Yes,2,Yes,No,DSL,Yes,No,No,No,No,Yes,Month-to-month,No,Electronic check,64.24,156.56,Yes
CUST-0006906,Male,0,Yes,No,11,Yes,Yes,No,No internet service,No internet service,No internet service,No internet service,No internet service,No internet service,Month-to-month,Yes,Bank transfer (automatic),69.91,808.27,Yes
CUST-0006907,Male,1,No,No,18,Yes,No,DSL,Yes,No,No,No,Yes,No,One year,No,Mailed check,18.25,346.14,Yes
CUST-0006908,Female,1,Yes,No,10,Yes,No,DSL,No,No,No,No,Yes,No,Month-to-month,Yes,Electronic check,54.97,574.08,No
CUST-0006909,Female,0,Yes,No,33,Yes,No,Fiber optic,Yes,No,No,No,No,No,Two year,No,Credit card (automatic),80.94,2649.43,No
CUST-0006910,Male,1,Yes,No,6,Yes,Yes,DSL,No,No,Yes,No,No,No,Month-to-month,Yes,Mailed check,18.25,92.41,No
CUST-0006911,Male,0,No,No,38,Yes,Yes,No,No internet service,No internet service,No internet service,No internet service,No internet service,No internet service,One year,Yes,Bank transfer (automatic),63.96,2405.03,No
CUST-0006912,Female,1,Yes,Yes,47,Yes,Yes,DSL,No,Yes,Yes,No,No,No,Two year,Yes,Mailed check,78.16,3686.07,No
CUST-0006913,Male,0,Yes,No,4,Yes,No,Fiber optic,No,No,No,No,Yes,No,Month-to-month,Yes,Electronic check,50.61,177.05,No
CUST-0006914,Male,0,Yes,No,33,Yes,Yes,Fiber optic,Yes,No,No,No,No,Yes,One year,Yes,Credit card (automatic),67.22,2194.39,No
CUST-0006915,Male,0,No,No,72,Yes,No,No,No internet service,No internet service,No internet service,No internet service,No internet service,No internet service,Month-to-month,Yes,Electronic check,46.62,3355.93,No
CUST-0006916,Male,0,Yes,No,6,Yes,Yes,DSL,No,Yes,No,No,Yes,No,Month-to-month,Yes,Bank transfer (automatic),77.62,461.81,No
CUST-0006917,Male,0,No,Yes,72,No,No phone service,Fiber optic,Yes,No,No,Yes,Yes,No,Month-to-month,Yes,Electronic check,80.44,5794.41,No
CUST-0006918,Female,0,Yes,Yes,29,Yes,No,DSL,No,No,No,No,No,Yes,Month-to-month,Yes,Electronic check,61.4,1797.06,No
CUST-0006919,Female,0,Yes,Yes,28,Yes,No,Fiber optic,No,No,Yes,No,No,No,Two year,Yes,Electronic check,18.25,456.54,No
CUST-0006920,Male,1,No,Yes,1,Yes,Yes,No,No internet service,No internet service,No internet service,No internet service,No internet service,No internet service,One year,No,Bank transfer (automatic),36.18,33.01,Yes
CUST-0006921,Female,0,No,No,44,Yes,No,DSL,No,No,No,No,Yes,Yes,One year,Yes,Electronic check,106.67,4703.65,No
CUST-0006922,Male,0,Yes,Yes,20,Yes,Yes,DSL,No,No,Yes,Yes,Yes,No,Two year,Yes,Bank transfer (automatic),18.25,377.26,Yes
CUST-0006923,Male,0,Yes,No,40,Yes,Yes,Fiber optic,No,No,No,No,No,No,Two year,Yes,Mailed check,98.02,3959.57,No
CUST-0006924,Female,1,Yes,Yes,53,No,No phone service,DSL,No,Yes,No,Yes,Yes,No,One year,Yes,Credit card (automatic),54.97,2911.09,Yes
CUST-0006925,Female,1,No,No,23,Yes,Yes,DSL,Yes,No,No,Yes,Yes,Yes,Month-to-month,No,Bank transfer (automatic),78.32,1803.21,No
CUST-0006926,Male,0,Yes,No,9,No,No phone service,DSL,No,No,No,Yes,No,Yes,Two year,No,Bank transfer (automatic),65.96,603.35,No
CUST-0006927,Male,0,No,No,4,Yes,No,Fiber optic,No,Yes,Yes,No,No,Yes,Month-to-month,Yes,Credit card (automatic),70.2,301.66,No
CUST-0006928,Female,0,Yes,No,5,Yes,Yes,DSL,No,No,Yes,No,No,Yes,Month-to-month,No,Bank transfer (automatic),75.78,385.02,Yes
CUST-0006929,Female,0,Yes,No,64,No,No phone service,Fiber optic,No,Yes,Yes,No,No,Yes,One year,No,Credit card (automatic),67.0,4278.26,No
CUST-0006930,Female,0,Yes,Yes,4,Yes,No,Fiber optic,Yes,No,No,Yes,Yes,No,Month-to-month,No,Credit card (automatic),61.93,235.93,No
CUST-0006931,Male,1,No,No,15,Yes,Yes,Fiber optic,No,No,No,No,Yes,Yes,Month-to-month,No,Credit card (automatic),118.75,1776.57,Yes
CUST-0006932,Male,0,No,No,13,Yes,Yes,No,No internet service,No internet service,No internet service,No internet service,No internet service,No internet service,Two year,No,Mailed check,60.94,766.83,Yes
CUST-0006933,Male,0,Yes,Yes,64,No,No phone service,Fiber optic,No,No,No,No,No,Yes,Month-to-month,Yes,Credit card (automatic),73.46,4696.74,No
CUST-0006934,Male,0,No,No,20,Yes,No,Fiber optic,Yes,No,No,No,Yes,No,Month-to-month,No,Mailed check,75.8,1508.86,No
CUST-0006935,Female,0,Yes,Yes,72,Yes,No,DSL,No,No,Yes,No,No,Yes,Month-to-month,No,Mailed check,59.83,4286.86,Yes
CUST-0006936,Male,0,No,No,42,Yes,Yes,Fiber optic,No,No,No,No,No,No,Month-to-month,Yes,Electronic check,48.14,1996.85,No
CUST-0006937,Male,0,No,Yes,60,Yes,No,No,No internet service,No internet service,No internet service,No internet service,No internet service,No internet service,Month-to-month,Yes,Bank transfer (automatic),62.47,3737.25,No
CUST-0006938,Female,0,Yes,Yes,3,Yes,Yes,Fiber optic,No,No,No,No,No,Yes,Two year,Yes,Electronic check,71.98,193.16,No
CUST-0006939,Male,1,No,No,9,No,No phone service,DSL,Yes,Yes,No,No,Yes,Yes,One year,No,Electronic check,83.39,744.22,No
CUST-0006940,Male,0,No,No,4,Yes,Yes,No,No internet service,No internet service,No internet service,No internet service,No internet service,No internet service,One year,Yes,Bank transfer (automatic),89.69,358.43,Yes
CUST-0006941,Female,0,Yes,No,19,Yes,No,Fiber optic,No,No,Yes,Yes,Yes,Yes,Two year,Yes,Electronic check,18.93,366.12,Yes
CUST-0006942,Female,1,No,Yes,40,Yes,No,DSL,No,Yes,Yes,Yes,Yes,Yes,One year,No,Electronic check,57.52,2276.43,No
CUST-0006943,Female,0,Yes,No,5,Yes,No,Fiber optic,Yes,Yes,No,No,Yes,Yes,Month-to-month,Yes,Bank transfer (automatic),32.47,189.87,No
CUST-0006944,Male,0,No,No,4,Yes,Yes,DSL,No,No,No,No,Yes,No,Month-to-month,No,Bank transfer (automatic),33.49,125.77,No
CUST-0006945,Female,0,Yes,No,30,Yes,No,Fiber optic,No,Yes,No,No,No,No,Month-to-month,Yes,Credit card (automatic),22.01,655.46,No
CUST-0006946,Female,0,No,No,8,Yes,No,DSL,No,No,Yes,No,Yes,No,One year,No,Credit card (automatic),106.39,857.66,Yes
CUST-0006947,Male,0,Yes,No,20,Yes,No,DSL,No,No,Yes,No,No,No,One year,Yes,Mailed check,52.67,1082.37,No
CUST-0006948,Male,0,Yes,Yes,1,No,No phone service,Fiber optic,No,Yes,No,Yes,No,No,One year,Yes,Mailed check,87.04,99.6,Yes
CUST-0006949,Female,0,Yes,No,36,Yes,Yes,No,No internet service,No internet service,No internet service,No internet service,No internet service,No internet service,Month-to-month,No,Bank transfer (automatic),96.78,3462.33,No
CUST-0006950,Male,0,Yes,Yes,24,Yes,Yes,DSL,Yes,No,No,Yes,No,No,Two year,Yes,Mailed check,18.25,422.65,No
CUST-0006951,Female,0,No,No,33,No,No phone service,DSL,Yes,No,No,No,Yes,No,One year,Yes,Credit card (automatic),72.15,2367.37,No
CUST-0006952,Male,1,Yes,Yes,10,Yes,Yes,Fiber optic,No,No,No,Yes,No,No,Two year,No,Electronic check,18.25,182.18,No
CUST-0006953,Male,0,No,No,10,Yes,Yes,No,No internet service,No internet service,No internet service,No internet service,No internet service,No internet service,Two year,No,Bank transfer (automatic),112.06,1142.31,No
CUST-0006954,Male,1,Yes,Yes,51,Yes,No,DSL,No,Yes,No,No,Yes,No,Month-to-month,Yes,Bank transfer (automatic),69.33,3566.89,No
CUST-0006955,Female,0,No,No,40,Yes,No,No,No internet service,No internet service,No internet service,No internet service,No internet service,No internet service,Month-to-month,No,Credit card (automatic),83.67,3350.49,No
CUST-0006956,Male,0,No,Yes,27,Yes,No,No,No internet service,No internet service,No internet service,No internet service,No internet service,No internet service,Month-to-month,Yes,Credit card (automatic),62.45,1654.07,No
CUST-0006957,Female,0,No,No,31,Yes,No,Fiber optic,No,No,Yes,No,Yes,No,Month-to-month,No,Credit card (automatic),55.94,1731.59,No
CUST-0006958,Female,0,No,Yes,3,Yes,No,DSL,No,No,No,Yes,No,No,Month-to-month,Yes,Credit card (automatic),45.05,149.17,No
CUST-0006959,Female,0,No,No,62,Yes,No,DSL,No,Yes,Yes,No,No,No,Month-to-month,Yes,Electronic check,82.06,5097.01,No
CUST-0006960,Female,0,No,No,47,Yes,No,DSL,Yes,No,Yes,No,No,Yes,Month-to-month,Yes,Mailed check,109.23,5157.32,No
CUST-0006961,Female,0,Yes,No,28,Yes,No,DSL,Yes,Yes,Yes,Yes,No,No,Month-to-month,Yes,Electronic check,70.24,1977.19,No
CUST-0006962,Male,0,No,Yes,72,Yes,No,No,No internet service,No internet service,No internet service,No internet service,No internet service,No internet service,Month-to-month,No,Credit card (automatic),58.07,4180.78,Yes
CUST-0006963,Female,1,No,Yes,5,Yes,No,DSL,No,No,Yes,No,Yes,Yes,Month-to-month,Yes,Bank transfer (automatic),92.0,450.29,No
CUST-0006964,Female,0,Yes,No,37,Yes,Yes,DSL,No,Yes,No,No,Yes,No,Month-to-month,Yes,Bank transfer (automatic),118.06,4355.42,No
CUST-0006965,Male,0,No,Yes,72,Yes,No,Fiber optic,No,Yes,No,Yes,Yes,No,One year,Yes,Electronic check,78.7,5663.98,No
CUST-0006966,Male,0,Yes,Yes,11,Yes,Yes,No,No internet service,No internet service,No internet service,No internet service,No internet service,No internet service,One year,No,Electronic check,18.25,194.21,No
CUST-0006967,Female,1,No,No,0,Yes,No,DSL,No,No,Yes,No,No,Yes,Month-to-month,Yes,Electronic check,33.78,,No
CUST-0006968,Male,0,Yes,Yes,42,Yes,No,Fiber optic,Yes,Yes,No,Yes,Yes,Yes,Two year,Yes,Bank transfer (automatic),18.25,746.97,Yes
CUST-0006969,Female,1,No,Yes,0,Yes,No,Fiber optic,No,No,Yes,No,Yes,No,Month-to-month,Yes,Mailed check,66.66,,No
CUST-0006970,Male,0,No,No,65,Yes,No,Fiber optic,No,No,No,No,Yes,Yes,Month-to-month,No,Bank transfer (automatic),18.25,1204.84,No
CUST-0006971,Male,0,No,No,1,Yes,No,No,No internet service,No internet service,No internet service,No internet service,No internet service,No internet service,Month-to-month,No,Mailed check,61.72,85.5,Yes
CUST-0006972,Female,0,No,Yes,33,Yes,No,DSL,No,No,Yes,No,No,No,One year,Yes,Electronic check,107.91,3549.55,No
CUST-0006973,Male,0,No,No,15,Yes,No,Fiber optic,No,No,No,No,No,Yes,Two year,Yes,Electronic check,55.08,845.42,Yes
CUST-0006974,Male,1,Yes,No,7,Yes,No,Fiber optic,No,No,Yes,No,No,No,Two year,Yes,Credit card (automatic),23.31,130.57,Yes
CUST-0006975,Female,0,Yes,No,72,Yes,No,No,No internet service,No internet service,No internet service,No internet service,No internet service,No internet service,Month-to-month,Yes,Bank transfer (automatic),63.31,4546.99,Yes
CUST-0006976,Male,1,Yes,Yes,43,No,No phone service,DSL,Yes,Yes,No,Yes,Yes,No,Two year,No,Bank transfer (automatic),53.7,2306.97,No
CUST-0006977,Female,0,Yes,No,13,Yes,No,DSL,No,No,No,No,Yes,Yes,Two year,Yes,Bank transfer (automatic),21.17,302.27,Yes
CUST-0006978,Female,0,Yes,No,10,Yes,Yes,DSL,No,No,No,Yes,No,No,Two year,No,Mailed check,38.83,395.16,No
CUST-0006979,Female,0,No,No,42,Yes,Yes,No,No internet service,No internet service,No internet service,No internet service,No internet service,No internet service,One year,No,Electronic check,70.12,2947.66,No
CUST-0006980,Male,0,No,Yes,57,Yes,No,No,No internet service,No internet service,No internet service,No internet service,No internet service,No internet service,Two year,Yes,Credit card (automatic),77.98,4438.73,Yes
CUST-0006981,Male,0,No,Yes,40,Yes,No,Fiber optic,Yes,No,No,Yes,No,Yes,One year,Yes,Credit card (automatic),62.65,2460.49,No
CUST-0006982,Female,0,Yes,No,32,Yes,No,DSL,No,No,No,No,Yes,No,Two year,Yes,Mailed check,90.22,2890.13,Yes
CUST-0006983,Female,0,Yes,No,8,Yes,No,DSL,Yes,Yes,No,No,Yes,No,One year,Yes,Mailed check,84.34,661.29,No
CUST-0006984,Female,0,No,No,61,No,No phone service,Fiber optic,No,No,Yes,Yes,Yes,Yes,Month-to-month,Yes,Electronic check,65.4,4008.43,Yes
CUST-0006985,Female,0,Yes,No,44,Yes,No,No,No internet service,No internet service,No internet service,No internet service,No internet service,No internet service,Month-to-month,Yes,Electronic check,50.04,2170.25,No
CUST-0006986,Male,0,Yes,No,23,No,No phone service,No,No internet service,No internet service,No internet service,No internet service,No internet service,No internet service,Month-to-month,Yes,Bank transfer (automatic),63.38,1444.73,No
CUST-0006987,Male,0,Yes,No,22,Yes,No,No,No internet service,No internet service,No internet service,No internet service,No internet service,No internet service,One year,No,Mailed check,30.49,664.21,Yes
CUST-0006988,Male,0,Yes,Yes,26,Yes,No,Fiber optic,No,Yes,No,Yes,No,No,Month-to-month,Yes,Credit card (automatic),81.14,2128.07,No
CUST-0006989,Male,0,Yes,No,56,Yes,No,No,No internet service,No internet service,No internet service,No internet service,No internet service,No internet service,Month-to-month,Yes,Electronic check,44.68,2490.97,No
CUST-0006990,Male,1,Yes,No,43,Yes,No,No,No internet service,No internet service,No internet service,No internet service,No internet service,No internet service,Month-to-month,Yes,Mailed check,50.77,2174.18,No
CUST-0006991,Female,0,Yes,No,62,Yes,Yes,DSL,No,No,No,Yes,No,No,Month-to-month,No,Credit card (automatic),42.79,2644.22,No
CUST-0006992,Male,0,No,No,22,Yes,No,Fiber optic,Yes,No,Yes,Yes,No,No,Month-to-month,Yes,Bank transfer (automatic),55.41,1207.93,No
CUST-0006993,Male,0,Yes,No,31,Yes,Yes,Fiber optic,Yes,Yes,No,No,No,Yes,One year,No,Mailed check,20.32,644.74,Yes
CUST-0006994,Male,0,Yes,No,61,Yes,No,Fiber optic,Yes,Yes,No,Yes,Yes,Yes,Month-to-month,Yes,Electronic check,35.32,2164.16,No
CUST-0006995,Female,0,No,Yes,8,Yes,Yes,No,No internet service,No internet service,No internet service,No internet service,No internet service,No internet service,Month-to-month,No,Electronic check,84.6,636.69,No
CUST-0006996,Female,0,No,No,18,Yes,No,DSL,No,No,No,Yes,Yes,No,Month-to-month,No,Credit card (automatic),107.97,1968.54,No
CUST-0006997,Female,0,Yes,No,31,Yes,Yes,No,No internet service,No internet service,No internet service,No internet service,No internet service,No internet service,Month-to-month,Yes,Mailed check,61.64,1904.89,Yes
CUST-0006998,Female,0,No,Yes,72,Yes,No,Fiber optic,No,No,No,No,Yes,Yes,Month-to-month,No,Credit card (automatic),118.75,8583.29,No
CUST-0006999,Male,0,Yes,No,0,No,No phone service,No,No internet service,No internet service,No internet service,No internet service,No internet service,No internet service,One year,No,Mailed check,52.79,,No
CUST-0007000,Female,0,Yes,Yes,7,Yes,No,DSL,No,No,No,No,No,No,Month-to-month,No,Credit card (automatic),93.44,645.41,Yes
CUST-0007001,Male,0,No,No,8,Yes,Yes,Fiber optic,No,No,No,No,No,No,Month-to-month,Yes,Credit card (automatic),39.53,320.51,Yes
CUST-0007002,Male,0,No,No,12,Yes,No,DSL,No,No,No,No,No,No,Two year,No,Electronic check,58.61,719.06,Yes
CUST-0007003,Female,0,Yes,No,10,Yes,No,DSL,Yes,Yes,Yes,No,No,No,Month-to-month,Yes,Mailed check,64.98,623.61,No
CUST-0007004,Female,0,No,No,28,Yes,Yes,DSL,Yes,Yes,Yes,No,No,Yes,Two year,Yes,Credit card (automatic),18.25,513.88,No
CUST-0007005,Male,0,No,No,69,No,No phone service,Fiber optic,No,No,No,No,No,Yes,Month-to-month,No,Bank transfer (automatic),98.57,6794.21,No
CUST-0007006,Male,1,Yes,No,32,Yes,Yes,No,No internet service,No internet service,No internet service,No internet service,No internet service,No internet service,Month-to-month,No,Credit card (automatic),73.35,2371.3,No
CUST-0007007,Female,0,Yes,Yes,8,Yes,No,DSL,No,No,Yes,No,No,Yes,Month-to-month,No,Bank transfer (automatic),60.82,500.66,No
CUST-0007008,Male,0,Yes,No,63,Yes,No,DSL,No,No,No,No,No,No,Two year,Yes,Electronic check,35.26,2195.81,Yes
CUST-0007009,Male,0,No,Yes,31,Yes,No,DSL,Yes,Yes,Yes,No,No,Yes,One year,No,Credit card (automatic),53.11,1643.88,No
CUST-0007010,Male,0,Yes,Yes,7,Yes,No,Fiber optic,No,No,No,No,No,No,Month-to-month,No,Bank transfer (automatic),80.46,580.48,No
CUST-0007011,Male,0,No,Yes,14,Yes,No,DSL,No,No,Yes,Yes,Yes,Yes,Month-to-month,No,Bank transfer (automatic),70.05,946.3,No
CUST-0007012,Female,0,Yes,Yes,49,Yes,No,No,No internet service,No internet service,No internet service,No internet service,No internet service,No internet service,One year,No,Bank transfer (automatic),24.1,1163.86,Yes
CUST-0007013,Male,1,Yes,No,42,Yes,No,Fiber optic,No,No,No,No,No,No,One year,No,Electronic check,74.32,3138.55,No
CUST-0007014,Male,0,No,No,27,No,No phone service,No,No internet service,No internet service,No internet service,No internet service,No internet service,No internet service,Month-to-month,No,Credit card (automatic),82.79,2194.25,No
CUST-0007015,Male,0,No,Yes,5,Yes,Yes,Fiber optic,No,No,Yes,Yes,No,Yes,One year,Yes,Electronic check,46.23,216.27,No
CUST-0007016,Female,0,Yes,No,52,Yes,Yes,Fiber optic,Yes,Yes,No,No,Yes,No,Month-to-month,Yes,Bank transfer (automatic),86.93,4479.57,No
CUST-0007017,Male,1,Yes,Yes,11,Yes,No,No,No internet service,No internet service,No internet service,No internet service,No internet service,No internet service,Month-to-month,No,Mailed check,79.25,865.03,No
CUST-0007018,Male,0,No,No,47,Yes,No,No,No internet service,No internet service,No internet service,No internet service,No internet service,No internet service,Two year,No,Mailed check,18.25,856.76,No
CUST-0007019,Male,1,Yes,No,33,Yes,Yes,DSL,Yes,No,No,No,No,Yes,Month-to-month,Yes,Electronic check,104.55,3425.53,No
CUST-0007020,Female,0,Yes,Yes,9,Yes,Yes,No,No internet service,No internet service,No internet service,No internet service,No internet service,No internet service,Month-to-month,No,Electronic check,43.8,404.44,No
CUST-0007021,Female,0,No,No,7,Yes,No,Fiber optic,Yes,Yes,Yes,No,No,Yes,Month-to-month,Yes,Electronic check,94.9,678.92,Yes
CUST-0007022,Female,0,No,No,4,No,No phone service,DSL,No,No,No,Yes,Yes,Yes,Month-to-month,Yes,Electronic check,18.25,55.96,Yes
CUST-0007023,Female,1,Yes,No,8,Yes,Yes,Fiber optic,No,Yes,No,No,No,No,Two year,Yes,Electronic check,82.66,653.25,No
CUST-0007024,Female,1,No,Yes,5,Yes,Yes,DSL,Yes,No,No,No,No,No,One year,Yes,Mailed check,104.91,521.01,No
CUST-0007025,Female,0,No,No,30,No,No phone service,Fiber optic,No,No,No,Yes,No,Yes,Two year,No,Bank transfer (automatic),18.25,560.18,No
CUST-0007026,Male,0,Yes,No,29,Yes,No,No,No internet service,No internet service,No internet service,No internet service,No internet service,No internet service,Two year,No,Mailed check,102.57,2937.71,No
CUST-0007027,Male,0,No,Yes,28,Yes,Yes,DSL,No,Yes,No,Yes,No,No,Two year,No,Electronic check,18.25,497.65,Yes
CUST-0007028,Female,0,Yes,Yes,32,Yes,No,DSL,No,No,Yes,No,No,No,Two year,Yes,Credit card (automatic),76.54,2440.63,No
CUST-0007029,Male,0,Yes,No,53,Yes,No,No,No internet service,No internet service,No internet service,No internet service,No internet service,No internet service,Two year,Yes,Electronic check,47.48,2527.47,No
CUST-0007030,Male,0,Yes,Yes,72,Yes,Yes,Fiber optic,No,No,No,No,No,Yes,One year,No,Electronic check,25.32,1807.24,Yes
CUST-0007031,Female,1,Yes,Yes,8,Yes,Yes,DSL,Yes,No,No,No,No,No,One year,No,Mailed check,32.97,279.91,No
CUST-0007032,Male,0,No,No,28,Yes,Yes,No,No internet service,No internet service,No internet service,No internet service,No internet service,No internet service,Two year,Yes,Mailed check,55.72,1571.87,No
CUST-0007033,Female,0,Yes,No,2,Yes,No,No,No internet service,No internet service,No internet service,No internet service,No internet service,No internet service,Two year,Yes,Credit card (automatic),118.75,233.13,No
CUST-0007034,Female,0,No,Yes,4,Yes,No,DSL,Yes,No,No,No,No,No,Two year,No,Electronic check,59.02,266.57,No
CUST-0007035,Male,0,Yes,Yes,33,Yes,Yes,Fiber optic,Yes,No,Yes,Yes,No,No,Month-to-month,Yes,Bank transfer (automatic),66.96,2228.3,Yes
CUST-0007036,Female,0,Yes,No,21,Yes,Yes,No,No internet service,No internet service,No internet service,No internet service,No internet service,No internet service,Two year,Yes,Electronic check,35.99,733.15,No
CUST-0007037,Male,0,No,Yes,45,Yes,No,DSL,No,No,Yes,No,Yes,No,Month-to-month,No,Electronic check,20.66,938.57,No
CUST-0007038,Male,0,No,No,17,Yes,No,Fiber optic,No,No,No,No,No,Yes,One year,Yes,Bank transfer (automatic),49.06,843.55,No
CUST-0007039,Female,0,No,No,4,Yes,Yes,DSL,No,No,No,No,No,Yes,Two year,Yes,Bank transfer (automatic),109.99,480.39,No
CUST-0007040,Female,1,No,No,65,Yes,Yes,Fiber optic,Yes,Yes,No,No,Yes,No,Two year,Yes,Mailed check,28.15,1799.58,No
CUST-0007041,Female,0,Yes,Yes,2,Yes,No,DSL,No,Yes,No,No,No,No,Two year,Yes,Mailed check,118.75,259.96,No
CUST-0007042,Male,0,No,No,6,Yes,Yes,Fiber optic,Yes,No,No,Yes,No,No,Two year,Yes,Credit card (automatic),48.81,294.95,No
CUST-0007043,Female,0,Yes,Yes,10,Yes,Yes,DSL,No,Yes,Yes,No,Yes,Yes,Month-to-month,No,Electronic check,113.81,1140.27,Yes
